uniprot,pdb,name,resolution,method,ok,reason,n_ca,n_chains,n_span,n_dropped,contam_flag,size_cv,c0_invnm,A_foot_nm2,r_out,r_in,r_mid
O57385,1MC2,Acutohaemonlysin,0.85,X-ray,False,no_TM_span,122,0.0,,,,,,,,,
W8FKE7,7R25,Lipase,0.87,X-ray,False,no_TM_span,192,0.0,,,,,,,,,
P01559,1ETN,5-BETA-MERCAPTOPROPIONATE HEAT-STABLE ENTEROTOXIN,0.89,X-ray,False,too_few_CA,12,,,,,,,,,,
P01270,1ET1,PARATHYROID HORMONE,0.9,X-ray,False,no_TM_span,34,0.0,,,,,,,,,
P49913,5NMN,Cathelicidin antimicrobial peptide,0.95,X-ray,False,no_TM_span,38,0.0,,,,,,,,,
P01484,1AHO,TOXIN II,0.96,X-ray,False,no_TM_span,66,0.0,,,,,,,,,
P00593,1G4I,PHOSPHOLIPASE A2,0.97,X-ray,False,no_TM_span,124,0.0,,,,,,,,,
Q38PT6,2PNE,6.5 kDa glycine-rich antifreeze protein,0.98,X-ray,False,no_TM_span,81,0.0,,,,,,,,,
P31749,1UNQ,RAC-ALPHA SERINE/THREONINE KINASE,0.98,X-ray,False,no_TM_span,117,0.0,,,,,,,,,
P22364,1SFD,Amicyanin,0.99,X-ray,False,no_TM_span,105,0.0,,,,,,,,,
P03332,1MN8,Core protein p15,1.0,X-ray,False,no_TM_span,95,0.0,,,,,,,,,
Q53I06,3E7R,Plectasin,1.0,X-ray,False,no_TM_span,40,0.0,,,,,,,,,
P79073,1R2M,Hydrophobin II,1.0,X-ray,False,no_TM_span,70,0.0,,,,,,,,,
Q53UJ4,5XQP,Ice-structuring protein,1.0,X-ray,False,no_TM_span,70,0.0,,,,,,,,,
P21707,1TJX,similar to synaptotagminI/p65,1.04,X-ray,False,no_TM_span,158,0.0,,,,,,,,,
Q2PAY4,6CNU,JzTx-V,1.05,X-ray,False,no_TM_span,32,0.0,,,,,,,,,
Q874E9,2CZQ,cutinase-like protein,1.05,X-ray,False,no_TM_span,205,0.0,,,,,,,,,
P17728,2YEO,ALPHA-INSECT TOXIN LQHAIT,1.08,X-ray,False,no_TM_span,70,0.0,,,,,,,,,
A0A1Y1BQV9,7COF,Alpha/beta hydrolase,1.084,X-ray,False,no_TM_span,334,0.0,,,,,,,,,
S5DM51,7AVP,Bacteriorhodopsin,1.09,X-ray,True,,231,1.0,1.0,0.0,False,0.0,0.0140544520346877,4.28738136,11.428881335030546,11.034835918005273,11.682105429793491
P50985,1AKG,ALPHA-CONOTOXIN PNIB,1.1,X-ray,False,too_few_CA,16,,,,,,,,,,
P56638,1A0M,ALPHA-CONOTOXIN [TYR15]-EPI,1.1,X-ray,False,too_few_CA,16,,,,,,,,,,
P01275,6PHI,Glucagon,1.1,X-ray,False,no_TM_span,31,0.0,,,,,,,,,
P09215,7LF3,Protein kinase C delta type,1.13,X-ray,False,no_TM_span,57,0.0,,,,,,,,,
P58242,5KAR,Acid sphingomyelinase-like phosphodiesterase 3b,1.142,X-ray,False,no_TM_span,426,0.0,,,,,,,,,
F2QVG4,2W2E,AQUAPORIN PIP2-7 7,1.15,X-ray,True,,1052,4.0,4.0,0.0,False,0.0,-0.011308422492051,26.06353166,28.119599187087687,28.901325917762502,28.803263350256383
P40343,1VFY,PHOSPHATIDYLINOSITOL-3-PHOSPHATE BINDING FYVE DOMAIN OF PROTEIN VPS27,1.15,X-ray,False,no_TM_span,67,0.0,,,,,,,,,
P44741,3M73,Tellurite resistance protein tehA homolog,1.15,X-ray,True,,939,3.0,3.0,0.0,False,0.0,-0.0298918552113941,31.988883224999995,30.696361069420185,32.9855873057078,31.909838261101104
Q99685,7ZPG,Monoglyceride lipase,1.16,X-ray,False,no_TM_span,306,0.0,,,,,,,,,
P15226,1NPI,Toxin VII,1.16,X-ray,False,no_TM_span,61,0.0,,,,,,,,,
P14598,1KQ6,neutrophil cytosol factor 1,1.18,X-ray,False,no_TM_span,140,0.0,,,,,,,,,
Q41951,5I32,Aquaporin TIP2-1,1.18,X-ray,True,,960,4.0,4.0,0.0,False,0.0,-0.0029769297088975,25.49413672,27.768515896330044,27.97204430681043,28.48690182820378
P60022,1IJV,Beta-defensin 1,1.2,X-ray,False,no_TM_span,36,0.0,,,,,,,,,
P05067,3JQL,Amyloid Beta Peptide,1.2,X-ray,False,no_TM_span,126,0.0,,,,,,,,,
P07360,1LF7,Complement Protein C8gamma,1.2,X-ray,False,no_TM_span,164,0.0,,,,,,,,,
Q26292,2I61,Insect toxin 2,1.2,X-ray,False,no_TM_span,66,0.0,,,,,,,,,
Q1K8B6,5TKG,Lytic polysaccharide monooxygenase,1.2,X-ray,False,no_TM_span,249,0.0,,,,,,,,,
Q7A1I3,2W5Q,PROCESSED GLYCEROL PHOSPHATE LIPOTEICHOIC ACID SYNTHASE,1.2,X-ray,False,no_TM_span,424,0.0,,,,,,,,,
P01175,1XY2,OXYTOCIN,1.2,X-ray,False,too_few_CA,8,,,,,,,,,,
P01494,2SN3,SCORPION NEUROTOXIN (VARIANT 3),1.2,X-ray,False,no_TM_span,65,0.0,,,,,,,,,
P45697,1DJT,ALPHA-LIKE NEUROTOXIN BMK M1,1.2,X-ray,False,no_TM_span,128,0.0,,,,,,,,,
Q5U780,4FKB,Thermostable organic solvent tolerant lipase,1.22,X-ray,False,no_TM_span,409,0.0,,,,,,,,,
B3A043,3H4X,Phosphatidylinositol-specific phospholipase C1,1.23,X-ray,False,no_TM_span,315,0.0,,,,,,,,,
P51151,1WMS,Ras-related protein Rab-9A,1.25,X-ray,False,no_TM_span,170,0.0,,,,,,,,,
P81030,3NEQ,Three-finger muscarinic toxin 7,1.25,X-ray,False,no_TM_span,79,0.0,,,,,,,,,
O75747,2WWE,"PHOSPHOINOSITIDE-3-KINASE, CLASS 2, GAMMA POLYPEPTIDE",1.25,X-ray,False,no_TM_span,106,0.0,,,,,,,,,
Q52369,1M70,Cytochrome c4,1.25,X-ray,False,no_TM_span,190,0.0,,,,,,,,,
C4N147,3PPT,ReP1-NCXSQ,1.28,X-ray,False,no_TM_span,164,0.0,,,,,,,,,
P47709,2CM5,RABPHILIN-3A,1.28,X-ray,False,no_TM_span,146,0.0,,,,,,,,,
Q7LST4,3G7N,Lipase,1.3,X-ray,False,no_TM_span,256,0.0,,,,,,,,,
P00428,7COH,Cytochrome c oxidase subunit 5B,1.3,X-ray,True,,1773,1.0,10.0,9.0,True,0.0,0.0035260664745592,10.27791389,17.90534904113897,17.75228284548992,18.087458639987823
P13183,7COH,Cytochrome c oxidase subunit 7B,1.3,X-ray,True,,1773,1.0,10.0,9.0,True,0.0,0.0035260664745592,10.27791389,17.90534904113897,17.75228284548992,18.087458639987823
P00430,7COH,"Cytochrome c oxidase subunit 7C, mitochondrial",1.3,X-ray,True,,1773,1.0,10.0,9.0,True,0.0,0.0035260664745592,10.27791389,17.90534904113897,17.75228284548992,18.087458639987823
P00426,7COH,Cytochrome c oxidase subunit 5A,1.3,X-ray,True,,1773,1.0,10.0,9.0,True,0.0,0.0035260664745592,10.27791389,17.90534904113897,17.75228284548992,18.087458639987823
P07470,7COH,Cytochrome c oxidase subunit 7A1,1.3,X-ray,True,,1773,1.0,10.0,9.0,True,0.0,0.0035260664745592,10.27791389,17.90534904113897,17.75228284548992,18.087458639987823
P00429,7COH,Cytochrome c oxidase subunit 6B1,1.3,X-ray,True,,1773,1.0,10.0,9.0,True,0.0,0.0035260664745592,10.27791389,17.90534904113897,17.75228284548992,18.087458639987823
P07471,7COH,"Cytochrome c oxidase subunit 6A2, mitochondrial",1.3,X-ray,True,,1773,1.0,10.0,9.0,True,0.0,0.0035260664745592,10.27791389,17.90534904113897,17.75228284548992,18.087458639987823
P10175,7COH,Cytochrome c oxidase subunit 8B,1.3,X-ray,True,,1773,1.0,10.0,9.0,True,0.0,0.0035260664745592,10.27791389,17.90534904113897,17.75228284548992,18.087458639987823
P37957,1ISP,lipase,1.3,X-ray,False,no_TM_span,179,0.0,,,,,,,,,
P00415,7COH,Cytochrome c oxidase subunit 3,1.3,X-ray,True,,1773,1.0,10.0,9.0,True,0.0,0.0035260664745592,10.27791389,17.90534904113897,17.75228284548992,18.087458639987823
O95750,1PWA,Fibroblast growth factor-19,1.3,X-ray,False,no_TM_span,123,0.0,,,,,,,,,
P00423,7COH,Cytochrome c oxidase subunit 4 isoform 1,1.3,X-ray,True,,1773,1.0,10.0,9.0,True,0.0,0.0035260664745592,10.27791389,17.90534904113897,17.75228284548992,18.087458639987823
P68530,7COH,Cytochrome c oxidase subunit 2,1.3,X-ray,True,,1773,1.0,10.0,9.0,True,0.0,0.0035260664745592,10.27791389,17.90534904113897,17.75228284548992,18.087458639987823
P00396,7COH,Cytochrome c oxidase subunit 1,1.3,X-ray,True,,1773,1.0,10.0,9.0,True,0.0,0.0035260664745592,10.27791389,17.90534904113897,17.75228284548992,18.087458639987823
A0A0H2UNQ9,2WTS,PUTATIVE SORTASE,1.3,X-ray,False,no_TM_span,217,0.0,,,,,,,,,
P04038,7COH,Cytochrome c oxidase subunit 6C,1.3,X-ray,True,,1773,1.0,10.0,9.0,True,0.0,0.0035260664745592,10.27791389,17.90534904113897,17.75228284548992,18.087458639987823
P96787,6GUX,Archaerhodopsin-3,1.3,X-ray,True,,268,1.0,1.0,0.0,False,0.0,0.0117598803770154,4.248889019999999,11.317876822907252,10.989647857973983,11.629545908434077
Q9H7P6,3TOW,Multivesicular body subunit 12B,1.34,X-ray,False,no_TM_span,155,0.0,,,,,,,,,
J3KQA0,7TX9,Synaptotagmin,1.34,X-ray,False,no_TM_span,162,0.0,,,,,,,,,
P11407,3G8H,"Phospholipase A2, ammodytoxin C",1.35,X-ray,False,no_TM_span,122,0.0,,,,,,,,,
P21579,7TUA,Synaptotagmin,1.35,X-ray,False,no_TM_span,162,0.0,,,,,,,,,
Q9SPD4,3GNZ,25 kDa protein elicitor,1.35,X-ray,False,no_TM_span,240,0.0,,,,,,,,,
P55260,2ZHJ,Annexin A4,1.35,X-ray,False,no_TM_span,315,0.0,,,,,,,,,
Q96N21,5WFB,AP-4 complex accessory subunit Tepsin,1.382,X-ray,False,no_TM_span,132,0.0,,,,,,,,,
Q9H7X0,5HGZ,N-alpha-acetyltransferase 60,1.383,X-ray,False,no_TM_span,215,0.0,,,,,,,,,
P70158,5FC1,Acid sphingomyelinase-like phosphodiesterase 3a,1.389,X-ray,False,no_TM_span,447,0.0,,,,,,,,,
Q8QGR0,2VLW,MUSCARINIC M1-TOXIN1,1.39,X-ray,False,no_TM_span,65,0.0,,,,,,,,,
Q2FXB0,7P8X,Leucotoxin LukEv,1.4,X-ray,False,no_TM_span,308,0.0,,,,,,,,,
Q9HB21,1EAZ,TANDEM PH DOMAIN CONTAINING PROTEIN-1,1.4,X-ray,False,no_TM_span,103,0.0,,,,,,,,,
P41222,3O22,Prostaglandin-H2 D-isomerase,1.4,X-ray,False,no_TM_span,173,0.0,,,,,,,,,
P69681,1U7G,Probable ammonium transporter,1.4,X-ray,True,,1149,3.0,3.0,0.0,False,0.0,0.0136859878851889,28.83827541,30.96999049249464,29.97482089657109,30.297703153034405
P41597,7P8X,C-C chemokine receptor type 2,1.4,X-ray,False,no_TM_span,308,0.0,,,,,,,,,
Q9BV40,4WY4,Vesicle-associated membrane protein 8,1.4,X-ray,False,no_TM_span,302,0.0,,,,,,,,,
P9WQN9,4QDU,Diacylglycerol acyltransferase/mycolyltransferase Ag85C,1.4,X-ray,False,no_TM_span,287,0.0,,,,,,,,,
P04849,1SVF,PROTEIN (FUSION GLYCOPROTEIN),1.4,X-ray,False,no_TM_span,306,0.0,,,,,,,,,
P37001,3GP6,Protein pagP,1.4,X-ray,True,,155,1.0,1.0,0.0,False,0.0,-0.0499160624382718,3.711974440000001,9.20589761393778,10.508101878251802,10.869950144842155
O95721,4WY4,Synaptosomal-associated protein 29,1.4,X-ray,False,no_TM_span,302,0.0,,,,,,,,,
Q9I596,2ZWS,Neutral ceramidase,1.4,X-ray,False,no_TM_span,691,0.0,,,,,,,,,
Q90VW1,3EBX,ERABUTOXIN B,1.4,X-ray,False,no_TM_span,62,0.0,,,,,,,,,
P56962,4WY4,Syntaxin-17,1.4,X-ray,False,no_TM_span,302,0.0,,,,,,,,,
Q9JIS1,2BWQ,REGULATING SYNAPTIC MEMBRANE EXOCYTOSIS PROTEIN 2,1.41,X-ray,False,no_TM_span,122,0.0,,,,,,,,,
P16442,2RJ6,Glycoprotein-fucosylgalactoside alpha-galactosyltransferase,1.41,X-ray,False,no_TM_span,284,0.0,,,,,,,,,
Q8IYS0,6GN5,GRAM domain-containing protein 1C,1.41,X-ray,False,no_TM_span,194,0.0,,,,,,,,,
O14684,4YL3,Prostaglandin E synthase,1.41,X-ray,True,,459,3.0,3.0,0.0,False,0.0,0.0018453504062534,9.549231375,17.559266634985875,17.482052047021263,17.434490965092536
Q81HW2,7OPH,Potassium channel protein,1.42,X-ray,True,,392,4.0,4.0,0.0,False,0.041,0.0356622423894555,11.097756069999996,18.997386572387484,17.38873295378269,18.795013890756163
Q6ZUM4,3PP2,Rho GTPase-activating protein 27,1.421,X-ray,False,no_TM_span,470,0.0,,,,,,,,,
P0DOF5,4QKM,influenza M2 monomer,1.44,X-ray,True,,108,4.0,4.0,0.0,False,0.0,-0.1478426715878119,2.6401396,7.367919529393234,10.620661045740478,9.16723805508136
Q9R0N7,3N5A,Synaptotagmin-7,1.441,X-ray,False,no_TM_span,156,0.0,,,,,,,,,
B3DUR4,5YKA,Uncharacterized protein KdoO,1.448,X-ray,False,no_TM_span,305,0.0,,,,,,,,,
P28907,3F6Y,ADP-ribosyl cyclase 1,1.45,X-ray,False,no_TM_span,238,0.0,,,,,,,,,
O15530,1W1G,3-PHOSPHOINOSITIDE DEPENDENT PROTEIN KINASE-1,1.45,X-ray,False,no_TM_span,143,0.0,,,,,,,,,
O27564,3LDC,Calcium-gated potassium channel mthK,1.45,X-ray,True,,328,4.0,4.0,0.0,False,0.0,0.0819402670841176,10.466351915,19.134915792407615,15.545437368763247,18.252515680922315
N0DKS8,4XTL,Sodium pumping rhodopsin,1.45,X-ray,True,,296,1.0,1.0,0.0,False,0.0,0.0303260940423932,4.409414470000001,11.815842948883434,10.953573012804297,11.847194680948144
Q9I754,4B62,TSSL1,1.45,X-ray,False,no_TM_span,151,0.0,,,,,,,,,
P43488,2HEW,Tumor necrosis factor ligand superfamily member 4,1.45,X-ray,False,no_TM_span,384,0.0,,,,,,,,,
Q93K99,5FVN,OMPC PORIN,1.45,X-ray,True,,1044,3.0,3.0,0.0,False,0.005,-0.0070512574706899,34.130249175,32.370873805564315,32.9286662248978,32.96057604217297
Q96JA3,5KDI,Pleckstrin homology domain-containing family A member 8,1.45,X-ray,False,no_TM_span,211,0.0,,,,,,,,,
P24305,2FGQ,Outer membrane porin protein 32,1.45,X-ray,True,,999,3.0,3.0,0.0,False,0.0,-0.0131371199850093,35.53321893,32.32451588042731,33.38487688445162,33.63119812518135
Q0HD59,5UM1,Matrix protein 2,1.451,X-ray,True,,108,4.0,4.0,0.0,False,0.0,-0.1456011747658542,2.66643825,7.378410576922243,10.597751348151426,9.212782727675748
Q47765,1O82,PEPTIDE ANTIBIOTIC AS-48,1.46,X-ray,False,no_TM_span,70,0.0,,,,,,,,,
Q9Y243,2X18,RAC-GAMMA SERINE/THREONINE-PROTEIN KINASE,1.46,X-ray,False,no_TM_span,113,0.0,,,,,,,,,
B1H267,3HPC,Snx5 protein,1.47,X-ray,False,no_TM_span,165,0.0,,,,,,,,,
P02945,1M0L,BACTERIORHODOPSIN,1.47,X-ray,True,,666,3.0,3.0,0.0,False,0.0,-0.0060618688650348,19.399139164999998,24.185545984705342,24.547067436030783,24.849422085180706
P01123,2BCG,GTP-binding protein YPT1,1.48,X-ray,False,no_TM_span,636,0.0,,,,,,,,,
Q90249,3I03,Phospholipase A2 homolog bothropstoxin-1,1.48,X-ray,False,no_TM_span,121,0.0,,,,,,,,,
Q9I4G8,5IR4,Arachidonate 15-lipoxygenase,1.48,X-ray,False,no_TM_span,694,0.0,,,,,,,,,
O66905,5XJ5,Glycerol-3-phosphate acyltransferase,1.481,X-ray,True,,205,1.0,1.0,0.0,False,0.0,-0.116778380222808,3.760184230000001,8.586315207586168,11.652535223028034,10.940309932910424
Q9HYC5,4M5E,Uncharacterized protein,1.49,X-ray,False,no_TM_span,414,0.0,,,,,,,,,
P41365,3ICV,Lipase B,1.49,X-ray,False,no_TM_span,594,0.0,,,,,,,,,
D6QLY2,7PZF,OmpK36,1.499,X-ray,True,,1056,3.0,3.0,0.0,False,0.002,-0.0088907787878268,34.16204900499999,32.26507492418865,32.9687109478693,32.975927478369165
A0A093VKV7,5FB7,Envelope glycoprotein,1.5,X-ray,False,no_TM_span,158,0.0,,,,,,,,,
P04002,1WFB,ANTIFREEZE PROTEIN ISOFORM HPLC6,1.5,X-ray,False,no_TM_span,37,0.0,,,,,,,,,
P14555,1N28,"Phospholipase A2, membrane associated",1.5,X-ray,False,no_TM_span,126,0.0,,,,,,,,,
Q13093,3D59,Platelet-activating factor acetylhydrolase,1.5,X-ray,False,no_TM_span,372,0.0,,,,,,,,,
P12676,1B4V,PROTEIN (CHOLESTEROL OXIDASE),1.5,X-ray,False,no_TM_span,498,0.0,,,,,,,,,
P18068,2PLT,PLASTOCYANIN,1.5,X-ray,False,no_TM_span,99,0.0,,,,,,,,,
P00446,1OAL,SUPEROXIDE DISMUTASE,1.5,X-ray,False,no_TM_span,151,0.0,,,,,,,,,
Q9LS02,2BRJ,"ARABIDOPSIS THALIANA GENOMIC DNA, CHROMOSOME 3,",1.5,X-ray,False,no_TM_span,542,0.0,,,,,,,,,
P00451,1D7P,COAGULATION FACTOR VIII PRECURSOR,1.5,X-ray,False,no_TM_span,160,0.0,,,,,,,,,
P9WIP1,1LMI,Immunogenic protein MPT63/MPB63,1.5,X-ray,False,no_TM_span,131,0.0,,,,,,,,,
O75608,1FJ2,PROTEIN (ACYL PROTEIN THIOESTERASE 1),1.5,X-ray,False,no_TM_span,224,0.0,,,,,,,,,
P0AAI3,1LV7,FtsH,1.5,X-ray,False,no_TM_span,251,0.0,,,,,,,,,
Q2FXB1,6U2S,Bi-component leukocidin LukED subunit D,1.5,X-ray,False,no_TM_span,296,0.0,,,,,,,,,
P38713,4IC4,Oxysterol-binding protein homolog 3,1.5,X-ray,False,no_TM_span,372,0.0,,,,,,,,,
Q388M5,7A1R,Synaptotagmin,1.5,X-ray,False,no_TM_span,129,0.0,,,,,,,,,
P35844,1ZHX,KES1 protein,1.5,X-ray,False,no_TM_span,436,0.0,,,,,,,,,
O60200,5JQM,"Protein UPS1, mitochondrial,Mitochondrial distribution and morphology protein 35",1.5,X-ray,False,no_TM_span,235,0.0,,,,,,,,,
A0A1P8FCM7,5O77,OmpK35,1.5,X-ray,True,,1020,3.0,3.0,0.0,False,0.0,-0.0058993406835495,34.190208155,32.46565812783925,32.93273746469837,32.989515404773925
P25740,2IW1,LIPOPOLYSACCHARIDE CORE BIOSYNTHESIS PROTEIN RFAG,1.5,X-ray,False,no_TM_span,370,0.0,,,,,,,,,
P11006,5CGO,ACPC-13 derivative of Ala-Magainin 2,1.5,X-ray,False,no_TM_span,46,0.0,,,,,,,,,
A0A2R4S913,6SU3,48C12 heliorhodopsin,1.5,X-ray,True,,530,2.0,2.0,0.0,False,0.011,0.0178565893425002,11.13729423,18.76510487932209,17.958195686969667,18.828464777423275
P00598,1POA,PHOSPHOLIPASE A2,1.5,X-ray,False,no_TM_span,120,0.0,,,,,,,,,
Q8R183,2OR7,T-cell immunoglobulin and mucin domain-containing protein 2,1.5,X-ray,False,no_TM_span,107,0.0,,,,,,,,,
P38800,5YQJ,Membrane-anchored lipid-binding protein LAM4,1.5,X-ray,False,no_TM_span,177,0.0,,,,,,,,,
P04171,1PMY,PSEUDOAZURIN,1.5,X-ray,False,no_TM_span,123,0.0,,,,,,,,,
P02877,1Q9B,Hevein,1.5,X-ray,False,no_TM_span,43,0.0,,,,,,,,,
P16218,2VI0,Endoglucanase H,1.51,X-ray,False,no_TM_span,294,0.0,,,,,,,,,
W8W3V2,6HHE,Odorant binding protein OBP69a,1.516,X-ray,False,no_TM_span,119,0.0,,,,,,,,,
P32977,4RJW,Porin O,1.52,X-ray,True,,1335,3.0,3.0,0.0,False,0.0,-0.023511945467045,35.02658406,32.235108157899944,34.11929411959222,33.39057948815141
G3CEP6,5AX0,Rhodopsin I,1.521,X-ray,True,,235,1.0,1.0,0.0,False,0.0,-0.0094590494156189,4.207361329999999,10.753896969854267,11.016614289842908,11.572574070129695
Q9Y6X5,4LQY,Bis(5'-adenosyl)-triphosphatase ENPP4,1.54,X-ray,False,no_TM_span,379,0.0,,,,,,,,,
P36969,6HKQ,Phospholipid hydroperoxide glutathione peroxidase,1.54,X-ray,False,no_TM_span,172,0.0,,,,,,,,,
O43521,4A1U,ALPHA-BETA-FOLDAMER 2C,1.54,X-ray,False,no_TM_span,168,0.0,,,,,,,,,
Q07817,4A1U,BCL-2-LIKE PROTEIN 1,1.54,X-ray,False,no_TM_span,168,0.0,,,,,,,,,
Q6H3D7,4H0S,Basic phospholipase A2 homolog CTs-R6,1.55,X-ray,False,no_TM_span,120,0.0,,,,,,,,,
Q16570,7P93,Atypical chemokine receptor 1,1.55,X-ray,False,no_TM_span,308,0.0,,,,,,,,,
A5F934,6EHB,Outer membrane protein U,1.55,X-ray,True,,962,3.0,3.0,0.0,False,0.004,-0.0052621645298875,33.43122316,32.38755188371104,32.79953257454268,32.62129494524169
Q96242,3DSK,"Cytochrome P450 74A, chloroplast",1.55,X-ray,False,no_TM_span,480,0.0,,,,,,,,,
P01468,1TGX,GAMMA-CARDIOTOXIN,1.55,X-ray,False,no_TM_span,60,0.0,,,,,,,,,
P04054,3ELO,Phospholipase A2,1.55,X-ray,False,no_TM_span,137,0.0,,,,,,,,,
P59665,3GNY,Neutrophil defensin 1,1.56,X-ray,False,no_TM_span,60,0.0,,,,,,,,,
Q9EPH0,3LLO,Prestin,1.57,X-ray,False,no_TM_span,136,0.0,,,,,,,,,
A0A9X9ZA75,7ZOU,Synechocystis halorhodopsin,1.58,X-ray,True,,726,3.0,3.0,0.0,False,0.0,-0.0014045573397352,19.817622530000005,24.68158141473097,24.766245955092497,25.116021125882234
W8VZW3,5B2N,Chloride pumping rhodopsin,1.581,X-ray,True,,264,1.0,1.0,0.0,False,0.0,-0.001625745070234,4.447131095,10.934930774265428,10.981353294814342,11.89775521976245
P43155,1NM8,Carnitine O-acetyltransferase,1.6,X-ray,False,no_TM_span,591,0.0,,,,,,,,,
P0AAJ3,1KQF,"FORMATE DEHYDROGENASE, NITRATE-INDUCIBLE, IRON-SULFUR SUBUNIT",1.6,X-ray,True,,4461,3.0,6.0,3.0,True,0.0,0.1013137019877419,8.800487179999998,18.2675086393318,14.19785126506264,16.737031016962682
P30122,2BCE,CHOLESTEROL ESTERASE,1.6,X-ray,False,no_TM_span,532,0.0,,,,,,,,,
Q8WTQ1,5KI9,Beta-defensin 104,1.6,X-ray,False,no_TM_span,43,0.0,,,,,,,,,
A0AA82WPB4,7ZN3,xenorhodopsin,1.6,X-ray,True,,702,3.0,3.0,0.0,False,0.007,0.0079103594588421,20.257595795,25.50053771150728,25.018449540911085,25.39329244478488
A6T9G8,5BOV,Putative epoxide hydrolase protein,1.6,X-ray,False,no_TM_span,309,0.0,,,,,,,,,
P12473,2B4H,Outer capsid protein VP4,1.6,X-ray,False,no_TM_span,445,0.0,,,,,,,,,
P24183,1KQF,"FORMATE DEHYDROGENASE, NITRATE-INDUCIBLE, MAJOR SUBUNIT",1.6,X-ray,True,,4461,3.0,6.0,3.0,True,0.0,0.1013137019877419,8.800487179999998,18.2675086393318,14.19785126506264,16.737031016962682
Q6UV28,1KP4,phospholipase A2,1.6,X-ray,False,no_TM_span,123,0.0,,,,,,,,,
P27338,1S3E,Amine oxidase [flavin-containing] B,1.6,X-ray,False,no_TM_span,499,0.0,,,,,,,,,
P00178,1PO5,Cytochrome P450 2B4,1.6,X-ray,False,no_TM_span,465,0.0,,,,,,,,,
P00083,1CO6,PROTEIN (CYTOCHROME C2),1.6,X-ray,False,no_TM_span,107,0.0,,,,,,,,,
P0DOE7,2VQP,MATRIX PROTEIN,1.6,X-ray,False,no_TM_span,254,0.0,,,,,,,,,
P00099,451C,CYTOCHROME C551,1.6,X-ray,False,no_TM_span,82,0.0,,,,,,,,,
Q9UNN8,1LQV,Endothelial protein C receptor,1.6,X-ray,False,no_TM_span,212,0.0,,,,,,,,,
Q9Y6A2,3MDM,Cholesterol 24-hydroxylase,1.6,X-ray,False,no_TM_span,435,0.0,,,,,,,,,
B9W5G6,4TSQ,Fragaceatoxin C,1.6,X-ray,False,no_TM_span,182,0.0,,,,,,,,,
P04070,1LQV,Vitamin-K dependent protein C,1.6,X-ray,False,no_TM_span,212,0.0,,,,,,,,,
P12838,1ZMM,Neutrophil defensin 4,1.6,X-ray,False,no_TM_span,31,0.0,,,,,,,,,
O43426,2VJ0,SYNAPTOJANIN-1,1.6,X-ray,False,no_TM_span,266,0.0,,,,,,,,,
Q16832,2WUH,DISCOIDIN DOMAIN RECEPTOR 2,1.6,X-ray,False,no_TM_span,246,0.0,,,,,,,,,
P60955,5AZB,Prolipoprotein diacylglyceryl transferase,1.6,X-ray,True,,300,1.0,1.0,0.0,False,0.0,0.1177387911271074,5.627366024999999,15.569194714120815,11.7873084840346,13.38374476345197
Q8GTM0,4CQK,FLOWER-SPECIFIC DEFENSIN,1.6,X-ray,False,no_TM_span,94,0.0,,,,,,,,,
P60623,1RC9,cysteine-rich secretory protein,1.6,X-ray,False,no_TM_span,221,0.0,,,,,,,,,
Q8MTC1,1OW4,pheromone binding protein,1.6,X-ray,False,no_TM_span,120,0.0,,,,,,,,,
Q9Y5W9,4IKD,Sorting nexin-11,1.6,X-ray,False,no_TM_span,159,0.0,,,,,,,,,
Q81BL7,4RYO,Integral membrane protein,1.6,X-ray,True,,151,1.0,1.0,0.0,False,0.0,0.0502776244436015,2.9754321100000003,9.283684734343286,8.109365761183042,9.731954871872846
Q7M9V0,4DGF,SULFATE TRANSPORTER SULFATE TRANSPORTER FAMILY PROTEIN,1.6,X-ray,False,no_TM_span,125,0.0,,,,,,,,,
Q08169,1FCQ,HYALURONOGLUCOSAMINIDASE,1.6,X-ray,False,no_TM_span,314,0.0,,,,,,,,,
Q06681,5YQI,Membrane-anchored lipid-binding protein YSP2,1.6,X-ray,False,no_TM_span,166,0.0,,,,,,,,,
P0C1A2,1PE9,Pectate lyase A,1.6,X-ray,False,no_TM_span,361,0.0,,,,,,,,,
P0AEK7,1KQF,"FORMATE DEHYDROGENASE, NITRATE-INDUCIBLE, CYTOCHROME B556(FDN) SUBUNIT",1.6,X-ray,True,,4461,3.0,6.0,3.0,True,0.0,0.1013137019877419,8.800487179999998,18.2675086393318,14.19785126506264,16.737031016962682
A0A0M3G7Q5,6OM5,haemophore,1.6,X-ray,False,no_TM_span,260,0.0,,,,,,,,,
P80245,1UG4,Cytotoxin 6,1.6,X-ray,False,no_TM_span,60,0.0,,,,,,,,,
P17427,2VJ0,AP-2 COMPLEX SUBUNIT ALPHA-2,1.6,X-ray,False,no_TM_span,266,0.0,,,,,,,,,
P13794,4RLC,Outer membrane porin F,1.6,X-ray,True,,136,1.0,1.0,0.0,False,0.0,-0.0008904747355674,2.442492435,8.138775185702155,8.157619247561705,8.81742303050965
O08838,2VJ0,AMPHIPHYSIN,1.6,X-ray,False,no_TM_span,266,0.0,,,,,,,,,
A0A6L8PZR0,1RZ2,conserved hypothetical protein BA4783,1.6,X-ray,False,no_TM_span,214,0.0,,,,,,,,,
P49121,1S8I,Phospholipase A2 homolog,1.609,X-ray,False,no_TM_span,121,0.0,,,,,,,,,
Q16647,3B6H,Prostacyclin synthase,1.62,X-ray,False,no_TM_span,469,0.0,,,,,,,,,
Q06135,2W61,GLYCOLIPID-ANCHORED SURFACE PROTEIN 2,1.62,X-ray,False,no_TM_span,476,0.0,,,,,,,,,
P61869,5CH8,Mono- and diacylglycerol lipase,1.62,X-ray,False,no_TM_span,275,0.0,,,,,,,,,
Q6K209,6LCQ,Defensin-like protein CAL1,1.62,X-ray,False,no_TM_span,108,0.0,,,,,,,,,
Q6YWF1,4RJ9,C2 domain-containing protein-like,1.63,X-ray,False,no_TM_span,161,0.0,,,,,,,,,
Q65HR4,6NKC,"Lipase, Lip_vut1",1.631,X-ray,False,no_TM_span,171,0.0,,,,,,,,,
Q02111,4FKD,Protein kinase C theta type,1.633,X-ray,False,no_TM_span,65,0.0,,,,,,,,,
Q59UP8,5AF1,MEP2,1.639,X-ray,True,,1359,3.0,3.0,0.0,False,0.0,0.0170720908442019,29.223997945000004,31.45605052004511,30.20638774642485,30.499651571302064
Q9I2V0,5B49,"UDP-2,3-diacylglucosamine hydrolase",1.65,X-ray,False,no_TM_span,239,0.0,,,,,,,,,
P27485,1AQB,RETINOL-BINDING PROTEIN,1.65,X-ray,False,no_TM_span,175,0.0,,,,,,,,,
D6QLY0,5O79,OmpK36,1.65,X-ray,True,,1028,3.0,3.0,0.0,False,0.004,-0.0117764892272341,34.20784748499999,32.328054529817024,33.26069663466493,32.99802424319192
P0AD27,5I5H,Inner membrane protein YejM,1.65,X-ray,False,no_TM_span,327,0.0,,,,,,,,,
Q3IUY6,3OIZ,"Antisigma-factor antagonist, STAS",1.65,X-ray,False,no_TM_span,99,0.0,,,,,,,,,
O67854,2A65,Na(+):neurotransmitter symporter (Snf family),1.65,X-ray,True,,1020,2.0,2.0,0.0,False,0.0,0.0433983628049517,29.969898875,32.50703803610993,29.290028929579137,30.88642922035658
P0A910,1QJP,OUTER MEMBRANE PROTEIN A,1.65,X-ray,True,,137,1.0,1.0,0.0,False,0.0,-0.0182087140738548,2.200455845,7.688626460393804,8.054365997486913,8.369150790697985
Q01523,1ZMP,Defensin 5,1.65,X-ray,False,no_TM_span,32,0.0,,,,,,,,,
Q9FHP6,5A52,CALCIUM-DEPENDENT LIPID-BINDING DOMAIN-CONTAINING PROTEIN,1.65,X-ray,False,no_TM_span,312,0.0,,,,,,,,,
O70632,3LBW,M2 protein,1.65,X-ray,True,,88,3.0,3.0,0.0,False,0.0,0.0102944151300151,1.365918625,6.286615183048927,6.123704187998915,6.5938259156582975
P39301,4RP9,Ascorbate-specific permease IIC component UlaA,1.651,X-ray,True,,910,2.0,2.0,0.0,False,0.0,0.0443401675932574,28.891974325000007,32.30454489485149,29.07737190671892,30.325898270316337
P22629,1MM9,Streptavidin,1.66,X-ray,False,no_TM_span,128,0.0,,,,,,,,,
E2FYL5,3W57,C2 domain protein,1.662,X-ray,False,no_TM_span,114,0.0,,,,,,,,,
Q95114,3BN6,Lactadherin,1.67,X-ray,False,no_TM_span,158,0.0,,,,,,,,,
O00443,6BTY,Phosphatidylinositol 4-phosphate 3-kinase C2 domain-containing subunit alpha,1.678,X-ray,False,no_TM_span,124,0.0,,,,,,,,,
P61586,3LXR,Transforming protein RhoA,1.68,X-ray,False,no_TM_span,374,0.0,,,,,,,,,
Q9C4Z5,2F2B,Aquaporin aqpM,1.68,X-ray,True,,980,4.0,4.0,0.0,False,0.0,0.0145688540143621,26.159219255000004,29.124377646287183,28.115417328493404,28.856087925628238
P40485,4A6F,"PHOSPHATIDYLINOSITOL 4,5-BISPHOSPHATE-BINDING PROTEIN SLM1",1.68,X-ray,False,no_TM_span,107,0.0,,,,,,,,,
Q9I0Y7,5AZP,Multidrug efflux outer membrane protein OprN,1.69,X-ray,True,,1435,3.0,3.0,0.0,False,0.004,-0.0837401878849653,7.997696815000003,16.075557184598757,19.28221563497076,15.955393956010976
P60061,7O82,Arginine/agmatine antiporter,1.69,X-ray,True,,883,2.0,2.0,0.0,False,0.001,0.0347048843267211,24.864633575,29.43558871113331,27.092342419840605,28.13300318711088
Q8TDQ0,7M3Y,Hepatitis A virus cellular receptor 2,1.69,X-ray,False,no_TM_span,110,0.0,,,,,,,,,
P78583,5XK2,Diacylglycerol lipase,1.695,X-ray,False,no_TM_span,271,0.0,,,,,,,,,
F9RBV9,4QND,Chemical transport protein,1.698,X-ray,True,,194,2.0,2.0,0.0,False,0.0,0.0479745719195613,3.411323930000001,10.802483218777004,9.602683118383895,10.420451678762978
S4UX02,5YLW,Ferruginol synthase,1.7,X-ray,False,no_TM_span,466,0.0,,,,,,,,,
D5F6K1,6US8,Matrix protein 2,1.7,X-ray,True,,98,4.0,4.0,0.0,False,0.084,-0.0353172358638468,1.9142058850000008,7.591932268663855,8.253565537507,7.80583536456344
Q15080,1H6H,NEUTROPHIL CYTOSOL FACTOR 4,1.7,X-ray,False,no_TM_span,137,0.0,,,,,,,,,
Q05655,1YRK,"Protein kinase C, delta type",1.7,X-ray,False,no_TM_span,126,0.0,,,,,,,,,
P09527,1VG8,Ras-related protein Rab-7,1.7,X-ray,False,no_TM_span,184,0.0,,,,,,,,,
P10384,3PGU,Long-chain fatty acid transport protein,1.7,X-ray,True,,440,1.0,1.0,0.0,False,0.0,-0.0080625678275703,5.564418455000001,12.843200405172276,13.10072551304199,13.30867914216146
P09391,2XTV,RHOMBOID PROTEASE GLPG,1.7,X-ray,True,,179,1.0,1.0,0.0,False,0.0,0.0481637439104034,4.456197045,12.060332279985015,10.68363410378539,11.909876465381554
P09216,1GMI,"PROTEIN KINASE C, EPSILON TYPE",1.7,X-ray,False,no_TM_span,135,0.0,,,,,,,,,
P24605,1Y4L,Phospholipase A2 homolog 2,1.7,X-ray,False,no_TM_span,121,0.0,,,,,,,,,
Q8I2X3,3TGH,Glideosome-associated protein 50,1.7,X-ray,False,no_TM_span,318,0.0,,,,,,,,,
P32916,1NRJ,Signal recognition particle receptor alpha subunit homolog,1.7,X-ray,False,no_TM_span,338,0.0,,,,,,,,,
P28472,7A5V,"Gamma-aminobutyric acid receptor subunit beta-3,Gamma-aminobutyric acid receptor subunit beta-3",1.7,EM,True,,2405,5.0,5.0,0.0,False,0.0,0.0766529893487476,23.790090845000005,28.61666166432857,23.55418013222463,27.5183958638108
P00626,3G8G,"Phospholipase A2, ammodytoxin A",1.7,X-ray,False,no_TM_span,122,0.0,,,,,,,,,
O88339,1H0A,EPSIN,1.7,X-ray,False,no_TM_span,158,0.0,,,,,,,,,
P36057,1NRJ,Signal recognition particle receptor beta subunit,1.7,X-ray,False,no_TM_span,338,0.0,,,,,,,,,
Q94IP1,6VBY,Cinnamic acid 4-hydroxylase,1.7,X-ray,False,no_TM_span,475,0.0,,,,,,,,,
Q9WUL7,1FZQ,ADP-RIBOSYLATION FACTOR-LIKE PROTEIN 3,1.7,X-ray,False,no_TM_span,176,0.0,,,,,,,,,
P04273,3NVE,Major prion protein,1.7,X-ray,False,no_TM_span,72,0.0,,,,,,,,,
A0A0H2WX25,4Q7G,Leucotoxin LukDv,1.7,X-ray,False,no_TM_span,324,0.0,,,,,,,,,
P79345,1NEP,Epididymal secretory protein E1,1.7,X-ray,False,no_TM_span,130,0.0,,,,,,,,,
Q40128,4UJ0,FLOWER-SPECIFIC GAMMA-THIONIN-LIKE PROTEIN/ACIDIC PROTEIN,1.7,X-ray,False,no_TM_span,49,0.0,,,,,,,,,
Q5T8D3,3FLV,Acyl-CoA-binding domain-containing protein 5,1.7,X-ray,False,no_TM_span,94,0.0,,,,,,,,,
A2AR50,2DTC,RAL GUANINE NUCLEOTIDE EXCHANGE FACTOR RALGPS1A,1.7,X-ray,False,no_TM_span,116,0.0,,,,,,,,,
Q48EL2,3Q34,YceI-like family protein,1.7,X-ray,False,no_TM_span,354,0.0,,,,,,,,,
Q86WV1,1U5D,Src Kinase-associated Phosphoprotein of 55 kDa,1.7,X-ray,False,no_TM_span,215,0.0,,,,,,,,,
Q9P8F7,3O0D,Triacylglycerol lipase,1.7,X-ray,False,no_TM_span,311,0.0,,,,,,,,,
P01543,1BHP,BETA-PUROTHIONIN,1.7,X-ray,False,no_TM_span,45,0.0,,,,,,,,,
Q9SWS1,4O6Y,Probable transmembrane ascorbate ferrireductase 2,1.7,X-ray,True,,421,2.0,2.0,0.0,False,0.002,-0.044564119592614,10.400554754999998,16.391349093835377,18.337380696667807,18.195052625129534
Q93VK5,6L8I,"Protein LUTEIN DEFICIENT 5, chloroplastic",1.7,X-ray,False,no_TM_span,445,0.0,,,,,,,,,
P12263,4MO3,Coagulation factor VIII,1.702,X-ray,False,no_TM_span,162,0.0,,,,,,,,,
Q48391,4D5B,CYMA,1.702,X-ray,True,,321,1.0,1.0,0.0,False,0.0,-0.0047092382862544,6.16878772,13.711252085795454,13.869627179316574,14.01280170788542
Q93MW7,5MAL,Lipase,1.708,X-ray,False,no_TM_span,236,0.0,,,,,,,,,
P9WQN7,1R88,MPT51/MPB51 antigen,1.71,X-ray,False,no_TM_span,267,0.0,,,,,,,,,
B4F366,7B1Z,Virulence associated protein VapB,1.71,X-ray,False,no_TM_span,119,0.0,,,,,,,,,
P07845,1GWY,STICHOLYSIN II,1.71,X-ray,False,no_TM_span,175,0.0,,,,,,,,,
P0CE80,3RLH,Dermonecrotic toxin LiSicTox-alphaIA1a,1.72,X-ray,False,no_TM_span,285,0.0,,,,,,,,,
O29285,2B2F,ammonium transporter,1.72,X-ray,True,,1173,3.0,3.0,0.0,False,0.0,0.0161166816930175,29.701963375000005,31.114906666477573,29.925570807908837,30.74805454224929
O53581,5W95,Conserved membrane protein of uncharacterised function,1.723,X-ray,False,no_TM_span,259,0.0,,,,,,,,,
P0C0Y7,7P0Q,Reaction center protein H chain,1.73,X-ray,True,,837,3.0,3.0,0.0,False,0.083,0.0862343287720455,13.434251350000002,22.7185466987384,18.438749132886382,20.679107858374685
P0C0Y8,7P0Q,Reaction center protein L chain,1.73,X-ray,True,,837,3.0,3.0,0.0,False,0.083,0.0862343287720455,13.434251350000002,22.7185466987384,18.438749132886382,20.679107858374685
P0C0Y9,7P0Q,Reaction center protein M chain,1.73,X-ray,True,,837,3.0,3.0,0.0,False,0.083,0.0862343287720455,13.434251350000002,22.7185466987384,18.438749132886382,20.679107858374685
A6T5R0,7SS7,"UDP-2,3-diacylglucosamine hydrolase",1.73,X-ray,False,no_TM_span,249,0.0,,,,,,,,,
Q5ZIS0,2H88,"Succinate dehydrogenase cytochrome B, small subunit",1.74,X-ray,True,,1091,1.0,2.0,1.0,True,0.0,0.0502417303497671,1.5602931950000003,7.15664690606269,6.306871806926635,7.047387809066514
Q9YHT2,2H88,Succinate dehydrogenase Ip subunit,1.74,X-ray,True,,1091,1.0,2.0,1.0,True,0.0,0.0502417303497671,1.5602931950000003,7.15664690606269,6.306871806926635,7.047387809066514
Q9YHT1,2H88,SUCCINATE DEHYDROGENASE FLAVOPROTEIN SUBUNIT,1.74,X-ray,True,,1091,1.0,2.0,1.0,True,0.0,0.0502417303497671,1.5602931950000003,7.15664690606269,6.306871806926635,7.047387809066514
Q96L92,4HAS,Sorting nexin-27,1.74,X-ray,False,no_TM_span,105,0.0,,,,,,,,,
D0VWW3,2H88,"SUCCINATE DEHYDROGENASE CYTOCHROME B, LARGE SUBUNIT",1.74,X-ray,True,,1091,1.0,2.0,1.0,True,0.0,0.0502417303497671,1.5602931950000003,7.15664690606269,6.306871806926635,7.047387809066514
A0A0D5YKR4,5DL7,Porin,1.75,X-ray,True,,406,1.0,1.0,0.0,False,0.0,-0.0051904380052012,10.583239269999996,18.33023950815047,18.55887814438617,18.35415399164321
P52956,3GBS,Cutinase 1,1.75,X-ray,False,no_TM_span,187,0.0,,,,,,,,,
P0A901,1QWD,Outer membrane lipoprotein blc,1.75,X-ray,False,no_TM_span,167,0.0,,,,,,,,,
P19835,6H1A,Bile salt-activated lipase,1.75,X-ray,False,no_TM_span,529,0.0,,,,,,,,,
P01538,1OKH,VISCOTOXIN A3,1.75,X-ray,False,no_TM_span,46,0.0,,,,,,,,,
O35298,5W7D,Acyloxyacyl hydrolase,1.75,X-ray,False,no_TM_span,550,0.0,,,,,,,,,
Q8I914,1XX1,Sphingomyelinase I,1.75,X-ray,False,no_TM_span,285,0.0,,,,,,,,,
Q8RNT4,4G32,15S-LIPOXYGENASE,1.75,X-ray,False,no_TM_span,630,0.0,,,,,,,,,
K0J3J2,4HYQ,phospholipase A1,1.75,X-ray,False,no_TM_span,236,0.0,,,,,,,,,
P82114,7LYE,Basic phospholipase A2 homolog BomoTx,1.758,X-ray,False,no_TM_span,123,0.0,,,,,,,,,
P05880,2FX7,Fragment of HIV glycoprotein (GP41),1.76,X-ray,False,too_few_CA,16,,,,,,,,,,
P24280,7ZG9,SEC14 cytosolic factor,1.764,X-ray,False,no_TM_span,295,0.0,,,,,,,,,
Q9HYC4,4LUQ,Uncharacterized protein,1.77,X-ray,False,no_TM_span,538,0.0,,,,,,,,,
O43914,4WOL,TYRO protein tyrosine kinase-binding protein,1.77,X-ray,True,,93,3.0,3.0,0.0,False,0.046,0.1013697272142924,1.33341827,5.6621846048804345,4.077190016103235,6.514907656744546
Q3KK31,3PJV,Cyclic dimeric GMP binding protein,1.7727,X-ray,False,no_TM_span,264,0.0,,,,,,,,,
P17596,2BS2,QUINOL-FUMARATE REDUCTASE IRON-SULFUR SUBUNIT B,1.78,X-ray,True,,2296,2.0,2.0,0.0,False,0.0,0.0371331801999392,10.273711335000003,17.994276946629164,16.382658869948088,18.08376035488463
P17413,2BS2,QUINOL-FUMARATE REDUCTASE DIHEME CYTOCHROME B SUBUNIT C,1.78,X-ray,True,,2296,2.0,2.0,0.0,False,0.0,0.0371331801999392,10.273711335000003,17.994276946629164,16.382658869948088,18.08376035488463
Q62768,2CJS,UNC-13 HOMOLOG A,1.78,X-ray,False,no_TM_span,373,0.0,,,,,,,,,
Q5FBD2,6U3F,Panton-Valentine Leucocidin F,1.78,X-ray,False,no_TM_span,293,0.0,,,,,,,,,
Q8NFU1,8D1E,Bestrophin-2,1.78,EM,True,,1895,5.0,5.0,0.0,False,0.0,0.0332242946794984,22.45133579,27.635940366600156,25.504303768185338,26.732905079674687
P17412,2BS2,QUINOL-FUMARATE REDUCTASE FLAVOPROTEIN SUBUNIT A,1.78,X-ray,True,,2296,2.0,2.0,0.0,False,0.0,0.0371331801999392,10.273711335000003,17.994276946629164,16.382658869948088,18.08376035488463
Q99P87,1RGX,Resistin,1.787,X-ray,False,no_TM_span,272,0.0,,,,,,,,,
O34349,6FMX,Phosphatidylglycerophosphatase B,1.79,X-ray,True,,202,1.0,1.0,0.0,False,0.0,0.0691075508461069,5.1591090850000025,13.371207475375265,11.245765942969104,12.81481730519835
O64989,6A15,Cytochrome P450 90B1,1.79,X-ray,False,no_TM_span,439,0.0,,,,,,,,,
Q8AXY1,1UMV,HYPOTENSIVE PHOSPHOLIPASE A2,1.79,X-ray,False,no_TM_span,123,0.0,,,,,,,,,
O00299,1RK4,CHLORIDE INTRACELLULAR CHANNEL PROTEIN 1,1.792,X-ray,False,no_TM_span,213,0.0,,,,,,,,,
P9WK45,3MH9,Lipoprotein lprG,1.794,X-ray,False,no_TM_span,205,0.0,,,,,,,,,
B7JBP8,3SX6,Sulfide-quinone reductase,1.7955,X-ray,False,no_TM_span,425,0.0,,,,,,,,,
Q13393,6U8Z,"Phospholipase D1,Phospholipase D1",1.799,X-ray,False,no_TM_span,581,0.0,,,,,,,,,
W6Q990,6L7N,"Lipase, class 3",1.8,X-ray,False,no_TM_span,270,0.0,,,,,,,,,
P04058,1EA5,ACETYLCHOLINESTERASE,1.8,X-ray,False,no_TM_span,532,0.0,,,,,,,,,
P9WQP1,1F0N,ANTIGEN 85B,1.8,X-ray,False,no_TM_span,284,0.0,,,,,,,,,
P9WPG7,6H59,CDP-diacylglycerol--inositol 3-phosphatidyltransferase,1.8,X-ray,True,,401,2.0,2.0,0.0,False,0.012,-0.0361514473828286,10.115448695000005,16.04191981485647,17.59879777597973,17.943933021507366
P17900,2AG4,Ganglioside GM2 activator,1.8,X-ray,False,no_TM_span,164,0.0,,,,,,,,,
P77774,3PRW,Lipoprotein yfgL,1.8,X-ray,False,no_TM_span,355,0.0,,,,,,,,,
B7IE18,6NC9,Lipid II flippase MurJ,1.8,X-ray,True,,475,1.0,1.0,0.0,False,0.0,0.0263472335172984,13.265937365000005,20.44441795516897,19.1450256301714,20.549158164689977
B7FRW2,6A2W,Protein fucoxanthin chlorophyl a/c protein,1.8,X-ray,True,,342,2.0,2.0,0.0,False,0.0,0.1234408417958059,6.359769050000001,17.932499008992504,13.71732165326804,14.228061577251818
P82543,3S8G,Cytochrome c oxidase polypeptide 2A,1.8,X-ray,True,,753,1.0,3.0,2.0,True,0.0,0.037880292215179,11.595429860000005,19.97873631084302,18.232137932710778,19.21181917203243
P69856,2WJR,PROBABLE N-ACETYLNEURAMINIC ACID OUTER MEMBRANE CHANNEL PROTEIN NANC,1.8,X-ray,True,,204,1.0,1.0,0.0,False,0.0,-0.0116032734145915,4.568943405,11.402725685670235,11.738559730759883,12.059601383237055
Q9RFC8,4UC1,Translocator protein TspO,1.8,X-ray,True,,316,2.0,2.0,0.0,False,0.0,0.0614022394737614,6.988466855,15.632887724510256,13.4349697973275,14.91475138651075
A8ULG6,4I0N,Necrotic enteritis toxin B,1.8,X-ray,False,no_TM_span,270,0.0,,,,,,,,,
Q0TV31,2WXU,PHOSPHOLIPASE C,1.8,X-ray,False,no_TM_span,366,0.0,,,,,,,,,
Q9KS51,1YC9,multidrug resistance protein,1.8,X-ray,True,,1233,3.0,3.0,0.0,False,0.0,-0.0636201901257382,8.275510865,15.964770993020435,18.44292718049365,16.23014763195601
Q9N0J9,7MWS,CD81 protein,1.8,X-ray,False,no_TM_span,97,0.0,,,,,,,,,
A7LAI8,3I48,Beta-hemolysin,1.8,X-ray,False,no_TM_span,291,0.0,,,,,,,,,
A6KYC4,3MYV,SusD superfamily protein,1.8,X-ray,False,no_TM_span,461,0.0,,,,,,,,,
A4Y035,2FX5,lipase,1.8,X-ray,False,no_TM_span,258,0.0,,,,,,,,,
P55020,1BXV,PLASTOCYANIN,1.8,X-ray,False,no_TM_span,91,0.0,,,,,,,,,
P54318,1BU8,PROTEIN (PANCREATIC LIPASE RELATED PROTEIN 2),1.8,X-ray,False,no_TM_span,446,0.0,,,,,,,,,
P56219,6ATL,Potassium channel toxin alpha-KTx 4.2,1.8,X-ray,False,no_TM_span,36,0.0,,,,,,,,,
P19619,1HM6,ANNEXIN 1,1.8,X-ray,False,no_TM_span,343,0.0,,,,,,,,,
O00294,3C5N,Tubby-related protein 1,1.8,X-ray,False,no_TM_span,232,0.0,,,,,,,,,
P22637,1COY,CHOLESTEROL OXIDASE,1.8,X-ray,False,no_TM_span,501,0.0,,,,,,,,,
Q3TCN2,3FGR,Putative phospholipase B-like 2 40 kDa form,1.8,X-ray,False,no_TM_span,547,0.0,,,,,,,,,
P55087,3GD8,Aquaporin-4,1.8,X-ray,True,,892,4.0,4.0,0.0,False,0.0,0.0090308654268866,26.651533445000005,28.71393981556795,28.08265291584201,29.12635675380881
Q9BUD6,3D34,Spondin-2,1.8,X-ray,False,no_TM_span,212,0.0,,,,,,,,,
P46934,3B7Y,E3 ubiquitin-protein ligase NEDD4,1.8,X-ray,False,no_TM_span,146,0.0,,,,,,,,,
P47934,1NDB,Carnitine Acetyltransferase,1.8,X-ray,False,no_TM_span,596,0.0,,,,,,,,,
P46925,1LF2,Plasmepsin 2,1.8,X-ray,False,no_TM_span,329,0.0,,,,,,,,,
P0ABE7,4N6H,"Soluble cytochrome b562, Delta-type opioid receptor chimeric protein",1.8,X-ray,True,,416,1.0,1.0,0.0,False,0.0,0.0517293526388717,5.039291569999999,13.16748053319452,11.595098428686708,12.665134527882582
O70325,5L71,"Phospholipid hydroperoxide glutathione peroxidase, mitochondrial",1.8,X-ray,False,no_TM_span,170,0.0,,,,,,,,,
Q02127,1D3H,DIHYDROOROTATE DEHYDROGENASE,1.8,X-ray,False,no_TM_span,364,0.0,,,,,,,,,
Q96J02,2NQ3,Itchy homolog E3 ubiquitin protein ligase,1.8,X-ray,False,no_TM_span,131,0.0,,,,,,,,,
Q96D42,5F70,Hepatitis A virus cellular receptor 1,1.8,X-ray,False,no_TM_span,103,0.0,,,,,,,,,
P41266,5J81,Envelopment polyprotein,1.8,X-ray,False,no_TM_span,1242,0.0,,,,,,,,,
Q5SJ79,3S8G,Cytochrome c oxidase subunit 1,1.8,X-ray,True,,753,1.0,3.0,2.0,True,0.0,0.037880292215179,11.595429860000005,19.97873631084302,18.232137932710778,19.21181917203243
P0CJ17,6ATY,Venom protein 51.1,1.8,X-ray,False,no_TM_span,40,0.0,,,,,,,,,
Q6Z2T3,7CJS,Aquaporin NIP2-1,1.8,X-ray,True,,875,4.0,4.0,0.0,False,0.013,0.0060810607299269,25.464877765,28.198512226791085,27.78299747787828,28.47055029861785
A0A7G6KN55,7T9Q,CpoBD13,1.8,X-ray,False,no_TM_span,39,0.0,,,,,,,,,
P37268,3V66,Squalene synthase,1.8,X-ray,False,no_TM_span,335,0.0,,,,,,,,,
Q5SJ80,3S8G,Cytochrome c oxidase subunit 2,1.8,X-ray,True,,753,1.0,3.0,2.0,True,0.0,0.037880292215179,11.595429860000005,19.97873631084302,18.232137932710778,19.21181917203243
Q5ZK43,6IYX,Trimeric intracellular cation channel type A,1.8,X-ray,True,,684,3.0,3.0,0.0,False,0.0,-0.0144402480505995,26.578537325000003,29.631344719409448,30.639381775617316,29.08644218678589
P0DMH7,1E12,HALORHODOPSIN,1.8,X-ray,True,,720,3.0,3.0,0.0,False,0.0,0.0137769197026745,19.599684055,24.808137144142616,23.982264715095905,24.977536309222547
P31243,2POR,PORIN,1.8,X-ray,True,,912,3.0,3.0,0.0,False,0.0,-0.0079599761534129,35.550216674999994,32.998534260677424,33.64117639758159,33.639241108604615
P28845,1XU7,"Corticosteroid 11-beta-dehydrogenase, isozyme 1",1.8,X-ray,False,no_TM_span,525,0.0,,,,,,,,,
Q8TED1,3KIJ,Probable glutathione peroxidase 8,1.8,X-ray,False,no_TM_span,174,0.0,,,,,,,,,
O59952,5AP9,LIPASE,1.8,X-ray,False,no_TM_span,275,0.0,,,,,,,,,
P02699,7ZBC,Rhodopsin,1.8,X-ray,True,,315,1.0,1.0,0.0,False,0.0,0.0218350174423727,4.999437805,12.3879200133793,11.726845470261251,12.614953343918836
P11889,2DDT,Sphingomyelin phosphodiesterase,1.8,X-ray,False,no_TM_span,288,0.0,,,,,,,,,
Q61420,6XBO,CMP-sialic acid transporter,1.8,X-ray,True,,329,1.0,1.0,0.0,False,0.0,-0.0018063666235037,7.999996384999998,15.585604437486126,15.654785479777605,15.95768761061604
P25871,1AUN,PR-5D,1.8,X-ray,False,no_TM_span,208,0.0,,,,,,,,,
P22394,1THG,Lipase 2,1.8,X-ray,False,no_TM_span,544,0.0,,,,,,,,,
Q6XLL6,6AVD,Potassium channel toxin alpha-KTx 6.9,1.8,X-ray,False,no_TM_span,40,0.0,,,,,,,,,
P04156,3NVF,Major prion protein,1.8,X-ray,False,no_TM_span,60,0.0,,,,,,,,,
P05090,2HZQ,Apolipoprotein D,1.8,X-ray,False,no_TM_span,166,0.0,,,,,,,,,
Q9UN19,1FAO,DUAL ADAPTOR OF PHOSPHOTYROSINE AND 3-PHOSPHOINOSITIDES,1.8,X-ray,False,no_TM_span,100,0.0,,,,,,,,,
P02753,2WR6,RETINOL-BINDING PROTEIN 4,1.8,X-ray,False,no_TM_span,178,0.0,,,,,,,,,
Q38882,6KZ9,Phospholipase D alpha 1,1.801,X-ray,False,no_TM_span,771,0.0,,,,,,,,,
Q8D0Z7,3QRA,Attachment invasion locus protein,1.801,X-ray,True,,152,1.0,1.0,0.0,False,0.0,-0.0395242451427641,1.8448753399999995,6.709020280666032,7.435934898794254,7.663172055348111
Q8L7J2,3GNR,Os03g0212800 protein,1.81,X-ray,False,no_TM_span,484,0.0,,,,,,,,,
Q9LT15,7AAQ,Sugar transport protein 10,1.81,X-ray,True,,487,1.0,1.0,0.0,False,0.0,0.0180603957123396,8.152167185000001,15.848321384574811,15.150088810292026,16.108741132716062
P02784,1H8P,SEMINAL PLASMA PROTEIN PDC-109,1.82,X-ray,False,no_TM_span,176,0.0,,,,,,,,,
P46096,5VFG,Synaptotagmin-1,1.82,X-ray,False,no_TM_span,152,0.0,,,,,,,,,
O76090,8D1I,Bestrophin-1,1.82,EM,True,,1885,5.0,5.0,0.0,False,0.0,0.0337444265852145,23.363342925,28.019544664102835,25.811001712674845,27.270465759369827
A8ALU5,5YS3,Succinate-Acetate Permease,1.823,X-ray,True,,1112,6.0,6.0,0.0,False,0.018,0.033205423459116,35.52699398,34.6879890057192,32.00805216087045,33.62825212559525
Q76HJ9,6HCP,BauA,1.83,X-ray,True,,2100,3.0,3.0,0.0,False,0.013,-0.0183305919264738,63.85264086000002,43.90219030465257,45.88555339346779,45.0831751817472
P08325,2W2R,MATRIX PROTEIN,1.83,X-ray,False,no_TM_span,188,0.0,,,,,,,,,
P08254,1C3I,STROMELYSIN-1,1.83,X-ray,False,no_TM_span,173,0.0,,,,,,,,,
Q5ZSQ3,4MXP,Defects in Rab1 recruitment protein A,1.83,X-ray,False,no_TM_span,312,0.0,,,,,,,,,
Q00855,1XWV,Der f II,1.83,X-ray,False,no_TM_span,131,0.0,,,,,,,,,
Q9FDJ9,2XBT,CELLULOSOMAL SCAFFOLDIN,1.832,X-ray,False,no_TM_span,158,0.0,,,,,,,,,
Q8R9C0,4M5B,Cobalamin biosynthesis protein CbiM,1.833,X-ray,True,,221,1.0,1.0,0.0,False,0.0,0.0296229626171916,4.362122245,11.646257871821488,10.808509269465157,11.783491143654038
Q8NCC3,4X90,Group XV phospholipase A2,1.84,X-ray,False,no_TM_span,395,0.0,,,,,,,,,
Q1AUE6,6KFQ,Rhodopsin,1.84,X-ray,True,,230,1.0,1.0,0.0,False,0.0,-0.0096737643039039,4.700689220000002,11.047641962179924,11.331638193454872,12.232235489082004
P40709,5I5F,Inner membrane protein YejM,1.84,X-ray,False,no_TM_span,339,0.0,,,,,,,,,
Q9NY59,5UVG,"Sphingomyelin phosphodiesterase 3,Sphingomyelin phosphodiesterase 3",1.849,X-ray,False,no_TM_span,351,0.0,,,,,,,,,
Q9I116,6I96,Metal-pseudopaline receptor CntO,1.85,X-ray,True,,677,1.0,1.0,0.0,False,0.0,0.0040265478896912,14.066883570000003,21.23012581314751,21.025637675089317,21.160406678812524
Q58609,7B1L,CDP-diacylglycerol--serine O-phosphatidyltransferase,1.85,X-ray,True,,406,2.0,2.0,0.0,False,0.0,-0.0951359710580237,12.04263264,16.29688211260069,20.76723471701085,19.57878705382844
Q18DH8,4QI1,Bacteriorhodopsin-I,1.85,X-ray,True,,692,3.0,3.0,0.0,False,0.002,-0.0013233735411584,19.550539650000008,24.39849634597578,24.477727891497025,24.946202217618595
P17811,2X55,COAGULASE/FIBRINOLYSIN,1.85,X-ray,True,,274,1.0,1.0,0.0,False,0.0,-0.0269862432454924,3.12673219,9.273001683358409,9.919137891043809,9.97632080241055
O15263,6CS9,Beta-defensin 4A,1.85,X-ray,False,no_TM_span,41,0.0,,,,,,,,,
Q82X47,3B9Y,Ammonium transporter family Rh-like protein,1.85,X-ray,True,,1164,3.0,3.0,0.0,False,0.0,0.0331393822836468,27.7067618,30.894229796923817,28.53226402502287,29.697367215090637
P75733,7VU0,Chitoporin,1.85,X-ray,True,,443,1.0,1.0,0.0,False,0.0,-0.0199727411410119,11.51113746,18.52322124706393,19.44077834412128,19.14186212137829
P30438,1PUO,"Major allergen I polypeptide, fused chain 2, chain 1",1.85,X-ray,False,no_TM_span,141,0.0,,,,,,,,,
P0DUB8,2ES4,Lipase,1.85,X-ray,False,no_TM_span,587,0.0,,,,,,,,,
P18895,7ACG,Alginate biosynthesis protein AlgE,1.85,X-ray,True,,462,1.0,1.0,0.0,False,0.0,0.0032026506735869,10.794992810000002,18.124238858625247,17.981757825666914,18.536863091434697
G2WWV6,5XMZ,Effector protein PevD1,1.85,X-ray,False,no_TM_span,123,0.0,,,,,,,,,
Q05490,2ES4,Lipase chaperone,1.85,X-ray,False,no_TM_span,587,0.0,,,,,,,,,
Q03103,3M31,Endoplasmic oxidoreductin-1,1.85,X-ray,False,no_TM_span,363,0.0,,,,,,,,,
U5U6L7,7CZ9,Efflux pump membrane transporter,1.85,X-ray,True,,3127,3.0,3.0,0.0,False,0.001,-0.0144758252816577,49.140676155,39.04650438061272,40.42054699469478,39.54992166097497
P37650,6TZK,Cellulose synthase operon protein C,1.852,X-ray,True,,462,1.0,1.0,0.0,False,0.0,-0.0160776833189302,8.184290299999999,14.978749587282236,15.601552002794987,16.140447682416067
P43261,4E1S,Intimin,1.855,X-ray,True,,249,1.0,1.0,0.0,False,0.0,0.0069944109337341,4.720341629999999,11.893705554351016,11.687939293683153,12.257778783262117
Q6T179,1YXH,phospholipase A2,1.86,X-ray,False,no_TM_span,120,0.0,,,,,,,,,
P02820,4MZZ,Osteocalcin,1.88,X-ray,False,no_TM_span,31,0.0,,,,,,,,,
P50405,6VZD,Pulmonary surfactant-associated protein B,1.88,X-ray,False,no_TM_span,167,0.0,,,,,,,,,
Q9F1L5,7RF1,Photosystem II 12 kDa extrinsic protein,1.89,X-ray,True,,5310,4.0,34.0,30.0,True,0.063,0.0040144125924964,106.77223785000002,57.76919840792991,57.207520316557,58.29807790795691
Q9F1K9,7RF1,Photosystem II reaction center protein K,1.89,X-ray,True,,5310,4.0,34.0,30.0,True,0.063,0.0040144125924964,106.77223785000002,57.76919840792991,57.207520316557,58.29807790795691
Q8DIQ1,7RF1,Photosystem II CP47 reaction center protein,1.89,X-ray,True,,5310,4.0,34.0,30.0,True,0.063,0.0040144125924964,106.77223785000002,57.76919840792991,57.207520316557,58.29807790795691
P09616,7AHL,ALPHA-HEMOLYSIN,1.89,X-ray,True,,2051,7.0,7.0,0.0,False,0.0,0.2552216039594588,5.817613795,21.40457135564636,13.0691764044421,13.608100473422809
B3FIS6,6AV8,U5-theraphotoxin-Hs1b 1,1.89,X-ray,False,no_TM_span,29,0.0,,,,,,,,,
Q8DJI1,7RF1,Photosystem II reaction center protein Ycf12,1.89,X-ray,True,,5310,4.0,34.0,30.0,True,0.063,0.0040144125924964,106.77223785000002,57.76919840792991,57.207520316557,58.29807790795691
Q9XCU0,1DUW,NONAHEME CYTOCHROME C,1.89,X-ray,False,no_TM_span,289,0.0,,,,,,,,,
Q8DJ43,7RF1,Photosystem II reaction center protein H,1.89,X-ray,True,,5310,4.0,34.0,30.0,True,0.063,0.0040144125924964,106.77223785000002,57.76919840792991,57.207520316557,58.29807790795691
Q6WJ03,1V3E,hemagglutinin-neuraminidase glycoprotein,1.89,X-ray,False,no_TM_span,864,0.0,,,,,,,,,
Q8DKM3,7RF1,Photosystem II protein Y,1.89,X-ray,True,,5310,4.0,34.0,30.0,True,0.063,0.0040144125924964,106.77223785000002,57.76919840792991,57.207520316557,58.29807790795691
Q8DJZ6,7RF1,Photosystem II reaction center protein I,1.89,X-ray,True,,5310,4.0,34.0,30.0,True,0.063,0.0040144125924964,106.77223785000002,57.76919840792991,57.207520316557,58.29807790795691
P81172,3H0T,Hepcidin,1.89,X-ray,False,no_TM_span,22,0.0,,,,,,,,,
Q8DIQ0,7RF1,Photosystem II reaction center protein T,1.89,X-ray,True,,5310,4.0,34.0,30.0,True,0.063,0.0040144125924964,106.77223785000002,57.76919840792991,57.207520316557,58.29807790795691
Q8DIP0,7RF1,Cytochrome b559 subunit alpha,1.89,X-ray,True,,5310,4.0,34.0,30.0,True,0.063,0.0040144125924964,106.77223785000002,57.76919840792991,57.207520316557,58.29807790795691
Q8DIN9,7RF1,Cytochrome b559 subunit beta,1.89,X-ray,True,,5310,4.0,34.0,30.0,True,0.063,0.0040144125924964,106.77223785000002,57.76919840792991,57.207520316557,58.29807790795691
Q8DIN8,7RF1,Photosystem II reaction center protein L,1.89,X-ray,True,,5310,4.0,34.0,30.0,True,0.063,0.0040144125924964,106.77223785000002,57.76919840792991,57.207520316557,58.29807790795691
Q8DIF8,7RF1,Photosystem II CP43 reaction center protein,1.89,X-ray,True,,5310,4.0,34.0,30.0,True,0.063,0.0040144125924964,106.77223785000002,57.76919840792991,57.207520316557,58.29807790795691
P0A431,7RF1,Photosystem II manganese-stabilizing polypeptide,1.89,X-ray,True,,5310,4.0,34.0,30.0,True,0.063,0.0040144125924964,106.77223785000002,57.76919840792991,57.207520316557,58.29807790795691
P59087,7RF1,Photosystem II reaction center protein J,1.89,X-ray,True,,5310,4.0,34.0,30.0,True,0.063,0.0040144125924964,106.77223785000002,57.76919840792991,57.207520316557,58.29807790795691
P0A386,7RF1,Cytochrome c-550,1.89,X-ray,True,,5310,4.0,34.0,30.0,True,0.063,0.0040144125924964,106.77223785000002,57.76919840792991,57.207520316557,58.29807790795691
Q9F1R6,7RF1,Photosystem II reaction center X protein,1.89,X-ray,True,,5310,4.0,34.0,30.0,True,0.063,0.0040144125924964,106.77223785000002,57.76919840792991,57.207520316557,58.29807790795691
P0A444,7RF1,Photosystem II protein D1 1,1.89,X-ray,True,,5310,4.0,34.0,30.0,True,0.063,0.0040144125924964,106.77223785000002,57.76919840792991,57.207520316557,58.29807790795691
Q8DHA7,7RF1,Photosystem II reaction center protein M,1.89,X-ray,True,,5310,4.0,34.0,30.0,True,0.063,0.0040144125924964,106.77223785000002,57.76919840792991,57.207520316557,58.29807790795691
Q8CM25,7RF1,Photosystem II D2 protein,1.89,X-ray,True,,5310,4.0,34.0,30.0,True,0.063,0.0040144125924964,106.77223785000002,57.76919840792991,57.207520316557,58.29807790795691
Q8DHJ2,7RF1,Photosystem II reaction center protein Z,1.89,X-ray,True,,5310,4.0,34.0,30.0,True,0.063,0.0040144125924964,106.77223785000002,57.76919840792991,57.207520316557,58.29807790795691
P16469,3RDE,"Arachidonate 12-lipoxygenase, 12S-type",1.892,X-ray,False,no_TM_span,555,0.0,,,,,,,,,
O14520,6QZI,Aquaporin-7,1.9,X-ray,True,,1000,4.0,4.0,0.0,False,0.0,0.0181377147543237,26.87973366,30.01817907217135,28.74487727058481,29.25078624920227
P17443,1F0K,UDP-N-ACETYLGLUCOSAMINE-N-ACETYLMURAMYL-(PENTAPEPTIDE) PYROPHOSPHORYL-UNDECAPRENOL N-ACETYLGLUCOSAMINE TRANSFERASE,1.9,X-ray,False,no_TM_span,351,0.0,,,,,,,,,
Q8DIV4,7YQ7,Photosystem II protein D1 3,1.9,X-ray,True,,5345,4.0,33.0,29.0,True,0.057,0.0073078576479923,105.23709414000002,57.48918343549032,56.47407880656915,57.877463194248826
Q8AVA3,2DDB,Pseudecin,1.9,X-ray,False,no_TM_span,207,0.0,,,,,,,,,
O16025,3FG3,Allene oxide synthase-lipoxygenase protein,1.9,X-ray,False,no_TM_span,715,0.0,,,,,,,,,
P75409,4TLV,ADP-ribosylating toxin CARDS,1.9,X-ray,False,no_TM_span,583,0.0,,,,,,,,,
P01495,2YC1,BETA-MAMMAL TOXIN CN2,1.9,X-ray,False,no_TM_span,66,0.0,,,,,,,,,
P01869,1ORS,33H1 Fab heavy chain,1.9,X-ray,True,,132,1.0,1.0,0.0,False,0.0,-0.0560641354419702,2.1281548850000007,8.085755272660883,9.193202527267212,8.230508728054593
P10688,1MAI,PHOSPHOLIPASE C DELTA-1,1.9,X-ray,False,no_TM_span,119,0.0,,,,,,,,,
P02754,3NQ9,Beta-lactoglobulin,1.9,X-ray,False,no_TM_span,172,0.0,,,,,,,,,
P19515,3TGL,TRIACYL-GLYCEROL ACYLHYDROLASE,1.9,X-ray,False,no_TM_span,265,0.0,,,,,,,,,
Q6B9W9,3RFI,Asp,1.9,X-ray,False,no_TM_span,81,0.0,,,,,,,,,
Q9TU17,7JKC,Gap junction alpha-3 protein,1.9,EM,True,,2352,6.0,6.0,0.0,False,0.0,-0.0905217004720078,26.972801105,23.83870880660088,30.20449479583713,29.30138093979629
P02749,3OP8,Beta-2-glycoprotein 1,1.9,X-ray,False,no_TM_span,86,0.0,,,,,,,,,
A0A0U3H1E6,5WUD,Uncharacterized protein,1.9,X-ray,True,,606,3.0,3.0,0.0,False,0.0,-9.687354947949435e-05,19.882459555000004,24.60564113779517,24.611490069790708,25.157073434733764
Q91062,1LSH,LIPOVITELLIN (LV-2),1.9,X-ray,False,no_TM_span,1198,0.0,,,,,,,,,
P39767,3PRN,PORIN,1.9,X-ray,True,,867,3.0,3.0,0.0,False,0.0,0.0051583376190721,35.782823095,34.22196840614888,33.80415403890232,33.749113094575044
Q5KYD1,4IKV,Di-tripeptide ABC transporter (Permease),1.9,X-ray,True,,494,1.0,1.0,0.0,False,0.0,-0.0455690062144686,12.740414439999997,18.571595883590465,20.77400319745756,20.138023414254743
Q57556,3V5U,Uncharacterized membrane protein MJ0091,1.9,X-ray,True,,299,1.0,1.0,0.0,False,0.0,0.0108410325396961,7.822853590000001,14.962758592919757,14.552186379066107,15.780024194738608
P0A917,1QJ8,OUTER MEMBRANE PROTEIN X,1.9,X-ray,True,,148,1.0,1.0,0.0,False,0.0,-0.0300526162698447,1.757770565,6.79841331987562,7.337923551388967,7.480078532223892
P42259,5JJE,Sensory rhodopsin II transducer,1.9,X-ray,True,,568,2.0,4.0,2.0,True,0.0,-0.0095866920949631,18.61962027,22.975986892381023,23.536119033993494,24.345038938003576
P31100,1OQS,Phospholipase A2 RV-7,1.9,X-ray,False,no_TM_span,122,0.0,,,,,,,,,
G3XDA5,4FRX,Anaerobically-induced outer membrane porin OprE,1.9,X-ray,True,,401,1.0,1.0,0.0,False,0.0,-0.0268614687272572,10.882483375,18.24325089330513,19.44310948819393,18.61182969106811
P19957,1FLE,ELAFIN,1.9,X-ray,False,no_TM_span,287,0.0,,,,,,,,,
P0C216,1GYG,PHOSPHOLIPASE C,1.9,X-ray,False,no_TM_span,370,0.0,,,,,,,,,
G3XCY8,5FOK,IRON TRANSPORT OUTER MEMBRANE RECEPTOR,1.9,X-ray,True,,660,1.0,1.0,0.0,False,0.0,-0.0026575280594641,13.87932592,21.06298465117736,21.19704438450478,21.01886451239204
Q8ZPT3,3FID,Putative outer membrane protein (LpxR),1.9,X-ray,True,,296,1.0,1.0,0.0,False,0.0,0.0260678482545047,5.786399605000001,13.082084539590491,12.23301022967746,13.571544494572022
Q96AC1,4F7H,Fermitin family homolog 2,1.9,X-ray,False,no_TM_span,133,0.0,,,,,,,,,
Q2S2F8,3DDL,Xanthorhodopsin,1.9,X-ray,True,,252,1.0,1.0,0.0,False,0.0,0.0352218377275489,4.115728925,11.703254165195098,10.735707993805365,11.445860411869807
P12239,3WU2,Cytochrome b559 subunit beta,1.9,X-ray,True,,5315,4.0,32.0,28.0,True,0.059,0.0069848425800786,105.085639155,57.57733935522893,56.60780185162022,57.83580019242316
P27896,5JEQ,Nitrate/nitrite sensor protein NarQ,1.9,X-ray,True,,462,2.0,2.0,0.0,False,0.0,-0.0135339527991166,1.8540116750000009,6.616825943555639,6.8663527424467095,7.68212369890429
P12238,3WU2,Cytochrome b559 subunit alpha,1.9,X-ray,True,,5315,4.0,32.0,28.0,True,0.059,0.0069848425800786,105.085639155,57.57733935522893,56.60780185162022,57.83580019242316
P00128,3CX5,Cytochrome b-c1 complex subunit 7,1.9,X-ray,True,,3907,2.0,10.0,8.0,True,0.0,0.0468877336565403,23.20686938,28.98249983253453,25.92403264429675,27.17899179702937
P00127,3CX5,Cytochrome b-c1 complex subunit 6,1.9,X-ray,True,,3907,2.0,10.0,8.0,True,0.0,0.0468877336565403,23.20686938,28.98249983253453,25.92403264429675,27.17899179702937
P00163,3CX5,CYTOCHROME B,1.9,X-ray,True,,3907,2.0,10.0,8.0,True,0.0,0.0468877336565403,23.20686938,28.98249983253453,25.92403264429675,27.17899179702937
P12241,3WU2,Photosystem II reaction center protein L,1.9,X-ray,True,,5315,4.0,32.0,28.0,True,0.059,0.0069848425800786,105.085639155,57.57733935522893,56.60780185162022,57.83580019242316
P09681,2QKH,Glucose-dependent insulinotropic polypeptide,1.9,X-ray,False,no_TM_span,128,0.0,,,,,,,,,
Q9I5I9,2CFU,SDSA1,1.9,X-ray,False,no_TM_span,627,0.0,,,,,,,,,
O00445,5H4Y,Synaptotagmin-5,1.9,X-ray,False,no_TM_span,129,0.0,,,,,,,,,
P26662,3P8N,HCV non-structural protein 4A,1.9,X-ray,False,no_TM_span,195,0.0,,,,,,,,,
P12259,1CZS,PROTEIN (COAGULATION FACTOR V),1.9,X-ray,False,no_TM_span,160,0.0,,,,,,,,,
M1K561,7W7S,Aquaporin 1,1.9,X-ray,True,,872,4.0,4.0,0.0,False,0.0,-0.0038802462972894,25.662799895000003,28.205895919676767,28.4720588794493,28.58097778896804
M1VAN7,6A6M,"ATP-binding cassette, sub-family B, member 1",1.9,X-ray,True,,1192,2.0,2.0,0.0,False,0.0,-0.0002093562864778,9.75939014,17.016427240253076,17.025283159575388,17.625295358338278
P21742,1WUW,Beta-hordothionin,1.9,X-ray,False,no_TM_span,46,0.0,,,,,,,,,
Q7DGD4,3WU2,Photosystem II reaction center protein J,1.9,X-ray,True,,5315,4.0,32.0,28.0,True,0.059,0.0069848425800786,105.085639155,57.57733935522893,56.60780185162022,57.83580019242316
L0RVU0,5MDR,Chitoporin,1.9,X-ray,True,,1024,3.0,3.0,0.0,False,0.001,-0.0273509711212098,34.67580259500001,31.863440843188613,34.044273376532786,33.22296009892262
P0A077,3LKF,LEUKOCIDIN F SUBUNIT,1.9,X-ray,False,no_TM_span,292,0.0,,,,,,,,,
P50586,1C8Z,TUBBY PROTEIN,1.9,X-ray,False,no_TM_span,265,0.0,,,,,,,,,
P42196,5JJE,Sensory rhodopsin-2,1.9,X-ray,True,,568,2.0,4.0,2.0,True,0.0,-0.0095866920949631,18.61962027,22.975986892381023,23.536119033993494,24.345038938003576
P0A8K1,7CNW,Phosphatidylserine decarboxylase alpha chain,1.9,X-ray,False,no_TM_span,570,0.0,,,,,,,,,
A0A6P3CW41,6K6I,Cyanobacterial chloride importer,1.9,X-ray,True,,657,3.0,3.0,0.0,False,0.0,0.0115442823306607,21.528312005,25.54623654059371,24.82095231113,26.1776136117116
P48546,2QKH,Glucose-dependent insulinotropic polypeptide receptor,1.9,X-ray,False,no_TM_span,128,0.0,,,,,,,,,
P0A387,3WU2,Cytochrome c-550,1.9,X-ray,True,,5315,4.0,32.0,28.0,True,0.059,0.0069848425800786,105.085639155,57.57733935522893,56.60780185162022,57.83580019242316
P0A334,1R3J,Voltage-gated potassium channel,1.9,X-ray,True,,412,4.0,4.0,0.0,False,0.0,0.0862663561482477,8.97077682,17.920974922524206,14.4223870571696,16.898186140986812
P51765,3WU2,Photosystem Q(B) protein,1.9,X-ray,True,,5315,4.0,32.0,28.0,True,0.059,0.0069848425800786,105.085639155,57.57733935522893,56.60780185162022,57.83580019242316
P50336,3NKS,Protoporphyrinogen oxidase,1.9,X-ray,False,no_TM_span,465,0.0,,,,,,,,,
P12312,3WU2,Photosystem II reaction center protein M,1.9,X-ray,True,,5315,4.0,32.0,28.0,True,0.059,0.0069848425800786,105.085639155,57.57733935522893,56.60780185162022,57.83580019242316
P12313,3WU2,Photosystem II reaction center protein T,1.9,X-ray,True,,5315,4.0,32.0,28.0,True,0.059,0.0069848425800786,105.085639155,57.57733935522893,56.60780185162022,57.83580019242316
P11349,1Q16,Respiratory nitrate reductase 1 beta chain,1.9,X-ray,True,,3954,2.0,2.0,0.0,False,0.0,0.0537686116539862,11.500441639999998,20.533107191217997,18.06409981498173,19.132967018974675
P11350,1Q16,Respiratory nitrate reductase 1 gamma chain,1.9,X-ray,True,,3954,2.0,2.0,0.0,False,0.0,0.0537686116539862,11.500441639999998,20.533107191217997,18.06409981498173,19.132967018974675
P11373,3DCN,Cutinase,1.9,X-ray,False,no_TM_span,195,0.0,,,,,,,,,
P11509,1Z10,"cytochrome P450, family 2, subfamily A, polypeptide 6",1.9,X-ray,False,no_TM_span,465,0.0,,,,,,,,,
P31224,4DX5,Acriflavine resistance protein B,1.9,X-ray,True,,3418,3.0,3.0,0.0,False,0.005,-0.0158948754933706,48.00418813,38.038420159184746,39.529610219863045,39.089906190736215
P29033,7QEQ,Gap junction beta-2 protein,1.9,EM,True,,2268,6.0,6.0,0.0,False,0.0,-0.0559674001152704,35.721631784999985,30.78603742219685,35.31539995195773,33.72024399049127
P12240,3WU2,Photosystem II reaction center protein I,1.9,X-ray,True,,5315,4.0,32.0,28.0,True,0.059,0.0069848425800786,105.085639155,57.57733935522893,56.60780185162022,57.83580019242316
P56152,3WU2,Photosystem II 12 kDa extrinsic protein,1.9,X-ray,True,,5315,4.0,32.0,28.0,True,0.059,0.0069848425800786,105.085639155,57.57733935522893,56.60780185162022,57.83580019242316
Q9KQW0,6MLT,Hemolysin-related protein,1.9,X-ray,False,no_TM_span,606,0.0,,,,,,,,,
Q1XA76,2QTS,Acid-sensing ion channel,1.9,X-ray,True,,1255,3.0,3.0,0.0,False,0.003,-0.0036226958776191,3.628828125000001,10.549029703813993,10.642473695411184,10.747520027658886
Q9KN88,4DGH,Sulfate permease family protein,1.9,X-ray,False,no_TM_span,135,0.0,,,,,,,,,
D2Z0P1,5Y5S,LH1 beta polypeptide,1.9,X-ray,True,,2755,3.0,35.0,32.0,True,0.091,0.1163673124488142,15.560669885000006,26.177617064996724,19.96204001752832,22.25559493708917
D0VWR7,3WU2,Photosystem II 44 kDa reaction center protein,1.9,X-ray,True,,5315,4.0,32.0,28.0,True,0.059,0.0069848425800786,105.085639155,57.57733935522893,56.60780185162022,57.83580019242316
D0VWR8,3WU2,Photosystem II D2 protein,1.9,X-ray,True,,5315,4.0,32.0,28.0,True,0.059,0.0069848425800786,105.085639155,57.57733935522893,56.60780185162022,57.83580019242316
P08067,3CX5,"Cytochrome b-c1 complex subunit Rieske, mitochondrial",1.9,X-ray,True,,3907,2.0,10.0,8.0,True,0.0,0.0468877336565403,23.20686938,28.98249983253453,25.92403264429675,27.17899179702937
P07602,4DDJ,Saposin-A,1.9,X-ray,False,no_TM_span,80,0.0,,,,,,,,,
D0VWR5,3WU2,Photosystem II reaction center protein Z,1.9,X-ray,True,,5315,4.0,32.0,28.0,True,0.059,0.0069848425800786,105.085639155,57.57733935522893,56.60780185162022,57.83580019242316
P07143,3CX5,"Cytochrome c1, heme protein, mitochondrial",1.9,X-ray,True,,3907,2.0,10.0,8.0,True,0.0,0.0468877336565403,23.20686938,28.98249983253453,25.92403264429675,27.17899179702937
Q02471,1OQS,Phospholipase A2 RV-4,1.9,X-ray,False,no_TM_span,122,0.0,,,,,,,,,
D0VWR3,3WU2,Photosystem II reaction center protein Ycf12,1.9,X-ray,True,,5315,4.0,32.0,28.0,True,0.059,0.0069848425800786,105.085639155,57.57733935522893,56.60780185162022,57.83580019242316
D0VWR2,3WU2,Photosystem II manganese-stabilizing polypeptide,1.9,X-ray,True,,5315,4.0,32.0,28.0,True,0.059,0.0069848425800786,105.085639155,57.57733935522893,56.60780185162022,57.83580019242316
D2Z0P9,5Y5S,Photosynthetic reaction center H subunit,1.9,X-ray,True,,2755,3.0,35.0,32.0,True,0.091,0.1163673124488142,15.560669885000006,26.177617064996724,19.96204001752832,22.25559493708917
P08525,3CX5,Cytochrome b-c1 complex subunit 8,1.9,X-ray,True,,3907,2.0,10.0,8.0,True,0.0,0.0468877336565403,23.20686938,28.98249983253453,25.92403264429675,27.17899179702937
P09152,1Q16,Respiratory nitrate reductase 1 alpha chain,1.9,X-ray,True,,3954,2.0,2.0,0.0,False,0.0,0.0537686116539862,11.500441639999998,20.533107191217997,18.06409981498173,19.132967018974675
Q9P4F6,4AUP,PHOSPHOLIPASE A2 GROUP XIII,1.9,X-ray,False,no_TM_span,120,0.0,,,,,,,,,
Q9RLV9,1ZWX,sphingomyelinase-c,1.9,X-ray,False,no_TM_span,288,0.0,,,,,,,,,
P00772,1FLE,ELASTASE,1.9,X-ray,False,no_TM_span,287,0.0,,,,,,,,,
P06907,1NEU,MYELIN P0 PROTEIN,1.9,X-ray,False,no_TM_span,115,0.0,,,,,,,,,
X0BTD8,5AJH,CUTINASE,1.9,X-ray,False,no_TM_span,202,0.0,,,,,,,,,
Q9YDF8,1ORS,potassium channel,1.9,X-ray,True,,132,1.0,1.0,0.0,False,0.0,-0.0560641354419702,2.1281548850000007,8.085755272660883,9.193202527267212,8.230508728054593
P18886,2H4T,"Carnitine O-palmitoyltransferase II, mitochondrial",1.9,X-ray,False,no_TM_span,625,0.0,,,,,,,,,
P19052,3WU2,Photosystem II reaction center protein H,1.9,X-ray,True,,5315,4.0,32.0,28.0,True,0.059,0.0069848425800786,105.085639155,57.57733935522893,56.60780185162022,57.83580019242316
O18823,5W7B,Acyloxyacyl hydrolase large subunit,1.9,X-ray,False,no_TM_span,516,0.0,,,,,,,,,
P19054,3WU2,Photosystem II reaction center protein K,1.9,X-ray,True,,5315,4.0,32.0,28.0,True,0.059,0.0069848425800786,105.085639155,57.57733935522893,56.60780185162022,57.83580019242316
Q9WMX2,3FQM,Non-structural protein 5A,1.9,X-ray,False,no_TM_span,159,0.0,,,,,,,,,
D0VWR1,3WU2,Photosystem II CP47 chlorophyll apoprotein,1.9,X-ray,True,,5315,4.0,32.0,28.0,True,0.059,0.0069848425800786,105.085639155,57.57733935522893,56.60780185162022,57.83580019242316
Q8GR64,1KV9,TYPE II QUINOHEMOPROTEIN ALCOHOL DEHYDROGENASE,1.9,X-ray,False,no_TM_span,665,0.0,,,,,,,,,
D0VWR4,3WU2,Photosystem II reaction center protein X,1.9,X-ray,True,,5315,4.0,32.0,28.0,True,0.059,0.0069848425800786,105.085639155,57.57733935522893,56.60780185162022,57.83580019242316
P07257,3CX5,"Cytochrome b-c1 complex subunit 2, mitochondrial",1.9,X-ray,True,,3907,2.0,10.0,8.0,True,0.0,0.0468877336565403,23.20686938,28.98249983253453,25.92403264429675,27.17899179702937
P07256,3CX5,"Cytochrome b-c1 complex subunit 1, mitochondrial",1.9,X-ray,True,,3907,2.0,10.0,8.0,True,0.0,0.0468877336565403,23.20686938,28.98249983253453,25.92403264429675,27.17899179702937
D2Z0P3,5Y5S,Photosynthetic reaction center L subunit,1.9,X-ray,True,,2755,3.0,35.0,32.0,True,0.091,0.1163673124488142,15.560669885000006,26.177617064996724,19.96204001752832,22.25559493708917
P63000,2P2L,Ras-related C3 botulinum toxin substrate 1,1.9,X-ray,False,no_TM_span,176,0.0,,,,,,,,,
D2Z0P2,5Y5S,LH1 alpha polypeptide,1.9,X-ray,True,,2755,3.0,35.0,32.0,True,0.091,0.1163673124488142,15.560669885000006,26.177617064996724,19.96204001752832,22.25559493708917
P59938,6AU7,Potassium channel toxin gamma-KTx 2.2,1.9,X-ray,False,no_TM_span,38,0.0,,,,,,,,,
P61829,4F4S,"ATP synthase subunit 9, mitochondrial",1.9,X-ray,True,,800,10.0,10.0,0.0,False,0.008,-0.0024543825410465,12.351733004999998,19.95799641540855,20.07479632484497,19.82846117830156
P60301,1H0J,CARDIOTOXIN-3,1.9,X-ray,False,no_TM_span,60,0.0,,,,,,,,,
A8ASG6,5Y5S,Photosynthetic reaction center M subunit,1.9,X-ray,True,,2755,3.0,35.0,32.0,True,0.091,0.1163673124488142,15.560669885000006,26.177617064996724,19.96204001752832,22.25559493708917
D2Z0P5,5Y5S,Photosynthetic reaction center cytochrome c subunit,1.9,X-ray,True,,2755,3.0,35.0,32.0,True,0.091,0.1163673124488142,15.560669885000006,26.177617064996724,19.96204001752832,22.25559493708917
P61914,1IAZ,EQUINATOXIN II,1.9,X-ray,False,no_TM_span,175,0.0,,,,,,,,,
P60844,2O9G,Aquaporin Z,1.9,X-ray,True,,936,4.0,4.0,0.0,False,0.0,0.0041315833872792,26.63514514,28.63037125051601,28.341648928584146,29.117400326955952
P59666,1DFN,DEFENSIN HNP-3,1.9,X-ray,False,no_TM_span,30,0.0,,,,,,,,,
P22289,3CX5,Cytochrome b-c1 complex subunit 9,1.9,X-ray,True,,3907,2.0,10.0,8.0,True,0.0,0.0468877336565403,23.20686938,28.98249983253453,25.92403264429675,27.17899179702937
Q6J8I9,2B6O,Lens fiber major intrinsic protein,1.9,EM,True,,940,4.0,4.0,0.0,False,0.0,0.0023947775895295,26.678485915,28.600311573764884,28.43282419725766,29.14108065113494
A1T557,4XU4,Uncharacterized protein,1.901,X-ray,True,,567,3.0,3.0,0.0,False,0.0,0.0330594690718394,18.046746249999995,25.12457445412357,23.222919864500525,23.967598429599175
O27985,4O6M,"AF2299, a CDP-alcohol phosphotransferase",1.901,X-ray,True,,674,2.0,2.0,0.0,False,0.015,-0.0939716197444413,10.003781565,14.710260529472036,18.73479005720117,17.844614233327246
O75923,4CAH,DYSFERLIN,1.901,X-ray,False,no_TM_span,112,0.0,,,,,,,,,
Q5Y4Y6,5B5R,Gasdermin-A3,1.902,X-ray,False,no_TM_span,410,0.0,,,,,,,,,
Q96BM9,2H18,ADP-ribosylation factor-like protein 8A,1.902,X-ray,False,no_TM_span,175,0.0,,,,,,,,,
Q9UBW5,4AVM,BRIDGING INTEGRATOR 2,1.91,X-ray,False,no_TM_span,472,0.0,,,,,,,,,
P04062,6Q6K,Glucosylceramidase,1.92,X-ray,False,no_TM_span,505,0.0,,,,,,,,,
Q6GHN9,6RYO,Lipoprotein signal peptidase,1.924,X-ray,True,,159,1.0,1.0,0.0,False,0.0,0.0871507597798537,2.119575755,9.35964147009572,7.641606677797457,8.213902345000044
Q55438,7N8O,Photosystem II reaction center protein Ycf12,1.93,EM,True,,5550,4.0,34.0,30.0,True,0.056,0.0056294473589879,105.33728123,57.58801204442205,56.80567639564438,57.90500669133132
P10549,7N8O,Photosystem II manganese-stabilizing polypeptide,1.93,EM,True,,5550,4.0,34.0,30.0,True,0.056,0.0056294473589879,105.33728123,57.58801204442205,56.80567639564438,57.90500669133132
P74787,7N8O,Photosystem II reaction center protein T,1.93,EM,True,,5550,4.0,34.0,30.0,True,0.056,0.0056294473589879,105.33728123,57.58801204442205,56.80567639564438,57.90500669133132
P16033,7N8O,Photosystem II protein D1 2,1.93,EM,True,,5550,4.0,34.0,30.0,True,0.056,0.0056294473589879,105.33728123,57.58801204442205,56.80567639564438,57.90500669133132
A6LAN0,3P94,GDSL-like Lipase,1.93,X-ray,False,no_TM_span,212,0.0,,,,,,,,,
E1BF86,8D1N,Bestrophin,1.93,EM,True,,1695,5.0,5.0,0.0,False,0.0,0.033047721889823,23.480627255000005,28.00897519013221,25.840608736590774,27.33882914292977
Q55354,7N8O,Photosystem II reaction center protein L,1.93,EM,True,,5550,4.0,34.0,30.0,True,0.056,0.0056294473589879,105.33728123,57.58801204442205,56.80567639564438,57.90500669133132
Q54697,7N8O,Photosystem II reaction center protein I,1.93,EM,True,,5550,4.0,34.0,30.0,True,0.056,0.0056294473589879,105.33728123,57.58801204442205,56.80567639564438,57.90500669133132
Q55013,7N8O,Cytochrome c-550,1.93,EM,True,,5550,4.0,34.0,30.0,True,0.056,0.0056294473589879,105.33728123,57.58801204442205,56.80567639564438,57.90500669133132
P09193,7N8O,Photosystem II CP43 reaction center protein,1.93,EM,True,,5550,4.0,34.0,30.0,True,0.056,0.0056294473589879,105.33728123,57.58801204442205,56.80567639564438,57.90500669133132
P09190,7N8O,Cytochrome b559 subunit alpha,1.93,EM,True,,5550,4.0,34.0,30.0,True,0.056,0.0056294473589879,105.33728123,57.58801204442205,56.80567639564438,57.90500669133132
P09191,7N8O,Cytochrome b559 subunit beta,1.93,EM,True,,5550,4.0,34.0,30.0,True,0.056,0.0056294473589879,105.33728123,57.58801204442205,56.80567639564438,57.90500669133132
Q9NZM1,6EEL,Myoferlin,1.93,X-ray,False,no_TM_span,129,0.0,,,,,,,,,
P05429,7N8O,Photosystem II CP47 reaction center protein,1.93,EM,True,,5550,4.0,34.0,30.0,True,0.056,0.0056294473589879,105.33728123,57.58801204442205,56.80567639564438,57.90500669133132
P15819,7N8O,Photosystem II reaction center protein K,1.93,EM,True,,5550,4.0,34.0,30.0,True,0.056,0.0056294473589879,105.33728123,57.58801204442205,56.80567639564438,57.90500669133132
P9WN23,2QRW,Hemoglobin-like protein HbO,1.93,X-ray,False,no_TM_span,128,0.0,,,,,,,,,
P72575,7N8O,Photosystem II reaction center X protein,1.93,EM,True,,5550,4.0,34.0,30.0,True,0.056,0.0056294473589879,105.33728123,57.58801204442205,56.80567639564438,57.90500669133132
P73070,7N8O,Photosystem II reaction center protein J,1.93,EM,True,,5550,4.0,34.0,30.0,True,0.056,0.0056294473589879,105.33728123,57.58801204442205,56.80567639564438,57.90500669133132
P09192,7N8O,Photosystem II D2 protein,1.93,EM,True,,5550,4.0,34.0,30.0,True,0.056,0.0056294473589879,105.33728123,57.58801204442205,56.80567639564438,57.90500669133132
P14835,7N8O,Photosystem II reaction center protein H,1.93,EM,True,,5550,4.0,34.0,30.0,True,0.056,0.0056294473589879,105.33728123,57.58801204442205,56.80567639564438,57.90500669133132
Q55332,7N8O,Photosystem II 12 kDa extrinsic protein,1.93,EM,True,,5550,4.0,34.0,30.0,True,0.056,0.0056294473589879,105.33728123,57.58801204442205,56.80567639564438,57.90500669133132
Q934G3,4FQE,Oligogalacturonate-specific porin kdgM,1.93,X-ray,True,,175,1.0,1.0,0.0,False,0.0,-0.0154500871678552,4.759028365,11.722284010802264,12.178663781730904,12.30790712188137
P73048,7N8O,Sll1638 protein,1.93,EM,True,,5550,4.0,34.0,30.0,True,0.056,0.0056294473589879,105.33728123,57.58801204442205,56.80567639564438,57.90500669133132
P72701,7N8O,Photosystem II reaction center protein M,1.93,EM,True,,5550,4.0,34.0,30.0,True,0.056,0.0056294473589879,105.33728123,57.58801204442205,56.80567639564438,57.90500669133132
P73676,7N8O,Photosystem II protein Y,1.93,EM,True,,5550,4.0,34.0,30.0,True,0.056,0.0056294473589879,105.33728123,57.58801204442205,56.80567639564438,57.90500669133132
P73528,7N8O,Photosystem II reaction center protein Z,1.93,EM,True,,5550,4.0,34.0,30.0,True,0.056,0.0056294473589879,105.33728123,57.58801204442205,56.80567639564438,57.90500669133132
Q813T3,7B0P,Hypothetical Membrane Spanning Protein,1.935,X-ray,True,,224,1.0,1.0,0.0,False,0.0,0.0770388910881774,2.137536010000001,9.074580511938564,7.549463912037917,8.248629244043245
P0A940,6QGW,Outer membrane protein assembly factor BamA,1.938,X-ray,True,,486,1.0,1.0,0.0,False,0.0,-0.0223836642733174,9.317721565,16.445163939025793,17.370335667319182,17.22185498384945
Q6IYF9,6RNK,Succinate receptor 1,1.94,X-ray,True,,285,1.0,1.0,0.0,False,0.0,0.0358940810776761,4.92296267,12.603422134945149,11.52504066637318,12.518097647704904
D0CAH3,5FP1,TONB-DEPENDENT SIDEROPHORE RECEPTOR,1.94,X-ray,True,,710,1.0,1.0,0.0,False,0.0,-0.0003835950315411,13.90966955,21.12131798646112,21.140689684247107,21.041828179401712
A0QWG6,4N9W,GDP-mannose-dependent alpha-(1-2)-phosphatidylinositol mannosyltransferase,1.94,X-ray,False,no_TM_span,364,0.0,,,,,,,,,
P55917,7JJP,Gap junction alpha-8 protein,1.94,EM,True,,2352,6.0,6.0,0.0,False,0.0,0.0929408078590128,26.776783100000003,30.7396230469504,24.227509733683416,29.19471661264937
P05695,2O4V,Porin P,1.94,X-ray,True,,1236,3.0,3.0,0.0,False,0.0,-0.0146103795898771,34.709969885000014,32.49659037881975,33.66212431519081,33.23932394549738
P02931,6ZHV,Outer membrane porin F,1.945,X-ray,True,,1025,3.0,3.0,0.0,False,0.003,-0.0037135913246948,34.33707121999999,32.504550785834326,32.79920458055145,33.06029224299584
P63092,7MBX,Guanine nucleotide-binding protein G(s) subunit alpha isoforms short,1.95,EM,True,,1066,1.0,1.0,0.0,False,0.0,0.0220647897973379,5.06951778,12.471804582908362,11.799107684805207,12.703061156896409
P59768,7MBX,Guanine nucleotide-binding protein G(I)/G(S)/G(O) subunit gamma-2,1.95,EM,True,,1066,1.0,1.0,0.0,False,0.0,0.0220647897973379,5.06951778,12.471804582908362,11.799107684805207,12.703061156896409
O34738,5EDL,Putative HMP/thiamine permease protein YkoE,1.95,X-ray,True,,197,1.0,1.0,0.0,False,0.0,0.0588124854188094,3.67388631,11.054398859900456,9.527997673783716,10.814038714505728
P06129,2GUF,Vitamin B12 transporter btuB,1.95,X-ray,True,,551,1.0,1.0,0.0,False,0.0,-0.0115697771076932,14.305923495,21.09443214702029,21.68697429406062,21.339439728932597
P00803,1B12,SIGNAL PEPTIDASE I,1.95,X-ray,False,no_TM_span,239,0.0,,,,,,,,,
Q7L0J3,4V11,SYNAPTIC VESICLE GLYCOPROTEIN 2A,1.95,X-ray,False,no_TM_span,164,0.0,,,,,,,,,
P27359,3HDE,Lysozyme,1.95,X-ray,False,no_TM_span,165,0.0,,,,,,,,,
P0DKR6,5DZ5,Mambalgin-1,1.95,X-ray,False,no_TM_span,57,0.0,,,,,,,,,
P32238,7MBX,Cholecystokinin receptor type A,1.95,EM,True,,1066,1.0,1.0,0.0,False,0.0,0.0220647897973379,5.06951778,12.471804582908362,11.799107684805207,12.703061156896409
O31539,4PGR,Uncharacterized protein YetJ,1.95,X-ray,True,,207,1.0,1.0,0.0,False,0.0,0.0198183115338984,4.89547312,12.171293223751125,11.577547777883918,12.48309854019829
P05177,2HI4,Cytochrome P450 1A2,1.95,X-ray,False,no_TM_span,480,0.0,,,,,,,,,
B4EZY7,5NV9,Putative sodium:solute symporter,1.95,X-ray,True,,482,1.0,1.0,0.0,False,0.0,0.0334176911126728,11.722300845,19.820938380948025,18.271696683782675,19.31663595915216
L8GJB3,7UWP,sterol 14a-demethylase,1.95,X-ray,False,no_TM_span,444,0.0,,,,,,,,,
P06307,7MBX,Cholecystokinin-8,1.95,EM,True,,1066,1.0,1.0,0.0,False,0.0,0.0220647897973379,5.06951778,12.471804582908362,11.799107684805207,12.703061156896409
Q02201,4B2Z,Oxysterol-binding protein homolog 6,1.95,X-ray,False,no_TM_span,400,0.0,,,,,,,,,
O67998,3K8G,30kLP,1.95,X-ray,False,no_TM_span,251,0.0,,,,,,,,,
Q9ERC5,3L9B,Otoferlin,1.95,X-ray,False,no_TM_span,130,0.0,,,,,,,,,
Q9HCE7,3PYC,E3 ubiquitin-protein ligase SMURF1,1.96,X-ray,False,no_TM_span,134,0.0,,,,,,,,,
O43614,5WQC,"Orexin receptor type 2,GlgA glycogen synthase,Orexin receptor type 2",1.96,X-ray,True,,307,1.0,1.0,0.0,False,0.0,0.0381367664630951,5.138793075000002,12.59871147263968,11.428105494124766,12.789560738451115
Q8B0H2,1LG7,VSV matrix protein,1.96,X-ray,False,no_TM_span,164,0.0,,,,,,,,,
P0AC55,2NS1,Nitrogen regulatory protein P-II 2,1.962,X-ray,True,,1551,3.0,3.0,0.0,False,0.0,0.0146464577696913,30.00888340499999,31.152317179732115,30.065906997893943,30.906511063444533
P32946,1GZ7,LIPASE 2,1.97,X-ray,False,no_TM_span,534,0.0,,,,,,,,,
A0A0H2V5A3,6BEA,Autotransporter protein UpaB,1.97,X-ray,False,no_TM_span,439,0.0,,,,,,,,,
G3XD89,6FOK,Putative copper transport outer membrane porin OprC,1.97,X-ray,True,,656,1.0,1.0,0.0,False,0.0,-0.0025873907681254,14.419832089999998,21.174485043892293,21.307523878306583,21.424227200431925
Q8DKP6,7FIX,Photosystem I 4.8K protein,1.97,EM,True,,7140,6.0,27.0,21.0,True,0.003,0.0235760142579299,192.873333215,81.3097742769859,76.87631438565211,78.35399718173603
F6UME2,4V3J,MONOTREME LACTATING PROTEIN,1.97,X-ray,False,no_TM_span,355,0.0,,,,,,,,,
P0ABE5,5OC0,Cytochrome b561,1.97,X-ray,True,,174,1.0,1.0,0.0,False,0.0,0.0019752287227389,2.772754125,9.562844550555551,9.518308738284698,9.394653000214465
O15496,1LE6,Group X Secretory Phospholipase A2,1.97,X-ray,False,no_TM_span,124,0.0,,,,,,,,,
Q8DGB4,7FIX,Photosystem I reaction center subunit XI,1.97,EM,True,,7140,6.0,27.0,21.0,True,0.003,0.0235760142579299,192.873333215,81.3097742769859,76.87631438565211,78.35399718173603
O43586,7AAL,Proline-serine-threonine phosphatase-interacting protein 1,1.97,X-ray,False,no_TM_span,574,0.0,,,,,,,,,
P0A403,7FIX,Photosystem I reaction center subunit XII,1.97,EM,True,,7140,6.0,27.0,21.0,True,0.003,0.0235760142579299,192.873333215,81.3097742769859,76.87631438565211,78.35399718173603
P0A429,7FIX,Photosystem I reaction center subunit IX,1.97,EM,True,,7140,6.0,27.0,21.0,True,0.003,0.0235760142579299,192.873333215,81.3097742769859,76.87631438565211,78.35399718173603
P0A427,7FIX,Photosystem I reaction center subunit VIII,1.97,EM,True,,7140,6.0,27.0,21.0,True,0.003,0.0235760142579299,192.873333215,81.3097742769859,76.87631438565211,78.35399718173603
P0A425,7FIX,Photosystem I reaction center subunit PsaK,1.97,EM,True,,7140,6.0,27.0,21.0,True,0.003,0.0235760142579299,192.873333215,81.3097742769859,76.87631438565211,78.35399718173603
P0A401,7FIX,Photosystem I reaction center subunit III,1.97,EM,True,,7140,6.0,27.0,21.0,True,0.003,0.0235760142579299,192.873333215,81.3097742769859,76.87631438565211,78.35399718173603
P0A407,7FIX,Photosystem I P700 chlorophyll a apoprotein A2,1.97,EM,True,,7140,6.0,27.0,21.0,True,0.003,0.0235760142579299,192.873333215,81.3097742769859,76.87631438565211,78.35399718173603
P0A405,7FIX,Photosystem I P700 chlorophyll a apoprotein A1,1.97,EM,True,,7140,6.0,27.0,21.0,True,0.003,0.0235760142579299,192.873333215,81.3097742769859,76.87631438565211,78.35399718173603
P0A415,7FIX,Photosystem I iron-sulfur center,1.97,EM,True,,7140,6.0,27.0,21.0,True,0.003,0.0235760142579299,192.873333215,81.3097742769859,76.87631438565211,78.35399718173603
P0A423,7FIX,Photosystem I reaction center subunit IV,1.97,EM,True,,7140,6.0,27.0,21.0,True,0.003,0.0235760142579299,192.873333215,81.3097742769859,76.87631438565211,78.35399718173603
Q186B7,3TDS,formate/nitrite transporter,1.975,X-ray,True,,1293,5.0,5.0,0.0,False,0.014,0.007225146988814,36.06606482499999,34.4879979797599,33.9004648350064,33.88242168078156
Q9BZF1,5U78,Oxysterol-binding protein-related protein 8,1.978,X-ray,False,no_TM_span,120,0.0,,,,,,,,,
Q13614,1ZVR,Myotubularin-related protein 2,1.98,X-ray,False,no_TM_span,514,0.0,,,,,,,,,
Q8K424,7MIJ,Transient receptor potential cation channel subfamily V member 3,1.98,EM,True,,2556,4.0,4.0,0.0,False,0.0,0.0398172380230495,45.53752509000001,41.16484346734438,37.52659673098415,38.07235798908365
P09917,7TTK,Arachidonate 5-lipoxygenase,1.98,X-ray,False,no_TM_span,678,0.0,,,,,,,,,
Q1Q357,6EU6,Ammonium transporter,1.98,X-ray,True,,1218,3.0,3.0,0.0,False,0.0,0.0152713065195895,29.330083319999996,30.981316507072208,29.86144254277521,30.55495947199128
Q04IN8,5CR6,Pneumolysin,1.98,X-ray,False,no_TM_span,468,0.0,,,,,,,,,
Q08210,4CQ8,DIHYDROOROTATE DEHYDROGENASE,1.98,X-ray,False,no_TM_span,379,0.0,,,,,,,,,
Q16850,6UEZ,Lanosterol 14-alpha demethylase,1.98,X-ray,False,no_TM_span,446,0.0,,,,,,,,,
P42212,6WVH,"Vitamin K epoxide reductase, termini restrained by green fluorescent protein",1.99,X-ray,True,,380,1.0,1.0,0.0,False,0.0,0.0821448574245727,2.382302295,9.44547268861853,7.728690811546545,8.70810181599201
O00499,2FIC,Myc box-dependent-interacting protein 1,1.99,X-ray,False,no_TM_span,392,0.0,,,,,,,,,
P81605,6SHK,Dermcidin,1.992,X-ray,False,no_TM_span,288,0.0,,,,,,,,,
P0C960,2Y8P,ENDO-TYPE MEMBRANE-BOUND LYTIC MUREIN TRANSGLYCOSYLASE A,1.995,X-ray,False,no_TM_span,190,0.0,,,,,,,,,
Q9Q0L9,6BKL,Matrix protein 2,1.995,X-ray,True,,95,4.0,4.0,0.0,False,0.018,-0.0390040950882449,2.06354167,7.495431265539594,8.254101653969377,8.104601866305398
Q77DJ6,1ES6,MATRIX PROTEIN VP40,2.0,X-ray,False,no_TM_span,260,0.0,,,,,,,,,
O06524,1SR4,cytolethal distending toxin protein C,2.0,X-ray,False,no_TM_span,579,0.0,,,,,,,,,
O06523,1SR4,cytolethal distending toxin protein B,2.0,X-ray,False,no_TM_span,579,0.0,,,,,,,,,
O06522,1SR4,Cytolethal distending toxin subunit A,2.0,X-ray,False,no_TM_span,579,0.0,,,,,,,,,
Q7NP59,6NWD,Gll0198 protein,2.0,X-ray,True,,492,2.0,2.0,0.0,False,0.0,0.0073337413060788,11.676597515,19.0162856817023,18.676957408494378,19.278942984545555
Q7T2I5,6PNW,Erabutoxin c,2.0,X-ray,False,no_TM_span,62,0.0,,,,,,,,,
P01501,2MLT,MELITTIN,2.0,X-ray,False,no_TM_span,26,0.0,,,,,,,,,
P06996,2J1N,OUTER MEMBRANE PROTEIN C,2.0,X-ray,True,,1038,3.0,3.0,0.0,False,0.0,-0.0033536054548879,34.22040314000001,32.493002267544945,32.75864065395766,33.00407948823423
O55012,1HFA,CLATHRIN ASSEMBLY PROTEIN SHORT FORM,2.0,X-ray,False,no_TM_span,263,0.0,,,,,,,,,
P11712,1R9O,Cytochrome P450 2C9,2.0,X-ray,False,no_TM_span,455,0.0,,,,,,,,,
Q9SKR2,7AS6,Synaptotagmin-1,2.0,X-ray,False,no_TM_span,131,0.0,,,,,,,,,
P02973,1OQW,Fimbrial protein,2.0,X-ray,True,,144,1.0,1.0,0.0,False,0.0,0.0001067310473785,0.2591906449999999,1.4995808352886506,1.4988450743324817,2.8723325836304765
P32947,1CLE,CHOLESTEROL ESTERASE,2.0,X-ray,False,no_TM_span,534,0.0,,,,,,,,,
Q62261,1BTN,BETA-SPECTRIN,2.0,X-ray,False,no_TM_span,106,0.0,,,,,,,,,
Q5XX02,3VNE,Membrane-associated protein VP24,2.0,X-ray,False,no_TM_span,220,0.0,,,,,,,,,
Q5ZKX9,6I6H,ER lumen protein-retaining receptor 2,2.0,X-ray,True,,214,1.0,1.0,0.0,False,0.0,0.0229744923574201,5.007558469999998,12.276309936081637,11.580172092063425,12.625194519865332
O66528,6Z70,Aq128,2.0,X-ray,True,,888,2.0,2.0,0.0,False,0.0,0.0316910853145038,26.97853858000001,29.664334999568474,27.435475831655104,29.304497171602872
P07173,1DXR,PHOTOSYNTHETIC REACTION CENTER CYTOCHROME C SUBUNIT,2.0,X-ray,True,,1192,2.0,3.0,1.0,True,0.087,0.1193934304477141,10.284952035000002,20.720701053021887,15.536069825201556,18.093650576007587
O66663,2XCI,3-DEOXY-D-MANNO-2-OCTULOSONIC ACID TRANSFERASE,2.0,X-ray,False,no_TM_span,352,0.0,,,,,,,,,
P79125,5WD6,"Short palate, lung and nasal epithelium carcinoma-associated protein 2B",2.0,X-ray,False,no_TM_span,198,0.0,,,,,,,,,
Q9QZ85,1TPZ,interferon-inducible GTPase,2.0,X-ray,False,no_TM_span,395,0.0,,,,,,,,,
Q9NZK7,5WZM,Group IIE secretory phospholipase A2,2.0,X-ray,False,no_TM_span,124,0.0,,,,,,,,,
Q05776,4XIZ,"Protein UPS1, mitochondrial",2.0,X-ray,False,no_TM_span,240,0.0,,,,,,,,,
Q9KWL8,8B4O,Cytochrome BD ubiquinol oxidase subunit I,2.0,EM,True,,772,1.0,2.0,1.0,True,0.0,0.0161602925337046,7.275944884999999,14.904799274142585,14.3145571187599,15.218426949668231
P12272,3FFD,Parathyroid hormone-related protein,2.0,X-ray,False,too_few_CA,18,,,,,,,,,,
P11797,1H0I,CHITINASE B,2.0,X-ray,False,no_TM_span,501,0.0,,,,,,,,,
P13726,1DAN,SOLUBLE TISSUE FACTOR,2.0,X-ray,False,no_TM_span,599,0.0,,,,,,,,,
Q70626,2X7R,TRANSMEMBRANE PROTEIN GP41,2.0,X-ray,False,no_TM_span,327,0.0,,,,,,,,,
Q7BCK4,3ML3,Outer membrane protein icsA autotransporter,2.0,X-ray,False,no_TM_span,159,0.0,,,,,,,,,
P00630,1POC,PHOSPHOLIPASE A2,2.0,X-ray,False,no_TM_span,135,0.0,,,,,,,,,
Q8U4M3,5MLZ,Dolichol monophosphate mannose synthase,2.0,X-ray,True,,356,1.0,1.0,0.0,False,0.0,-0.0474355185964821,2.834527345,7.9993278404528,9.080712697727202,9.498726633458784
Q5I6B0,3ETW,Adhesin A,2.0,X-ray,False,no_TM_span,109,0.0,,,,,,,,,
Q04LE4,6HE6,Cell division protein FtsX,2.0,X-ray,False,no_TM_span,236,0.0,,,,,,,,,
P33247,2SQC,SQUALENE-HOPENE CYCLASE,2.0,X-ray,False,no_TM_span,1246,0.0,,,,,,,,,
P0DMV3,4X5M,Uncharacterized protein,2.0,X-ray,True,,172,2.0,2.0,0.0,False,0.0,-0.0814812260167248,3.610561235000001,8.968711032003096,11.065145145096732,10.72043532592057
Q6C3K7,8AB6,Cytochrome b-c1 complex subunit 7,2.0,EM,True,,3880,2.0,12.0,10.0,True,0.001,0.0304354304343114,23.538773125,28.596171507380337,26.59673478137084,27.372658245637783
P22830,1HRK,FERROCHELATASE,2.0,X-ray,False,no_TM_span,718,0.0,,,,,,,,,
Q6CG23,8AB6,Complex III subunit 9,2.0,EM,True,,3880,2.0,12.0,10.0,True,0.001,0.0304354304343114,23.538773125,28.596171507380337,26.59673478137084,27.372658245637783
Q6CC60,8AB6,YALI0C12210p,2.0,EM,True,,3880,2.0,12.0,10.0,True,0.001,0.0304354304343114,23.538773125,28.596171507380337,26.59673478137084,27.372658245637783
P0AEY8,4ZP0,Multidrug transporter MdfA,2.0,X-ray,True,,392,1.0,1.0,0.0,False,0.0,-0.0300829829271712,8.390409069999999,15.252042069889136,16.431951766366197,16.34242991757084
D9N164,6O9U,Inward rectifier potassium channel Kirbac3.1,2.0,X-ray,True,,1144,4.0,4.0,0.0,False,0.0,0.0419083581126829,9.79887045,18.413723553125006,16.637388198546915,17.660909766116834
D8QCG9,7S86,Hydrophobin,2.0,X-ray,False,no_TM_span,84,0.0,,,,,,,,,
Q9H3P7,5LZ1,Golgi resident protein GCP60,2.0,X-ray,False,no_TM_span,141,0.0,,,,,,,,,
Q90890,3MTX,Protein MD-1,2.0,X-ray,False,no_TM_span,139,0.0,,,,,,,,,
P10613,5TZ1,Sterol 14-alpha demethylase,2.0,X-ray,False,no_TM_span,484,0.0,,,,,,,,,
Q91DD5,4D9O,Membrane-associated protein VP24,2.0,X-ray,False,no_TM_span,399,0.0,,,,,,,,,
P42512,1XKW,Fe(III)-pyochelin receptor,2.0,X-ray,True,,655,1.0,1.0,0.0,False,0.0,0.0024777049753501,14.128120459999998,21.19508876726337,21.068984990753577,21.2064151039573
O75844,5SYT,CAAX prenyl protease 1 homolog,2.0,X-ray,True,,445,1.0,1.0,0.0,False,0.0,-0.0609231873171768,7.92845072,13.975212072457808,16.298018863961673,15.886170861151513
P08709,1DAN,BLOOD COAGULATION FACTOR VIIA heavy chain,2.0,X-ray,False,no_TM_span,599,0.0,,,,,,,,,
Q9HVD1,2ERV,hypothetical protein Paer03002360,2.0,X-ray,True,,150,1.0,1.0,0.0,False,0.0,-0.0148444880693213,2.4051396850000004,8.01615448897923,8.327879524073317,8.749741364111674
P09525,2ZOC,Annexin A4,2.0,X-ray,False,no_TM_span,323,0.0,,,,,,,,,
P09598,1P6D,PHOSPHOLIPASE C,2.0,X-ray,False,no_TM_span,245,0.0,,,,,,,,,
Q15382,1XTQ,GTP-binding protein Rheb,2.0,X-ray,False,no_TM_span,169,0.0,,,,,,,,,
I0YUS5,6GYH,Family A G protein-coupled receptor-like protein,2.0,X-ray,True,,681,3.0,3.0,0.0,False,0.0,-0.0235859019702052,21.096287225000005,24.59836824218932,26.065238859548824,25.91361955707907
P60933,6CB2,Undecaprenyl-diphosphatase,2.0,X-ray,True,,542,2.0,2.0,0.0,False,0.0,0.0303471191845236,16.131845655,23.266473910572763,21.616048867956863,22.66037500655611
P08684,3NXU,Cytochrome P450 3A4,2.0,X-ray,False,no_TM_span,457,0.0,,,,,,,,,
Q6TBX7,6L8H,"Carotene epsilon-monooxygenase, chloroplastic",2.0,X-ray,False,no_TM_span,476,0.0,,,,,,,,,
P20813,3IBD,Cytochrome P450 2B6,2.0,X-ray,False,no_TM_span,470,0.0,,,,,,,,,
P14138,6IGK,Endothelin-3,2.0,X-ray,True,,333,1.0,1.0,0.0,False,0.0,0.0260265017196944,4.83164284,12.31548819023542,11.540848911354225,12.401450247777989
P15103,8ECY,Glutamine synthetase,2.0,EM,True,,5545,5.0,5.0,0.0,False,0.0,0.0190337443299558,22.59509657000001,26.22738476201236,25.00229576972417,26.81835680556969
Q6C387,8AB6,Cytochrome b-c1 complex subunit 8,2.0,EM,True,,3880,2.0,12.0,10.0,True,0.001,0.0304354304343114,23.538773125,28.596171507380337,26.59673478137084,27.372658245637783
Q6CI02,8AB6,"Cytochrome b-c1 complex subunit Rieske, mitochondrial",2.0,EM,True,,3880,2.0,12.0,10.0,True,0.001,0.0304354304343114,23.538773125,28.596171507380337,26.59673478137084,27.372658245637783
Q6CGP7,8AB6,YALI0A17468p,2.0,EM,True,,3880,2.0,12.0,10.0,True,0.001,0.0304354304343114,23.538773125,28.596171507380337,26.59673478137084,27.372658245637783
Q8WXI4,3FO5,"Thioesterase, adipose associated, isoform BFIT2",2.0,X-ray,False,no_TM_span,239,0.0,,,,,,,,,
A0A0X8GJ44,5JHM,Envelope protein,2.0,X-ray,False,no_TM_span,392,0.0,,,,,,,,,
Q47212,4B4Q,F18 FIMBRIAL ADHESIN AC,2.0,X-ray,False,no_TM_span,144,0.0,,,,,,,,,
P43220,5E94,Glucagon-like peptide 1 receptor,2.0,X-ray,False,no_TM_span,111,0.0,,,,,,,,,
F1NHE9,5KUK,ATP-sensitive inward rectifier potassium channel 12,2.0,X-ray,True,,1368,4.0,4.0,0.0,False,0.0,0.0960495285189079,11.3969032,20.264003725751277,15.873392610413674,19.04664527007231
P0AEG4,1U3A,Thiol: disulfide interchange protein dsbA,2.0,X-ray,False,no_TM_span,187,0.0,,,,,,,,,
A0A109QFA5,7CFF,Hemolysin,2.0,X-ray,True,,312,2.0,2.0,0.0,False,0.0,-0.1480500719563804,3.61825528,10.206665982136778,14.01990941008231,10.731851780381144
O02697,1E7U,PHOSPHATIDYLINOSITOL 3-KINASE CATALYTIC SUBUNIT,2.0,X-ray,False,no_TM_span,872,0.0,,,,,,,,,
P02698,1GOT,GT-GAMMA,2.0,X-ray,False,no_TM_span,752,0.0,,,,,,,,,
P06276,1P0I,Cholinesterase,2.0,X-ray,False,no_TM_span,523,0.0,,,,,,,,,
P06010,1DXR,PHOTOSYNTHETIC REACTION CENTER M SUBUNIT,2.0,X-ray,True,,1192,2.0,3.0,1.0,True,0.087,0.1193934304477141,10.284952035000002,20.720701053021887,15.536069825201556,18.093650576007587
P06009,1DXR,PHOTOSYNTHETIC REACTION CENTER L SUBUNIT,2.0,X-ray,True,,1192,2.0,3.0,1.0,True,0.087,0.1193934304477141,10.284952035000002,20.720701053021887,15.536069825201556,18.093650576007587
P06008,1DXR,PHOTOSYNTHETIC REACTION CENTER H SUBUNIT,2.0,X-ray,True,,1192,2.0,3.0,1.0,True,0.087,0.1193934304477141,10.284952035000002,20.720701053021887,15.536069825201556,18.093650576007587
Q9XG81,2WG7,PUTATIVE PHOSPHOLIPASE A2,2.0,X-ray,False,no_TM_span,122,0.0,,,,,,,,,
P12823,1OK8,MAJOR ENVELOPE PROTEIN E,2.0,X-ray,False,no_TM_span,1140,0.0,,,,,,,,,
P13036,1KMO,Iron(III) dicitrate transport protein fecA,2.0,X-ray,True,,661,1.0,1.0,0.0,False,0.0,-0.0018524272817272,14.268588650000003,21.02768900168538,21.12243655038317,21.311576265459177
P46935,3M7F,E3 ubiquitin-protein ligase NEDD4,2.0,X-ray,False,no_TM_span,240,0.0,,,,,,,,,
Q47453,7PGE,Copper resistance protein B,2.0,X-ray,True,,198,1.0,1.0,0.0,False,0.0,0.0075078508867745,4.554873505000001,12.003822023039875,11.786856811491395,12.041018507410882
P55064,3D9S,Aquaporin-5,2.0,X-ray,True,,979,4.0,4.0,0.0,False,0.004,-0.0003023475552578,26.010211045000005,28.61419682529606,28.63507606617617,28.773785495395504
O88093,3AEH,Hemoglobin-binding protease hbp autotransporter,2.0,X-ray,True,,277,1.0,1.0,0.0,False,0.0,0.0149125806188702,4.56031412,11.757501477890475,11.32629379602669,12.048207619806083
P27958,2O8M,Protease,2.0,X-ray,False,no_TM_span,379,0.0,,,,,,,,,
A0ACD6B968,1XIO,ANABAENA SENSORY RHODOPSIN,2.0,X-ray,True,,217,1.0,1.0,0.0,False,0.0,0.0150233764301443,4.280668680000002,11.333423346518767,10.912542015606949,11.672956610564942
O43464,1LCY,HtrA2 serine protease,2.0,X-ray,False,no_TM_span,296,0.0,,,,,,,,,
P12724,1H1H,EOSINOPHIL CATIONIC PROTEIN,2.0,X-ray,False,no_TM_span,134,0.0,,,,,,,,,
A3FM73,6A0W,Lipase,2.0,X-ray,False,no_TM_span,287,0.0,,,,,,,,,
Q9B6D0,8AB6,Cytochrome b,2.0,EM,True,,3880,2.0,12.0,10.0,True,0.001,0.0304354304343114,23.538773125,28.596171507380337,26.59673478137084,27.372658245637783
P26789,1NKZ,"Light-harvesting protein B-800/850, alpha chain",2.0,X-ray,True,,846,9.0,18.0,9.0,True,0.0,0.0675514685273223,11.671819934999998,21.741316118699334,18.61638542641549,19.274998508605776
P16869,6E4V,FhuE receptor,2.0,X-ray,True,,672,1.0,1.0,0.0,False,0.0,-0.0023444992675774,13.903939200000002,21.150451848578648,21.26882557971195,21.03749344446326
P05979,1Q4G,Prostaglandin G/H synthase 1,2.0,X-ray,False,no_TM_span,1106,0.0,,,,,,,,,
Q9Y6Y9,2E56,Lymphocyte antigen 96,2.0,X-ray,False,no_TM_span,146,0.0,,,,,,,,,
P04695,1GOT,GT-ALPHA/GI-ALPHA CHIMERA,2.0,X-ray,False,no_TM_span,752,0.0,,,,,,,,,
Q9Y3D6,1NZN,Fission protein Fis1p,2.0,X-ray,False,no_TM_span,121,0.0,,,,,,,,,
O14939,6OHO,Phospholipase D2,2.0,X-ray,False,no_TM_span,580,0.0,,,,,,,,,
P26790,1NKZ,"Light-harvesting protein B-800/850, beta chain",2.0,X-ray,True,,846,9.0,18.0,9.0,True,0.0,0.0675514685273223,11.671819934999998,21.741316118699334,18.61638542641549,19.274998508605776
P24530,6IGK,"Endothelin receptor type B,Endolysin,Endothelin receptor type B",2.0,X-ray,True,,333,1.0,1.0,0.0,False,0.0,0.0260265017196944,4.83164284,12.31548819023542,11.540848911354225,12.401450247777989
Q6C2E3,8AB6,"Cytochrome b-c1 complex subunit 2, mitochondrial",2.0,EM,True,,3880,2.0,12.0,10.0,True,0.001,0.0304354304343114,23.538773125,28.596171507380337,26.59673478137084,27.372658245637783
Q6C0H4,8AB6,YALI0F24673p,2.0,EM,True,,3880,2.0,12.0,10.0,True,0.001,0.0304354304343114,23.538773125,28.596171507380337,26.59673478137084,27.372658245637783
P00282,1XB8,Azurin,2.0,X-ray,False,no_TM_span,127,0.0,,,,,,,,,
Q9GQW3,1OMY,Alpha-neurotoxin TX12,2.0,X-ray,False,no_TM_span,64,0.0,,,,,,,,,
Q8UJW4,3LLQ,Aquaporin Z 2,2.01,X-ray,True,,922,4.0,4.0,0.0,False,0.011,0.0114555176702554,26.64300572500001,28.95555530673348,28.15490544317054,29.12169658505293
P16233,1GPL,RP2 LIPASE,2.01,X-ray,False,no_TM_span,433,0.0,,,,,,,,,
O14791,7LF7,Apolipoprotein L1,2.026,X-ray,False,no_TM_span,78,0.0,,,,,,,,,
D6QLY1,6RCK,OmpK36,2.029,X-ray,True,,1038,3.0,3.0,0.0,False,0.004,-0.0110830586619777,34.470322425000006,32.27562975799091,33.15671638602074,33.12437834559363
Q08826,1OCS,SORTING NEXIN GRD19,2.03,X-ray,False,no_TM_span,132,0.0,,,,,,,,,
Q51227,1K24,outer membrane protein,2.03,X-ray,True,,249,1.0,1.0,0.0,False,0.0,0.0023135426731694,3.2674758750000006,9.631057340744324,9.57443080224,10.198381606311523
G4NAP4,5FNO,MANGANESE LIPOXYGENASE,2.038,X-ray,False,no_TM_span,568,0.0,,,,,,,,,
P35354,5F19,Prostaglandin G/H synthase 2,2.04,X-ray,False,no_TM_span,1113,0.0,,,,,,,,,
P0C029,7F4V,Photosystem I reaction center subunit Z,2.04,EM,True,,6435,6.0,21.0,15.0,True,0.031,0.0218839914649562,188.23577292,80.35042434293085,76.28492474075291,77.40627071102384
Q7NHY3,7F4V,Photosystem I reaction center subunit XII,2.04,EM,True,,6435,6.0,21.0,15.0,True,0.031,0.0218839914649562,188.23577292,80.35042434293085,76.28492474075291,77.40627071102384
Q7NIE7,7F4V,Photosystem I reaction center subunit XI,2.04,EM,True,,6435,6.0,21.0,15.0,True,0.031,0.0218839914649562,188.23577292,80.35042434293085,76.28492474075291,77.40627071102384
Q7NF26,7F4V,Photosystem I reaction center subunit II,2.04,EM,True,,6435,6.0,21.0,15.0,True,0.031,0.0218839914649562,188.23577292,80.35042434293085,76.28492474075291,77.40627071102384
Q7Z1V1,4C0C,STEROL 14-ALPHA DEMETHYLASE,2.04,X-ray,False,no_TM_span,447,0.0,,,,,,,,,
Q7NFT5,7F4V,Photosystem I P700 chlorophyll a apoprotein A2,2.04,EM,True,,6435,6.0,21.0,15.0,True,0.031,0.0218839914649562,188.23577292,80.35042434293085,76.28492474075291,77.40627071102384
Q7NFT6,7F4V,Photosystem I P700 chlorophyll a apoprotein A1,2.04,EM,True,,6435,6.0,21.0,15.0,True,0.031,0.0218839914649562,188.23577292,80.35042434293085,76.28492474075291,77.40627071102384
P08842,8EG3,Steryl-sulfatase,2.04,X-ray,True,,555,1.0,1.0,0.0,False,0.0,0.1083631466134503,0.6554168499999998,4.873900365255813,3.686009031359831,4.567555833555169
Q7NFW6,7F4V,Photosystem I reaction center subunit IV,2.04,EM,True,,6435,6.0,21.0,15.0,True,0.031,0.0218839914649562,188.23577292,80.35042434293085,76.28492474075291,77.40627071102384
Q7NH05,7F4V,Photosystem I reaction center subunit III,2.04,EM,True,,6435,6.0,21.0,15.0,True,0.031,0.0218839914649562,188.23577292,80.35042434293085,76.28492474075291,77.40627071102384
Q7NG86,7F4V,Photosystem I iron-sulfur center,2.04,EM,True,,6435,6.0,21.0,15.0,True,0.031,0.0218839914649562,188.23577292,80.35042434293085,76.28492474075291,77.40627071102384
Q8ZRZ3,7A0W,Na(+)/H(+) antiporter NhaA,2.04,X-ray,True,,746,2.0,2.0,0.0,False,0.008,0.0026694565373615,26.085606555,28.721018373291848,28.53640649988089,28.81545844430936
A6ZSR0,4WMZ,Lanosterol 14-alpha demethylase,2.05,X-ray,True,,527,1.0,1.0,0.0,False,0.0,0.1980070955649,0.237162395,4.961342081034193,3.65565239800176,2.7475650121430286
Q8II36,3C02,Aquaglyceroporin,2.05,X-ray,True,,968,4.0,4.0,0.0,False,0.0,0.0020433755794177,27.699773305000008,30.164718923004514,30.0190983916045,29.69362168552593
P40855,2WL8,PEROXISOMAL BIOGENESIS FACTOR 19,2.05,X-ray,False,no_TM_span,110,0.0,,,,,,,,,
P31818,3IK5,Protein Nef,2.05,X-ray,False,no_TM_span,135,0.0,,,,,,,,,
P07254,1NH6,chitinase A,2.05,X-ray,False,no_TM_span,540,0.0,,,,,,,,,
P20963,3IK5,T-cell surface glycoprotein CD3 zeta chain,2.05,X-ray,False,no_TM_span,135,0.0,,,,,,,,,
K9WT99,5O0T,Putative ferric reductase,2.05,X-ray,True,,206,1.0,1.0,0.0,False,0.0,-0.0781054356391523,4.678773945,10.337426060182109,12.62504453784289,12.203687975004256
A1L314,6SB1,Macrophage-expressed gene 1 protein,2.05,X-ray,False,no_TM_span,196,0.0,,,,,,,,,
O82080,1F56,PLANTACYANIN,2.05,X-ray,False,no_TM_span,91,0.0,,,,,,,,,
Q41372,3CN5,Aquaporin,2.05,X-ray,True,,948,4.0,4.0,0.0,False,0.0,-0.016480530316607,26.655159214999998,28.00418236941813,29.15630346394577,29.12833791334045
Q66GT5,3RGQ,Protein-tyrosine phosphatase mitochondrial 1,2.05,X-ray,False,no_TM_span,156,0.0,,,,,,,,,
O67182,6M96,Transport permease protein,2.05,X-ray,True,,1064,2.0,2.0,0.0,False,0.0,0.0670466557896166,15.894445815000006,23.906313377028148,20.286917218988204,22.493019446768542
A1L3X0,6Y7F,Elongation of very long chain fatty acids protein 7,2.052,X-ray,True,,257,1.0,1.0,0.0,False,0.0,-0.0267773509249153,5.80937123,12.136006079410128,13.00991964396574,13.598456879442931
P26459,7OY2,Cytochrome bd-II ubiquinol oxidase subunit 1,2.06,EM,True,,858,2.0,3.0,1.0,True,0.094,0.0391278719170549,17.076473780000004,24.313137270148165,22.12375482579873,23.31439560729012
P24244,7OY2,Putative cytochrome bd-II ubiquinol oxidase subunit AppX,2.06,EM,True,,858,2.0,3.0,1.0,True,0.094,0.0391278719170549,17.076473780000004,24.313137270148165,22.12375482579873,23.31439560729012
P26458,7OY2,Cytochrome bd-II ubiquinol oxidase subunit 2,2.06,EM,True,,858,2.0,3.0,1.0,True,0.094,0.0391278719170549,17.076473780000004,24.313137270148165,22.12375482579873,23.31439560729012
A0A0R5TVW3,6MJH,Matrix protein 2,2.06,X-ray,True,,204,8.0,8.0,0.0,False,0.02,-0.0517740184540005,6.182124799999998,13.4748535170012,15.217932488307204,14.027941550569668
B7T1P0,2XU0,ERYTHROCYTE MEMBRANE PROTEIN 1,2.06,X-ray,False,no_TM_span,448,0.0,,,,,,,,,
Q13613,5C16,Myotubularin-related protein 1,2.07,X-ray,False,no_TM_span,487,0.0,,,,,,,,,
P42866,5C1M,Mu-type opioid receptor,2.07,X-ray,True,,418,1.0,1.0,0.0,False,0.0,0.0427094857350586,4.74050892,12.763653049086614,11.50451562699948,12.283936074314472
P02647,7KJR,Apolipoprotein A-I,2.08,EM,True,,448,2.0,2.0,0.0,False,0.0,-0.0246750452231322,3.90733856,9.893320575991588,10.553762728665587,11.152329318645217
P0DTC3,7KJR,ORF3a protein,2.08,EM,True,,448,2.0,2.0,0.0,False,0.0,-0.0246750452231322,3.90733856,9.893320575991588,10.553762728665587,11.152329318645217
P03485,1AA7,INFLUENZA VIRUS MATRIX PROTEIN,2.08,X-ray,False,no_TM_span,315,0.0,,,,,,,,,
F1RE08,3B98,Prostaglandin I2 synthase,2.08,X-ray,False,no_TM_span,446,0.0,,,,,,,,,
P92558,8BPX,NADH-ubiquinone oxidoreductase chain 1,2.09,EM,True,,12191,1.0,32.0,31.0,True,0.0,0.0023582260887214,34.136401245,32.0381925520858,31.851627363145237,32.963546524942004
P93313,8BPX,NADH-ubiquinone oxidoreductase chain 4,2.09,EM,True,,12191,1.0,32.0,31.0,True,0.0,0.0023582260887214,34.136401245,32.0381925520858,31.851627363145237,32.963546524942004
A2RMJ9,4DVE,Biotin transporter BioY,2.09,X-ray,True,,190,1.0,1.0,0.0,False,0.0,0.0593092470296979,4.196841815,11.140945730168646,9.495740748255391,11.558097769373743
Q9SK66,8BPX,"NADH dehydrogenase [ubiquinone] 1 alpha subcomplex subunit 9, mitochondrial",2.09,EM,True,,12191,1.0,32.0,31.0,True,0.0,0.0023582260887214,34.136401245,32.0381925520858,31.851627363145237,32.963546524942004
Q8RWA7,8BPX,NADH dehydrogenase [ubiquinone] 1 alpha subcomplex subunit 13-A,2.09,EM,True,,12191,1.0,32.0,31.0,True,0.0,0.0023582260887214,34.136401245,32.0381925520858,31.851627363145237,32.963546524942004
O05000,8BPX,NADH-ubiquinone oxidoreductase chain 2,2.09,EM,True,,12191,1.0,32.0,31.0,True,0.0,0.0023582260887214,34.136401245,32.0381925520858,31.851627363145237,32.963546524942004
Q9LHI0,8BPX,NADH dehydrogenase [ubiquinone] 1 alpha subcomplex subunit 6,2.09,EM,True,,12191,1.0,32.0,31.0,True,0.0,0.0023582260887214,34.136401245,32.0381925520858,31.851627363145237,32.963546524942004
Q04614,8BPX,NADH-ubiquinone oxidoreductase chain 4L,2.09,EM,True,,12191,1.0,32.0,31.0,True,0.0,0.0023582260887214,34.136401245,32.0381925520858,31.851627363145237,32.963546524942004
Q9LXJ2,8BPX,"Cytochrome b-c1 complex subunit 9, mitochondrial",2.09,EM,True,,12191,1.0,32.0,31.0,True,0.0,0.0023582260887214,34.136401245,32.0381925520858,31.851627363145237,32.963546524942004
Q9LZI6,8BPX,NADH dehydrogenase [ubiquinone] iron-sulfur protein 5-B,2.09,EM,True,,12191,1.0,32.0,31.0,True,0.0,0.0023582260887214,34.136401245,32.0381925520858,31.851627363145237,32.963546524942004
Q9M9M9,8BPX,Probable NADH dehydrogenase [ubiquinone] 1 alpha subcomplex subunit 12,2.09,EM,True,,12191,1.0,32.0,31.0,True,0.0,0.0023582260887214,34.136401245,32.0381925520858,31.851627363145237,32.963546524942004
Q9M9M6,8BPX,"NADH dehydrogenase [ubiquinone] iron-sulfur protein 6, mitochondrial",2.09,EM,True,,12191,1.0,32.0,31.0,True,0.0,0.0023582260887214,34.136401245,32.0381925520858,31.851627363145237,32.963546524942004
Q94C12,8BPX,NADH dehydrogenase [ubiquinone] 1 beta subcomplex subunit 10-B,2.09,EM,True,,12191,1.0,32.0,31.0,True,0.0,0.0023582260887214,34.136401245,32.0381925520858,31.851627363145237,32.963546524942004
Q9FKS5,8BPX,"Cytochrome c1 2, heme protein, mitochondrial",2.09,EM,True,,12191,1.0,32.0,31.0,True,0.0,0.0023582260887214,34.136401245,32.0381925520858,31.851627363145237,32.963546524942004
Q9SIQ8,8BPX,AT2G31490 protein,2.09,EM,True,,12191,1.0,32.0,31.0,True,0.0,0.0023582260887214,34.136401245,32.0381925520858,31.851627363145237,32.963546524942004
Q9SKC9,8BPX,NADH dehydrogenase [ubiquinone] 1 beta subcomplex subunit 7,2.09,EM,True,,12191,1.0,32.0,31.0,True,0.0,0.0023582260887214,34.136401245,32.0381925520858,31.851627363145237,32.963546524942004
Q9SMN1,8BPX,"Gamma carbonic anhydrase-like 2, mitochondrial",2.09,EM,True,,12191,1.0,32.0,31.0,True,0.0,0.0023582260887214,34.136401245,32.0381925520858,31.851627363145237,32.963546524942004
Q9SG91,8BPX,"Cytochrome b-c1 complex subunit 8-1, mitochondrial",2.09,EM,True,,12191,1.0,32.0,31.0,True,0.0,0.0023582260887214,34.136401245,32.0381925520858,31.851627363145237,32.963546524942004
P42792,8BPX,Cytochrome b,2.09,EM,True,,12191,1.0,32.0,31.0,True,0.0,0.0023582260887214,34.136401245,32.0381925520858,31.851627363145237,32.963546524942004
Q8VZ65,8BPX,Uncharacterized protein At1g67785,2.09,EM,True,,12191,1.0,32.0,31.0,True,0.0,0.0023582260887214,34.136401245,32.0381925520858,31.851627363145237,32.963546524942004
Q9FLX7,8BPX,"Probable NADH dehydrogenase [ubiquinone] 1 alpha subcomplex subunit 5, mitochondrial",2.09,EM,True,,12191,1.0,32.0,31.0,True,0.0,0.0023582260887214,34.136401245,32.0381925520858,31.851627363145237,32.963546524942004
Q9FJW4,8BPX,"NADH dehydrogenase [ubiquinone] iron-sulfur protein 4, mitochondrial",2.09,EM,True,,12191,1.0,32.0,31.0,True,0.0,0.0023582260887214,34.136401245,32.0381925520858,31.851627363145237,32.963546524942004
Q94K78,8BPX,"Cytochrome b-c1 complex subunit 10, mitochondrial",2.09,EM,True,,12191,1.0,32.0,31.0,True,0.0,0.0023582260887214,34.136401245,32.0381925520858,31.851627363145237,32.963546524942004
Q95748,8BPX,NADH dehydrogenase [ubiquinone] iron-sulfur protein 3,2.09,EM,True,,12191,1.0,32.0,31.0,True,0.0,0.0023582260887214,34.136401245,32.0381925520858,31.851627363145237,32.963546524942004
Q945M1,8BPX,NADH dehydrogenase [ubiquinone] 1 beta subcomplex subunit 9,2.09,EM,True,,12191,1.0,32.0,31.0,True,0.0,0.0023582260887214,34.136401245,32.0381925520858,31.851627363145237,32.963546524942004
Q8VZT9,8BPX,Transmembrane protein,2.09,EM,True,,12191,1.0,32.0,31.0,True,0.0,0.0023582260887214,34.136401245,32.0381925520858,31.851627363145237,32.963546524942004
P29388,8BPX,NADH-ubiquinone oxidoreductase chain 5,2.09,EM,True,,12191,1.0,32.0,31.0,True,0.0,0.0023582260887214,34.136401245,32.0381925520858,31.851627363145237,32.963546524942004
Q8LDK3,8BPX,NADH dehydrogenase [ubiquinone] 1 beta subcomplex subunit 2,2.09,EM,True,,12191,1.0,32.0,31.0,True,0.0,0.0023582260887214,34.136401245,32.0381925520858,31.851627363145237,32.963546524942004
Q94JS0,8BPX,"Cytochrome b-c1 complex subunit Rieske-1, mitochondrial",2.09,EM,True,,12191,1.0,32.0,31.0,True,0.0,0.0023582260887214,34.136401245,32.0381925520858,31.851627363145237,32.963546524942004
Q9FNN5,8BPX,"NADH dehydrogenase [ubiquinone] flavoprotein 1, mitochondrial",2.09,EM,True,,12191,1.0,32.0,31.0,True,0.0,0.0023582260887214,34.136401245,32.0381925520858,31.851627363145237,32.963546524942004
P60497,8BPX,NADH-ubiquinone oxidoreductase chain 6,2.09,EM,True,,12191,1.0,32.0,31.0,True,0.0,0.0023582260887214,34.136401245,32.0381925520858,31.851627363145237,32.963546524942004
Q0WWE3,8BPX,"Cytochrome b-c1 complex subunit 6-1, mitochondrial",2.09,EM,True,,12191,1.0,32.0,31.0,True,0.0,0.0023582260887214,34.136401245,32.0381925520858,31.851627363145237,32.963546524942004
O22769,8BPX,"NADH dehydrogenase [ubiquinone] flavoprotein 2, mitochondrial",2.09,EM,True,,12191,1.0,32.0,31.0,True,0.0,0.0023582260887214,34.136401245,32.0381925520858,31.851627363145237,32.963546524942004
O48528,8BPX,"Outer envelope pore protein 16-3, chloroplastic/mitochondrial",2.09,EM,True,,12191,1.0,32.0,31.0,True,0.0,0.0023582260887214,34.136401245,32.0381925520858,31.851627363145237,32.963546524942004
O64725,8BPX,NADH dehydrogenase [ubiquinone] 1 beta subcomplex subunit 3-A,2.09,EM,True,,12191,1.0,32.0,31.0,True,0.0,0.0023582260887214,34.136401245,32.0381925520858,31.851627363145237,32.963546524942004
P08226,1YA9,Apolipoprotein E,2.09,X-ray,False,no_TM_span,168,0.0,,,,,,,,,
Q9FIJ2,8BPX,NADH dehydrogenase [ubiquinone] 1 alpha subcomplex subunit 2,2.09,EM,True,,12191,1.0,32.0,31.0,True,0.0,0.0023582260887214,34.136401245,32.0381925520858,31.851627363145237,32.963546524942004
Q9FGK0,8BPX,"NADH dehydrogenase [ubiquinone] 1 beta subcomplex subunit 8, mitochondrial",2.09,EM,True,,12191,1.0,32.0,31.0,True,0.0,0.0023582260887214,34.136401245,32.0381925520858,31.851627363145237,32.963546524942004
Q42290,8BPX,"Probable mitochondrial-processing peptidase subunit beta, mitochondrial",2.09,EM,True,,12191,1.0,32.0,31.0,True,0.0,0.0023582260887214,34.136401245,32.0381925520858,31.851627363145237,32.963546524942004
P53665,8BPX,"Acyl carrier protein 1, mitochondrial",2.09,EM,True,,12191,1.0,32.0,31.0,True,0.0,0.0023582260887214,34.136401245,32.0381925520858,31.851627363145237,32.963546524942004
Q9C9Z5,8BPX,NADH dehydrogenase [ubiquinone] 1 alpha subcomplex subunit 1,2.09,EM,True,,12191,1.0,32.0,31.0,True,0.0,0.0023582260887214,34.136401245,32.0381925520858,31.851627363145237,32.963546524942004
Q9C6B3,8BPX,"Gamma carbonic anhydrase 2, mitochondrial",2.09,EM,True,,12191,1.0,32.0,31.0,True,0.0,0.0023582260887214,34.136401245,32.0381925520858,31.851627363145237,32.963546524942004
Q28175,4ZHK,Retinoid isomerohydrolase,2.09,X-ray,False,no_TM_span,1027,0.0,,,,,,,,,
Q9FWR5,8BPX,"Gamma carbonic anhydrase 1, mitochondrial",2.09,EM,True,,12191,1.0,32.0,31.0,True,0.0,0.0023582260887214,34.136401245,32.0381925520858,31.851627363145237,32.963546524942004
Q9FGI6,8BPX,"NADH dehydrogenase [ubiquinone] iron-sulfur protein 1, mitochondrial",2.09,EM,True,,12191,1.0,32.0,31.0,True,0.0,0.0023582260887214,34.136401245,32.0381925520858,31.851627363145237,32.963546524942004
Q67A25,2VQ5,S-NORCOCLAURINE SYNTHASE,2.09,X-ray,False,no_TM_span,664,0.0,,,,,,,,,
Q9ZUX4,8BPX,"Uncharacterized protein At2g27730, mitochondrial",2.09,EM,True,,12191,1.0,32.0,31.0,True,0.0,0.0023582260887214,34.136401245,32.0381925520858,31.851627363145237,32.963546524942004
F4JWS8,8BPX,"Cytochrome b-c1 complex subunit 7-2, mitochondrial",2.09,EM,True,,12191,1.0,32.0,31.0,True,0.0,0.0023582260887214,34.136401245,32.0381925520858,31.851627363145237,32.963546524942004
Q9ZU25,8BPX,"Probable mitochondrial-processing peptidase subunit alpha-1, mitochondrial",2.09,EM,True,,12191,1.0,32.0,31.0,True,0.0,0.0023582260887214,34.136401245,32.0381925520858,31.851627363145237,32.963546524942004
P92533,8BPX,NADH-ubiquinone oxidoreductase chain 3,2.09,EM,True,,12191,1.0,32.0,31.0,True,0.0,0.0023582260887214,34.136401245,32.0381925520858,31.851627363145237,32.963546524942004
O80800,8BPX,"Acyl carrier protein 2, mitochondrial",2.09,EM,True,,12191,1.0,32.0,31.0,True,0.0,0.0023582260887214,34.136401245,32.0381925520858,31.851627363145237,32.963546524942004
Q42599,8BPX,"NADH dehydrogenase [ubiquinone] iron-sulfur protein 8-A, mitochondrial",2.09,EM,True,,12191,1.0,32.0,31.0,True,0.0,0.0023582260887214,34.136401245,32.0381925520858,31.851627363145237,32.963546524942004
Q42577,8BPX,"NADH dehydrogenase [ubiquinone] iron-sulfur protein 7, mitochondrial",2.09,EM,True,,12191,1.0,32.0,31.0,True,0.0,0.0023582260887214,34.136401245,32.0381925520858,31.851627363145237,32.963546524942004
P15538,6M7X,"Cytochrome P450 11B1, mitochondrial",2.095,X-ray,False,no_TM_span,463,0.0,,,,,,,,,
Q8U2X0,3W4T,Putative uncharacterized protein,2.096,X-ray,True,,446,1.0,1.0,0.0,False,0.0,0.0478270348509605,10.540978024999998,18.35844916707133,16.25588036557518,18.31747121030517
P27395,3P54,envelope glycoprotein,2.097,X-ray,False,no_TM_span,404,0.0,,,,,,,,,
Q9KDT3,4US3,TRANSPORTER,2.098,X-ray,True,,443,1.0,1.0,0.0,False,0.0,0.0672170509012552,9.675809175,19.125268674699782,16.29414131407998,17.549660159759014
Q7XJJ7,6DHV,Fatty acid amide hydrolase,2.099,X-ray,False,no_TM_span,1191,0.0,,,,,,,,,
Q01524,1ZMQ,Defensin 6,2.1,X-ray,False,no_TM_span,32,0.0,,,,,,,,,
P05108,3N9Y,Cholesterol side-chain cleavage enzyme,2.1,X-ray,False,no_TM_span,539,0.0,,,,,,,,,
Q9UBD6,3HD6,Ammonium transporter Rh type C,2.1,X-ray,True,,1209,3.0,3.0,0.0,False,0.0,0.0043734174819225,32.63366755,31.384966064055305,31.046675266100493,32.22982935666921
A0A081GU02,6GIE,33-36 kDa outer membrane protein,2.1,X-ray,True,,218,1.0,1.0,0.0,False,0.0,-0.0112647775773348,5.399086829999999,12.801224705247687,13.155645408008388,13.109472584180123
Q3J145,7PBW,Light-harvesting protein B-800/850 beta chain,2.1,EM,True,,882,18.0,18.0,0.0,False,0.02,0.0196518862260101,34.98769858,33.45447826613862,31.88050179949263,33.372039723146344
W3VKA4,3GUU,Lipase A,2.1,X-ray,False,no_TM_span,431,0.0,,,,,,,,,
P43457,2BL2,V-TYPE SODIUM ATP SYNTHASE SUBUNIT K,2.1,X-ray,True,,1582,10.0,10.0,0.0,False,0.003,0.0201939390692438,38.13527072999999,35.38558662565803,33.69701003638635,34.84082904532316
P51648,4QGK,Fatty aldehyde dehydrogenase,2.1,X-ray,False,no_TM_span,923,0.0,,,,,,,,,
Q3J144,7PBW,Light-harvesting protein B-800/850 alpha chain,2.1,EM,True,,882,18.0,18.0,0.0,False,0.02,0.0196518862260101,34.98769858,33.45447826613862,31.88050179949263,33.372039723146344
P0A921,1QD6,OUTER MEMBRANE PHOSPHOLIPASE (OMPLA),2.1,X-ray,True,,507,2.0,2.0,0.0,False,0.002,0.0260249271427844,12.950733965,21.7212439807571,20.453086993779618,20.30356287550464
P48449,1W6K,LANOSTEROL SYNTHASE,2.1,X-ray,False,no_TM_span,725,0.0,,,,,,,,,
P00157,1PP9,Cytochrome b,2.1,X-ray,True,,4025,2.0,10.0,8.0,True,0.007,0.0356179924731266,23.311166045000004,28.608591969000223,26.28003031108505,27.239997449697743
Q68T42,6HLN,Genome polyprotein,2.1,X-ray,False,no_TM_span,173,0.0,,,,,,,,,
P00125,1PP9,"Cytochrome c1, heme protein, mitochondrial",2.1,X-ray,True,,4025,2.0,10.0,8.0,True,0.007,0.0356179924731266,23.311166045000004,28.608591969000223,26.28003031108505,27.239997449697743
Q9DF33,1M8T,Phospholipase a2,2.1,X-ray,False,no_TM_span,120,0.0,,,,,,,,,
P54818,3ZR5,GALACTOCEREBROSIDASE,2.1,X-ray,False,no_TM_span,646,0.0,,,,,,,,,
P0AER0,1LDF,Glycerol uptake facilitator protein,2.1,X-ray,True,,1016,4.0,4.0,0.0,False,0.0,0.0210330125854271,27.48499350000001,30.66231585004665,29.16922715790838,29.578277760456626
P0AEX9,3OAI,"Maltose-binding periplasmic protein, Myelin protein P0",2.1,X-ray,False,no_TM_span,121,0.0,,,,,,,,,
P10109,3N9Y,Adrenodoxin,2.1,X-ray,False,no_TM_span,539,0.0,,,,,,,,,
P00126,1PP9,Ubiquinol-cytochrome C reductase complex 11 kDa protein,2.1,X-ray,True,,4025,2.0,10.0,8.0,True,0.007,0.0356179924731266,23.311166045000004,28.608591969000223,26.28003031108505,27.239997449697743
P00129,1PP9,Ubiquinol-cytochrome C reductase complex 14 kDa protein,2.1,X-ray,True,,4025,2.0,10.0,8.0,True,0.007,0.0356179924731266,23.311166045000004,28.608591969000223,26.28003031108505,27.239997449697743
P00130,1PP9,Ubiquinol-cytochrome C reductase complex 7.2 kDa protein,2.1,X-ray,True,,4025,2.0,10.0,8.0,True,0.007,0.0356179924731266,23.311166045000004,28.608591969000223,26.28003031108505,27.239997449697743
Q8WWV3,2VN8,RETICULON-4-INTERACTING PROTEIN 1,2.1,X-ray,False,no_TM_span,358,0.0,,,,,,,,,
P32248,6QZH,"C-C chemokine receptor type 7,Sialidase A,C-C chemokine receptor type 7",2.1,X-ray,True,,750,1.0,1.0,0.0,False,0.0,0.0112488098369947,4.845177085,12.049809313573125,11.714536987388522,12.418807376180132
Q6DD88,6XJO,Atlastin-3,2.1,X-ray,False,no_TM_span,622,0.0,,,,,,,,,
H6LFT2,4BEM,F1FO ATPASE C2 SUBUNIT,2.1,X-ray,True,,920,1.0,10.0,9.0,True,0.0,-0.0206518320923523,1.372175295,5.85445453661424,6.182021193769177,6.608910363862256
P31800,1PP9,"Ubiquinol-cytochrome C reductase complex core protein I, mitochondrial",2.1,X-ray,True,,4025,2.0,10.0,8.0,True,0.007,0.0356179924731266,23.311166045000004,28.608591969000223,26.28003031108505,27.239997449697743
P00179,1NR6,CYTOCHROME P450 2C5,2.1,X-ray,False,no_TM_span,462,0.0,,,,,,,,,
Q659I5,5LDV,MOMP porin,2.1,X-ray,True,,1227,3.0,3.0,0.0,False,0.0,-0.0007207417296716,45.471895540000006,37.700351662308144,37.76616099731122,38.04491279251225
P29563,2EI4,Archaerhodopsin-2,2.1,X-ray,True,,714,3.0,3.0,0.0,False,0.0,-0.00628193665154,19.25690693,24.41729439527098,24.79056442698484,24.758157954783613
P0DF97,4HSC,Streptolysin O,2.1,X-ray,False,no_TM_span,469,0.0,,,,,,,,,
P23004,1PP9,"Ubiquinol-cytochrome C reductase complex core protein 2, mitochondrial",2.1,X-ray,True,,4025,2.0,10.0,8.0,True,0.007,0.0356179924731266,23.311166045000004,28.608591969000223,26.28003031108505,27.239997449697743
O66874,2OQO,Penicillin-binding protein 1A (PBP-1a) (PBP1a),2.1,X-ray,False,no_TM_span,181,0.0,,,,,,,,,
H6LFT0,4BEM,F1FO ATPASE C1 SUBUNIT,2.1,X-ray,True,,920,1.0,10.0,9.0,True,0.0,-0.0206518320923523,1.372175295,5.85445453661424,6.182021193769177,6.608910363862256
P06857,1RP1,PANCREATIC LIPASE RELATED PROTEIN 1,2.1,X-ray,False,no_TM_span,442,0.0,,,,,,,,,
P75780,6BPN,Catecholate siderophore receptor Fiu,2.1,X-ray,True,,658,1.0,1.0,0.0,False,0.0,0.0050111010853716,13.915858155000002,21.167023333598955,20.91390449707257,21.046508559539813
Q8PAS2,6EI3,Proton-dependent oligopeptide transporter family protein,2.1,X-ray,True,,515,1.0,1.0,0.0,False,0.0,-0.0438752306211689,12.332486045,17.99838587408344,20.08470641519265,19.813006408284277
Q8NI35,1VF6,PALS1-associated tight junction protein,2.1,X-ray,False,no_TM_span,109,0.0,,,,,,,,,
P02929,2GSK,protein TONB,2.1,X-ray,True,,673,1.0,1.0,0.0,False,0.0,-0.0131839430188928,14.69152007,21.27378568839749,21.958035976702497,21.625115216683994
P02930,1EK9,OUTER MEMBRANE PROTEIN TOLC,2.1,X-ray,True,,1284,3.0,3.0,0.0,False,0.0,-0.0637078316548825,8.677045185000003,15.981196295823928,18.522257108174934,16.61923363229773
P20261,1TRH,LIPASE,2.1,X-ray,False,no_TM_span,534,0.0,,,,,,,,,
P13804,1EFV,ELECTRON TRANSFER FLAVOPROTEIN,2.1,X-ray,False,no_TM_span,564,0.0,,,,,,,,,
P13271,1PP9,Ubiquinol-cytochrome C reductase complex ubiquinone-binding protein QP-C,2.1,X-ray,True,,4025,2.0,10.0,8.0,True,0.007,0.0356179924731266,23.311166045000004,28.608591969000223,26.28003031108505,27.239997449697743
P13272,1PP9,"Ubiquinol-cytochrome C reductase iron-sulfur subunit, mitochondrial",2.1,X-ray,True,,4025,2.0,10.0,8.0,True,0.007,0.0356179924731266,23.311166045000004,28.608591969000223,26.28003031108505,27.239997449697743
Q06187,1BWN,BRUTON'S TYROSINE KINASE,2.1,X-ray,False,no_TM_span,327,0.0,,,,,,,,,
P62937,1CWA,PEPTIDYL-PROLYL CIS-TRANS ISOMERASE A,2.1,X-ray,False,too_few_CA,11,,,,,,,,,,
Q9JLB2,1VF6,MAGUK p55 subfamily member 5,2.1,X-ray,False,no_TM_span,109,0.0,,,,,,,,,
Q7A0I6,3HZS,Monofunctional glycosyltransferase,2.1,X-ray,False,no_TM_span,209,0.0,,,,,,,,,
P11597,2OBD,Cholesteryl ester transfer protein,2.1,X-ray,False,no_TM_span,474,0.0,,,,,,,,,
P07700,4BVN,BETA-1 ADRENERGIC RECEPTOR,2.1,X-ray,True,,290,1.0,1.0,0.0,False,0.0,0.0572648554013434,4.71770686,12.830220069219305,11.146034469080217,12.254357321602338
Q9KRE7,3KLY,Putative formate transporter 1,2.1,X-ray,True,,1279,5.0,5.0,0.0,False,0.009,0.018743010996888,36.42508818,35.25969956157077,33.72799159468711,34.0506470904891
P08954,1T6M,1-phosphatidylinositol phosphodiesterase,2.107,X-ray,False,no_TM_span,298,0.0,,,,,,,,,
O43613,6TOD,Orexin receptor type 1,2.11,X-ray,True,,301,1.0,1.0,0.0,False,0.0,0.0275955279930146,5.204992899999999,12.638693567961331,11.786211830346016,12.871677037536475
Q99J21,7SQ9,Mucolipin-1,2.11,EM,True,,1876,4.0,4.0,0.0,False,0.0,0.0012358359959157,43.95766162000001,37.79515826500176,37.68421155281549,37.406093443672766
Q8RBX6,3EEE,Methyl-accepting chemotaxis protein,2.12,X-ray,False,no_TM_span,188,0.0,,,,,,,,,
P08980,7ZYV,"Cytochrome b6-f complex iron-sulfur subunit, chloroplastic",2.13,EM,True,,1956,2.0,16.0,14.0,True,0.002,0.1568766130477403,2.810135805,8.313666052542963,4.75277928329837,9.457769336638238
O42187,1JIA,PHOSPHOLIPASE A2,2.13,X-ray,False,no_TM_span,123,0.0,,,,,,,,,
P61045,7ZYV,Cytochrome b6-f complex subunit 8,2.13,EM,True,,1956,2.0,16.0,14.0,True,0.002,0.1568766130477403,2.810135805,8.313666052542963,4.75277928329837,9.457769336638238
P00165,7ZYV,Cytochrome b6,2.13,EM,True,,1956,2.0,16.0,14.0,True,0.002,0.1568766130477403,2.810135805,8.313666052542963,4.75277928329837,9.457769336638238
P69461,7ZYV,Cytochrome b6-f complex subunit 5,2.13,EM,True,,1956,2.0,16.0,14.0,True,0.002,0.1568766130477403,2.810135805,8.313666052542963,4.75277928329837,9.457769336638238
Q9M3L0,7ZYV,Cytochrome b6-f complex subunit 6,2.13,EM,True,,1956,2.0,16.0,14.0,True,0.002,0.1568766130477403,2.810135805,8.313666052542963,4.75277928329837,9.457769336638238
P16013,7ZYV,Cytochrome f,2.13,EM,True,,1956,2.0,16.0,14.0,True,0.002,0.1568766130477403,2.810135805,8.313666052542963,4.75277928329837,9.457769336638238
P00166,7ZYV,Cytochrome b6-f complex subunit 4,2.13,EM,True,,1956,2.0,16.0,14.0,True,0.002,0.1568766130477403,2.810135805,8.313666052542963,4.75277928329837,9.457769336638238
P23930,5VRH,Apolipoprotein N-acyltransferase,2.137,X-ray,True,,494,1.0,1.0,0.0,False,0.0,0.1110415623717627,7.1795614300000015,16.4449578760594,12.416203159136051,15.117292686300791
P08034,7ZXM,Gap junction beta-1 protein,2.14,EM,True,,2124,6.0,6.0,0.0,False,0.0,0.0504631955284052,35.96447724999999,34.831338957978204,30.73356564525041,33.83466958624988
G1UBD1,7S4H,Particulate methane monooxygenase alpha subunit,2.14,EM,True,,2577,3.0,9.0,6.0,True,0.0,0.0244729551859955,33.56879684999999,33.56594134635185,31.645988298539635,32.68834640150873
Q603F1,7S4H,"Ammonia monooxygenase/methane monooxygenase, subunit C family protein",2.14,EM,True,,2577,3.0,9.0,6.0,True,0.0,0.0244729551859955,33.56879684999999,33.56594134635185,31.645988298539635,32.68834640150873
Q607G3,7S4H,Particulate methane monooxygenase beta subunit,2.14,EM,True,,2577,3.0,9.0,6.0,True,0.0,0.0244729551859955,33.56879684999999,33.56594134635185,31.645988298539635,32.68834640150873
O60844,3VY7,Zymogen granule membrane protein 16,2.14,X-ray,False,no_TM_span,139,0.0,,,,,,,,,
B1B1U5,6I9K,Kumopsin1,2.145,X-ray,True,,312,1.0,1.0,0.0,False,0.0,0.0594847185380467,4.821629475,13.065436692879937,11.296799991051254,12.388592855557327
A0A0H3GD84,4CDB,LISTERIOLYSIN O,2.15,X-ray,False,no_TM_span,488,0.0,,,,,,,,,
P49278,1KTJ,ALLERGEN DER P 2,2.15,X-ray,False,no_TM_span,129,0.0,,,,,,,,,
P9WK65,2BYO,LIPOPROTEIN LPPX,2.15,X-ray,False,no_TM_span,183,0.0,,,,,,,,,
Q07075,4KXD,Glutamyl aminopeptidase,2.15,X-ray,False,no_TM_span,879,0.0,,,,,,,,,
P60953,2DFK,cell division cycle 42 isoform 1,2.15,X-ray,False,no_TM_span,552,0.0,,,,,,,,,
Q4WG73,6IDY,lipase aflb,2.15,X-ray,False,no_TM_span,422,0.0,,,,,,,,,
P24462,7MK8,Isoform 2 of Cytochrome P450 3A7,2.15,X-ray,False,no_TM_span,475,0.0,,,,,,,,,
P22680,3DAX,Cytochrome P450 7A1,2.15,X-ray,False,no_TM_span,472,0.0,,,,,,,,,
P22365,1ID2,AMICYANIN,2.15,X-ray,False,no_TM_span,106,0.0,,,,,,,,,
Q16873,2UUH,LEUKOTRIENE C4 SYNTHASE,2.15,X-ray,True,,444,3.0,3.0,0.0,False,0.0,0.0120744242841287,9.11204785,17.241419784358058,16.747892992827225,17.030721987146507
P32722,3SY7,Porin D,2.15,X-ray,True,,382,1.0,1.0,0.0,False,0.0,-0.0234802787932352,10.894878605,18.22433865786605,19.273762078364697,18.622426181203583
A0LNN5,6ZGS,L-lactate transporter,2.151,X-ray,True,,404,1.0,1.0,0.0,False,0.0,0.0439740424172886,7.607669540000002,16.28109612332874,14.638773345994377,15.561479445738096
P22303,4EY4,Acetylcholinesterase,2.156,X-ray,False,no_TM_span,538,0.0,,,,,,,,,
Q71LX4,3G9W,Talin-2,2.165,X-ray,False,no_TM_span,257,0.0,,,,,,,,,
P05556,3G9W,Integrin beta-1D,2.165,X-ray,False,no_TM_span,257,0.0,,,,,,,,,
P16157,7UZQ,Ankyrin-1,2.17,EM,True,,1318,3.0,3.0,0.0,False,0.008,0.0146645184745349,32.21594236,32.00886486245651,30.881824337683952,32.02288704335567
Q923J1,8SI5,Transient receptor potential cation channel subfamily M member 7,2.17,EM,True,,4389,4.0,4.0,0.0,False,0.0,-0.0968361061977011,50.55980762000001,38.029334086771584,47.35277729591108,40.1169373320005
P18577,7UZQ,Blood group Rh(CE) polypeptide,2.17,EM,True,,1318,3.0,3.0,0.0,False,0.008,0.0146645184745349,32.21594236,32.00886486245651,30.881824337683952,32.02288704335567
Q02094,7UZQ,Ammonium transporter Rh type A,2.17,EM,True,,1318,3.0,3.0,0.0,False,0.008,0.0146645184745349,32.21594236,32.00886486245651,30.881824337683952,32.02288704335567
P00720,6ZFZ,"Muscarinic acetylcholine receptor M1,Endolysin,Muscarinic acetylcholine receptor M1",2.17,X-ray,True,,448,1.0,1.0,0.0,False,0.0,0.0454833369998273,5.124580610000001,13.07701311875297,11.682836515729027,12.77186231803632
P76045,2X9K,OUTER MEMBRANE PROTEIN G,2.18,X-ray,True,,278,1.0,1.0,0.0,False,0.0,-0.0167632118383049,6.17191286,13.39130960164302,13.955211337518756,14.01635073763094
P05305,1EDN,ENDOTHELIN-1,2.18,X-ray,False,no_TM_span,21,0.0,,,,,,,,,
P53812,2A1L,Phosphatidylinositol transfer protein beta isoform,2.18,X-ray,False,no_TM_span,269,0.0,,,,,,,,,
Q8IM82,7F9K,Rifin,2.18,X-ray,False,no_TM_span,155,0.0,,,,,,,,,
Q6SLM1,1U4J,phospholipase A2 isoform 2,2.18,X-ray,False,no_TM_span,118,0.0,,,,,,,,,
P28366,1TF5,Preprotein translocase secA subunit,2.18,X-ray,False,no_TM_span,767,0.0,,,,,,,,,
P62375,1KXI,CARDIOTOXIN V,2.19,X-ray,False,no_TM_span,62,0.0,,,,,,,,,
P45881,2OQD,Phospholipase A2,2.19,X-ray,False,no_TM_span,122,0.0,,,,,,,,,
P10614,5EQB,Lanosterol 14-alpha demethylase,2.19,X-ray,True,,532,1.0,1.0,0.0,False,0.0,0.3507451460057286,0.2467715799999998,5.221224396301827,2.861965802170442,2.8026743218432317
A0A6P3CW42,6K6K,Cyanobacterial chloride importer,2.197,X-ray,True,,657,3.0,3.0,0.0,False,0.0,0.0039932246447751,19.844491400000003,25.15320903234349,24.912340517700457,25.133041596490493
P03367,2Q63,PROTEASE RETROPEPSIN,2.2,X-ray,False,no_TM_span,199,0.0,,,,,,,,,
P04191,3N5K,Sarcoplasmic/endoplasmic reticulum calcium ATPase 1,2.2,X-ray,True,,994,1.0,1.0,0.0,False,0.0,0.0025616071304499,8.98550023,16.525818615199885,16.42184576278795,16.912047645142575
P05181,3E6I,Cytochrome P450 2E1,2.2,X-ray,False,no_TM_span,462,0.0,,,,,,,,,
A0A0D5YI36,5DL8,Benzoate transport porin BenP,2.2,X-ray,True,,394,1.0,1.0,0.0,False,0.0,-0.0167853836164928,11.284826175,18.16721244692121,18.93072294598637,18.95276163351429
O59010,7RCP,Glutamate transporter homolog,2.2,EM,True,,1248,3.0,3.0,0.0,False,0.0,0.0389392771377566,44.31836096499999,39.39210728630319,35.882035199970524,37.55924977235475
Q5RT80,3A2S,Outer membrane protein II,2.2,X-ray,True,,1023,3.0,3.0,0.0,False,0.0,-0.0066620957860404,34.47690999,32.72591242067158,33.25558970162218,33.12754336633747
Q5T9L3,7DRT,Protein wntless homolog,2.2,EM,True,,830,1.0,1.0,0.0,False,0.0,0.0304014490032005,7.419837165000001,15.337192062848914,14.215876690200478,15.368173357603077
Q5SMG8,4U9N,Magnesium transporter MgtE,2.2,X-ray,True,,357,2.0,2.0,0.0,False,0.003,-0.0398697099535647,7.285082280000001,13.669817415621432,15.126941753734304,15.227979877141784
O60939,7W9K,Sodium channel subunit beta-2,2.2,EM,True,,1712,1.0,2.0,1.0,True,0.0,-0.0002070388287088,46.027303145000005,39.315619283926594,39.3346386427508,38.27655369208647
P28867,1PTR,PROTEIN KINASE C DELTA TYPE,2.2,X-ray,False,no_TM_span,50,0.0,,,,,,,,,
Q8RGD7,3ZK1,ATP SYNTHASE SUBUNIT C,2.2,X-ray,True,,979,11.0,11.0,0.0,False,0.0,0.0124818260232767,12.541705285,21.04708628129632,20.448546906224003,19.98036231357929
O60894,7TYF,Receptor activity-modifying protein 1,2.2,EM,True,,1276,1.0,2.0,1.0,True,0.0,0.0684526435074389,4.98854786,14.111047850527807,12.040841667458167,12.601206694356666
P30531,7Y7V,Sodium- and chloride-dependent GABA transporter 1,2.2,EM,True,,532,1.0,1.0,0.0,False,0.0,0.0223519691662593,11.866720824999998,20.10245034957185,19.059850980675577,19.435263196521337
Q93RD8,1EYS,PHOTOSYNTHETIC REACTION CENTER,2.2,X-ray,True,,1146,2.0,3.0,1.0,True,0.064,0.1223702102812099,9.940404105000002,21.00721828269768,15.78308760791514,17.787998480108538
P41366,1VMO,VITELLINE MEMBRANE OUTER LAYER PROTEIN I,2.2,X-ray,False,no_TM_span,163,0.0,,,,,,,,,
P30988,7TYF,Calcitonin receptor,2.2,EM,True,,1276,1.0,2.0,1.0,True,0.0,0.0684526435074389,4.98854786,14.111047850527807,12.040841667458167,12.601206694356666
Q8LPW4,1OXW,Patatin,2.2,X-ray,False,no_TM_span,360,0.0,,,,,,,,,
P0C2E9,1PFO,PERFRINGOLYSIN O,2.2,X-ray,False,no_TM_span,471,0.0,,,,,,,,,
Q53B58,7ULQ,Long neurotoxin OH-55,2.2,X-ray,False,no_TM_span,69,0.0,,,,,,,,,
Q96C24,3FDW,Synaptotagmin-like protein 4,2.2,X-ray,False,no_TM_span,130,0.0,,,,,,,,,
P12969,7TYF,amylin peptide,2.2,EM,True,,1276,1.0,2.0,1.0,True,0.0,0.0684526435074389,4.98854786,14.111047850527807,12.040841667458167,12.601206694356666
P47865,1J4N,AQUAPORIN 1,2.2,X-ray,True,,996,4.0,4.0,0.0,False,0.0,-0.0092189329522945,25.54250372,28.24056359077566,28.871446401271097,28.513911432776545
P44783,2NR9,Protein glpG homolog,2.2,X-ray,True,,192,1.0,1.0,0.0,False,0.0,0.0375597750811689,4.480166875,11.957464462183117,10.88098342564523,11.941865047242992
P12946,6A2J,Heme A synthase,2.2,X-ray,True,,309,1.0,1.0,0.0,False,0.0,0.003670027444435,5.476969035,13.00313339241048,12.8868344514269,13.203686569148012
Q86XP0,5IZ5,Cytosolic phospholipase A2 delta,2.2,X-ray,False,no_TM_span,761,0.0,,,,,,,,,
A0L5S6,6SX5,Ion transport protein,2.2,X-ray,True,,1068,4.0,4.0,0.0,False,0.0,0.0103988948146229,44.28409739999998,38.75646854089874,37.81945171543409,37.54472799627918
P19836,3HL4,Choline-phosphate cytidylyltransferase A,2.2,X-ray,False,no_TM_span,353,0.0,,,,,,,,,
Q05193,1DYN,DYNAMIN,2.2,X-ray,False,no_TM_span,226,0.0,,,,,,,,,
P00734,5EDM,Prothrombin,2.2,X-ray,False,no_TM_span,550,0.0,,,,,,,,,
P00740,1NL0,factor IX,2.2,X-ray,False,no_TM_span,51,0.0,,,,,,,,,
A0A745A2I3,7BGL,YecR,2.2,EM,True,,15626,16.0,26.0,10.0,True,0.0,-0.0646352222451124,163.53848335,64.21895324425306,75.41115511257644,72.14978587758127
P13738,7S24,Na(+)/H(+) antiporter NhaA,2.2,X-ray,True,,375,1.0,1.0,0.0,False,0.0,-0.0094200401418186,9.79421866,17.161179021659326,17.560363785435012,17.65671721165562
P0A1N8,7BGL,Flagellar L-ring protein,2.2,EM,True,,15626,16.0,26.0,10.0,True,0.0,-0.0646352222451124,163.53848335,64.21895324425306,75.41115511257644,72.14978587758127
Q15858,7W9K,Sodium channel protein type 9 subunit alpha,2.2,EM,True,,1712,1.0,2.0,1.0,True,0.0,-0.0002070388287088,46.027303145000005,39.315619283926594,39.3346386427508,38.27655369208647
Q14849,1EM2,MLN64 PROTEIN,2.2,X-ray,False,no_TM_span,214,0.0,,,,,,,,,
Q15027,4NSW,"Arf-GAP with coiled-coil, ANK repeat and PH domain-containing protein 1",2.2,X-ray,False,no_TM_span,730,0.0,,,,,,,,,
Q9HVJ6,3DWO,Probable outer membrane protein,2.2,X-ray,True,,444,1.0,1.0,0.0,False,0.0,-0.0129125135036497,5.634914095000003,12.845363469331431,13.260404223775378,13.392717663845858
P61871,1LGY,TRIACYLGLYCEROL LIPASE,2.2,X-ray,False,no_TM_span,265,0.0,,,,,,,,,
Q15075,1JOC,Early Endosomal Autoantigen 1,2.2,X-ray,False,no_TM_span,246,0.0,,,,,,,,,
Q9HWP4,2Y0H,PROBABLE PORIN,2.2,X-ray,True,,361,1.0,1.0,0.0,False,0.0,-0.0357415452310649,10.756699355,18.014770755258954,19.60203467812243,18.503955651166333
P20815,6MJM,Cytochrome P450 3A5,2.2,X-ray,False,no_TM_span,453,0.0,,,,,,,,,
P21836,1N5M,acetylcholinesterase,2.2,X-ray,False,no_TM_span,536,0.0,,,,,,,,,
P20932,6BFG,(S)-mandelate dehydrogenase,2.2,X-ray,False,no_TM_span,1492,0.0,,,,,,,,,
P21397,2Z5X,Amine oxidase [flavin-containing] A,2.2,X-ray,True,,513,1.0,1.0,0.0,False,0.0,-0.0370880222424577,0.1172684249999999,1.99282697602279,2.164800078515684,1.9320377588106912
B0TAT4,5V8K,proteinsubunit pshX,2.2,X-ray,True,,627,1.0,2.0,1.0,True,0.0,0.0052887887724976,15.502804259999998,22.171475941603788,21.889509346919205,22.214175338126296
P63250,2QKS,Kir3.1-prokaryotic Kir channel chimera,2.2,X-ray,True,,1208,4.0,4.0,0.0,False,0.0,0.0526983114776935,10.015034574999998,18.754260985949102,16.496077474912937,17.854647898222407
Q9H0H5,4B6D,RAC GTPASE-ACTIVATING PROTEIN 1,2.2,X-ray,False,no_TM_span,55,0.0,,,,,,,,,
Q1RP79,2I0U,Basic subunit of heterodimer phospholipase A2,2.2,X-ray,False,no_TM_span,122,0.0,,,,,,,,,
P14262,1GYM,PHOSPHATIDYLINOSITOL-SPECIFIC PHOSPHOLIPASE C,2.2,X-ray,False,no_TM_span,296,0.0,,,,,,,,,
P25103,6HLP,"Substance-P receptor,Substance-P receptor",2.2,X-ray,True,,485,1.0,1.0,0.0,False,0.0,0.0578157824441096,5.27733862,13.35831795835687,11.5599018095579,12.960821947259069
P27170,1V04,SERUM PARAOXONASE/ARYLESTERASE 1,2.2,X-ray,False,no_TM_span,334,0.0,,,,,,,,,
P0A8X2,1Y0G,Protein yceI,2.2,X-ray,False,no_TM_span,169,0.0,,,,,,,,,
P0A333,1S5H,Voltage-gated potassium channel,2.2,X-ray,True,,412,4.0,4.0,0.0,False,0.0,0.0850264330078443,8.939012039999996,18.03883832824479,14.596646838030171,16.86824206919006
E3U905,4D65,PORIN 2,2.2,X-ray,True,,1049,3.0,3.0,0.0,False,0.005,-0.0212497761277988,34.63951763499999,32.41096237131984,34.10442876342317,33.20557320068163
P56704,7DRT,Protein Wnt-3a,2.2,EM,True,,830,1.0,1.0,0.0,False,0.0,0.0304014490032005,7.419837165000001,15.337192062848914,14.215876690200478,15.368173357603077
Q1MX24,5V8K,p800 reaction center core protein,2.2,X-ray,True,,627,1.0,2.0,1.0,True,0.0,0.0052887887724976,15.502804259999998,22.171475941603788,21.889509346919205,22.214175338126296
Q9HGT7,7BMH,Opsin,2.2,X-ray,True,,247,1.0,1.0,0.0,False,0.0,-0.0011582843435353,4.362441629999999,11.17960813314359,11.212366052238464,11.783922516415023
P00268,4XNV,"P2Y purinoceptor 1, Rubredoxin, P2Y purinoceptor 1",2.2,X-ray,True,,290,1.0,1.0,0.0,False,0.0,0.0253414773145626,5.121898055,12.401004447819536,11.624428921876952,12.768519048550733
P00323,6LI0,Chimera of G-protein coupled receptor 52 and Flavodoxin,2.2,X-ray,True,,443,1.0,1.0,0.0,False,0.0,0.0531201752277081,4.994378595,13.228019249701212,11.620572722835163,12.608568840805091
Q2XU25,6JMP,Thiol-activated cytolysin,2.2,X-ray,False,no_TM_span,482,0.0,,,,,,,,,
Q9BQE4,5KIU,Selenoprotein S,2.2,X-ray,False,no_TM_span,76,0.0,,,,,,,,,
P54315,2PPL,Pancreatic lipase-related protein 1,2.2,X-ray,False,no_TM_span,452,0.0,,,,,,,,,
Q2YHF0,2WHX,SERINE PROTEASE SUBUNIT NS2B,2.2,X-ray,False,no_TM_span,596,0.0,,,,,,,,,
Q96L93,2V14,KINESIN-LIKE MOTOR PROTEIN C20ORF23,2.2,X-ray,False,no_TM_span,134,0.0,,,,,,,,,
Q07699,7W9K,Sodium channel subunit beta-1,2.2,EM,True,,1712,1.0,2.0,1.0,True,0.0,-0.0002070388287088,46.027303145000005,39.315619283926594,39.3346386427508,38.27655369208647
Q9K0A9,3ZUY,Transporter,2.2,X-ray,True,,308,1.0,1.0,0.0,False,0.0,-0.0199143672306539,7.337521909999997,14.796849344762832,15.52727752878161,15.282688781896889
P15930,7BGL,Flagellar P-ring protein,2.2,EM,True,,15626,16.0,26.0,10.0,True,0.0,-0.0646352222451124,163.53848335,64.21895324425306,75.41115511257644,72.14978587758127
B5AJT1,5Y79,Putative hexose phosphate translocator,2.2,X-ray,True,,611,2.0,2.0,0.0,False,0.002,-0.0056638755627012,20.72204889,25.03445972082732,25.38357298973434,25.68274327962425
P06911,1EPB,EPIDIDYMAL RETINOIC ACID-BINDING PROTEIN,2.2,X-ray,False,no_TM_span,324,0.0,,,,,,,,,
A0A024B7W1,5LBV,envelope protein E,2.2,X-ray,False,no_TM_span,390,0.0,,,,,,,,,
P05777,4PUS,Matrix protein 1,2.2,X-ray,False,no_TM_span,290,0.0,,,,,,,,,
A0A0B9X9I7,6EUS,DcaP-like protein,2.2,X-ray,True,,1038,3.0,3.0,0.0,False,0.0,-0.0235882254115684,33.01716325000001,31.10794888020808,32.94322516685675,32.41865123076396
Q9UJY4,1MHQ,ADP-ribosylation factor binding protein GGA2,2.2,X-ray,False,no_TM_span,143,0.0,,,,,,,,,
P02722,1OKC,"ADP, ATP CARRIER PROTEIN HEART ISOFORM T1",2.2,X-ray,True,,292,1.0,1.0,0.0,False,0.0,0.1180967319804597,5.4316420700000005,15.316265547117371,11.589434053097328,13.14893672162426
P01493,1JZA,NEUROTOXIN 2,2.2,X-ray,False,no_TM_span,66,0.0,,,,,,,,,
D0E0C2,8F0P,"Sodium channel protein PaFPC1,Sodium channel protein type 9 subunit alpha chimera",2.2,EM,True,,1116,1.0,1.0,0.0,False,0.0,0.0099647985372275,47.842687565000006,39.50599722710045,38.57271582347172,39.02409567631492
Q9NZ52,1P4U,ADP-ribosylation factor binding protein GGA3,2.2,X-ray,False,no_TM_span,153,0.0,,,,,,,,,
Q6MLJ0,5AYN,Solute carrier family 39 (Iron-regulated transporter),2.202,X-ray,True,,407,1.0,1.0,0.0,False,0.0,0.046269462958757,9.876360444999998,18.25412321560996,16.28519795961196,17.730603963650086
P13501,5UIW,C-C motif chemokine 5,2.204,X-ray,True,,367,1.0,1.0,0.0,False,0.0,0.0164799265854212,4.804350805,12.560033286607746,12.070920593262093,12.366375208308025
P0C6Q6,5ONU,Outer membrane protein OmpU,2.22,X-ray,True,,960,3.0,3.0,0.0,False,0.0,-0.0096098131436074,34.816399165,32.96935731193852,33.73714859114199,33.290244900782234
P28039,5W7C,Acyloxyacyl hydrolase,2.23,X-ray,False,no_TM_span,534,0.0,,,,,,,,,
Q9HW01,3S2U,UDP-N-acetylglucosamine--N-acetylmuramyl-(pentapeptide) pyrophosphoryl-undecaprenol N-acetylglucosamine transferase,2.23,X-ray,False,no_TM_span,331,0.0,,,,,,,,,
P42658,7UKG,Dipeptidyl-peptidase 6,2.24,EM,True,,1128,4.0,8.0,4.0,True,0.0,0.0114794567839874,41.28664075500001,38.36207765603381,37.36331472087356,36.25182191233305
P06624,1YMG,Lens fiber major intrinsic protein,2.24,X-ray,True,,932,4.0,4.0,0.0,False,0.0,0.0143317829339295,25.58674056500001,29.045316617036903,28.063695234499537,28.538592251649927
Q9NZV8,7UKG,Potassium voltage-gated channel subfamily D member 2,2.24,EM,True,,1128,4.0,8.0,4.0,True,0.0,0.0114794567839874,41.28664075500001,38.36207765603381,37.36331472087356,36.25182191233305
Q9RGZ3,7QRU,Na(+)/H(+) antiporter subunit C,2.24,EM,True,,1986,1.0,7.0,6.0,True,0.0,-0.0075437797288719,41.34200384500001,35.27308407745498,35.92986581124259,36.27611960851352
Q9RGY9,7QRU,Na+/H+ antiporter subunit G1,2.24,EM,True,,1986,1.0,7.0,6.0,True,0.0,-0.0075437797288719,41.34200384500001,35.27308407745498,35.92986581124259,36.27611960851352
A0A2S6NEP5,7XXF,Reaction center protein M chain,2.24,EM,True,,3006,2.0,47.0,45.0,True,0.033,-0.0433261484315052,9.278910044999998,16.501852336115043,18.288894793601408,17.18595007654096
A0A2S6MZS1,7XXF,Photosynthetic reaction center H subunit,2.24,EM,True,,3006,2.0,47.0,45.0,True,0.033,-0.0433261484315052,9.278910044999998,16.501852336115043,18.288894793601408,17.18595007654096
A0A2S6NEL9,7XXF,Light-harvesting protein,2.24,EM,True,,3006,2.0,47.0,45.0,True,0.033,-0.0433261484315052,9.278910044999998,16.501852336115043,18.288894793601408,17.18595007654096
Q9RGZ0,7QRU,Na(+)/H(+) antiporter subunit F,2.24,EM,True,,1986,1.0,7.0,6.0,True,0.0,-0.0075437797288719,41.34200384500001,35.27308407745498,35.92986581124259,36.27611960851352
A0A2S6NEK3,7XXF,Light-harvesting protein,2.24,EM,True,,3006,2.0,47.0,45.0,True,0.033,-0.0433261484315052,9.278910044999998,16.501852336115043,18.288894793601408,17.18595007654096
A0A2S6NEG7,7XXF,Reaction center protein L chain,2.24,EM,True,,3006,2.0,47.0,45.0,True,0.033,-0.0433261484315052,9.278910044999998,16.501852336115043,18.288894793601408,17.18595007654096
P0AC25,3KCU,Probable formate transporter 1,2.243,X-ray,True,,1240,5.0,5.0,0.0,False,0.019,0.0081345354913201,37.333091695,34.62757913694715,33.95457762143526,34.47244141096547
A0A380PV03,6LGY,"Transporter, sodium/bile acid symporter family",2.247,X-ray,True,,313,1.0,1.0,0.0,False,0.0,-0.013860266831771,6.999211224999998,14.505061169296418,15.001576253060325,14.926212273735288
B8R1T8,6Q67,3A,2.249,X-ray,False,no_TM_span,154,0.0,,,,,,,,,
O44074,4YSX,"Succinate dehydrogenase [ubiquinone] iron-sulfur subunit, mitochondrial",2.25,X-ray,True,,1148,2.0,2.0,0.0,False,0.085,0.0482202553401153,4.933320565000001,12.857713129666804,11.407487822728337,12.531259743351042
P0DM37,7COU,Photosystem II protein Y,2.25,X-ray,True,,5331,4.0,33.0,29.0,True,0.055,0.0066101545008689,107.32062397,57.98952259090799,57.0622882443548,58.44759670086025
Q9X4B7,2J58,OUTER MEMBRANE LIPOPROTEIN WZA,2.25,X-ray,True,,2848,8.0,8.0,0.0,False,0.0,-0.1472611571351178,7.872424085000001,15.763990225570804,21.35871536003765,15.829941296438475
O59180,3VIV,PH STOMATIN PH1511,2.25,X-ray,False,no_TM_span,446,0.0,,,,,,,,,
P92506,4YSX,Cytochrome b-large subunit,2.25,X-ray,True,,1148,2.0,2.0,0.0,False,0.085,0.0482202553401153,4.933320565000001,12.857713129666804,11.407487822728337,12.531259743351042
P98002,3HB3,Cytochrome c oxidase subunit 1-beta,2.25,X-ray,True,,1008,1.0,2.0,1.0,True,0.0,0.0043576686914408,10.582538670000002,17.73832259709526,17.54637377752453,18.353546468144145
O59179,3VIV,441aa long hypothetical nfeD protein,2.25,X-ray,False,no_TM_span,446,0.0,,,,,,,,,
Q8AVA4,2DDA,Pseudechetoxin,2.25,X-ray,False,no_TM_span,208,0.0,,,,,,,,,
Q33862,4YSX,Succinate dehydrogenase flavoprotein,2.25,X-ray,True,,1148,2.0,2.0,0.0,False,0.085,0.0482202553401153,4.933320565000001,12.857713129666804,11.407487822728337,12.531259743351042
P0ADE4,4C00,TRANSLOCATION AND ASSEMBLY MODULE TAMA,2.25,X-ray,True,,550,1.0,1.0,0.0,False,0.0,0.005839199257592,8.438847799999998,16.184182576493445,15.954498346443875,16.389535328191375
P08306,3HB3,Cytochrome c oxidase subunit 2,2.25,X-ray,True,,1008,1.0,2.0,1.0,True,0.0,0.0043576686914408,10.582538670000002,17.73832259709526,17.54637377752453,18.353546468144145
P18525,3HB3,ANTIBODY FV FRAGMENT,2.25,X-ray,True,,1008,1.0,2.0,1.0,True,0.0,0.0043576686914408,10.582538670000002,17.73832259709526,17.54637377752453,18.353546468144145
P92507,4YSX,"Succinate dehydrogenase [ubiquinone] cytochrome b small subunit, mitochondrial",2.25,X-ray,True,,1148,2.0,2.0,0.0,False,0.085,0.0482202553401153,4.933320565000001,12.857713129666804,11.407487822728337,12.531259743351042
B5Z6I2,6B8S,Dihydroorotate dehydrogenase (quinone),2.25,X-ray,False,no_TM_span,336,0.0,,,,,,,,,
Q62747,6ANK,Synaptotagmin-7,2.254,X-ray,False,no_TM_span,267,0.0,,,,,,,,,
P07552,2FYU,Ubiquinol-cytochrome c reductase complex 6.4 kDa protein,2.26,X-ray,True,,4198,2.0,12.0,10.0,True,0.0,0.0453888257557452,22.93186492,29.364167198539302,26.421067730817786,27.01747455382768
P17302,7Z1T,Gap junction alpha-1 protein,2.26,EM,True,,2268,6.0,6.0,0.0,False,0.0,-0.048480288843654,33.326959335000005,30.5887464991533,34.378398663719125,32.57038629303569
Q9NYG8,7LJ5,Isoform 2 of Potassium channel subfamily K member 4,2.26,X-ray,True,,1354,2.0,2.0,0.0,False,0.0,0.0234968494789138,11.55304435,19.44586434327205,18.364444932970816,19.176673935082658
O74339,6IG4,"Phosphatidate cytidylyltransferase, mitochondrial",2.261,X-ray,False,no_TM_span,277,0.0,,,,,,,,,
P32340,4G6H,"Rotenone-insensitive NADH-ubiquinone oxidoreductase, mitochondrial",2.262,X-ray,False,no_TM_span,944,0.0,,,,,,,,,
P28068,2BC4,"HLA class II histocompatibility antigen, DM beta chain",2.27,X-ray,False,no_TM_span,392,0.0,,,,,,,,,
G9I929,4NTX,Neurotoxin MitTx-alpha,2.27,X-ray,True,,1764,3.0,3.0,0.0,False,0.0,-0.0111219216946939,5.392740214999999,13.45137047838743,13.801090815336629,13.101765240056016
G9I930,4NTX,Basic phospholipase A2 homolog Tx-beta,2.27,X-ray,True,,1764,3.0,3.0,0.0,False,0.0,-0.0111219216946939,5.392740214999999,13.45137047838743,13.801090815336629,13.101765240056016
P28067,2BC4,"HLA class II histocompatibility antigen, DM alpha chain",2.27,X-ray,False,no_TM_span,392,0.0,,,,,,,,,
O33458,6Z34,CymD,2.27,X-ray,True,,382,1.0,1.0,0.0,False,0.0,-0.0096318621019553,5.656761954999999,12.810733127076182,13.120925070158629,13.418655871825788
Q9H4M7,1UPR,PLECKSTRIN HOMOLOGY DOMAIN-CONTAINING FAMILY A MEMBER 4,2.27,X-ray,False,no_TM_span,107,0.0,,,,,,,,,
Q9Y2I1,3P0C,Nischarin,2.273,X-ray,False,no_TM_span,111,0.0,,,,,,,,,
Q8GCH2,2Q6V,Glucuronosyltransferase GumK,2.28,X-ray,False,no_TM_span,370,0.0,,,,,,,,,
Q9Z4N4,7DYR,Microcin E492,2.28,EM,True,,1791,6.0,9.0,3.0,True,0.05,0.0303416512660674,47.42887016499998,41.01102024267796,38.18160357613436,38.854958839312815
P69805,7DYR,PTS system mannose-specific EIID component,2.28,EM,True,,1791,6.0,9.0,3.0,True,0.05,0.0303416512660674,47.42887016499998,41.01102024267796,38.18160357613436,38.854958839312815
P69801,7DYR,PTS system mannose-specific EIIC component,2.28,EM,True,,1791,6.0,9.0,3.0,True,0.05,0.0303416512660674,47.42887016499998,41.01102024267796,38.18160357613436,38.854958839312815
P62022,2QOG,Phospholipase A2 CB1,2.28,X-ray,False,no_TM_span,122,0.0,,,,,,,,,
P24027,2QOG,Phospholipase A2 CB2,2.28,X-ray,False,no_TM_span,122,0.0,,,,,,,,,
P0ABN1,4D2E,DIACYLGLYCEROL KINASE,2.28,X-ray,True,,318,3.0,3.0,0.0,False,0.095,0.0030150298066649,6.94751303,13.825113617471146,13.717506102961256,14.870985447641669
Q4WA18,7RXG,afTMEM16 lipid scramblase,2.28,EM,True,,1304,2.0,2.0,0.0,False,0.0,-0.0528672805683626,25.523917135,25.27349779548731,28.890068330899418,28.503535146024177
P33602,7Z7V,NADH-quinone oxidoreductase,2.29,EM,True,,4749,2.0,7.0,5.0,True,0.091,-0.0040862721982439,41.42612751499999,35.48724794887816,35.84337155880213,36.31300859793202
Q8NER1,8GFA,Transient receptor potential cation channel subfamily V member 1,2.29,EM,True,,2124,4.0,4.0,0.0,False,0.0,0.0257706948521229,41.46070720500002,38.43804608260446,36.19116138369101,36.32816124100286
P33607,7Z7V,NADH dehydrogenase subunit L,2.29,EM,True,,4749,2.0,7.0,5.0,True,0.091,-0.0040862721982439,41.42612751499999,35.48724794887816,35.84337155880213,36.31300859793202
P0AFE4,7Z7V,NADH-quinone oxidoreductase subunit K,2.29,EM,True,,4749,2.0,7.0,5.0,True,0.091,-0.0040862721982439,41.42612751499999,35.48724794887816,35.84337155880213,36.31300859793202
P0AFF0,7Z7V,NADH-quinone oxidoreductase subunit N,2.29,EM,True,,4749,2.0,7.0,5.0,True,0.091,-0.0040862721982439,41.42612751499999,35.48724794887816,35.84337155880213,36.31300859793202
P0AFE0,7Z7V,NADH-quinone oxidoreductase subunit J,2.29,EM,True,,4749,2.0,7.0,5.0,True,0.091,-0.0040862721982439,41.42612751499999,35.48724794887816,35.84337155880213,36.31300859793202
P0AFD6,7Z7V,NADH-quinone oxidoreductase subunit I,2.29,EM,True,,4749,2.0,7.0,5.0,True,0.091,-0.0040862721982439,41.42612751499999,35.48724794887816,35.84337155880213,36.31300859793202
Q2FWP0,6RHV,Beta-channel forming cytolysin,2.29,X-ray,False,no_TM_span,2980,0.0,,,,,,,,,
P0AFD4,7Z7V,NADH-quinone oxidoreductase subunit H,2.29,EM,True,,4749,2.0,7.0,5.0,True,0.091,-0.0040862721982439,41.42612751499999,35.48724794887816,35.84337155880213,36.31300859793202
P33599,7Z7V,NADH-quinone oxidoreductase subunit C/D,2.29,EM,True,,4749,2.0,7.0,5.0,True,0.091,-0.0040862721982439,41.42612751499999,35.48724794887816,35.84337155880213,36.31300859793202
P05555,6RHV,Integrin alpha-M,2.29,X-ray,False,no_TM_span,2980,0.0,,,,,,,,,
O77389,7E27,Formate-nitrite transporter,2.29,EM,True,,1435,5.0,5.0,0.0,False,0.0,-0.0006773458965051,35.726419865000004,34.18899617147681,34.24381649047948,33.72250382308892
P0AFE8,7Z7V,NADH dehydrogenase I subunit M,2.29,EM,True,,4749,2.0,7.0,5.0,True,0.091,-0.0040862721982439,41.42612751499999,35.48724794887816,35.84337155880213,36.31300859793202
Q2FWN9,6RHV,Beta-channel forming cytolysin,2.29,X-ray,False,no_TM_span,2980,0.0,,,,,,,,,
P0AFC3,7Z7V,NADH-quinone oxidoreductase subunit A,2.29,EM,True,,4749,2.0,7.0,5.0,True,0.091,-0.0040862721982439,41.42612751499999,35.48724794887816,35.84337155880213,36.31300859793202
P0AFC7,7Z7V,NADH-quinone oxidoreductase subunit B,2.29,EM,True,,4749,2.0,7.0,5.0,True,0.091,-0.0040862721982439,41.42612751499999,35.48724794887816,35.84337155880213,36.31300859793202
B4EY22,2WSW,BCCT FAMILY BETAINE/CARNITINE/CHOLINE TRANSPORTER,2.294,X-ray,True,,1527,3.0,3.0,0.0,False,0.0,0.0003131893276555,57.665092575,42.91340570487087,42.8812024509355,42.84316637962933
Q9I202,2Y0K,PYROGLUTATMATE PORIN OPDO,2.295,X-ray,True,,364,1.0,1.0,0.0,False,0.0,-0.0358071746237295,10.830561735000002,18.109414881670936,19.705043623868367,18.567376963842708
Q9Y365,6SER,START domain-containing protein 10,2.299,X-ray,False,no_TM_span,245,0.0,,,,,,,,,
Q99T05,3VMT,Monofunctional glycosyltransferase,2.299,X-ray,True,,222,1.0,1.0,0.0,False,0.0,0.8136769803246608,0.08782062,4.727159567933526,1.4621340162691976,1.671950105618883
P17694,7QSM,"NADH dehydrogenase [ubiquinone] iron-sulfur protein 2, mitochondrial",2.3,EM,True,,8265,1.0,21.0,20.0,True,0.0,-0.0107239848875503,31.894064539999995,30.23785486002093,31.057918266734475,31.862510970835103
O15118,5F1B,Niemann-Pick C1 protein,2.3,X-ray,False,no_TM_span,460,0.0,,,,,,,,,
P80188,3FW5,Neutrophil gelatinase-associated lipocalin,2.3,X-ray,False,no_TM_span,181,0.0,,,,,,,,,
P02916,3PUW,Maltose transport system permease protein malF,2.3,X-ray,True,,1892,1.0,2.0,1.0,True,0.0,0.0260319823733518,11.854469435,19.357966205426745,18.144340944393328,19.42522796938063
A0A0M7H8A9,6ENE,Outer membrane protein (Porin),2.3,X-ray,True,,987,3.0,3.0,0.0,False,0.0,-0.0067028385012626,35.40845305999999,32.88060711671914,33.42067523163034,33.572102501143256
Q9X4B9,7NHS,Putative transmembrane protein Wzc,2.3,EM,True,,4176,8.0,8.0,0.0,False,0.0,0.0470121991058371,60.94839302000001,46.666197136107776,41.69652198047409,44.04597149034307
Q02827,7QSM,NADH dehydrogenase [ubiquinone] 1 subunit C2,2.3,EM,True,,8265,1.0,21.0,20.0,True,0.0,-0.0107239848875503,31.894064539999995,30.23785486002093,31.057918266734475,31.862510970835103
Q02365,7QSM,NADH dehydrogenase [ubiquinone] 1 beta subcomplex subunit 3,2.3,EM,True,,8265,1.0,21.0,20.0,True,0.0,-0.0107239848875503,31.894064539999995,30.23785486002093,31.057918266734475,31.862510970835103
Q02366,7QSM,NADH dehydrogenase [ubiquinone] 1 alpha subcomplex subunit 6,2.3,EM,True,,8265,1.0,21.0,20.0,True,0.0,-0.0107239848875503,31.894064539999995,30.23785486002093,31.057918266734475,31.862510970835103
Q02367,7QSM,NADH dehydrogenase [ubiquinone] 1 beta subcomplex subunit 6,2.3,EM,True,,8265,1.0,21.0,20.0,True,0.0,-0.0107239848875503,31.894064539999995,30.23785486002093,31.057918266734475,31.862510970835103
Q02368,7QSM,NADH dehydrogenase [ubiquinone] 1 beta subcomplex subunit 7,2.3,EM,True,,8265,1.0,21.0,20.0,True,0.0,-0.0107239848875503,31.894064539999995,30.23785486002093,31.057918266734475,31.862510970835103
P94854,4JR8,Cruxrhodopsin-3,2.3,X-ray,True,,702,3.0,3.0,0.0,False,0.0,0.0038077746172729,19.604696405,25.066450311887863,24.83815993739705,24.98072993597929
P84153,1M56,CYTOCHROME C OXIDASE,2.3,X-ray,True,,1115,1.0,4.0,3.0,True,0.0,0.0200932554215841,10.279037605000005,18.30247444337011,17.430180538718478,18.088447390880333
Q02377,7QSM,NADH dehydrogenase [ubiquinone] 1 alpha subcomplex subunit 1,2.3,EM,True,,8265,1.0,21.0,20.0,True,0.0,-0.0107239848875503,31.894064539999995,30.23785486002093,31.057918266734475,31.862510970835103
Q02378,7QSM,NADH dehydrogenase [ubiquinone] 1 beta subcomplex subunit 1,2.3,EM,True,,8265,1.0,21.0,20.0,True,0.0,-0.0107239848875503,31.894064539999995,30.23785486002093,31.057918266734475,31.862510970835103
P06971,4CU4,FERRICHROME-IRON RECEPTOR,2.3,X-ray,True,,717,1.0,1.0,0.0,False,0.0,0.0051037390190765,14.10755059,21.250134222094616,20.99056656801817,21.190971715886388
Q02379,7QSM,NADH dehydrogenase [ubiquinone] iron-sulfur protein 5,2.3,EM,True,,8265,1.0,21.0,20.0,True,0.0,-0.0107239848875503,31.894064539999995,30.23785486002093,31.057918266734475,31.862510970835103
Q02380,7QSM,"NADH dehydrogenase [ubiquinone] 1 beta subcomplex subunit 5, mitochondrial",2.3,EM,True,,8265,1.0,21.0,20.0,True,0.0,-0.0107239848875503,31.894064539999995,30.23785486002093,31.057918266734475,31.862510970835103
P82251,6LI9,"b(0,+)-type amino acid transporter 1",2.3,EM,True,,2166,2.0,4.0,2.0,True,0.0,-0.0789554805079119,1.75308692,6.377853559768521,7.793387578544948,7.470106411393965
P77211,3PIK,Cation efflux system protein cusC,2.3,X-ray,True,,1287,3.0,3.0,0.0,False,0.0,-0.0622353327295757,8.605556665,16.566130993441597,19.038212612442887,16.550630690654394
P15647,3VVK,Halorhodopsin,2.3,X-ray,True,,778,3.0,3.0,0.0,False,0.005,-0.0007103639155268,19.842064265,24.802450392552664,24.845296426121603,25.13150456666614
P15690,7QSM,"NADH-ubiquinone oxidoreductase 75 kDa subunit, mitochondrial",2.3,EM,True,,8265,1.0,21.0,20.0,True,0.0,-0.0107239848875503,31.894064539999995,30.23785486002093,31.057918266734475,31.862510970835103
P18509,8E3Y,Pituitary adenylate cyclase-activating polypeptide,2.3,EM,True,,1140,1.0,1.0,0.0,False,0.0,0.0167439988610331,4.573325775000002,12.482425658637109,11.997571013625924,12.065383570038902
P18531,1EZV,HEAVY CHAIN (VH) OF FV-FRAGMENT,2.3,X-ray,True,,4122,2.0,10.0,8.0,True,0.0,0.0491127530608309,23.42942454000001,29.223526196563498,26.00459720894277,27.30900484946149
P21359,2D4Q,Neurofibromin,2.3,X-ray,False,no_TM_span,257,0.0,,,,,,,,,
P69447,6TQJ,"ATP synthase subunit c, chloroplastic",2.3,X-ray,True,,1160,14.0,14.0,0.0,False,0.004,0.0280503230095681,19.850054335000003,26.32359529285486,24.631382312730157,25.13656407728772
Q03736,1M56,CYTOCHROME C OXIDASE,2.3,X-ray,True,,1115,1.0,4.0,3.0,True,0.0,0.0200932554215841,10.279037605000005,18.30247444337011,17.430180538718478,18.088447390880333
B1YFV8,4HYJ,Rhodopsin,2.3,X-ray,True,,236,1.0,1.0,0.0,False,0.0,0.0101693494290979,4.300611305000001,11.37139211936274,11.085833961369929,11.7001157900906
Q02375,7QSM,"NADH dehydrogenase [ubiquinone] iron-sulfur protein 4, mitochondrial",2.3,EM,True,,8265,1.0,21.0,20.0,True,0.0,-0.0107239848875503,31.894064539999995,30.23785486002093,31.057918266734475,31.862510970835103
Q02376,7QSM,"NADH dehydrogenase [ubiquinone] 1 subunit C1, mitochondrial",2.3,EM,True,,8265,1.0,21.0,20.0,True,0.0,-0.0107239848875503,31.894064539999995,30.23785486002093,31.057918266734475,31.862510970835103
P68183,3PUW,Maltose transport system permease protein malG,2.3,X-ray,True,,1892,1.0,2.0,1.0,True,0.0,0.0260319823733518,11.854469435,19.357966205426745,18.144340944393328,19.42522796938063
Q9NA73,5EIK,Uncharacterized protein Y57A10A.28,2.3,X-ray,True,,702,3.0,3.0,0.0,False,0.0,0.0168132452334934,26.583133705,32.07907192152948,30.905280474328784,29.088957121297835
P00735,1NL2,Prothrombin,2.3,X-ray,False,no_TM_span,153,0.0,,,,,,,,,
P00743,1IOD,COAGULATION FACTOR X GLA DOMAIN,2.3,X-ray,False,no_TM_span,52,0.0,,,,,,,,,
P08165,1E6E,NADPH\:ADRENODOXIN OXIDOREDUCTASE,2.3,X-ray,False,no_TM_span,570,0.0,,,,,,,,,
P08172,5ZKC,"Muscarinic acetylcholine receptor M2,Apo-cytochrome b562,Muscarinic acetylcholine receptor M2",2.3,X-ray,True,,279,1.0,1.0,0.0,False,0.0,0.0633974693646825,5.263288224999999,13.41953044716803,11.45011742839634,12.943556991230174
Q72CX3,3K3F,Urea transporter,2.3,X-ray,True,,996,3.0,3.0,0.0,False,0.0,-0.0004274937300172,29.858761715000004,30.615369632388692,30.646999833352,30.82910806865904
P14170,1PCV,osmotin,2.3,X-ray,False,no_TM_span,205,0.0,,,,,,,,,
Q72EF3,2J7A,CYTOCHROME C NITRITE REDUCTASE NRFA,2.3,X-ray,True,,2279,2.0,2.0,0.0,False,0.0,0.3969514833175833,0.47200426,6.763686739567251,3.070964060473346,3.8761272202917225
Q72EF4,2J7A,CYTOCHROME C QUINOL DEHYDROGENASE NRFH,2.3,X-ray,True,,2279,2.0,2.0,0.0,False,0.0,0.3969514833175833,0.47200426,6.763686739567251,3.070964060473346,3.8761272202917225
Q6VVX0,3CZH,Cytochrome P450 2R1,2.3,X-ray,False,no_TM_span,465,0.0,,,,,,,,,
P23934,7QSM,"NADH dehydrogenase [ubiquinone] iron-sulfur protein 6, mitochondrial",2.3,EM,True,,8265,1.0,21.0,20.0,True,0.0,-0.0107239848875503,31.894064539999995,30.23785486002093,31.057918266734475,31.862510970835103
P23935,7QSM,NADH dehydrogenase [ubiquinone] 1 alpha subcomplex subunit 5,2.3,EM,True,,8265,1.0,21.0,20.0,True,0.0,-0.0107239848875503,31.894064539999995,30.23785486002093,31.057918266734475,31.862510970835103
Q9IAM1,1IOD,COAGULATION FACTOR X BINDING PROTEIN,2.3,X-ray,False,no_TM_span,52,0.0,,,,,,,,,
Q0JRZ9,2V0O,FCH DOMAIN ONLY PROTEIN 2,2.3,X-ray,False,no_TM_span,544,0.0,,,,,,,,,
Q07837,6LI9,Neutral and basic amino acid transport protein rBAT,2.3,EM,True,,2166,2.0,4.0,2.0,True,0.0,-0.0789554805079119,1.75308692,6.377853559768521,7.793387578544948,7.470106411393965
P68187,3PUW,Maltose/maltodextrin import ATP-binding protein MalK,2.3,X-ray,True,,1892,1.0,2.0,1.0,True,0.0,0.0260319823733518,11.854469435,19.357966205426745,18.144340944393328,19.42522796938063
P63034,1U27,Cytohesin 2,2.3,X-ray,False,no_TM_span,119,0.0,,,,,,,,,
P63045,1KIL,Synaptobrevin SNARE motif,2.3,X-ray,False,no_TM_span,305,0.0,,,,,,,,,
Q05652,1IK7,PROBABLE SERINE/THREONINE-PROTEIN KINASE Pelle,2.3,X-ray,False,no_TM_span,52,0.0,,,,,,,,,
Q05752,7QSM,NADH dehydrogenase [ubiquinone] 1 alpha subcomplex subunit 7,2.3,EM,True,,8265,1.0,21.0,20.0,True,0.0,-0.0107239848875503,31.894064539999995,30.23785486002093,31.057918266734475,31.862510970835103
P23709,7QSM,"NADH dehydrogenase [ubiquinone] iron-sulfur protein 3, mitochondrial",2.3,EM,True,,8265,1.0,21.0,20.0,True,0.0,-0.0107239848875503,31.894064539999995,30.23785486002093,31.057918266734475,31.862510970835103
A0A977XLG0,8I2Z,Xanthorhodopsin,2.3,EM,True,,1270,5.0,5.0,0.0,False,0.0,0.0260498571655678,40.91479520499999,37.38370538571482,35.12748331851775,36.08820278835821
Q7Z4H4,6UVA,Protein ADM2,2.3,EM,True,,1199,1.0,2.0,1.0,True,0.0,0.0271380706544663,4.839480179999999,12.698237203146192,11.88985893086251,12.411504281449975
O29988,4KPP,Putative uncharacterized protein,2.3,X-ray,True,,396,1.0,1.0,0.0,False,0.0,0.0139014431569703,10.38825446,18.216642641325432,17.609951738116486,18.184290183592143
P25708,7QSM,"NADH dehydrogenase [ubiquinone] flavoprotein 1, mitochondrial",2.3,EM,True,,8265,1.0,21.0,20.0,True,0.0,-0.0107239848875503,31.894064539999995,30.23785486002093,31.057918266734475,31.862510970835103
P09545,1XEZ,hemolysin,2.3,X-ray,False,no_TM_span,663,0.0,,,,,,,,,
P09683,6WZG,Secretin,2.3,EM,True,,1165,1.0,1.0,0.0,False,0.0,0.0749020745952261,4.55083784,12.990582642116255,10.826988323503071,12.035683091919992
P00590,1OXM,CUTINASE,2.3,X-ray,False,no_TM_span,196,0.0,,,,,,,,,
A5W3Z9,4RL8,Protein involved in meta-pathway of phenol degradation-like protein,2.3,X-ray,True,,267,1.0,1.0,0.0,False,0.0,0.015368904155775,4.825544484999998,12.476209343320576,12.01906603240822,12.393621406978545
Q16602,6UVA,Calcitonin gene-related peptide type 1 receptor,2.3,EM,True,,1199,1.0,2.0,1.0,True,0.0,0.0271380706544663,4.839480179999999,12.698237203146192,11.88985893086251,12.411504281449975
P00257,1E6E,ADRENODOXIN,2.3,X-ray,False,no_TM_span,570,0.0,,,,,,,,,
Q15642,2EFK,Cdc42-interacting protein 4,2.3,X-ray,False,no_TM_span,546,0.0,,,,,,,,,
P60880,1KIL,SNAP-25 C-terminal SNARE motif,2.3,X-ray,False,no_TM_span,305,0.0,,,,,,,,,
P60932,6FMV,Undecaprenyl-diphosphatase,2.3,X-ray,True,,277,1.0,1.0,0.0,False,0.0,0.0306377826960615,6.492311645,14.513634818477422,13.456590207935644,14.375559052745214
D6WJ77,5V7P,Protein-S-isoprenylcysteine O-methyltransferase,2.3,X-ray,True,,285,1.0,1.0,0.0,False,0.0,-0.0824371244956362,6.367466175000001,11.500816948100338,14.31752907346138,14.236668969402173
P25712,7QSM,"NADH dehydrogenase [ubiquinone] flavoprotein 3, mitochondrial",2.3,EM,True,,8265,1.0,21.0,20.0,True,0.0,-0.0107239848875503,31.894064539999995,30.23785486002093,31.057918266734475,31.862510970835103
P26349,3C59,Exendin-4,2.3,X-ray,False,no_TM_span,130,0.0,,,,,,,,,
A0ACD6BAR6,2RGH,Alpha-Glycerophosphate Oxidase,2.3,X-ray,False,no_TM_span,546,0.0,,,,,,,,,
Q63707,1UUM,DIHYDROOROTATE DEHYDROGENASE,2.3,X-ray,False,no_TM_span,350,0.0,,,,,,,,,
Q60932,3EMN,Voltage-dependent anion-selective channel protein 1,2.3,X-ray,True,,283,1.0,1.0,0.0,False,0.0,-0.0013242229191497,10.90588828,18.45326630965383,18.51248079074349,18.63183312811688
Q61194,2B3R,Phosphatidylinositol-4-phosphate 3-kinase C2 domain-containing alpha polypeptide,2.3,X-ray,False,no_TM_span,248,0.0,,,,,,,,,
O97725,7QSM,NADH dehydrogenase [ubiquinone] 1 alpha subcomplex subunit 12,2.3,EM,True,,8265,1.0,21.0,20.0,True,0.0,-0.0107239848875503,31.894064539999995,30.23785486002093,31.057918266734475,31.862510970835103
P56601,2IVD,PROTOPORPHYRINOGEN OXIDASE,2.3,X-ray,False,no_TM_span,449,0.0,,,,,,,,,
Q26710,3W54,"Alternative oxidase, mitochondrial",2.3,X-ray,False,no_TM_span,528,0.0,,,,,,,,,
O97148,1FJR,METHUSELAH ECTODOMAIN,2.3,X-ray,False,no_TM_span,188,0.0,,,,,,,,,
Q9BUL8,3AJM,Programmed cell death protein 10,2.3,X-ray,False,no_TM_span,391,0.0,,,,,,,,,
P58743,7LGU,Prestin,2.3,EM,True,,1360,2.0,2.0,0.0,False,0.0,0.0158436243057911,30.66488107,31.58826281854322,30.40027637918635,31.24249478391759
P55776,6I8X,Fatty acid-binding protein homolog,2.3,X-ray,False,no_TM_span,149,0.0,,,,,,,,,
P52754,2GVM,Hydrophobin-1,2.3,X-ray,False,no_TM_span,70,0.0,,,,,,,,,
P32241,8E3Y,Vasoactive intestinal polypeptide receptor 1,2.3,EM,True,,1140,1.0,1.0,0.0,False,0.0,0.0167439988610331,4.573325775000002,12.482425658637109,11.997571013625924,12.065383570038902
P53848,2BMB,FOLIC ACID SYNTHESIS PROTEIN FOL1,2.3,X-ray,False,no_TM_span,513,0.0,,,,,,,,,
Q9DEF8,1IOD,COAGULATION FACTOR X BINDING PROTEIN,2.3,X-ray,False,no_TM_span,52,0.0,,,,,,,,,
P29183,1HPL,LIPASE,2.3,X-ray,False,no_TM_span,450,0.0,,,,,,,,,
O43924,1KSG,"RETINAL ROD RHODOPSIN-SENSITIVE CGMP 3',5'-CYCLIC PHOSPHODIESTERASE DELTA-SUBUNIT",2.3,X-ray,False,no_TM_span,308,0.0,,,,,,,,,
Q8HXG5,7QSM,"NADH dehydrogenase [ubiquinone] 1 beta subcomplex subunit 11, mitochondrial",2.3,EM,True,,8265,1.0,21.0,20.0,True,0.0,-0.0107239848875503,31.894064539999995,30.23785486002093,31.057918266734475,31.862510970835103
Q8HXG6,7QSM,NADH dehydrogenase [ubiquinone] 1 alpha subcomplex subunit 11,2.3,EM,True,,8265,1.0,21.0,20.0,True,0.0,-0.0107239848875503,31.894064539999995,30.23785486002093,31.057918266734475,31.862510970835103
P32019,4CML,"TYPE II INOSITOL 1,4,5-TRISPHOSPHATE 5- PHOSPHATASE, ISOFORM 2",2.3,X-ray,False,no_TM_span,312,0.0,,,,,,,,,
P47872,6WZG,Secretin receptor,2.3,EM,True,,1165,1.0,1.0,0.0,False,0.0,0.0749020745952261,4.55083784,12.990582642116255,10.826988323503071,12.035683091919992
P34942,7QSM,"NADH dehydrogenase [ubiquinone] 1 alpha subcomplex subunit 10, mitochondrial",2.3,EM,True,,8265,1.0,21.0,20.0,True,0.0,-0.0107239848875503,31.894064539999995,30.23785486002093,31.057918266734475,31.862510970835103
P34943,7R41,"NADH dehydrogenase [ubiquinone] 1 alpha subcomplex subunit 9, mitochondrial",2.3,EM,True,,8194,1.0,20.0,19.0,True,0.0,-0.008508863053707,30.583298595,30.18768561953059,30.824847817513977,31.20090751067881
P48305,7QSM,NADH dehydrogenase [ubiquinone] 1 beta subcomplex subunit 4,2.3,EM,True,,8265,1.0,21.0,20.0,True,0.0,-0.0107239848875503,31.894064539999995,30.23785486002093,31.057918266734475,31.862510970835103
Q99808,6OB7,Equilibrative nucleoside transporter 1,2.3,X-ray,True,,381,1.0,1.0,0.0,False,0.0,0.0285572410255406,7.712714514999999,15.459182263665078,14.385301209232637,15.66854581458573
Q99385,4K1C,Vacuolar calcium ion transporter,2.3,X-ray,True,,379,1.0,1.0,0.0,False,0.0,-0.0218503461389649,9.502506749999998,16.081201953347126,16.993241604754694,17.391784963175006
P52505,7QSM,"Acyl carrier protein, mitochondrial",2.3,EM,True,,8265,1.0,21.0,20.0,True,0.0,-0.0107239848875503,31.894064539999995,30.23785486002093,31.057918266734475,31.862510970835103
P50172,1Y5M,"Corticosteroid 11-beta-dehydrogenase, isozyme 1",2.3,X-ray,False,no_TM_span,530,0.0,,,,,,,,,
P42287,6PJ4,Peptide aldehyde inhibitor,2.3,X-ray,True,,183,1.0,1.0,0.0,False,0.0,0.0226693041225127,4.995979205000001,11.555266638918,10.869170768696636,12.610589090602131
P33517,1M56,CYTOCHROME C OXIDASE,2.3,X-ray,True,,1115,1.0,4.0,3.0,True,0.0,0.0200932554215841,10.279037605000005,18.30247444337011,17.430180538718478,18.088447390880333
P32851,1KIL,Syntaxin SNARE motif short,2.3,X-ray,False,no_TM_span,305,0.0,,,,,,,,,
Q62420,1ZWW,SH3-containing GRB2-like protein 2,2.3,X-ray,False,no_TM_span,395,0.0,,,,,,,,,
Q8RUT8,3UG9,"Archaeal-type opsin 1, Archaeal-type opsin 2",2.3,X-ray,True,,562,2.0,2.0,0.0,False,0.0,7.91202449008466e-05,11.756132030000002,19.15381579782435,19.150142499880918,19.344490296802643
P11169,7CRZ,"Solute carrier family 2, facilitated glucose transporter member 3",2.3,X-ray,True,,471,1.0,1.0,0.0,False,0.0,0.0187397438533593,8.180800175000002,16.01375118897703,15.287983134880122,16.137005833166775
G2FID1,6FL9,Cys-loop ligand-gated ion channel,2.3,X-ray,True,,1550,5.0,5.0,0.0,False,0.0,0.0798725967162541,23.3051928,29.43139981037239,24.21031846893448,27.23650724241142
Q5QUJ8,3TX3,Uncharacterized protein involved in cysteine biosynthesis,2.3,X-ray,True,,227,1.0,1.0,0.0,False,0.0,-0.250603542151075,6.933229835000001,3.706068742667496,12.641001927117893,14.855691164213503
P45723,4F2T,1-phosphatidylinositol phosphodiesterase,2.3,X-ray,False,no_TM_span,304,0.0,,,,,,,,,
Q95KV7,7QSM,NADH dehydrogenase [ubiquinone] 1 alpha subcomplex subunit 13,2.3,EM,True,,8265,1.0,21.0,20.0,True,0.0,-0.0107239848875503,31.894064539999995,30.23785486002093,31.057918266734475,31.862510970835103
P42210,1QDM,PROPHYTEPSIN,2.3,X-ray,False,no_TM_span,430,0.0,,,,,,,,,
P42029,7QSM,NADH dehydrogenase [ubiquinone] 1 alpha subcomplex subunit 8,2.3,EM,True,,8265,1.0,21.0,20.0,True,0.0,-0.0107239848875503,31.894064539999995,30.23785486002093,31.057918266734475,31.862510970835103
Q45Z29,1P7O,PHOSPHOLIPASE A2,2.3,X-ray,False,no_TM_span,124,0.0,,,,,,,,,
Q48152,2GR7,Adhesin,2.3,X-ray,True,,303,3.0,3.0,0.0,False,0.0,0.0083399030003153,4.133539639999998,11.179851257277928,10.950258407731752,11.470599515040991
Q5G290,1Y75,phospholipase A2 isoform 6,2.3,X-ray,False,no_TM_span,118,0.0,,,,,,,,,
Q5SIA2,5BZ3,Na(+)/H(+) antiporter,2.3,X-ray,True,,772,2.0,2.0,0.0,False,0.0,0.036139476592029,23.071816865,29.095092808715957,26.74459927024623,27.099792250774566
P03887,7QSM,NADH-ubiquinone oxidoreductase chain 1,2.3,EM,True,,8265,1.0,21.0,20.0,True,0.0,-0.0107239848875503,31.894064539999995,30.23785486002093,31.057918266734475,31.862510970835103
Q59646,3WFD,Nitric oxide reductase subunit C,2.3,X-ray,True,,592,1.0,2.0,1.0,True,0.0,0.0289820235809686,10.100680095,18.081594860335517,16.834382750208704,17.930829125889105
Q5G291,1Y75,phospholipase A2 isoform 5,2.3,X-ray,False,no_TM_span,118,0.0,,,,,,,,,
O60896,6UVA,Receptor activity-modifying protein 3,2.3,EM,True,,1199,1.0,2.0,1.0,True,0.0,0.0271380706544663,4.839480179999999,12.698237203146192,11.88985893086251,12.411504281449975
Q57727,6M31,Digeranylgeranylglyceryl phosphate synthase,2.3,X-ray,True,,560,2.0,2.0,0.0,False,0.0,-0.0960173052447453,20.9230447,20.737805890811792,26.684810293288567,25.806999006229617
P42028,7QSM,"NADH dehydrogenase [ubiquinone] iron-sulfur protein 8, mitochondrial",2.3,EM,True,,8265,1.0,21.0,20.0,True,0.0,-0.0107239848875503,31.894064539999995,30.23785486002093,31.057918266734475,31.862510970835103
P41586,8E3X,Pituitary adenylate cyclase-activating polypeptide type I receptor,2.3,EM,True,,1140,1.0,1.0,0.0,False,0.0,0.0431846866988763,4.676595865,13.358399807930036,12.093864386066471,12.200847091557764
P42026,7QSM,"NADH dehydrogenase [ubiquinone] iron-sulfur protein 7, mitochondrial",2.3,EM,True,,8265,1.0,21.0,20.0,True,0.0,-0.0107239848875503,31.894064539999995,30.23785486002093,31.057918266734475,31.862510970835103
A0A0H2V8D3,7MDF,Beta-lactamase,2.3,X-ray,True,,918,2.0,2.0,0.0,False,0.0,-0.009131397011163,7.355785570000002,14.069641945816944,14.404984031325649,15.301696858777037
P04394,7QSM,"NADH dehydrogenase [ubiquinone] flavoprotein 2, mitochondrial",2.3,EM,True,,8265,1.0,21.0,20.0,True,0.0,-0.0107239848875503,31.894064539999995,30.23785486002093,31.057918266734475,31.862510970835103
Q59647,3WFD,Nitric oxide reductase subunit B,2.3,X-ray,True,,592,1.0,2.0,1.0,True,0.0,0.0289820235809686,10.100680095,18.081594860335517,16.834382750208704,17.930829125889105
P02975,3SOK,Fimbrial protein,2.3,X-ray,True,,151,1.0,1.0,0.0,False,0.0,-0.0118906354985296,0.089726315,1.417693940265122,1.465922166286817,1.689993287422792
S5UH55,7MBQ,Transient receptor potential melastatin 5,2.3,EM,True,,3992,4.0,4.0,0.0,False,0.0,-0.0884133668185683,51.04221442499999,38.40889408671589,46.96190425189951,40.30786705370353
P03902,7R41,NADH-ubiquinone oxidoreductase chain 4L,2.3,EM,True,,8194,1.0,20.0,19.0,True,0.0,-0.008508863053707,30.583298595,30.18768561953059,30.824847817513977,31.20090751067881
P03898,7R41,NADH-ubiquinone oxidoreductase chain 3,2.3,EM,True,,8194,1.0,20.0,19.0,True,0.0,-0.008508863053707,30.583298595,30.18768561953059,30.824847817513977,31.20090751067881
P03892,7QSM,NADH-ubiquinone oxidoreductase chain 2,2.3,EM,True,,8265,1.0,21.0,20.0,True,0.0,-0.0107239848875503,31.894064539999995,30.23785486002093,31.057918266734475,31.862510970835103
Q02374,7QSM,"NADH dehydrogenase [ubiquinone] 1 beta subcomplex subunit 2, mitochondrial",2.3,EM,True,,8265,1.0,21.0,20.0,True,0.0,-0.0107239848875503,31.894064539999995,30.23785486002093,31.057918266734475,31.862510970835103
Q02371,7QSM,NADH dehydrogenase [ubiquinone] 1 alpha subcomplex subunit 3,2.3,EM,True,,8265,1.0,21.0,20.0,True,0.0,-0.0107239848875503,31.894064539999995,30.23785486002093,31.057918266734475,31.862510970835103
Q02372,7QSM,"NADH dehydrogenase [ubiquinone] 1 beta subcomplex subunit 8, mitochondrial",2.3,EM,True,,8265,1.0,21.0,20.0,True,0.0,-0.0107239848875503,31.894064539999995,30.23785486002093,31.057918266734475,31.862510970835103
P03910,7QSM,NADH-ubiquinone oxidoreductase chain 4,2.3,EM,True,,8265,1.0,21.0,20.0,True,0.0,-0.0107239848875503,31.894064539999995,30.23785486002093,31.057918266734475,31.862510970835103
P03920,7QSM,NADH-ubiquinone oxidoreductase chain 5,2.3,EM,True,,8265,1.0,21.0,20.0,True,0.0,-0.0107239848875503,31.894064539999995,30.23785486002093,31.057918266734475,31.862510970835103
P87666,5F1B,GP2,2.3,X-ray,False,no_TM_span,460,0.0,,,,,,,,,
Q02369,7QSM,NADH dehydrogenase [ubiquinone] 1 beta subcomplex subunit 9,2.3,EM,True,,8265,1.0,21.0,20.0,True,0.0,-0.0107239848875503,31.894064539999995,30.23785486002093,31.057918266734475,31.862510970835103
Q02370,7QSM,NADH dehydrogenase [ubiquinone] 1 alpha subcomplex subunit 2,2.3,EM,True,,8265,1.0,21.0,20.0,True,0.0,-0.0107239848875503,31.894064539999995,30.23785486002093,31.057918266734475,31.862510970835103
P03924,7QSM,NADH-ubiquinone oxidoreductase chain 6,2.3,EM,True,,8265,1.0,21.0,20.0,True,0.0,-0.0107239848875503,31.894064539999995,30.23785486002093,31.057918266734475,31.862510970835103
Q02373,7QSM,NADH dehydrogenase [ubiquinone] 1 beta subcomplex subunit 10,2.3,EM,True,,8265,1.0,21.0,20.0,True,0.0,-0.0107239848875503,31.894064539999995,30.23785486002093,31.057918266734475,31.862510970835103
Q9WY99,6L85,Phosphate transporter,2.302,X-ray,True,,801,2.0,2.0,0.0,False,0.001,0.0211425600349977,23.50727823,27.399447327263296,26.01142947590715,27.354339798068608
Q96PS8,6F7H,Aquaporin-10,2.304,X-ray,True,,1013,4.0,4.0,0.0,False,0.006,-0.0203279515963387,30.354037765,29.86151811486244,31.37800325251016,31.08374222354129
Q96E22,6W2L,Dehydrodolichyl diphosphate synthase complex subunit NUS1,2.306,X-ray,False,no_TM_span,523,0.0,,,,,,,,,
Q86SQ9,6W2L,Dehydrodolichyl diphosphate synthase complex subunit DHDDS,2.306,X-ray,False,no_TM_span,523,0.0,,,,,,,,,
Q05093,7ZQC,"Chlorophyll a-b binding protein, chloroplastic",2.31,EM,True,,4165,2.0,17.0,15.0,True,0.006,0.0277001580725664,38.915261770000015,36.60039826146295,34.2605993702284,35.195330009563946
Q75VZ0,7ZQC,"Chlorophyll a-b binding protein, chloroplastic (Lhca4)",2.31,EM,True,,4165,2.0,17.0,15.0,True,0.006,0.0277001580725664,38.915261770000015,36.60039826146295,34.2605993702284,35.195330009563946
P09144,7ZQC,Photosystem I P700 chlorophyll a apoprotein A2,2.31,EM,True,,4165,2.0,17.0,15.0,True,0.006,0.0277001580725664,38.915261770000015,36.60039826146295,34.2605993702284,35.195330009563946
A8IL32,7ZQC,PSI subunit V,2.31,EM,True,,4165,2.0,17.0,15.0,True,0.006,0.0277001580725664,38.915261770000015,36.60039826146295,34.2605993702284,35.195330009563946
P14225,7ZQC,"Photosystem I reaction center subunit psaK, chloroplastic",2.31,EM,True,,4165,2.0,17.0,15.0,True,0.006,0.0277001580725664,38.915261770000015,36.60039826146295,34.2605993702284,35.195330009563946
P59777,7ZQC,Photosystem I reaction center subunit IX,2.31,EM,True,,4165,2.0,17.0,15.0,True,0.006,0.0277001580725664,38.915261770000015,36.60039826146295,34.2605993702284,35.195330009563946
P14224,7ZQC,"Photosystem I reaction center subunit V, chloroplastic",2.31,EM,True,,4165,2.0,17.0,15.0,True,0.006,0.0277001580725664,38.915261770000015,36.60039826146295,34.2605993702284,35.195330009563946
A8IFG7,7ZQC,Photosystem I reaction center subunit VIII,2.31,EM,True,,4165,2.0,17.0,15.0,True,0.006,0.0277001580725664,38.915261770000015,36.60039826146295,34.2605993702284,35.195330009563946
P12356,7ZQC,"Photosystem I reaction center subunit III, chloroplastic",2.31,EM,True,,4165,2.0,17.0,15.0,True,0.006,0.0277001580725664,38.915261770000015,36.60039826146295,34.2605993702284,35.195330009563946
P12154,7ZQC,Photosystem I P700 chlorophyll a apoprotein A1,2.31,EM,True,,4165,2.0,17.0,15.0,True,0.006,0.0277001580725664,38.915261770000015,36.60039826146295,34.2605993702284,35.195330009563946
Q39615,7ZQC,"Photosystem I reaction center subunit II, chloroplastic",2.31,EM,True,,4165,2.0,17.0,15.0,True,0.006,0.0277001580725664,38.915261770000015,36.60039826146295,34.2605993702284,35.195330009563946
Q00914,7ZQC,Photosystem I iron-sulfur center,2.31,EM,True,,4165,2.0,17.0,15.0,True,0.006,0.0277001580725664,38.915261770000015,36.60039826146295,34.2605993702284,35.195330009563946
P12352,7ZQC,"Photosystem I reaction center subunit IV, chloroplastic",2.31,EM,True,,4165,2.0,17.0,15.0,True,0.006,0.0277001580725664,38.915261770000015,36.60039826146295,34.2605993702284,35.195330009563946
Q9I6P8,3SZD,porin,2.311,X-ray,True,,372,1.0,1.0,0.0,False,0.0,-0.0329745125423885,10.860828565000002,18.101618840551264,19.57307107490569,18.593302838352344
A0A0H3AME7,6EHE,OmpT protein,2.312,X-ray,True,,303,1.0,1.0,0.0,False,0.0,-0.0022512424063984,8.93261416,16.693181875598274,16.78428805905343,16.862204472112527
Q58026,3GIA,Uncharacterized protein MJ0609,2.32,X-ray,True,,433,1.0,1.0,0.0,False,0.0,-0.0178065958274444,10.30608645,17.06518420222426,17.839225437160124,18.11223123996546
Q841A2,4B7O,IRON-REGULATED OUTER MEMBRANE PROTEIN,2.32,X-ray,True,,649,1.0,1.0,0.0,False,0.0,-0.0092689887548785,14.618636895000003,20.89942232790753,21.379290670632383,21.57140849877359
Q9HY38,4FSP,Probable porin,2.323,X-ray,True,,364,1.0,1.0,0.0,False,0.0,-0.0358778639299444,10.95695591,18.057968072280257,19.666048776817533,18.675404650590337
P57758,7ZKZ,Cystinosin homolog,2.329,X-ray,True,,482,1.0,1.0,0.0,False,0.0,-0.0586246123336152,5.1683936500000005,11.16937146172737,12.974026013956436,12.826343183014115
Q9X6A5,3EFM,Ferric alcaligin siderophore receptor,2.33,X-ray,True,,572,1.0,1.0,0.0,False,0.0,-0.01070309180022,14.170591825,20.972973125888643,21.51852939417705,21.238266103834142
O14842,4PHU,"Free fatty acid receptor 1,Lysozyme",2.332,X-ray,True,,437,1.0,1.0,0.0,False,0.0,0.0498134025660189,4.869420445,12.545371599746511,11.05696649594812,12.449838021552624
Q8NFK1,6L3T,Gap junction gamma-3 protein,2.34,EM,True,,1206,6.0,6.0,0.0,False,0.0,-0.0609258780524337,33.57213347999999,31.133772844604447,35.91376928082684,32.689970919176154
P53860,4FMM,Phosphatidylinositol transfer protein PDR16,2.34,X-ray,False,no_TM_span,325,0.0,,,,,,,,,
Q9SV68,5A3V,"PUTATIVE QUINONE-OXIDOREDUCTASE HOMOLOG, CHLOROPLASTIC",2.34,X-ray,False,no_TM_span,334,0.0,,,,,,,,,
Q16696,2P85,Cytochrome P450 2A13,2.35,X-ray,False,no_TM_span,464,0.0,,,,,,,,,
A0A979HMS2,7WAX,lipid II flippase MurJ,2.35,X-ray,True,,512,1.0,1.0,0.0,False,0.0,-0.0065832930255725,14.084922695000005,19.95657061149936,20.29111729230545,21.17397019916893
A0A143BHR2,7O0U,Photosynthetic reaction center L subunit,2.35,EM,True,,4972,2.0,59.0,57.0,True,0.084,0.1558124779442545,12.653541255,24.423093459693064,16.918199117053472,20.06924830854646
P21616,4A01,PROTON PYROPHOSPHATASE,2.35,X-ray,True,,1480,2.0,2.0,0.0,False,0.0,0.0078511850295951,30.51380594500001,30.17387529024537,29.586629776210494,31.16543934775704
P08631,3RBB,Tyrosine-protein kinase HCK,2.35,X-ray,False,no_TM_span,197,0.0,,,,,,,,,
A0A143BHS8,7O0U,Light-harvesting protein B:885 subunit beta,2.35,EM,True,,4972,2.0,59.0,57.0,True,0.084,0.1558124779442545,12.653541255,24.423093459693064,16.918199117053472,20.06924830854646
A0A143BHS7,7O0U,LHC domain-containing protein,2.35,EM,True,,4972,2.0,59.0,57.0,True,0.084,0.1558124779442545,12.653541255,24.423093459693064,16.918199117053472,20.06924830854646
A0A1Z3HRY4,6KMW,Photosystem I P700 chlorophyll a apoprotein A2,2.35,EM,True,,5742,6.0,15.0,9.0,True,0.013,0.0085979750781984,191.228407865,79.9772950315681,78.36735873463167,78.01915966133937
O34952,2W8D,PROCESSED GLYCEROL PHOSPHATE LIPOTEICHOIC ACID SYNTHASE 2,2.35,X-ray,False,no_TM_span,420,0.0,,,,,,,,,
Q2G506,4MRS,ABC transporter related protein,2.35,X-ray,True,,1198,2.0,2.0,0.0,False,0.002,-0.0515340130362089,10.396664870000002,15.816391479147452,18.066364397793045,18.191649764275684
Q5WPU5,7LCH,Envelope protein E,2.35,EM,True,,1711,3.0,4.0,1.0,True,0.001,0.4146303268712797,14.825481879999996,40.95749800047813,19.340181625850704,21.723483721177526
A0A1Z3HI16,6KMW,Photosystem I reaction center subunit IV,2.35,EM,True,,5742,6.0,15.0,9.0,True,0.013,0.0085979750781984,191.228407865,79.9772950315681,78.36735873463167,78.01915966133937
A0A1Z3HRW4,6KMW,Photosystem I P700 chlorophyll a apoprotein A1,2.35,EM,True,,5742,6.0,15.0,9.0,True,0.013,0.0085979750781984,191.228407865,79.9772950315681,78.36735873463167,78.01915966133937
A0A1Z3HSF0,6KMW,Photosystem I reaction center subunit VIII,2.35,EM,True,,5742,6.0,15.0,9.0,True,0.013,0.0085979750781984,191.228407865,79.9772950315681,78.36735873463167,78.01915966133937
A0A1Z3HS05,6KMW,Photosystem I reaction center subunit XI,2.35,EM,True,,5742,6.0,15.0,9.0,True,0.013,0.0085979750781984,191.228407865,79.9772950315681,78.36735873463167,78.01915966133937
Q5W0Z9,6BMM,human DHHC20 palmitoyltransferase,2.35,X-ray,True,,290,1.0,1.0,0.0,False,0.0,-0.0806747393598387,2.729637339999999,7.931616472137881,9.73640512404331,9.321322604751028
A0A1Z3HPE3,6KMW,Photosystem I iron-sulfur center,2.35,EM,True,,5742,6.0,15.0,9.0,True,0.013,0.0085979750781984,191.228407865,79.9772950315681,78.36735873463167,78.01915966133937
P02730,7UZ3,Band 3 anion transport protein,2.35,EM,True,,1114,2.0,4.0,2.0,True,0.0,-0.0105397089957224,32.12662134000001,31.376629415695614,32.18553429050744,31.978463349894007
Q02060,4RI2,"Photosystem II 22 kDa protein, chloroplastic",2.35,X-ray,True,,340,2.0,2.0,0.0,False,0.041,0.1207406993654405,6.481919585000001,17.278528240094083,13.116147418311106,14.36404916920655
P02724,7UZ3,Glycophorin-A,2.35,EM,True,,1114,2.0,4.0,2.0,True,0.0,-0.0105397089957224,32.12662134000001,31.376629415695614,32.18553429050744,31.978463349894007
P03407,3RBB,Protein Nef,2.35,X-ray,False,no_TM_span,197,0.0,,,,,,,,,
A0A143BJ28,7O0U,PRCH domain-containing protein,2.35,EM,True,,4972,2.0,59.0,57.0,True,0.084,0.1558124779442545,12.653541255,24.423093459693064,16.918199117053472,20.06924830854646
Q9RTP8,6D91,Divalent metal cation transporter MntH,2.356,X-ray,True,,398,1.0,1.0,0.0,False,0.0,0.0465079968853165,8.401816590000003,17.772580706429675,15.947212262271671,16.353535649821982
Q5SLI2,2YEV,CYTOCHROME C OXIDASE SUBUNIT 2,2.36,X-ray,True,,1164,1.0,3.0,2.0,True,0.0,0.0191398274650647,18.937123265,24.74644070230491,23.61864268451646,24.55172814921704
Q5SH67,2YEV,CAA3-TYPE CYTOCHROME OXIDASE SUBUNIT IV,2.36,X-ray,True,,1164,1.0,3.0,2.0,True,0.0,0.0191398274650647,18.937123265,24.74644070230491,23.61864268451646,24.55172814921704
Q00802,4IY8,30K protein 1,2.36,X-ray,False,no_TM_span,240,0.0,,,,,,,,,
P98005,2YEV,CYTOCHROME C OXIDASE POLYPEPTIDE I+III,2.36,X-ray,True,,1164,1.0,3.0,2.0,True,0.0,0.0191398274650647,18.937123265,24.74644070230491,23.61864268451646,24.55172814921704
Q9NR80,2DX1,Rho guanine nucleotide exchange factor 4,2.36,X-ray,False,no_TM_span,385,0.0,,,,,,,,,
Q5QF96,4EZC,Urea transporter 1,2.36,X-ray,True,,1037,3.0,3.0,0.0,False,0.001,-0.0057031668001902,30.730570185,31.40352197960051,31.831614547479447,31.27594011049123
P58564,6K61,Photosystem I reaction center subunit III,2.37,EM,True,,4542,4.0,18.0,14.0,True,0.001,0.0289487259775414,129.63302186,67.60896187515871,63.14599582487906,64.2366503126661
P20292,6VGC,5-lipoxygenase-activating protein,2.37,X-ray,True,,445,3.0,3.0,0.0,False,0.021,-0.0570867045586672,9.48454423,14.559286268386211,16.93984834970072,17.375339404904956
P58560,6K61,Photosystem I reaction center subunit VIII,2.37,EM,True,,4542,4.0,18.0,14.0,True,0.001,0.0289487259775414,129.63302186,67.60896187515871,63.14599582487906,64.2366503126661
Q2M385,6U2J,Macrophage-expressed gene 1 protein,2.37,EM,False,no_TM_span,9200,0.0,,,,,,,,,
P58583,6K61,Photosystem I reaction center subunit PsaK 1,2.37,EM,True,,4542,4.0,18.0,14.0,True,0.001,0.0289487259775414,129.63302186,67.60896187515871,63.14599582487906,64.2366503126661
P58573,6K61,Photosystem I reaction center subunit II,2.37,EM,True,,4542,4.0,18.0,14.0,True,0.001,0.0289487259775414,129.63302186,67.60896187515871,63.14599582487906,64.2366503126661
P58566,6K61,Photosystem I 4.8 kDa protein,2.37,EM,True,,4542,4.0,18.0,14.0,True,0.001,0.0289487259775414,129.63302186,67.60896187515871,63.14599582487906,64.2366503126661
P58576,6K61,Photosystem I P700 chlorophyll a apoprotein A1,2.37,EM,True,,4542,4.0,18.0,14.0,True,0.001,0.0289487259775414,129.63302186,67.60896187515871,63.14599582487906,64.2366503126661
P58575,6K61,Photosystem I reaction center subunit IV,2.37,EM,True,,4542,4.0,18.0,14.0,True,0.001,0.0289487259775414,129.63302186,67.60896187515871,63.14599582487906,64.2366503126661
Q8YNB0,6K61,Photosystem I reaction center subunit XII,2.37,EM,True,,4542,4.0,18.0,14.0,True,0.001,0.0289487259775414,129.63302186,67.60896187515871,63.14599582487906,64.2366503126661
P58568,6K61,Photosystem I reaction center subunit IX,2.37,EM,True,,4542,4.0,18.0,14.0,True,0.001,0.0289487259775414,129.63302186,67.60896187515871,63.14599582487906,64.2366503126661
P58577,6K61,Photosystem I reaction center subunit XI,2.37,EM,True,,4542,4.0,18.0,14.0,True,0.001,0.0289487259775414,129.63302186,67.60896187515871,63.14599582487906,64.2366503126661
P0A410,6K61,Photosystem I iron-sulfur center,2.37,EM,True,,4542,4.0,18.0,14.0,True,0.001,0.0289487259775414,129.63302186,67.60896187515871,63.14599582487906,64.2366503126661
P58565,6K61,Photosystem I P700 chlorophyll a apoprotein A2 1,2.37,EM,True,,4542,4.0,18.0,14.0,True,0.001,0.0289487259775414,129.63302186,67.60896187515871,63.14599582487906,64.2366503126661
Q29437,1TU5,"Copper amine oxidase, liver isozyme",2.37,X-ray,False,no_TM_span,1270,0.0,,,,,,,,,
O67603,6EBU,LpxE,2.372,X-ray,True,,166,1.0,1.0,0.0,False,0.0,0.1104734484491441,3.2797319650000003,11.390674104962496,8.681646737343463,10.21749043793284
Q5M4H8,5OXP,Di-or tripeptide:H+ symporter,2.372,X-ray,True,,462,1.0,1.0,0.0,False,0.0,-0.0257884808074389,11.74883922,18.44619235979344,19.64309698270785,19.3384892763366
Q8RTE3,4MT4,CmeC,2.373,X-ray,True,,1418,3.0,3.0,0.0,False,0.001,-0.0701751475818508,8.263944865000003,16.340138859223146,19.071715219184377,16.21880189597022
A0A6J4B0S3,6LY5,FCPI-13,2.38,EM,True,,6647,2.0,32.0,30.0,True,0.006,0.0453659696283457,39.27901298500001,38.22297940031413,34.37310300560768,35.35943742859463
A0A6J4B109,6LY5,PsaA,2.38,EM,True,,6647,2.0,32.0,30.0,True,0.006,0.0453659696283457,39.27901298500001,38.22297940031413,34.37310300560768,35.35943742859463
A0A6J4B112,6LY5,FCPI-6,2.38,EM,True,,6647,2.0,32.0,30.0,True,0.006,0.0453659696283457,39.27901298500001,38.22297940031413,34.37310300560768,35.35943742859463
A0A6J4B118,6LY5,PsaR,2.38,EM,True,,6647,2.0,32.0,30.0,True,0.006,0.0453659696283457,39.27901298500001,38.22297940031413,34.37310300560768,35.35943742859463
A0A6J4B125,6LY5,FCPI,2.38,EM,True,,6647,2.0,32.0,30.0,True,0.006,0.0453659696283457,39.27901298500001,38.22297940031413,34.37310300560768,35.35943742859463
A0A6J4B150,6LY5,FCPI-3,2.38,EM,True,,6647,2.0,32.0,30.0,True,0.006,0.0453659696283457,39.27901298500001,38.22297940031413,34.37310300560768,35.35943742859463
A0A6J4B2D5,6LY5,FCPI-9,2.38,EM,True,,6647,2.0,32.0,30.0,True,0.006,0.0453659696283457,39.27901298500001,38.22297940031413,34.37310300560768,35.35943742859463
A0A6J4B2D8,6LY5,FCPI-16,2.38,EM,True,,6647,2.0,32.0,30.0,True,0.006,0.0453659696283457,39.27901298500001,38.22297940031413,34.37310300560768,35.35943742859463
W0E5B0,6ZXA,Light-harvesting protein B:800-850 subunit beta,2.38,EM,True,,791,7.0,14.0,7.0,True,0.0,0.2023554564369907,6.803947654999999,20.94833582512633,13.801205411759536,14.716534251186722
P0ABJ3,6WTI,Cytochrome o ubiquinol oxidase,2.38,EM,True,,1207,1.0,4.0,3.0,True,0.0,0.0004709547476614,15.876779445000002,22.066675635289634,22.04126610186077,22.480515692712878
P0ABJ6,6WTI,"Cytochrome o ubiquinol oxidase, subunit IV",2.38,EM,True,,1207,1.0,4.0,3.0,True,0.0,0.0004709547476614,15.876779445000002,22.066675635289634,22.04126610186077,22.480515692712878
A0A6J4B0N3,6LY5,PsaL,2.38,EM,True,,6647,2.0,32.0,30.0,True,0.006,0.0453659696283457,39.27901298500001,38.22297940031413,34.37310300560768,35.35943742859463
P0ABJ1,6WTI,Ubiquinol oxidase subunit 2,2.38,EM,True,,1207,1.0,4.0,3.0,True,0.0,0.0004709547476614,15.876779445000002,22.066675635289634,22.04126610186077,22.480515692712878
A4GGC6,6LY5,PsaJ,2.38,EM,True,,6647,2.0,32.0,30.0,True,0.006,0.0453659696283457,39.27901298500001,38.22297940031413,34.37310300560768,35.35943742859463
P0ABI8,6WTI,"Cytochrome o ubiquinol oxidase, subunit I",2.38,EM,True,,1207,1.0,4.0,3.0,True,0.0,0.0004709547476614,15.876779445000002,22.066675635289634,22.04126610186077,22.480515692712878
P12355,6LY5,PsaF,2.38,EM,True,,6647,2.0,32.0,30.0,True,0.006,0.0453659696283457,39.27901298500001,38.22297940031413,34.37310300560768,35.35943742859463
E1C9K6,6LY5,PsaE,2.38,EM,True,,6647,2.0,32.0,30.0,True,0.006,0.0453659696283457,39.27901298500001,38.22297940031413,34.37310300560768,35.35943742859463
A0A6J4B037,6LY5,FCPI-14,2.38,EM,True,,6647,2.0,32.0,30.0,True,0.006,0.0453659696283457,39.27901298500001,38.22297940031413,34.37310300560768,35.35943742859463
A0A6J4B024,6LY5,FCPI-11,2.38,EM,True,,6647,2.0,32.0,30.0,True,0.006,0.0453659696283457,39.27901298500001,38.22297940031413,34.37310300560768,35.35943742859463
Q03720,7PXE,Isoform J of Calcium-activated potassium channel slowpoke,2.38,EM,True,,3548,4.0,4.0,0.0,False,0.0,-0.0496456118234038,55.13011382500001,39.31510308252143,44.30637944665348,41.890882369478895
A0A1E7F4Y9,6LY5,FCPI-1,2.38,EM,True,,6647,2.0,32.0,30.0,True,0.006,0.0453659696283457,39.27901298500001,38.22297940031413,34.37310300560768,35.35943742859463
Q85G73,6LY5,PsaM,2.38,EM,True,,6647,2.0,32.0,30.0,True,0.006,0.0453659696283457,39.27901298500001,38.22297940031413,34.37310300560768,35.35943742859463
A0A6J4B0E7,6LY5,PsaB,2.38,EM,True,,6647,2.0,32.0,30.0,True,0.006,0.0453659696283457,39.27901298500001,38.22297940031413,34.37310300560768,35.35943742859463
P10793,6LY5,PsaC,2.38,EM,True,,6647,2.0,32.0,30.0,True,0.006,0.0453659696283457,39.27901298500001,38.22297940031413,34.37310300560768,35.35943742859463
B8C0K4,6LY5,FCPI-10,2.38,EM,True,,6647,2.0,32.0,30.0,True,0.006,0.0453659696283457,39.27901298500001,38.22297940031413,34.37310300560768,35.35943742859463
A0A6J4B0A4,6LY5,FCPI-4,2.38,EM,True,,6647,2.0,32.0,30.0,True,0.006,0.0453659696283457,39.27901298500001,38.22297940031413,34.37310300560768,35.35943742859463
P17227,6LY5,PsaI,2.38,EM,True,,6647,2.0,32.0,30.0,True,0.006,0.0453659696283457,39.27901298500001,38.22297940031413,34.37310300560768,35.35943742859463
A0A6J4B3M5,6LY5,FCPI-5,2.38,EM,True,,6647,2.0,32.0,30.0,True,0.006,0.0453659696283457,39.27901298500001,38.22297940031413,34.37310300560768,35.35943742859463
A0A6J4B492,6LY5,FCPI-8,2.38,EM,True,,6647,2.0,32.0,30.0,True,0.006,0.0453659696283457,39.27901298500001,38.22297940031413,34.37310300560768,35.35943742859463
A0A6J4B499,6LY5,FCPI-24,2.38,EM,True,,6647,2.0,32.0,30.0,True,0.006,0.0453659696283457,39.27901298500001,38.22297940031413,34.37310300560768,35.35943742859463
A0A6J4B7P2,6LY5,FCPI-7,2.38,EM,True,,6647,2.0,32.0,30.0,True,0.006,0.0453659696283457,39.27901298500001,38.22297940031413,34.37310300560768,35.35943742859463
A0A6J4B7P8,6LY5,FCPI-23,2.38,EM,True,,6647,2.0,32.0,30.0,True,0.006,0.0453659696283457,39.27901298500001,38.22297940031413,34.37310300560768,35.35943742859463
W0E6A1,6ZXA,LHC domain-containing protein,2.38,EM,True,,791,7.0,14.0,7.0,True,0.0,0.2023554564369907,6.803947654999999,20.94833582512633,13.801205411759536,14.716534251186722
B0SR19,4QNC,chemical transport protein,2.388,X-ray,True,,163,2.0,2.0,0.0,False,0.006,-0.0334333834872822,3.390151865000001,8.997208524109498,9.830748075298992,10.388064566096594
Q9UH99,3UNP,SUN domain-containing protein 2,2.39,X-ray,False,no_TM_span,579,0.0,,,,,,,,,
P05093,5UYS,"Steroid 17-alpha-hydroxylase/17,20 lyase",2.392,X-ray,False,no_TM_span,473,0.0,,,,,,,,,
A0A0M3KL12,7DKZ,PSI-F,2.393,X-ray,True,,3200,2.0,13.0,11.0,True,0.006,0.0506622071218383,37.89800032999999,38.36282871400188,34.13975600201916,34.7322734234826
Q9SQL2,7DKZ,"Chlorophyll a-b binding protein P4, chloroplastic",2.393,X-ray,True,,3200,2.0,13.0,11.0,True,0.006,0.0506622071218383,37.89800032999999,38.36282871400188,34.13975600201916,34.7322734234826
P05310,7DKZ,Photosystem I P700 chlorophyll a apoprotein A1,2.393,X-ray,True,,3200,2.0,13.0,11.0,True,0.006,0.0506622071218383,37.89800032999999,38.36282871400188,34.13975600201916,34.7322734234826
Q83SQ0,4Q35,LPS-assembly protein LptD,2.393,X-ray,True,,916,1.0,2.0,1.0,True,0.0,-0.0398949151031429,19.629140380000003,24.187156914459536,26.580497420375583,24.99629860648062
Q41038,7DKZ,"Chlorophyll a-b binding protein, chloroplastic",2.393,X-ray,True,,3200,2.0,13.0,11.0,True,0.006,0.0506622071218383,37.89800032999999,38.36282871400188,34.13975600201916,34.7322734234826
D5MAL3,7DKZ,Photosystem I reaction center subunit IX,2.393,X-ray,True,,3200,2.0,13.0,11.0,True,0.006,0.0506622071218383,37.89800032999999,38.36282871400188,34.13975600201916,34.7322734234826
Q83LX4,4Q35,LPS-assembly lipoprotein LptE,2.393,X-ray,True,,916,1.0,2.0,1.0,True,0.0,-0.0398949151031429,19.629140380000003,24.187156914459536,26.580497420375583,24.99629860648062
E1C9L1,7DKZ,PsaL,2.393,X-ray,True,,3200,2.0,13.0,11.0,True,0.006,0.0506622071218383,37.89800032999999,38.36282871400188,34.13975600201916,34.7322734234826
A0A0F6NGI2,7DKZ,Photosystem I P700 chlorophyll a apoprotein A2,2.393,X-ray,True,,3200,2.0,13.0,11.0,True,0.006,0.0506622071218383,37.89800032999999,38.36282871400188,34.13975600201916,34.7322734234826
Q32904,7DKZ,"Chlorophyll a-b binding protein 3, chloroplastic",2.393,X-ray,True,,3200,2.0,13.0,11.0,True,0.006,0.0506622071218383,37.89800032999999,38.36282871400188,34.13975600201916,34.7322734234826
E1C9L3,7DKZ,PSI-K,2.393,X-ray,True,,3200,2.0,13.0,11.0,True,0.006,0.0506622071218383,37.89800032999999,38.36282871400188,34.13975600201916,34.7322734234826
A0A0M3KL10,7DKZ,PsaH,2.393,X-ray,True,,3200,2.0,13.0,11.0,True,0.006,0.0506622071218383,37.89800032999999,38.36282871400188,34.13975600201916,34.7322734234826
Q9YF05,5GUF,CDP-archaeol synthase,2.397,X-ray,True,,159,1.0,1.0,0.0,False,0.0,-0.0222628570861278,2.859093224999999,9.339623267277611,9.84934290056058,9.53979894462455
Q13336,6QD5,Urea transporter 1,2.398,X-ray,True,,1068,3.0,3.0,0.0,False,0.0,-0.0245423100529618,30.747624679999998,31.06941946954022,32.91213174687832,31.2846174857752
P0A074,2QK7,Gamma-hemolysin component A,2.4,X-ray,False,no_TM_span,546,0.0,,,,,,,,,
Q9GZN0,7EJX,Probable G-protein coupled receptor 88,2.4,EM,True,,1071,1.0,1.0,0.0,False,0.0,-0.0179381810980763,4.947756945000001,11.544996700348218,12.085276696502651,12.549581467236308
P95673,1LGH,LIGHT HARVESTING COMPLEX II,2.4,X-ray,True,,792,8.0,16.0,8.0,True,0.0,0.0302013464284215,8.460436930000002,16.945393857586097,15.755908756910356,16.410486635847946
Q99RL1,4P1X,Gamma-hemolysin component C,2.4,X-ray,False,no_TM_span,2092,0.0,,,,,,,,,
D7A5Q8,5I20,Uncharacterized protein,2.4,X-ray,True,,291,1.0,1.0,0.0,False,0.0,0.0359740648083549,6.728558340000001,15.646714228625248,14.38318052961569,14.634775841762648
E8XEH9,4FC4,Nitrite transporter NirC,2.4,X-ray,True,,1248,5.0,5.0,0.0,False,0.002,0.0140996614568557,35.290098385,34.87213519116433,33.737982768065656,33.51594724954693
A0A0H3LM39,5TSA,Membrane protein,2.4,X-ray,True,,233,1.0,1.0,0.0,False,0.0,-0.0128075943454233,4.907521744999999,11.776425580820543,12.160605787107714,12.49845065636308
P47712,1RLW,PHOSPHOLIPASE A2,2.4,X-ray,False,no_TM_span,128,0.0,,,,,,,,,
P0AEB5,7N4T,Low conductance mechanosensitive channel YnaI,2.4,EM,False,no_TM_span,1603,0.0,,,,,,,,,
P30989,7UL2,Neurotensin receptor 1,2.4,EM,True,,347,1.0,1.0,0.0,False,0.0,0.0232667126534141,5.321784815,12.7445299889217,12.01775497745882,13.015286085051208
Q8CJ12,7XKF,Adhesion G-protein coupled receptor G2,2.4,EM,True,,1008,1.0,1.0,0.0,False,0.0,0.0712519568090266,4.823879809999999,13.56681490189978,11.447813028774952,12.39148349990987
P31827,6OFR,TonB-dependent outer membrane receptor,2.4,X-ray,True,,758,1.0,1.0,0.0,False,0.0,-0.017290266567492,14.600670469999995,21.32338311224741,22.21797384295973,21.558148704173863
Q99K10,3B3Q,Nlgn1 protein,2.4,X-ray,False,no_TM_span,724,0.0,,,,,,,,,
Q99962,2D4C,SH3-containing GRB2-like protein 2,2.4,X-ray,False,no_TM_span,456,0.0,,,,,,,,,
A8EVM5,6MWA,Ion transport protein,2.4,X-ray,True,,956,4.0,4.0,0.0,False,0.0,-0.010802100028473,43.13722545,38.01732444059815,38.977986422850805,37.055371167044086
Q9LVH4,5A50,AT3G17980,2.4,X-ray,False,no_TM_span,167,0.0,,,,,,,,,
P08173,7TRP,Muscarinic acetylcholine receptor M4,2.4,EM,True,,1122,1.0,1.0,0.0,False,0.0,0.0395237072026379,5.120309799999999,12.865305112769372,11.654310815837162,12.766539192998811
P22340,1A0S,SUCROSE-SPECIFIC PORIN,2.4,X-ray,True,,1242,3.0,3.0,0.0,False,0.0,0.0068290985014288,38.53543124500001,35.388351294414164,34.81432763361779,35.02314767926956
Q7NDN8,4HFI,Proton-gated ion channel,2.4,X-ray,True,,1571,5.0,5.0,0.0,False,0.003,0.0577368239175224,24.088234955000004,28.4971757366984,24.660176750228736,27.69029311310095
Q7ZAK5,5AOD,PNEUMOLYSIN,2.4,X-ray,False,no_TM_span,474,0.0,,,,,,,,,
P01215,7UTZ,Glycoprotein hormones alpha chain analog TR1402,2.4,EM,True,,1536,1.0,1.0,0.0,False,0.0,0.0307979951932506,4.467117690000002,12.439454278006204,11.558055489022308,11.924461092533694
O00206,4G8A,Toll-like receptor 4,2.4,X-ray,False,no_TM_span,140,0.0,,,,,,,,,
P0C2X0,5I2M,Glycoprotein G,2.4,X-ray,False,no_TM_span,1228,0.0,,,,,,,,,
P24173,2H1H,Lipopolysaccharide heptosyltransferase 1,2.4,X-ray,False,no_TM_span,322,0.0,,,,,,,,,
P63096,7EJX,Guanine nucleotide-binding protein G(i) subunit alpha-1,2.4,EM,True,,1071,1.0,1.0,0.0,False,0.0,-0.0179381810980763,4.947756945000001,11.544996700348218,12.085276696502651,12.549581467236308
P10903,4U4W,Nitrate/nitrite transporter NarK,2.4,X-ray,True,,438,1.0,1.0,0.0,False,0.0,0.0038113594309254,8.27964613,15.511940522949953,15.363442011584198,16.2342022202582
P00592,4P2P,PHOSPHOLIPASE A2,2.4,X-ray,False,no_TM_span,126,0.0,,,,,,,,,
A5GZW8,1ZOY,Small cytochrome binding protein,2.4,X-ray,True,,1092,1.0,2.0,1.0,True,0.0,0.0284173586840717,1.6780617149999997,6.957420443319006,6.458967713396454,7.308513073881899
Q4H132,2ZXE,"Na, K-ATPase alpha subunit",2.4,X-ray,True,,1296,1.0,3.0,2.0,True,0.0,-0.0039900528407308,7.9701078349999985,15.344952789010566,15.497479902396678,15.927850193392038
P35318,6UUS,ADM,2.4,EM,True,,1190,1.0,2.0,1.0,True,0.0,0.0172316480625485,4.5013264500000005,12.820642151760437,12.32561003433576,11.970032205368485
P12530,2P0M,Arachidonate 15-lipoxygenase,2.4,X-ray,False,no_TM_span,662,0.0,,,,,,,,,
Q14728,6S4M,Major facilitator superfamily domain-containing protein 10,2.4,X-ray,True,,426,1.0,1.0,0.0,False,0.0,-0.0132159295810145,9.138868115,16.94890942607452,17.4898882012302,17.05576755685397
D0VWV4,1ZOY,Large cytochrome binding protein,2.4,X-ray,True,,1092,1.0,2.0,1.0,True,0.0,0.0284173586840717,1.6780617149999997,6.957420443319006,6.458967713396454,7.308513073881899
P62483,2R9R,Voltage-gated potassium channel subunit beta-2,2.4,X-ray,True,,2848,4.0,4.0,0.0,False,0.0,0.0047502863334281,41.19853973999999,38.09844944165482,37.68559495817319,36.213122615397
Q47108,1COL,COLICIN A,2.4,X-ray,False,no_TM_span,197,0.0,,,,,,,,,
P26466,2MPR,MALTOPORIN,2.4,X-ray,True,,1264,3.0,3.0,0.0,False,0.0,0.0079986304089628,38.81086052,35.318162788380306,34.643435039544705,35.148087565067
Q0QF01,1ZOY,FAD-binding protein,2.4,X-ray,True,,1092,1.0,2.0,1.0,True,0.0,0.0284173586840717,1.6780617149999997,6.957420443319006,6.458967713396454,7.308513073881899
Q57399,2NQ2,Hypothetical ABC transporter ATP-binding protein HI1470,2.4,X-ray,True,,1107,2.0,2.0,0.0,False,0.013,-0.0014292018787753,18.6935706,23.70504187579261,23.78871307915376,24.393335831850997
P02943,1AF6,MALTOPORIN,2.4,X-ray,True,,1263,3.0,3.0,0.0,False,0.0,0.0048900128713156,38.15594078000001,35.16311297862972,34.75410913374547,34.85026996583708
Q02762,2QJY,Ubiquinol-cytochrome c reductase iron-sulfur subunit,2.4,X-ray,True,,1726,2.0,6.0,4.0,True,0.0,0.1008966309394657,23.596024175000004,33.14812961279764,26.51173218306932,27.405925945923126
P06030,7AU6,Cytochrome c oxidase subunit 3,2.4,EM,True,,1093,1.0,4.0,3.0,True,0.0,0.0020541599830542,10.324230764999996,17.722393676261902,17.633022099226217,18.12816791554607
C4IX13,2ZXE,"Na+,K+-ATPase beta subunit",2.4,X-ray,True,,1296,1.0,3.0,2.0,True,0.0,-0.0039900528407308,7.9701078349999985,15.344952789010566,15.497479902396678,15.927850193392038
Q51162,4AIP,FE-REGULATED PROTEIN B,2.4,X-ray,True,,1992,3.0,3.0,0.0,False,0.002,-0.0078959709076035,59.22824224500001,43.03632921158568,43.85915191612814,43.41996666036484
Q50245,1L0Q,Surface layer protein,2.4,X-ray,False,no_TM_span,391,0.0,,,,,,,,,
Q57130,2NQ2,Hypothetical ABC transporter permease protein HI1471,2.4,X-ray,True,,1107,2.0,2.0,0.0,False,0.013,-0.0014292018787753,18.6935706,23.70504187579261,23.78871307915376,24.393335831850997
A0A0H3JX61,4P1X,Gamma-hemolysin component B,2.4,X-ray,False,no_TM_span,2092,0.0,,,,,,,,,
A0A7U3W892,7N5G,Mechanosensitive ion channel Flycatcher1,2.4,EM,True,,372,1.0,1.0,0.0,False,0.0,-0.1038542100124023,5.313940095000001,10.708084028006368,13.949753558929045,13.005689781118615
Q72LA6,2VPZ,HYPOTHETICAL MEMBRANE SPANNING PROTEIN,2.4,X-ray,True,,2354,2.0,2.0,0.0,False,0.0,0.0491782484086315,14.270088335,23.20844290245971,20.69295233913526,21.312696201434697
Q70Q12,2ZXE,Phospholemman-like protein,2.4,X-ray,True,,1296,1.0,3.0,2.0,True,0.0,-0.0039900528407308,7.9701078349999985,15.344952789010566,15.497479902396678,15.927850193392038
P13987,5IMY,CD59 glycoprotein,2.4,X-ray,False,no_TM_span,1103,0.0,,,,,,,,,
P82889,1HGZ,PH75 INOVIRUS MAJOR COAT PROTEIN,2.4,X-ray,True,,1610,9.0,9.0,0.0,False,0.0,0.0780902194721846,14.58238552,22.600504262483717,18.56268164276419,21.544645448833357
B2YGA4,5IMY,Vaginolysin,2.4,X-ray,False,no_TM_span,1103,0.0,,,,,,,,,
Q9RF12,1KHO,alpha-toxin,2.4,X-ray,False,no_TM_span,370,0.0,,,,,,,,,
P01222,7UTZ,Thyrotropin subunit beta,2.4,EM,True,,1536,1.0,1.0,0.0,False,0.0,0.0307979951932506,4.467117690000002,12.439454278006204,11.558055489022308,11.924461092533694
Q02760,2QJY,Cytochrome c1,2.4,X-ray,True,,1726,2.0,6.0,4.0,True,0.0,0.1008966309394657,23.596024175000004,33.14812961279764,26.51173218306932,27.405925945923126
P77921,7AU6,Cytochrome c oxidase subunit 4,2.4,EM,True,,1093,1.0,4.0,3.0,True,0.0,0.0020541599830542,10.324230764999996,17.722393676261902,17.633022099226217,18.12816791554607
P07267,1FQ5,SACCHAROPEPSIN,2.4,X-ray,False,no_TM_span,330,0.0,,,,,,,,,
Q7T1K6,1XX5,Natrin 1,2.4,X-ray,False,no_TM_span,216,0.0,,,,,,,,,
P17213,1BP1,BACTERICIDAL/PERMEABILITY-INCREASING PROTEIN,2.4,X-ray,False,no_TM_span,456,0.0,,,,,,,,,
Q02761,2QJY,Cytochrome b,2.4,X-ray,True,,1726,2.0,6.0,4.0,True,0.0,0.1008966309394657,23.596024175000004,33.14812961279764,26.51173218306932,27.405925945923126
Q8KRV3,1YCE,subunit c,2.4,X-ray,True,,979,11.0,11.0,0.0,False,0.0,0.0156004946949874,12.598453210000002,21.264241034538998,20.51446200559195,20.02551424400111
P29972,7UZE,Aquaporin-1,2.4,EM,True,,992,4.0,4.0,0.0,False,0.0,-0.0132784903161058,25.67792857,28.06150590474533,28.97260370852009,28.589401044009666
P58400,3B3Q,NRXN1 protein,2.4,X-ray,False,no_TM_span,724,0.0,,,,,,,,,
Q86V24,5LWY,Adiponectin receptor protein 2,2.4,X-ray,True,,287,1.0,1.0,0.0,False,0.0,0.0087189386770229,4.473973135,11.792769782363385,11.54305364161366,11.933607498955157
P30690,3WI5,Major outer membrane protein P.IB,2.4,X-ray,True,,942,3.0,3.0,0.0,False,0.0,-0.0016396019220903,34.612137270000005,32.796713002917016,32.92732676324931,33.192447145384506
P09332,1QTF,EXFOLIATIVE TOXIN B,2.4,X-ray,False,no_TM_span,246,0.0,,,,,,,,,
P50859,5JLC,Lanosterol 14-alpha demethylase,2.4,X-ray,True,,507,1.0,1.0,0.0,False,0.0,-0.2244105874293951,0.1575245549999999,2.463811206483999,3.669829175627557,2.239232528640165
E4TN31,6HD8,TMEM175,2.4,X-ray,True,,2772,4.0,4.0,0.0,False,0.0,0.0107830034326247,34.1082478,34.14559045688341,33.29287182269713,32.94995064510193
Q007T0,1ZOY,Iron-sulfur protein,2.4,X-ray,True,,1092,1.0,2.0,1.0,True,0.0,0.0284173586840717,1.6780617149999997,6.957420443319006,6.458967713396454,7.308513073881899
Q9HWW1,2X27,OUTER MEMBRANE PROTEIN OPRG,2.4,X-ray,True,,209,1.0,1.0,0.0,False,0.0,-0.0068897883827374,2.22185367,7.750993431964212,7.890052692251375,8.409744281574426
Q9Z0S5,4P79,Claudin-15,2.4,X-ray,True,,181,1.0,1.0,0.0,False,0.0,0.003337234017909,1.707982935,6.974110249638286,6.915054154042668,7.373383576375955
B5YGD6,4RNG,MtN3/saliva family,2.4,X-ray,True,,165,2.0,2.0,0.0,False,0.006,-0.029015459795539,3.381193975,8.81891785073195,9.541356223283367,10.3743311560195
P97253,1LGH,LIGHT HARVESTING COMPLEX II,2.4,X-ray,True,,792,8.0,16.0,8.0,True,0.0,0.0302013464284215,8.460436930000002,16.945393857586097,15.755908756910356,16.410486635847946
P05825,1FEP,FERRIC ENTEROBACTIN RECEPTOR,2.4,X-ray,True,,680,1.0,1.0,0.0,False,0.0,-0.0079912644545997,14.841299374999997,21.198224564741,21.61508221021584,21.73506916224518
P16473,7UTZ,Thyrotropin receptor,2.4,EM,True,,1536,1.0,1.0,0.0,False,0.0,0.0307979951932506,4.467117690000002,12.439454278006204,11.558055489022308,11.924461092533694
P16622,1LBQ,Ferrochelatase,2.4,X-ray,False,no_TM_span,710,0.0,,,,,,,,,
P16452,7V0K,Protein 4.2,2.4,EM,True,,4000,2.0,7.0,5.0,True,0.006,-0.0182961557038089,32.963831785,31.31008977172621,32.732467677134736,32.392458294586056
Q47UY7,5WUF,Putative membrane protein,2.401,X-ray,True,,585,3.0,3.0,0.0,False,0.0,-0.0088147294764751,20.288060115,24.800793958916117,25.33840175162458,25.412379082044943
Q69CK0,3PLC,Beta-cardiotoxin OH-27,2.41,X-ray,False,no_TM_span,54,0.0,,,,,,,,,
A0A1Z3HIQ7,6KMX,Photosystem I reaction center subunit XI,2.41,EM,True,,5922,6.0,18.0,12.0,True,0.007,0.0191182648496416,192.863214495,80.53506095879696,76.93997333875114,78.35194181061722
A0A1Z3HIN6,6KMX,Photosystem I P700 chlorophyll a apoprotein A1,2.41,EM,True,,5922,6.0,18.0,12.0,True,0.007,0.0191182648496416,192.863214495,80.53506095879696,76.93997333875114,78.35194181061722
A0A1Z3HIL0,6KMX,Photosystem I P700 chlorophyll a apoprotein A2,2.41,EM,True,,5922,6.0,18.0,12.0,True,0.007,0.0191182648496416,192.863214495,80.53506095879696,76.93997333875114,78.35194181061722
A0A1Z3HR36,6KMX,Photosystem I reaction center subunit PsaK,2.41,EM,True,,5922,6.0,18.0,12.0,True,0.007,0.0191182648496416,192.863214495,80.53506095879696,76.93997333875114,78.35194181061722
G0GA88,7TJ5,"Putative transcriptional regulator, Crp/Fnr family",2.41,EM,True,,1568,4.0,4.0,0.0,False,0.0,0.016228178723816,44.896125340000005,37.42283193818628,35.950483777015016,37.80328100452208
Q3MHW7,7M96,Sigma intracellular receptor 2,2.41,X-ray,True,,332,2.0,2.0,0.0,False,0.0,0.0582186230140567,7.328826019999999,15.894974837135225,13.760871520824423,15.273630139187617
A0A1Z3HIL5,6KMX,Photosystem I reaction center subunit VIII,2.41,EM,True,,5922,6.0,18.0,12.0,True,0.007,0.0191182648496416,192.863214495,80.53506095879696,76.93997333875114,78.35194181061722
P02919,5HLB,Penicillin-binding protein 1B,2.42,X-ray,True,,733,1.0,1.0,0.0,False,0.0,-0.0596617916558575,0.1721094999999999,1.5231693738389422,1.858316128245483,2.340601532857507
D0FY19,7PI0,Photosystem II reaction center protein L,2.43,EM,True,,7444,4.0,44.0,40.0,True,0.038,0.0028981611214914,105.85967832,57.42824951599178,57.02448874922266,58.0484126893164
A0A1C8XRM6,7PI0,Photosystem II CP47 reaction center protein,2.43,EM,True,,7444,4.0,44.0,40.0,True,0.038,0.0028981611214914,105.85967832,57.42824951599178,57.02448874922266,58.0484126893164
A0A1C8XRK9,7PI0,Photosystem II D2 protein,2.43,EM,True,,7444,4.0,44.0,40.0,True,0.038,0.0028981611214914,105.85967832,57.42824951599178,57.02448874922266,58.0484126893164
A0A1C8XRP3,7PI0,Photosystem II reaction center protein H,2.43,EM,True,,7444,4.0,44.0,40.0,True,0.038,0.0028981611214914,105.85967832,57.42824951599178,57.02448874922266,58.0484126893164
D0FXX2,7PI0,Photosystem II reaction center protein K,2.43,EM,True,,7444,4.0,44.0,40.0,True,0.038,0.0028981611214914,105.85967832,57.42824951599178,57.02448874922266,58.0484126893164
D0FXX5,7PI0,Photosystem II reaction center protein I,2.43,EM,True,,7444,4.0,44.0,40.0,True,0.038,0.0028981611214914,105.85967832,57.42824951599178,57.02448874922266,58.0484126893164
D0FXY3,7PI0,Photosystem II CP43 reaction center protein,2.43,EM,True,,7444,4.0,44.0,40.0,True,0.038,0.0028981611214914,105.85967832,57.42824951599178,57.02448874922266,58.0484126893164
D0FXZ2,7PI0,Photosystem II reaction center protein Z,2.43,EM,True,,7444,4.0,44.0,40.0,True,0.038,0.0028981611214914,105.85967832,57.42824951599178,57.02448874922266,58.0484126893164
D0FXZ3,7PI0,Photosystem II reaction center protein M,2.43,EM,True,,7444,4.0,44.0,40.0,True,0.038,0.0028981611214914,105.85967832,57.42824951599178,57.02448874922266,58.0484126893164
A0A1C8XRM8,7PI0,Photosystem II reaction center protein J,2.43,EM,True,,7444,4.0,44.0,40.0,True,0.038,0.0028981611214914,105.85967832,57.42824951599178,57.02448874922266,58.0484126893164
D0FY13,7PI0,Photosystem II reaction center protein Ycf12,2.43,EM,True,,7444,4.0,44.0,40.0,True,0.038,0.0028981611214914,105.85967832,57.42824951599178,57.02448874922266,58.0484126893164
A0A9J4RF16,7PI0,Hypothetical protein,2.43,EM,True,,7444,4.0,44.0,40.0,True,0.038,0.0028981611214914,105.85967832,57.42824951599178,57.02448874922266,58.0484126893164
A0A9J4RF15,7PI0,PSII 6.1 kDa protein,2.43,EM,True,,7444,4.0,44.0,40.0,True,0.038,0.0028981611214914,105.85967832,57.42824951599178,57.02448874922266,58.0484126893164
Q9H1D0,7S8B,Transient receptor potential cation channel subfamily V member 6,2.43,EM,True,,2449,4.0,4.0,0.0,False,0.001,0.0072030168101581,40.828569915,37.47379841806804,36.85059070764814,36.050155953463765
D0FY08,7PI0,Photosystem II protein D1,2.43,EM,True,,7444,4.0,44.0,40.0,True,0.038,0.0028981611214914,105.85967832,57.42824951599178,57.02448874922266,58.0484126893164
D0FY01,7PI0,Cytochrome b559 subunit alpha,2.43,EM,True,,7444,4.0,44.0,40.0,True,0.038,0.0028981611214914,105.85967832,57.42824951599178,57.02448874922266,58.0484126893164
D0FY04,7PI0,Photosystem II reaction center protein T,2.43,EM,True,,7444,4.0,44.0,40.0,True,0.038,0.0028981611214914,105.85967832,57.42824951599178,57.02448874922266,58.0484126893164
D0FY18,7PI0,Cytochrome b559 subunit beta,2.43,EM,True,,7444,4.0,44.0,40.0,True,0.038,0.0028981611214914,105.85967832,57.42824951599178,57.02448874922266,58.0484126893164
A0A9J4RF13,7PI0,"Oxygen-evolving enhancer protein 1, chloroplastic",2.43,EM,True,,7444,4.0,44.0,40.0,True,0.038,0.0028981611214914,105.85967832,57.42824951599178,57.02448874922266,58.0484126893164
Q9KPL5,3TIJ,NupC family protein,2.436,X-ray,True,,1212,3.0,3.0,0.0,False,0.0,0.0516662983878935,42.70094639,40.93245998273183,36.36092125321821,36.867510609398416
G0S812,7ZMG,Subunit NDUFC2 of NADH-ubiquinone oxidoreductase (Complex I),2.44,EM,True,,8355,2.0,19.0,17.0,True,0.091,-0.0089767735284939,53.24589745,40.55917542645193,41.446126471445496,41.16879346915973
G0S8H4,7ZMG,NADH-ubiquinone oxidoreductase-like protein,2.44,EM,True,,8355,2.0,19.0,17.0,True,0.091,-0.0089767735284939,53.24589745,40.55917542645193,41.446126471445496,41.16879346915973
G1DJ99,7ZMG,NADH-ubiquinone oxidoreductase chain 3,2.44,EM,True,,8355,2.0,19.0,17.0,True,0.091,-0.0089767735284939,53.24589745,40.55917542645193,41.446126471445496,41.16879346915973
A0FGR8,4P42,Extended synaptotagmin-2,2.44,X-ray,False,no_TM_span,455,0.0,,,,,,,,,
P43005,8CV2,Excitatory amino acid transporter 3,2.44,EM,True,,1299,3.0,3.0,0.0,False,0.0,0.0342495128413353,45.368189250000015,39.24541211390554,36.121732905577424,38.00150412356356
G0SAY0,7ZMG,Complex I-B22,2.44,EM,True,,8355,2.0,19.0,17.0,True,0.091,-0.0089767735284939,53.24589745,40.55917542645193,41.446126471445496,41.16879346915973
G0SEZ1,7ZMG,Subunit NDUFB10 of NADH-ubiquinone oxidoreductase (Complex I),2.44,EM,True,,8355,2.0,19.0,17.0,True,0.091,-0.0089767735284939,53.24589745,40.55917542645193,41.446126471445496,41.16879346915973
G0SAE9,7ZMG,NADH dehydrogenase [ubiquinone] 1 beta subcomplex subunit 7,2.44,EM,True,,8355,2.0,19.0,17.0,True,0.091,-0.0089767735284939,53.24589745,40.55917542645193,41.446126471445496,41.16879346915973
G1DJA3,7ZMG,NADH-ubiquinone oxidoreductase chain 5,2.44,EM,True,,8355,2.0,19.0,17.0,True,0.091,-0.0089767735284939,53.24589745,40.55917542645193,41.446126471445496,41.16879346915973
G1DJA2,7ZMG,NADH-ubiquinone oxidoreductase chain 4L,2.44,EM,True,,8355,2.0,19.0,17.0,True,0.091,-0.0089767735284939,53.24589745,40.55917542645193,41.446126471445496,41.16879346915973
G0SB83,7ZMG,NADH dehydrogenase [ubiquinone] 1 alpha subcomplex subunit 13,2.44,EM,True,,8355,2.0,19.0,17.0,True,0.091,-0.0089767735284939,53.24589745,40.55917542645193,41.446126471445496,41.16879346915973
G0SG48,7ZMG,Subunit NDUFS5 of NADH-ubiquinone oxidoreductase (Complex I),2.44,EM,True,,8355,2.0,19.0,17.0,True,0.091,-0.0089767735284939,53.24589745,40.55917542645193,41.446126471445496,41.16879346915973
G0S569,7ZMG,Subunit NDUFB6 of NADH-ubiquinone oxidoreductase (Complex I),2.44,EM,True,,8355,2.0,19.0,17.0,True,0.091,-0.0089767735284939,53.24589745,40.55917542645193,41.446126471445496,41.16879346915973
G0S5C8,7ZMG,Subunit NDUFB4 of NADH-ubiquinone oxidoreductase (Complex I),2.44,EM,True,,8355,2.0,19.0,17.0,True,0.091,-0.0089767735284939,53.24589745,40.55917542645193,41.446126471445496,41.16879346915973
G0S3Y7,7ZMG,"NADH dehydrogenase [ubiquinone] iron-sulfur protein 4, mitochondrial",2.44,EM,True,,8355,2.0,19.0,17.0,True,0.091,-0.0089767735284939,53.24589745,40.55917542645193,41.446126471445496,41.16879346915973
G0S4Q3,7ZMG,NADH-ubiquinone oxidoreductase B14 subunit-like protein,2.44,EM,True,,8355,2.0,19.0,17.0,True,0.091,-0.0089767735284939,53.24589745,40.55917542645193,41.446126471445496,41.16879346915973
G1DJ96,7ZMG,NADH-ubiquinone oxidoreductase chain 6,2.44,EM,True,,8355,2.0,19.0,17.0,True,0.091,-0.0089767735284939,53.24589745,40.55917542645193,41.446126471445496,41.16879346915973
G1DJ98,7ZMG,NADH dehydrogenase subunit 2,2.44,EM,True,,8355,2.0,19.0,17.0,True,0.091,-0.0089767735284939,53.24589745,40.55917542645193,41.446126471445496,41.16879346915973
G0SAN0,7ZMG,Complex I-ESSS,2.44,EM,True,,8355,2.0,19.0,17.0,True,0.091,-0.0089767735284939,53.24589745,40.55917542645193,41.446126471445496,41.16879346915973
G0S2B3,7ZMG,NADH-ubiquinone oxidoreductase-like protein,2.44,EM,True,,8355,2.0,19.0,17.0,True,0.091,-0.0089767735284939,53.24589745,40.55917542645193,41.446126471445496,41.16879346915973
G0S681,7ZMG,Subunit NDUFB3 of NADH-ubiquinone oxidoreductase (Complex I),2.44,EM,True,,8355,2.0,19.0,17.0,True,0.091,-0.0089767735284939,53.24589745,40.55917542645193,41.446126471445496,41.16879346915973
G0SA46,7ZMG,"NADH dehydrogenase [ubiquinone] flavoprotein 1, mitochondrial",2.44,EM,True,,8355,2.0,19.0,17.0,True,0.091,-0.0089767735284939,53.24589745,40.55917542645193,41.446126471445496,41.16879346915973
O15296,7LAF,Polyunsaturated fatty acid lipoxygenase ALOX15B,2.44,X-ray,False,no_TM_span,663,0.0,,,,,,,,,
G0S086,7ZMG,Subunit NDUFB5 of NADH-ubiquinone oxidoreductase (Complex I),2.44,EM,True,,8355,2.0,19.0,17.0,True,0.091,-0.0089767735284939,53.24589745,40.55917542645193,41.446126471445496,41.16879346915973
G0S1P3,7ZMG,NADH dehydrogenase-like protein,2.44,EM,True,,8355,2.0,19.0,17.0,True,0.091,-0.0089767735284939,53.24589745,40.55917542645193,41.446126471445496,41.16879346915973
G0S0S8,7ZMG,NADH-ubiquinone oxidoreductase-like protein,2.44,EM,True,,8355,2.0,19.0,17.0,True,0.091,-0.0089767735284939,53.24589745,40.55917542645193,41.446126471445496,41.16879346915973
G0S0R3,7ZMG,NADH-ubiquinone oxidoreductase,2.44,EM,True,,8355,2.0,19.0,17.0,True,0.091,-0.0089767735284939,53.24589745,40.55917542645193,41.446126471445496,41.16879346915973
G0S775,7ZMG,NADH dehydrogenase [ubiquinone] 1 alpha subcomplex subunit,2.44,EM,True,,8355,2.0,19.0,17.0,True,0.091,-0.0089767735284939,53.24589745,40.55917542645193,41.446126471445496,41.16879346915973
G1DJA6,7ZMG,NADH-ubiquinone oxidoreductase chain 1,2.44,EM,True,,8355,2.0,19.0,17.0,True,0.091,-0.0089767735284939,53.24589745,40.55917542645193,41.446126471445496,41.16879346915973
G1DJA7,7ZMG,NADH-ubiquinone oxidoreductase chain 4,2.44,EM,True,,8355,2.0,19.0,17.0,True,0.091,-0.0089767735284939,53.24589745,40.55917542645193,41.446126471445496,41.16879346915973
F1QXD3,6BMS,Palmitoyltransferase,2.441,X-ray,True,,283,1.0,1.0,0.0,False,0.0,-0.1037596318765575,2.638669735,7.66036398104656,9.94258260739352,9.16468582671803
Q5EGY4,3KYQ,Synaptobrevin homolog YKT6,2.443,X-ray,False,no_TM_span,193,0.0,,,,,,,,,
P04180,5BV7,Phosphatidylcholine-sterol acyltransferase,2.45,X-ray,False,no_TM_span,372,0.0,,,,,,,,,
O00230,7S8L,Cortistatin 14,2.45,EM,True,,1096,1.0,1.0,0.0,False,0.0,0.01997229734993,5.2690377050000015,12.806497247250968,12.185728303219516,12.950624665152844
S5LAD9,7VLY,Mannose/fructose/sorbose family PTS transporter subunit IIC,2.45,EM,True,,1773,6.0,9.0,3.0,True,0.092,0.0226905692530827,56.12675054,44.17771831876942,41.87592329653207,42.26783597045561
Q8YAM0,7VLY,PTS mannose family transporter subunit IID,2.45,EM,True,,1773,6.0,9.0,3.0,True,0.092,0.0226905692530827,56.12675054,44.17771831876942,41.87592329653207,42.26783597045561
P62943,7TZC,Peptidyl-prolyl cis-trans isomerase FKBP1A,2.45,EM,True,,18696,4.0,4.0,0.0,False,0.0,0.0126154156668411,44.84403207,37.87483655160895,36.73093092204492,37.781342940959576
P00989,1BUN,BETA2-BUNGAROTOXIN,2.45,X-ray,False,no_TM_span,181,0.0,,,,,,,,,
Q61644,2X3V,PROTEIN KINASE C AND CASEIN KINASE SUBSTRATE IN NEURONS PROTEIN 1,2.45,X-ray,False,no_TM_span,583,0.0,,,,,,,,,
P00617,1BUN,BETA2-BUNGAROTOXIN,2.45,X-ray,False,no_TM_span,181,0.0,,,,,,,,,
O53585,4FIX,UDP-galactofuranosyl transferase GlfT2,2.45,X-ray,False,no_TM_span,2516,0.0,,,,,,,,,
P11716,7TZC,Ryanodine receptor 1,2.45,EM,True,,18696,4.0,4.0,0.0,False,0.0,0.0126154156668411,44.84403207,37.87483655160895,36.73093092204492,37.781342940959576
Q9BSA9,7UNL,Endosomal/lysosomal potassium channel TMEM175,2.45,EM,True,,734,2.0,2.0,0.0,False,0.0,0.032869363139108,18.565374805,25.883633900255187,23.96593925522999,24.309550265562223
Q96LB1,7S8L,Mas-related G-protein coupled receptor member X2,2.45,EM,True,,1096,1.0,1.0,0.0,False,0.0,0.01997229734993,5.2690377050000015,12.806497247250968,12.185728303219516,12.950624665152844
P20789,6YVR,"Neurotensin receptor type 1,Neurotensin receptor type 1,DARPin crystallisation chaperone",2.458,X-ray,True,,478,1.0,1.0,0.0,False,0.0,0.0905103536260935,19.390520055,24.91063107398589,19.5139184106346,24.843901126335936
A0R206,7NJS,ATP synthase subunit a,2.46,EM,False,nan_radius,4936,1.0,,,,,,,,,
A0R200,7NJS,ATP synthase subunit beta,2.46,EM,False,nan_radius,4936,1.0,,,,,,,,,
P02703,1LPB,COLIPASE,2.46,X-ray,False,no_TM_span,535,0.0,,,,,,,,,
A0R1Z9,7NJS,ATP synthase epsilon chain,2.46,EM,False,nan_radius,4936,1.0,,,,,,,,,
A0R205,7NJS,ATP synthase subunit c,2.46,EM,False,nan_radius,4936,1.0,,,,,,,,,
A0R204,7NJS,ATP synthase subunit b,2.46,EM,False,nan_radius,4936,1.0,,,,,,,,,
A0R203,7NJS,ATP synthase subunit b-delta,2.46,EM,False,nan_radius,4936,1.0,,,,,,,,,
A0R201,7NJS,ATP synthase gamma chain,2.46,EM,False,nan_radius,4936,1.0,,,,,,,,,
G4SZ64,7S4L,"Particulate methane monooxygenase, B subunit",2.46,EM,True,,2556,3.0,9.0,6.0,True,0.0,0.016339277960663,35.136902180000014,33.588139719477525,32.27669224492398,33.44312086777607
G4SZ62,7S4L,"Particulate methane monooxygenase, C subunit",2.46,EM,True,,2556,3.0,9.0,6.0,True,0.0,0.016339277960663,35.136902180000014,33.588139719477525,32.27669224492398,33.44312086777607
G4SZ63,7S4L,"Particulate methane monooxygenase, A subunit",2.46,EM,True,,2556,3.0,9.0,6.0,True,0.0,0.016339277960663,35.136902180000014,33.588139719477525,32.27669224492398,33.44312086777607
A0R202,7NJS,ATP synthase subunit alpha,2.46,EM,False,nan_radius,4936,1.0,,,,,,,,,
Q9VKJ9,6EI6,Coiled-coil and C2 domain-containing protein 1-like,2.461,X-ray,False,no_TM_span,242,0.0,,,,,,,,,
Q9ALY0,5O9C,Osmoporin Omp36,2.469,X-ray,True,,1044,3.0,3.0,0.0,False,0.0,-0.0120536725579307,34.22049327000001,32.30394969301479,33.25871983169834,33.004122951423625
Q9WTR1,7XER,Transient receptor potential cation channel subfamily V member 2,2.47,EM,True,,2456,4.0,4.0,0.0,False,0.0,0.0129448851226171,43.122855465000015,38.720812269372246,37.56977798001631,37.04919866202805
Q9JZN9,4RDR,ZnuD,2.472,X-ray,True,,707,1.0,1.0,0.0,False,0.0,-0.0084209541173019,14.371069625,21.341664785078468,21.77392190267008,21.387972172866416
Q7BSW5,3SLJ,Serine protease espP,2.481,X-ray,True,,306,1.0,1.0,0.0,False,0.0,0.0127920467959159,4.63107537,11.792047636873116,11.419297965357028,12.14132230827127
P19099,4DVQ,"Cytochrome P450 11B2, mitochondrial",2.49,X-ray,False,no_TM_span,463,0.0,,,,,,,,,
P18239,4C9G,"ADP, ATP CARRIER PROTEIN 2",2.49,X-ray,True,,265,1.0,1.0,0.0,False,0.0,0.0575088817558684,5.647310314999999,14.129616944529523,12.279104310243548,13.407440858016852
A0A0C7CQY7,8B43,Metal-pseudopaline receptor CntO,2.49,X-ray,True,,677,1.0,1.0,0.0,False,0.0,-0.003299912693919,14.03672629,21.18187307292778,21.34927932404387,21.137712146216117
B5Z8H1,6QFA,"Outer membrane protein,Outer membrane protein,Outer membrane protein,Outer membrane protein,Uncharacterized protein,Uncharacterized protein,Mb-c7HopQ-Nb25",2.49,EM,True,,2275,5.0,5.0,0.0,False,0.0,0.0733263252874335,23.25462475,28.877797194328053,24.089832995428285,27.206942050548903
Q99963,2Z0V,SH3-containing GRB2-like protein 3,2.49,X-ray,False,no_TM_span,444,0.0,,,,,,,,,
P28321,4ZWN,Monoglyceride lipase,2.491,X-ray,False,no_TM_span,310,0.0,,,,,,,,,
P0A071,3B07,Gamma-hemolysin component A,2.495,X-ray,True,,2216,4.0,4.0,0.0,False,0.0,0.2963108328474329,5.981517504999999,23.584402653228608,13.771680012723156,13.798464248686884
Q99735,6SSS,Microsomal glutathione S-transferase 2,2.498,X-ray,True,,400,3.0,3.0,0.0,False,0.022,-0.0183158856256633,9.383005335000004,15.951023265797613,16.710711167010484,17.282081356844007
O33407,3KVN,Esterase estA,2.499,X-ray,True,,627,1.0,1.0,0.0,False,0.0,-0.0040582252697066,4.568463015000001,11.679115563621274,11.796566778361347,12.058967378426344
P01544,2PLH,ALPHA-1-PUROTHIONIN,2.5,X-ray,False,no_TM_span,45,0.0,,,,,,,,,
P31356,2Z73,Rhodopsin,2.5,X-ray,True,,698,2.0,2.0,0.0,False,0.0,0.036491691108673,12.062095750000005,21.176754993322756,19.460658589567625,19.594602127423983
E0SJQ4,7L6Q,Gamma-aminobutyric-acid receptor subunit beta-1,2.5,EM,True,,1555,5.0,5.0,0.0,False,0.0,0.0534286581906328,22.591603665,27.71891656088927,24.2802972087919,26.81628384268681
P02712,7QL5,Acetylcholine receptor subunit beta,2.5,EM,True,,1990,5.0,5.0,0.0,False,0.043,0.0474619545613613,20.91579194,26.12619098941556,23.18705905786348,25.802525752075603
P33136,1TXK,Glucans biosynthesis protein G,2.5,X-ray,False,no_TM_span,490,0.0,,,,,,,,,
P02710,7QL5,Acetylcholine receptor subunit alpha,2.5,EM,True,,1990,5.0,5.0,0.0,False,0.043,0.0474619545613613,20.91579194,26.12619098941556,23.18705905786348,25.802525752075603
O78747,6ZKA,NADH-ubiquinone oxidoreductase chain 1,2.5,EM,True,,4694,1.0,18.0,17.0,True,0.0,0.0814578134635107,30.876394385000005,29.61561841422129,23.486721122818945,31.350058345169288
O79874,7V2H,NADH-ubiquinone oxidoreductase chain 1,2.5,EM,True,,8270,1.0,20.0,19.0,True,0.0,-0.0114991640186221,31.664671740000006,29.939255220374594,30.81542863018409,31.74772126878793
O78757,6ZKA,NADH-ubiquinone oxidoreductase chain 6,2.5,EM,True,,4694,1.0,18.0,17.0,True,0.0,0.0814578134635107,30.876394385000005,29.61561841422129,23.486721122818945,31.350058345169288
P61278,7T10,Somatostatin-14,2.5,EM,True,,1146,1.0,1.0,0.0,False,0.0,0.0307246034973556,5.830216785,13.733520510983595,12.728985809247186,13.622832456064987
Q43998,1W18,LEVANSUCRASE,2.5,X-ray,False,no_TM_span,492,0.0,,,,,,,,,
P02978,2I88,Colicin-E1,2.5,X-ray,False,no_TM_span,178,0.0,,,,,,,,,
Q94KI8,7TBG,Two pore calcium channel protein 1,2.5,EM,True,,1194,2.0,2.0,0.0,False,0.0,0.0251796674422256,44.826230435,38.54591834498347,36.26319960093916,37.77384320904245
Q3J1A4,7PIL,Light-harvesting protein B-875 alpha chain,2.5,EM,True,,2291,3.0,33.0,30.0,True,0.09,0.1110468334212789,14.263189249999996,24.706323992365142,19.02759940234653,21.307543609682853
P03300,6HLV,3A protein,2.5,X-ray,False,no_TM_span,168,0.0,,,,,,,,,
P07014,7JZ2,Succinate dehydrogenase iron-sulfur subunit,2.5,EM,True,,2871,6.0,6.0,0.0,False,0.05,0.0214563375892992,21.457010109999995,27.953796676883485,26.608009140372182,26.13422745358765
P93157,3BRX,Annexin,2.5,X-ray,False,no_TM_span,320,0.0,,,,,,,,,
P0AGM8,5XLS,Uracil permease,2.5,X-ray,True,,818,2.0,2.0,0.0,False,0.0,0.0282130933662721,23.81496196,29.797679819375908,27.93339631211584,27.532776523552624
O78754,6ZKA,NADH-ubiquinone oxidoreductase chain 4L,2.5,EM,True,,4694,1.0,18.0,17.0,True,0.0,0.0814578134635107,30.876394385000005,29.61561841422129,23.486721122818945,31.350058345169288
O78753,6ZKA,NADH-ubiquinone oxidoreductase chain 3,2.5,EM,True,,4694,1.0,18.0,17.0,True,0.0,0.0814578134635107,30.876394385000005,29.61561841422129,23.486721122818945,31.350058345169288
O78748,6ZKA,NADH-ubiquinone oxidoreductase chain 2,2.5,EM,True,,4694,1.0,18.0,17.0,True,0.0,0.0814578134635107,30.876394385000005,29.61561841422129,23.486721122818945,31.350058345169288
D9IEF7,7BVQ,"Endolysin,Beta-1 adrenergic receptor chimera",2.5,X-ray,True,,455,1.0,1.0,0.0,False,0.0,0.0736492539310204,4.762206625000001,13.306341970454156,11.130092018275295,12.312016279990228
Q3J170,7PIL,Reaction center protein H chain,2.5,EM,True,,2291,3.0,33.0,30.0,True,0.09,0.1110468334212789,14.263189249999996,24.706323992365142,19.02759940234653,21.307543609682853
Q3J1A3,7PIL,Light-harvesting protein B-875 beta chain,2.5,EM,True,,2291,3.0,33.0,30.0,True,0.09,0.1110468334212789,14.263189249999996,24.706323992365142,19.02759940234653,21.307543609682853
P48169,7QN5,Gamma-aminobutyric acid receptor subunit alpha-4,2.5,EM,True,,1900,5.0,5.0,0.0,False,0.014,0.0636623366473139,23.701265615,28.249732050163303,24.05306370718184,27.466975006946875
O79875,7V2H,NADH-ubiquinone oxidoreductase chain 2,2.5,EM,True,,8270,1.0,20.0,19.0,True,0.0,-0.0114991640186221,31.664671740000006,29.939255220374594,30.81542863018409,31.74772126878793
O79880,7V2H,NADH-ubiquinone oxidoreductase chain 3,2.5,EM,True,,8270,1.0,20.0,19.0,True,0.0,-0.0114991640186221,31.664671740000006,29.939255220374594,30.81542863018409,31.74772126878793
O79881,7V2H,NADH-ubiquinone oxidoreductase chain 4,2.5,EM,True,,8270,1.0,20.0,19.0,True,0.0,-0.0114991640186221,31.664671740000006,29.939255220374594,30.81542863018409,31.74772126878793
Q5QNS5,2OR8,Hepatitis A virus cellular receptor 1 homolog,2.5,X-ray,False,no_TM_span,116,0.0,,,,,,,,,
P00624,1PP2,CALCIUM-FREE PHOSPHOLIPASE A2,2.5,X-ray,False,no_TM_span,122,0.0,,,,,,,,,
Q03431,6FJ3,"Parathyroid hormone/parathyroid hormone-related peptide receptor,Parathyroid hormone/parathyroid hormone-related peptide receptor,GlgA glycogen synthase,Parathyroid hormone/parathyroid hormone-related peptide receptor",2.5,X-ray,True,,597,1.0,1.0,0.0,False,0.0,0.0473101025268241,4.661536799999999,12.820669399466546,11.43756566764987,12.181187332315153
K7GSE5,7V2H,NADH dehydrogenase [ubiquinone] 1 beta subcomplex subunit 9,2.5,EM,True,,8270,1.0,20.0,19.0,True,0.0,-0.0114991640186221,31.664671740000006,29.939255220374594,30.81542863018409,31.74772126878793
P13402,7PIL,Intrinsic membrane protein PufX,2.5,EM,True,,2291,3.0,33.0,30.0,True,0.09,0.1110468334212789,14.263189249999996,24.706323992365142,19.02759940234653,21.307543609682853
Q6U7R4,3BIB,T-cell immunoglobulin and mucin domain-containing protein 4,2.5,X-ray,False,no_TM_span,110,0.0,,,,,,,,,
Q9NP59,6WBV,Solute carrier family 40 member 1,2.5,EM,True,,893,1.0,1.0,0.0,False,0.0,0.0189693386454032,9.92828521,17.426488390169354,16.61715843034689,17.7771520081123
P69054,7JZ2,Succinate dehydrogenase cytochrome b556 subunit,2.5,EM,True,,2871,6.0,6.0,0.0,False,0.05,0.0214563375892992,21.457010109999995,27.953796676883485,26.608009140372182,26.13422745358765
Q9NQ11,7N72,Isoform 3 of Polyamine-transporting ATPase 13A2,2.5,EM,True,,1030,1.0,1.0,0.0,False,0.0,-0.0926704738877014,12.28540247,15.269439738300264,19.667613501742277,19.77514870221653
P06716,2HDI,Colicin-Ia,2.5,X-ray,True,,701,1.0,1.0,0.0,False,0.0,-0.012826554246608,14.604067235000002,21.16475383167696,21.82847125644257,21.560656250200918
B6ZHF2,7VD5,Photosystem II reaction center X protein,2.5,EM,True,,9572,3.0,54.0,51.0,True,0.061,0.0292690335833218,86.54421514500001,55.86536818491122,52.17844821929729,52.48607365070324
B6ZHF4,7VD5,Cytochrome c-550,2.5,EM,True,,9572,3.0,54.0,51.0,True,0.061,0.0292690335833218,86.54421514500001,55.86536818491122,52.17844821929729,52.48607365070324
P17315,2HDI,Colicin I receptor,2.5,X-ray,True,,701,1.0,1.0,0.0,False,0.0,-0.012826554246608,14.604067235000002,21.16475383167696,21.82847125644257,21.560656250200918
P07371,2BHW,CHLOROPHYLL A-B BINDING PROTEIN AB80,2.5,X-ray,True,,669,3.0,3.0,0.0,False,0.0,0.0437878308451303,19.08358276000001,26.896416745356397,24.30629789022363,24.64648667927044
F1S031,7V2H,"NADH dehydrogenase [ubiquinone] iron-sulfur protein 6, mitochondrial",2.5,EM,True,,8270,1.0,20.0,19.0,True,0.0,-0.0114991640186221,31.664671740000006,29.939255220374594,30.81542863018409,31.74772126878793
P01452,1CDT,CARDIOTOXIN VII4,2.5,X-ray,False,no_TM_span,120,0.0,,,,,,,,,
F1S1A8,7V2H,"NADH dehydrogenase [ubiquinone] iron-sulfur protein 2, mitochondrial",2.5,EM,True,,8270,1.0,20.0,19.0,True,0.0,-0.0114991640186221,31.664671740000006,29.939255220374594,30.81542863018409,31.74772126878793
P07237,6I7S,Protein disulfide-isomerase,2.5,X-ray,False,no_TM_span,1330,0.0,,,,,,,,,
P51787,7XNN,Potassium voltage-gated channel subfamily KQT member 1,2.5,EM,True,,1900,4.0,4.0,0.0,False,0.0,0.01682658449356,46.09743134,38.73150572023174,37.184575801657374,38.30570208624364
A1XQS6,7V2H,"NADH dehydrogenase [ubiquinone] 1 subunit C1, mitochondrial",2.5,EM,True,,8270,1.0,20.0,19.0,True,0.0,-0.0114991640186221,31.664671740000006,29.939255220374594,30.81542863018409,31.74772126878793
Q9TDR1,7V2H,NADH-ubiquinone oxidoreductase chain 5,2.5,EM,True,,8270,1.0,20.0,19.0,True,0.0,-0.0114991640186221,31.664671740000006,29.939255220374594,30.81542863018409,31.74772126878793
P25714,3BLC,Inner membrane protein oxaA,2.5,X-ray,False,no_TM_span,273,0.0,,,,,,,,,
O14764,7QN5,Gamma-aminobutyric acid receptor subunit delta,2.5,EM,True,,1900,5.0,5.0,0.0,False,0.014,0.0636623366473139,23.701265615,28.249732050163303,24.05306370718184,27.466975006946875
B3Y963,3AYF,Nitric oxide reductase,2.5,X-ray,True,,755,1.0,1.0,0.0,False,0.0,0.006715233370758,13.22148358,20.11126698046515,19.78064059412172,20.514699445837994
P17405,5I85,Sphingomyelin phosphodiesterase,2.5,X-ray,False,no_TM_span,528,0.0,,,,,,,,,
P07339,1LYB,CATHEPSIN D,2.5,X-ray,False,no_TM_span,344,0.0,,,,,,,,,
F1SCH1,7V2H,NADH dehydrogenase [ubiquinone] 1 beta subcomplex subunit 7,2.5,EM,True,,8270,1.0,20.0,19.0,True,0.0,-0.0114991640186221,31.664671740000006,29.939255220374594,30.81542863018409,31.74772126878793
P63756,7DRJ,CDP-diacylglycerol--glycerol-3-phosphate 3-phosphatidyltransferase,2.5,X-ray,True,,376,2.0,2.0,0.0,False,0.011,-0.0047062012732333,9.30419054,17.050638062902536,17.245015611284025,17.20934580923895
P63212,7DUQ,Guanine nucleotide-binding protein G(I)/G(S)/G(O) subunit gamma-2,2.5,EM,True,,1174,1.0,1.0,0.0,False,0.0,0.0417547797824368,4.580806115000001,12.652627117598058,11.442548858894051,12.075246884000602
A4D7H3,6NV1,Matrix protein 2,2.5,X-ray,True,,92,4.0,4.0,0.0,False,0.0,-0.0550651204017567,1.939518195,6.941047431767865,7.979435831030929,7.857275710459963
K7GR43,7V2H,NADH dehydrogenase [ubiquinone] 1 alpha subcomplex subunit 1,2.5,EM,True,,8270,1.0,20.0,19.0,True,0.0,-0.0114991640186221,31.664671740000006,29.939255220374594,30.81542863018409,31.74772126878793
P35077,4QL0,Filamentous hemagglutinin transporter protein FhaC,2.5,X-ray,True,,521,1.0,1.0,0.0,False,0.0,-0.0063470816508108,8.785868865000003,16.680696145179674,16.935439432613617,16.72312446417792
Q5UXY6,4PXK,Bacteriorhodopsin,2.5,X-ray,True,,237,1.0,1.0,0.0,False,0.0,-0.0022319218282215,4.254192539999999,11.148491625611715,11.210825461870275,11.63680172217148
B0CB42,7COY,Photosystem I iron-sulfur center,2.5,EM,True,,6096,6.0,24.0,18.0,True,0.02,0.0122075856537923,185.82534740499992,79.13632898107599,76.88303133904017,76.90906655430743
Q3TDN0,7RPI,Protein dispatched homolog 1,2.5,EM,True,,927,1.0,1.0,0.0,False,0.0,-0.0114182572419892,10.022210750000005,17.043951256289677,17.533412031671844,17.861043539341324
O07091,7Z6Q,Cytochrome c,2.5,EM,True,,3958,2.0,4.0,2.0,True,0.01,0.0032240197039166,38.85316909000001,35.823660306752224,35.55154860596422,35.167240197259545
O06139,7NKZ,Probable integral membrane cytochrome D ubiquinol oxidase (Subunit II) CydB (Cytochrome BD-I oxidase subunit II),2.5,EM,True,,792,1.0,2.0,1.0,True,0.0,0.0454405222182491,7.40706993,15.799032045048364,14.124463837853527,15.354945738665696
O79882,7V2H,NADH-ubiquinone oxidoreductase chain 6,2.5,EM,True,,8270,1.0,20.0,19.0,True,0.0,-0.0114991640186221,31.664671740000006,29.939255220374594,30.81542863018409,31.74772126878793
Q6SLM0,1G2X,PHOSPHOLIPASE A2,2.5,X-ray,False,no_TM_span,118,0.0,,,,,,,,,
P0AC41,7JZ2,Succinate dehydrogenase flavoprotein subunit,2.5,EM,True,,2871,6.0,6.0,0.0,False,0.05,0.0214563375892992,21.457010109999995,27.953796676883485,26.608009140372182,26.13422745358765
Q7Z6B0,1OM9,15-mer peptide fragment of p56,2.5,X-ray,False,no_TM_span,153,0.0,,,,,,,,,
O08967,1FHX,GUANINE NUCLEOTIDE EXCHANGE FACTOR AND INTEGRIN BINDING PROTEIN HOMOLOG GRP1,2.5,X-ray,False,no_TM_span,123,0.0,,,,,,,,,
A0A679C261,7VD5,Photosystem II protein D1,2.5,EM,True,,9572,3.0,54.0,51.0,True,0.061,0.0292690335833218,86.54421514500001,55.86536818491122,52.17844821929729,52.48607365070324
A0A679C262,7VD5,Photosystem II reaction center protein L,2.5,EM,True,,9572,3.0,54.0,51.0,True,0.061,0.0292690335833218,86.54421514500001,55.86536818491122,52.17844821929729,52.48607365070324
A0A679C298,7VD5,Photosystem II reaction center protein J,2.5,EM,True,,9572,3.0,54.0,51.0,True,0.061,0.0292690335833218,86.54421514500001,55.86536818491122,52.17844821929729,52.48607365070324
O43752,2NPS,Syntaxin-6,2.5,X-ray,False,no_TM_span,273,0.0,,,,,,,,,
Q60648,2AGC,Ganglioside GM2 activator,2.5,X-ray,False,no_TM_span,162,0.0,,,,,,,,,
A0QR29,1UUN,MSPA,2.5,X-ray,True,,1472,8.0,8.0,0.0,False,0.0,0.0764535081044288,16.02400083,21.38339276856977,17.239397959122485,22.58450327194793
P00189,3MZS,Cholesterol side-chain cleavage enzyme,2.5,X-ray,False,no_TM_span,470,0.0,,,,,,,,,
F1RGE3,7V2H,NADH dehydrogenase [ubiquinone] 1 alpha subcomplex subunit 2,2.5,EM,True,,8270,1.0,20.0,19.0,True,0.0,-0.0114991640186221,31.664671740000006,29.939255220374594,30.81542863018409,31.74772126878793
A0A480KM09,7V2H,NADH dehydrogenase [ubiquinone] 1 beta subcomplex subunit 6,2.5,EM,True,,8270,1.0,20.0,19.0,True,0.0,-0.0114991640186221,31.664671740000006,29.939255220374594,30.81542863018409,31.74772126878793
Q96H15,5F7H,T-cell immunoglobulin and mucin domain-containing protein 4,2.5,X-ray,False,no_TM_span,116,0.0,,,,,,,,,
P0C7B7,6HJX,Cys-loop ligand-gated ion channel,2.5,X-ray,True,,2140,5.0,5.0,0.0,False,0.013,0.0174351239611851,22.615040685,24.580293138257737,23.457602680108423,26.8301901344067
P02714,7QL5,Acetylcholine receptor subunit gamma,2.5,EM,True,,1990,5.0,5.0,0.0,False,0.043,0.0474619545613613,20.91579194,26.12619098941556,23.18705905786348,25.802525752075603
P02718,7QL5,Acetylcholine receptor subunit delta,2.5,EM,True,,1990,5.0,5.0,0.0,False,0.043,0.0474619545613613,20.91579194,26.12619098941556,23.18705905786348,25.802525752075603
O78756,6ZKA,NADH-ubiquinone oxidoreductase chain 5,2.5,EM,True,,4694,1.0,18.0,17.0,True,0.0,0.0814578134635107,30.876394385000005,29.61561841422129,23.486721122818945,31.350058345169288
O78755,6ZKA,NADH-ubiquinone oxidoreductase chain 4,2.5,EM,True,,4694,1.0,18.0,17.0,True,0.0,0.0814578134635107,30.876394385000005,29.61561841422129,23.486721122818945,31.350058345169288
Q3J1A6,7PIL,Reaction center protein M chain,2.5,EM,True,,2291,3.0,33.0,30.0,True,0.09,0.1110468334212789,14.263189249999996,24.706323992365142,19.02759940234653,21.307543609682853
Q9H813,7SQH,Proton-activated chloride channel,2.5,EM,True,,849,3.0,3.0,0.0,False,0.0,-0.0913219614171746,6.523705225,11.40400576601874,14.56234445703266,14.4102736534264
Q3J1A5,7PIL,Reaction center protein L chain,2.5,EM,True,,2291,3.0,33.0,30.0,True,0.09,0.1110468334212789,14.263189249999996,24.706323992365142,19.02759940234653,21.307543609682853
P45478,1EH5,PALMITOYL PROTEIN THIOESTERASE 1,2.5,X-ray,False,no_TM_span,280,0.0,,,,,,,,,
B6ZHF0,7VD5,Extrinsic protein in photosystem II,2.5,EM,True,,9572,3.0,54.0,51.0,True,0.061,0.0292690335833218,86.54421514500001,55.86536818491122,52.17844821929729,52.48607365070324
A0A287BMW6,7V2H,"NADH dehydrogenase [ubiquinone] 1 beta subcomplex subunit 11, mitochondrial",2.5,EM,True,,8270,1.0,20.0,19.0,True,0.0,-0.0114991640186221,31.664671740000006,29.939255220374594,30.81542863018409,31.74772126878793
B7XBY7,7VD5,Photosystem II reaction center protein H,2.5,EM,True,,9572,3.0,54.0,51.0,True,0.061,0.0292690335833218,86.54421514500001,55.86536818491122,52.17844821929729,52.48607365070324
B6ZHE9,7VD5,Extrinsic protein in photosystem II,2.5,EM,True,,9572,3.0,54.0,51.0,True,0.061,0.0292690335833218,86.54421514500001,55.86536818491122,52.17844821929729,52.48607365070324
F1SV23,7V2H,NADH dehydrogenase [ubiquinone] iron-sulfur protein 5,2.5,EM,True,,8270,1.0,20.0,19.0,True,0.0,-0.0114991640186221,31.664671740000006,29.939255220374594,30.81542863018409,31.74772126878793
F1SQP4,7V2H,NADH dehydrogenase [ubiquinone] 1 alpha subcomplex subunit 12,2.5,EM,True,,8270,1.0,20.0,19.0,True,0.0,-0.0114991640186221,31.664671740000006,29.939255220374594,30.81542863018409,31.74772126878793
A0A4X1T6M0,7V2H,NADH dehydrogenase [ubiquinone] 1 beta subcomplex subunit 4,2.5,EM,True,,8270,1.0,20.0,19.0,True,0.0,-0.0114991640186221,31.664671740000006,29.939255220374594,30.81542863018409,31.74772126878793
A0A4X1SZP7,7V2H,"NADH dehydrogenase [ubiquinone] flavoprotein 1, mitochondrial",2.5,EM,True,,8270,1.0,20.0,19.0,True,0.0,-0.0114991640186221,31.664671740000006,29.939255220374594,30.81542863018409,31.74772126878793
A0A679BVV7,7VD5,Photosystem II CP43 reaction center protein,2.5,EM,True,,9572,3.0,54.0,51.0,True,0.061,0.0292690335833218,86.54421514500001,55.86536818491122,52.17844821929729,52.48607365070324
A0A679BVT8,7VD5,Photosystem II reaction center protein I,2.5,EM,True,,9572,3.0,54.0,51.0,True,0.061,0.0292690335833218,86.54421514500001,55.86536818491122,52.17844821929729,52.48607365070324
A0A679BVT2,7VD5,Photosystem II reaction center protein Ycf12,2.5,EM,True,,9572,3.0,54.0,51.0,True,0.061,0.0292690335833218,86.54421514500001,55.86536818491122,52.17844821929729,52.48607365070324
A0A679BVT0,7VD5,Cytochrome b559 subunit beta,2.5,EM,True,,9572,3.0,54.0,51.0,True,0.061,0.0292690335833218,86.54421514500001,55.86536818491122,52.17844821929729,52.48607365070324
A0A5K1K910,5ILQ,Aspartate carbamoyltransferase,2.5,X-ray,False,no_TM_span,967,0.0,,,,,,,,,
A0A679C012,7VD5,Photosystem II D2 protein,2.5,EM,True,,9572,3.0,54.0,51.0,True,0.061,0.0292690335833218,86.54421514500001,55.86536818491122,52.17844821929729,52.48607365070324
A0A679BXP6,7VD5,Chlorophyll a/b-binding protein,2.5,EM,True,,9572,3.0,54.0,51.0,True,0.061,0.0292690335833218,86.54421514500001,55.86536818491122,52.17844821929729,52.48607365070324
A0A679BWI3,7VD5,Photosystem II reaction center protein K,2.5,EM,True,,9572,3.0,54.0,51.0,True,0.061,0.0292690335833218,86.54421514500001,55.86536818491122,52.17844821929729,52.48607365070324
P10635,4XRY,Cytochrome P450 2D6,2.5,X-ray,False,no_TM_span,464,0.0,,,,,,,,,
O60989,1QS8,PLASMEPSIN,2.5,X-ray,False,no_TM_span,334,0.0,,,,,,,,,
L7N662,7NKZ,Probable integral membrane cytochrome D ubiquinol oxidase (Subunit I) CydA (Cytochrome BD-I oxidase subunit I),2.5,EM,True,,792,1.0,2.0,1.0,True,0.0,0.0454405222182491,7.40706993,15.799032045048364,14.124463837853527,15.354945738665696
Q6J5N4,7KKA,Putative fluoride ion transporter CrcB,2.5,X-ray,True,,442,2.0,2.0,0.0,False,0.0,0.0230291643115261,4.97944025,13.07835019674338,12.38251763707169,12.589698404793047
Q6QLL4,3G49,11-beta-hydroxysteroid dehydrogenase 1,2.5,X-ray,False,no_TM_span,526,0.0,,,,,,,,,
G3V7P1,2NPS,Syntaxin 13,2.5,X-ray,False,no_TM_span,273,0.0,,,,,,,,,
P55931,2GMH,Electron transfer flavoprotein-ubiquinone oxidoreductase,2.5,X-ray,False,no_TM_span,581,0.0,,,,,,,,,
P55157,6I7S,Microsomal triglyceride transfer protein large subunit,2.5,X-ray,False,no_TM_span,1330,0.0,,,,,,,,,
A0A679C209,7VD5,Cytochrome b559 subunit alpha,2.5,EM,True,,9572,3.0,54.0,51.0,True,0.061,0.0292690335833218,86.54421514500001,55.86536818491122,52.17844821929729,52.48607365070324
P0ACD8,6G94,Hydrogenase-1 large chain,2.5,X-ray,True,,3835,2.0,2.0,0.0,False,0.036,0.0298377868107449,8.812323374999998,20.177273561072788,18.977917526162763,16.748282450779865
Q2RQ23,7OY8,Light-harvesting protein B-870 beta chain,2.5,EM,True,,2293,3.0,35.0,32.0,True,0.071,0.0667060784481705,13.452615044999998,22.46776658142757,19.15489140565007,20.693236488882786
A0A679C215,7VD5,Photosystem II reaction center protein Z,2.5,EM,True,,9572,3.0,54.0,51.0,True,0.061,0.0292690335833218,86.54421514500001,55.86536818491122,52.17844821929729,52.48607365070324
Q9UJY5,1OM9,ADP-ribosylation factor binding protein GGA1,2.5,X-ray,False,no_TM_span,153,0.0,,,,,,,,,
F1RWL7,7V2H,"NADH dehydrogenase [ubiquinone] 1 beta subcomplex subunit 8, mitochondrial",2.5,EM,True,,8270,1.0,20.0,19.0,True,0.0,-0.0114991640186221,31.664671740000006,29.939255220374594,30.81542863018409,31.74772126878793
P69739,6G94,Hydrogenase-1 small chain,2.5,X-ray,True,,3835,2.0,2.0,0.0,False,0.036,0.0298377868107449,8.812323374999998,20.177273561072788,18.977917526162763,16.748282450779865
Q03611,6WEL,Cyclic nucleotide-gated cation channel,2.5,EM,True,,2052,4.0,4.0,0.0,False,0.0,0.0137418403151467,51.54549395999999,40.08399651759637,38.748088501428605,40.50609869599251
B0C7S6,7COY,Photosystem I reaction center subunit IX,2.5,EM,True,,6096,6.0,24.0,18.0,True,0.02,0.0122075856537923,185.82534740499992,79.13632898107599,76.88303133904017,76.90906655430743
P0A7E1,1F76,Dihydroorotate dehydrogenase (quinone),2.5,X-ray,False,no_TM_span,336,0.0,,,,,,,,,
Q09128,3K9V,"1,25-dihydroxyvitamin D(3) 24-hydroxylase, mitochondrial",2.5,X-ray,False,no_TM_span,464,0.0,,,,,,,,,
Q2RWS4,7OY8,"Photosynthetic reaction center, H-chain",2.5,EM,True,,2293,3.0,35.0,32.0,True,0.071,0.0667060784481705,13.452615044999998,22.46776658142757,19.15489140565007,20.693236488882786
Q27IM2,6FJ3,Parathyroid hormone,2.5,X-ray,True,,597,1.0,1.0,0.0,False,0.0,0.0473101025268241,4.661536799999999,12.820669399466546,11.43756566764987,12.181187332315153
Q2RQ26,7OY8,Reaction center protein M chain,2.5,EM,True,,2293,3.0,35.0,32.0,True,0.071,0.0667060784481705,13.452615044999998,22.46776658142757,19.15489140565007,20.693236488882786
Q8KAY0,7Z6Q,"Photosystem P840 reaction center, large subunit",2.5,EM,True,,3958,2.0,4.0,2.0,True,0.01,0.0032240197039166,38.85316909000001,35.823660306752224,35.55154860596422,35.167240197259545
A0A4X1SN37,7V2H,"NADH dehydrogenase [ubiquinone] iron-sulfur protein 4, mitochondrial",2.5,EM,True,,8270,1.0,20.0,19.0,True,0.0,-0.0114991640186221,31.664671740000006,29.939255220374594,30.81542863018409,31.74772126878793
B0C7S4,7COY,Photosystem I protein PsaL,2.5,EM,True,,6096,6.0,24.0,18.0,True,0.02,0.0122075856537923,185.82534740499992,79.13632898107599,76.88303133904017,76.90906655430743
P56632,7V2H,NADH-ubiquinone oxidoreductase chain 4L,2.5,EM,True,,8270,1.0,20.0,19.0,True,0.0,-0.0114991640186221,31.664671740000006,29.939255220374594,30.81542863018409,31.74772126878793
P41263,1IIU,plasma retinol-binding protein,2.5,X-ray,False,no_TM_span,174,0.0,,,,,,,,,
P41180,7M3G,Extracellular calcium-sensing receptor,2.5,EM,True,,1645,2.0,2.0,0.0,False,0.012,-0.0027773963790577,15.705419399999998,21.71329195494114,21.862330615740525,22.358869071763664
B0C475,7COY,Photosystem I P700 chlorophyll a apoprotein A2,2.5,EM,True,,6096,6.0,24.0,18.0,True,0.02,0.0122075856537923,185.82534740499992,79.13632898107599,76.88303133904017,76.90906655430743
B0C5D5,7COY,Photosystem I reaction center subunit IV,2.5,EM,True,,6096,6.0,24.0,18.0,True,0.02,0.0122075856537923,185.82534740499992,79.13632898107599,76.88303133904017,76.90906655430743
B0C474,7COY,Photosystem I P700 chlorophyll a apoprotein A1,2.5,EM,True,,6096,6.0,24.0,18.0,True,0.02,0.0122075856537923,185.82534740499992,79.13632898107599,76.88303133904017,76.90906655430743
Q8L435,4YZI,"Sensory opsin A,Archaeal-type opsin 2",2.5,X-ray,True,,578,2.0,2.0,0.0,False,0.0,0.0033894587011645,12.395116255000003,19.66539156012378,19.5038099415436,19.86325261472528
A0A4X1VPG4,7V2H,NADH dehydrogenase [ubiquinone] 1 alpha subcomplex subunit 3,2.5,EM,True,,8270,1.0,20.0,19.0,True,0.0,-0.0114991640186221,31.664671740000006,29.939255220374594,30.81542863018409,31.74772126878793
Q8GCY3,1OLP,ALPHA-TOXIN,2.5,X-ray,False,no_TM_span,372,0.0,,,,,,,,,
B0CA71,7COY,Photosystem I reaction center subunit PsaK,2.5,EM,True,,6096,6.0,24.0,18.0,True,0.02,0.0122075856537923,185.82534740499992,79.13632898107599,76.88303133904017,76.90906655430743
Q8IEU1,2VWA,PUTATIVE UNCHARACTERIZED PROTEIN PF13_0012,2.5,X-ray,False,no_TM_span,99,0.0,,,,,,,,,
Q9JI51,2NPS,Vesicle transport through interaction with t-SNAREs homolog 1A,2.5,X-ray,False,no_TM_span,273,0.0,,,,,,,,,
Q2XU26,4QQQ,Pneumolysin,2.5,X-ray,False,no_TM_span,483,0.0,,,,,,,,,
Q2RQ24,7OY8,"Antenna complex, alpha/beta subunit",2.5,EM,True,,2293,3.0,35.0,32.0,True,0.071,0.0667060784481705,13.452615044999998,22.46776658142757,19.15489140565007,20.693236488882786
Q2RQ25,7OY8,Photosynthetic reaction center L subunit,2.5,EM,True,,2293,3.0,35.0,32.0,True,0.071,0.0667060784481705,13.452615044999998,22.46776658142757,19.15489140565007,20.693236488882786
A0A4X1VLA2,7V2H,NADH dehydrogenase [ubiquinone] 1 alpha subcomplex subunit 7,2.5,EM,True,,8270,1.0,20.0,19.0,True,0.0,-0.0114991640186221,31.664671740000006,29.939255220374594,30.81542863018409,31.74772126878793
B0C7S7,7COY,Photosystem I protein PsaF,2.5,EM,True,,6096,6.0,24.0,18.0,True,0.02,0.0122075856537923,185.82534740499992,79.13632898107599,76.88303133904017,76.90906655430743
A0A4X1V1H9,7V2H,"NADH-ubiquinone oxidoreductase 75 kDa subunit, mitochondrial",2.5,EM,True,,8270,1.0,20.0,19.0,True,0.0,-0.0114991640186221,31.664671740000006,29.939255220374594,30.81542863018409,31.74772126878793
P0AAM1,6G94,Probable Ni/Fe-hydrogenase 1 B-type cytochrome subunit,2.5,X-ray,True,,3835,2.0,2.0,0.0,False,0.036,0.0298377868107449,8.812323374999998,20.177273561072788,18.977917526162763,16.748282450779865
A0A4X1VD84,7V2H,NADH dehydrogenase [ubiquinone] 1 beta subcomplex subunit 3,2.5,EM,True,,8270,1.0,20.0,19.0,True,0.0,-0.0114991640186221,31.664671740000006,29.939255220374594,30.81542863018409,31.74772126878793
P0DXF8,5O65,FapF,2.5,X-ray,True,,850,3.0,3.0,0.0,False,0.032,-0.0023871589216455,22.707455275,26.895046572218888,27.049075350812007,26.88495397821757
A0A480JRW3,7V2H,NADH dehydrogenase [ubiquinone] 1 subunit C2,2.5,EM,True,,8270,1.0,20.0,19.0,True,0.0,-0.0114991640186221,31.664671740000006,29.939255220374594,30.81542863018409,31.74772126878793
P08754,7T10,Guanine nucleotide-binding protein G(i) subunit alpha-3,2.5,EM,True,,1146,1.0,1.0,0.0,False,0.0,0.0307246034973556,5.830216785,13.733520510983595,12.728985809247186,13.622832456064987
F1SJP6,7V2H,NADH dehydrogenase [ubiquinone] 1 alpha subcomplex subunit 6,2.5,EM,True,,8270,1.0,20.0,19.0,True,0.0,-0.0114991640186221,31.664671740000006,29.939255220374594,30.81542863018409,31.74772126878793
F1SGC6,7V2H,"NADH dehydrogenase [ubiquinone] 1 beta subcomplex subunit 5, mitochondrial",2.5,EM,True,,8270,1.0,20.0,19.0,True,0.0,-0.0114991640186221,31.664671740000006,29.939255220374594,30.81542863018409,31.74772126878793
F6XHE4,4G7V,Voltage-sensor containing phosphatase,2.5,X-ray,True,,136,1.0,1.0,0.0,False,0.0,-0.05123449600007,2.24044093,7.8023449872694846,8.840747003611114,8.444847526331106
U5NME9,7PIL,RC-Y,2.5,EM,True,,2291,3.0,33.0,30.0,True,0.09,0.1110468334212789,14.263189249999996,24.706323992365142,19.02759940234653,21.307543609682853
I3LRR4,7V2H,"NADH dehydrogenase [ubiquinone] flavoprotein 3, mitochondrial",2.5,EM,True,,8270,1.0,20.0,19.0,True,0.0,-0.0114991640186221,31.664671740000006,29.939255220374594,30.81542863018409,31.74772126878793
P30874,7T10,"Somatostatin receptor type 2,Kappa-type opioid receptor",2.5,EM,True,,1146,1.0,1.0,0.0,False,0.0,0.0307246034973556,5.830216785,13.733520510983595,12.728985809247186,13.622832456064987
P14283,1DAB,P.69 PERTACTIN,2.5,X-ray,False,no_TM_span,539,0.0,,,,,,,,,
B6ZHE8,7VD5,Extrinsic protein in photosystem II,2.5,EM,True,,9572,3.0,54.0,51.0,True,0.061,0.0292690335833218,86.54421514500001,55.86536818491122,52.17844821929729,52.48607365070324
O70480,2NPS,Vesicle-associated membrane protein 4,2.5,X-ray,False,no_TM_span,273,0.0,,,,,,,,,
A0A8D2CGH8,7V2H,NADH dehydrogenase [ubiquinone] 1 beta subcomplex subunit 1,2.5,EM,True,,8270,1.0,20.0,19.0,True,0.0,-0.0114991640186221,31.664671740000006,29.939255220374594,30.81542863018409,31.74772126878793
A0A8D1NRT6,7V2H,NADH dehydrogenase [ubiquinone] 1 alpha subcomplex subunit 13,2.5,EM,True,,8270,1.0,20.0,19.0,True,0.0,-0.0114991640186221,31.664671740000006,29.939255220374594,30.81542863018409,31.74772126878793
I3LGM4,7V2H,NADH dehydrogenase [ubiquinone] 1 alpha subcomplex subunit 11,2.5,EM,True,,8270,1.0,20.0,19.0,True,0.0,-0.0114991640186221,31.664671740000006,29.939255220374594,30.81542863018409,31.74772126878793
I3LDC3,7V2H,NADH dehydrogenase [ubiquinone] 1 beta subcomplex subunit 10,2.5,EM,True,,8270,1.0,20.0,19.0,True,0.0,-0.0114991640186221,31.664671740000006,29.939255220374594,30.81542863018409,31.74772126878793
A0A5G2QW32,7V2H,"NADH dehydrogenase [ubiquinone] 1 beta subcomplex subunit 2, mitochondrial",2.5,EM,True,,8270,1.0,20.0,19.0,True,0.0,-0.0114991640186221,31.664671740000006,29.939255220374594,30.81542863018409,31.74772126878793
Q9HW12,7DLU,Mechanosensitive ion channel MscS,2.5,EM,True,,1820,7.0,7.0,0.0,False,0.0,-0.1393257168747537,21.966488100000003,18.895252500123483,27.737199481292063,26.44267446187808
Q6LZY8,4CAD,"RAS AND A-FACTOR CONVERTING ENZYME 1, RCE1",2.5,X-ray,True,,251,1.0,1.0,0.0,False,0.0,-0.0227695875733923,6.2243064200000005,13.303416073276358,14.072611957864371,14.075717630455785
A0A679C6E8,7VD5,Photosystem II reaction center protein W,2.5,EM,True,,9572,3.0,54.0,51.0,True,0.061,0.0292690335833218,86.54421514500001,55.86536818491122,52.17844821929729,52.48607365070324
A0A679C6E6,7VD5,Photosystem II reaction center protein T,2.5,EM,True,,9572,3.0,54.0,51.0,True,0.061,0.0292690335833218,86.54421514500001,55.86536818491122,52.17844821929729,52.48607365070324
A0A679C6E3,7VD5,Photosystem II CP47 reaction center protein,2.5,EM,True,,9572,3.0,54.0,51.0,True,0.061,0.0292690335833218,86.54421514500001,55.86536818491122,52.17844821929729,52.48607365070324
P22483,2X2V,ATP SYNTHASE SUBUNIT C,2.5,X-ray,True,,897,13.0,13.0,0.0,False,0.0,0.0028327244065749,20.341277115000004,25.39813102825754,25.225137547150435,25.44568647788579
A0A679C2A0,7VD5,Photosystem II subunit,2.5,EM,True,,9572,3.0,54.0,51.0,True,0.061,0.0292690335833218,86.54421514500001,55.86536818491122,52.17844821929729,52.48607365070324
P58246,4OGQ,Cytochrome b6-f complex subunit 5,2.501,X-ray,True,,1908,2.0,16.0,14.0,True,0.0,-0.0175948004102447,3.1158515600000003,4.554428312678061,4.974969977717279,9.95894751180659
P61048,4OGQ,Cytochrome b6-f complex subunit 8,2.501,X-ray,True,,1908,2.0,16.0,14.0,True,0.0,-0.0175948004102447,3.1158515600000003,4.554428312678061,4.974969977717279,9.95894751180659
P37277,5OY0,Photosystem I reaction center subunit XI,2.501,X-ray,True,,6778,6.0,24.0,18.0,True,0.012,0.0146591223507786,192.595313435,80.41409364073598,77.65943916073014,78.29750462117318
Q93SX1,4OGQ,Cytochrome b6-f complex subunit 4,2.501,X-ray,True,,1908,2.0,16.0,14.0,True,0.0,-0.0175948004102447,3.1158515600000003,4.554428312678061,4.974969977717279,9.95894751180659
Q55329,5OY0,Photosystem I reaction center subunit IX,2.501,X-ray,True,,6778,6.0,24.0,18.0,True,0.012,0.0146591223507786,192.595313435,80.41409364073598,77.65943916073014,78.29750462117318
Q55330,5OY0,Photosystem I reaction center subunit VIII,2.501,X-ray,True,,6778,6.0,24.0,18.0,True,0.012,0.0146591223507786,192.595313435,80.41409364073598,77.65943916073014,78.29750462117318
P32422,5OY0,Photosystem I iron-sulfur center,2.501,X-ray,True,,6778,6.0,24.0,18.0,True,0.012,0.0146591223507786,192.595313435,80.41409364073598,77.65943916073014,78.29750462117318
Q93SW9,4OGQ,Apocytochrome f,2.501,X-ray,True,,1908,2.0,16.0,14.0,True,0.0,-0.0175948004102447,3.1158515600000003,4.554428312678061,4.974969977717279,9.95894751180659
Q93SX0,4OGQ,Cytochrome b6-f complex iron-sulfur subunit 1,2.501,X-ray,True,,1908,2.0,16.0,14.0,True,0.0,-0.0175948004102447,3.1158515600000003,4.554428312678061,4.974969977717279,9.95894751180659
Q8YVQ2,4OGQ,Cytochrome b6-f complex subunit 6,2.501,X-ray,True,,1908,2.0,16.0,14.0,True,0.0,-0.0175948004102447,3.1158515600000003,4.554428312678061,4.974969977717279,9.95894751180659
P74564,5OY0,Photosystem I reaction center subunit PsaK 2,2.501,X-ray,True,,6778,6.0,24.0,18.0,True,0.012,0.0146591223507786,192.595313435,80.41409364073598,77.65943916073014,78.29750462117318
O29867,3WAJ,Transmembrane oligosaccharyl transferase,2.501,X-ray,True,,793,1.0,1.0,0.0,False,0.0,0.0143141645119808,11.434852360000002,18.905051789922663,18.249634958006716,19.0783294689028
P29256,5OY0,Photosystem I reaction center subunit III,2.501,X-ray,True,,6778,6.0,24.0,18.0,True,0.012,0.0146591223507786,192.595313435,80.41409364073598,77.65943916073014,78.29750462117318
P0A384,4OGQ,Cytochrome b6,2.501,X-ray,True,,1908,2.0,16.0,14.0,True,0.0,-0.0175948004102447,3.1158515600000003,4.554428312678061,4.974969977717279,9.95894751180659
A9WSF5,5D91,"AF2299 protein,Phosphatidylinositol synthase",2.501,X-ray,True,,337,1.0,1.0,0.0,False,0.0,-0.0714881834815077,3.3266267700000003,8.176232373710809,9.941752229346298,10.290277880284144
P0A3Y1,4OGQ,Cytochrome b6-f complex subunit 7,2.501,X-ray,True,,1908,2.0,16.0,14.0,True,0.0,-0.0175948004102447,3.1158515600000003,4.554428312678061,4.974969977717279,9.95894751180659
P72986,5OY0,Photosystem I reaction center subunit XII,2.501,X-ray,True,,6778,6.0,24.0,18.0,True,0.012,0.0146591223507786,192.595313435,80.41409364073598,77.65943916073014,78.29750462117318
P29254,5OY0,Photosystem I P700 chlorophyll a apoprotein A1,2.501,X-ray,True,,6778,6.0,24.0,18.0,True,0.012,0.0146591223507786,192.595313435,80.41409364073598,77.65943916073014,78.29750462117318
P12975,5OY0,Photosystem I reaction center subunit IV,2.501,X-ray,True,,6778,6.0,24.0,18.0,True,0.012,0.0146591223507786,192.595313435,80.41409364073598,77.65943916073014,78.29750462117318
P29255,5OY0,Photosystem I P700 chlorophyll a apoprotein A2,2.501,X-ray,True,,6778,6.0,24.0,18.0,True,0.012,0.0146591223507786,192.595313435,80.41409364073598,77.65943916073014,78.29750462117318
O28625,4TQ4,prenyltransferase,2.5025,X-ray,True,,288,1.0,1.0,0.0,False,0.0,-0.0483397367840505,6.741363955,12.865521991098912,14.564995792288302,14.64869548198596
P97361,6BAQ,BPI fold-containing family A member 1,2.50260996677,X-ray,False,no_TM_span,211,0.0,,,,,,,,,
Q8RCC3,4YMU,"ABC-type amino acid transport system, permease component",2.503,X-ray,True,,911,2.0,2.0,0.0,False,0.002,-0.0243965593204307,8.402121935,16.864102074567384,17.82164748019413,16.353832813234277
Q99720,5HK1,Sigma non-opioid intracellular receptor 1,2.5051,X-ray,True,,650,3.0,3.0,0.0,False,0.015,0.0067863075879426,23.67474601,26.54062634702056,26.093518276001696,27.451604156903567
Q9SYT0,2Q4C,Annexin D1,2.508,X-ray,False,no_TM_span,312,0.0,,,,,,,,,
P37019,1OTS,Voltage-gated ClC-type chloride channel eriC,2.51,X-ray,True,,885,2.0,2.0,0.0,False,0.003,0.0180587646610303,24.813210525,28.710835163282702,27.49278317821441,28.10389691496037
Q44717,1G5Z,OUTER SURFACE PROTEIN C,2.51,X-ray,False,no_TM_span,328,0.0,,,,,,,,,
G0GAP6,6LEO,Sulf_transp domain-containing protein,2.52,X-ray,True,,337,1.0,1.0,0.0,False,0.0,0.0182029032217309,8.263432985000001,16.68777586579617,15.979247535337064,16.21829958085228
Q8R4D5,7WRE,Transient receptor potential cation channel subfamily M member 8,2.52,EM,True,,3724,4.0,4.0,0.0,False,0.0,-0.0659353061344869,44.563143135,38.93701924432909,44.89696407717257,37.6628318362996
Q9UIQ6,5MJ6,Leucyl-cystinyl aminopeptidase,2.53,X-ray,False,no_TM_span,882,0.0,,,,,,,,,
P05496,8H9S,"ATP synthase F(0) complex subunit C1, mitochondrial",2.53,EM,True,,5066,2.0,13.0,11.0,True,0.059,-0.0282408760033279,12.651503405,18.306911956742542,19.66705798501204,20.06763216948973
Q9UII2,8H9S,"ATPase inhibitor, mitochondrial",2.53,EM,True,,5066,2.0,13.0,11.0,True,0.059,-0.0282408760033279,12.651503405,18.306911956742542,19.66705798501204,20.06763216948973
P03928,8H9S,ATP synthase protein 8,2.53,EM,True,,5066,2.0,13.0,11.0,True,0.059,-0.0282408760033279,12.651503405,18.306911956742542,19.66705798501204,20.06763216948973
P56385,8H9S,"ATP synthase subunit e, mitochondrial",2.53,EM,True,,5066,2.0,13.0,11.0,True,0.059,-0.0282408760033279,12.651503405,18.306911956742542,19.66705798501204,20.06763216948973
P56381,8H9S,"ATP synthase subunit epsilon, mitochondrial",2.53,EM,True,,5066,2.0,13.0,11.0,True,0.059,-0.0282408760033279,12.651503405,18.306911956742542,19.66705798501204,20.06763216948973
P56378,8H9S,"ATP synthase subunit ATP5MJ, mitochondrial",2.53,EM,True,,5066,2.0,13.0,11.0,True,0.059,-0.0282408760033279,12.651503405,18.306911956742542,19.66705798501204,20.06763216948973
P18859,8H9S,"ATP synthase-coupling factor 6, mitochondrial",2.53,EM,True,,5066,2.0,13.0,11.0,True,0.059,-0.0282408760033279,12.651503405,18.306911956742542,19.66705798501204,20.06763216948973
P56134,8H9S,"ATP synthase subunit f, mitochondrial",2.53,EM,True,,5066,2.0,13.0,11.0,True,0.059,-0.0282408760033279,12.651503405,18.306911956742542,19.66705798501204,20.06763216948973
Q92643,7WLD,GPI-anchor transamidase,2.53,EM,True,,2395,3.0,5.0,2.0,True,0.046,0.064315510817634,16.477907205,24.92322058591529,21.388109584322923,22.90214131248564
P06576,8H9S,"ATP synthase subunit beta, mitochondrial",2.53,EM,True,,5066,2.0,13.0,11.0,True,0.059,-0.0282408760033279,12.651503405,18.306911956742542,19.66705798501204,20.06763216948973
O43292,7WLD,Glycosylphosphatidylinositol anchor attachment 1 protein,2.53,EM,True,,2395,3.0,5.0,2.0,True,0.046,0.064315510817634,16.477907205,24.92322058591529,21.388109584322923,22.90214131248564
P00846,8H9S,ATP synthase subunit a,2.53,EM,True,,5066,2.0,13.0,11.0,True,0.059,-0.0282408760033279,12.651503405,18.306911956742542,19.66705798501204,20.06763216948973
P24539,8H9S,"ATP synthase F(0) complex subunit B1, mitochondrial",2.53,EM,True,,5066,2.0,13.0,11.0,True,0.059,-0.0282408760033279,12.651503405,18.306911956742542,19.66705798501204,20.06763216948973
A0QPJ4,7D6V,Succinate dehydrogenase (Membrane anchor subunit),2.53,EM,True,,1104,1.0,1.0,0.0,False,0.0,0.0293311904512711,3.852890574999999,10.822303281251424,10.042725715649182,11.074353978480412
Q8NET8,7XJ0,Fusion protein of Transient receptor potential cation channel subfamily V member 3 and 3C-GFP,2.53,EM,True,,2428,4.0,4.0,0.0,False,0.002,0.0430372511928841,44.57636134999998,40.41439387366124,36.52364555918005,37.6684171525776
P25705,8H9S,"ATP synthase subunit alpha, mitochondrial",2.53,EM,True,,5066,2.0,13.0,11.0,True,0.059,-0.0282408760033279,12.651503405,18.306911956742542,19.66705798501204,20.06763216948973
Q9H490,7WLD,Phosphatidylinositol glycan anchor biosynthesis class U protein,2.53,EM,True,,2395,3.0,5.0,2.0,True,0.046,0.064315510817634,16.477907205,24.92322058591529,21.388109584322923,22.90214131248564
O75964,8H9S,"ATP synthase subunit g, mitochondrial",2.53,EM,True,,5066,2.0,13.0,11.0,True,0.059,-0.0282408760033279,12.651503405,18.306911956742542,19.66705798501204,20.06763216948973
O75947,8H9S,"ATP synthase subunit d, mitochondrial",2.53,EM,True,,5066,2.0,13.0,11.0,True,0.059,-0.0282408760033279,12.651503405,18.306911956742542,19.66705798501204,20.06763216948973
Q969N2,7WLD,GPI transamidase component PIG-T,2.53,EM,True,,2395,3.0,5.0,2.0,True,0.046,0.064315510817634,16.477907205,24.92322058591529,21.388109584322923,22.90214131248564
P36542,8H9S,"ATP synthase subunit gamma, mitochondrial",2.53,EM,True,,5066,2.0,13.0,11.0,True,0.059,-0.0282408760033279,12.651503405,18.306911956742542,19.66705798501204,20.06763216948973
D3ZJP6,3TFM,Myosin X,2.53,X-ray,False,no_TM_span,208,0.0,,,,,,,,,
Q96S52,7WLD,GPI transamidase component PIG-S,2.53,EM,True,,2395,3.0,5.0,2.0,True,0.046,0.064315510817634,16.477907205,24.92322058591529,21.388109584322923,22.90214131248564
P30049,8H9S,"ATP synthase subunit delta, mitochondrial",2.53,EM,True,,5066,2.0,13.0,11.0,True,0.059,-0.0282408760033279,12.651503405,18.306911956742542,19.66705798501204,20.06763216948973
P48047,8H9S,"ATP synthase subunit O, mitochondrial",2.53,EM,True,,5066,2.0,13.0,11.0,True,0.059,-0.0282408760033279,12.651503405,18.306911956742542,19.66705798501204,20.06763216948973
P50897,3GRO,Palmitoyl-protein thioesterase 1,2.53,X-ray,False,no_TM_span,277,0.0,,,,,,,,,
Q9RRB6,7ZGY,S-layer protein SlpA,2.54,EM,True,,2847,3.0,3.0,0.0,False,0.0,0.0011684266644188,121.69299605500004,62.70279359188064,62.52826340389697,62.23831916402591
P26876,1EX9,LACTONIZING LIPASE,2.54,X-ray,False,no_TM_span,286,0.0,,,,,,,,,
P20474,5TFV,Basic phospholipase A2 myotoxin III,2.54,X-ray,False,no_TM_span,122,0.0,,,,,,,,,
Q9RWM2,8ACQ,"DR_0644, only-Cu Superoxide Dismutase",2.54,EM,True,,3207,3.0,3.0,0.0,False,0.0,0.0002048632689182,121.621138335,62.72613646692548,62.69554467366547,62.21994109685167
Q9P0U1,7VBY,Mitochondrial import receptor subunit TOM7 homolog,2.54,EM,True,,951,2.0,10.0,8.0,True,0.0,0.0221480673724687,27.166400615,29.43757264098683,27.874467499148484,29.4063494636514
Q75VY9,7BGI,"Chlorophyll a-b binding protein, chloroplastic",2.54,EM,True,,4372,2.0,18.0,16.0,True,0.005,0.0324720806459675,38.036753935,37.02895845614185,34.31721784111529,34.79579689538767
O96008,7VBY,Translocase of the Outer Membrane,2.54,EM,True,,951,2.0,10.0,8.0,True,0.0,0.0221480673724687,27.166400615,29.43757264098683,27.874467499148484,29.4063494636514
Q38YH5,7XNO,Mannose permease IID component,2.54,EM,True,,2085,6.0,9.0,3.0,True,0.099,0.017849845412952,55.12584700999999,42.59857307341808,40.80405266240817,41.88926125815321
Q38YH6,7XNO,Mannose permease IIC component,2.54,EM,True,,2085,6.0,9.0,3.0,True,0.099,0.017849845412952,55.12584700999999,42.59857307341808,40.80405266240817,41.88926125815321
Q96B49,7VBY,Mitochondrial import receptor subunit TOM6 homolog,2.54,EM,True,,951,2.0,10.0,8.0,True,0.0,0.0221480673724687,27.166400615,29.43757264098683,27.874467499148484,29.4063494636514
Q9NS69,7VBY,Mitochondrial import receptor subunit TOM22 homolog,2.54,EM,True,,951,2.0,10.0,8.0,True,0.0,0.0221480673724687,27.166400615,29.43757264098683,27.874467499148484,29.4063494636514
Q8N4H5,7VBY,Mitochondrial import receptor subunit TOM5 homolog,2.54,EM,True,,951,2.0,10.0,8.0,True,0.0,0.0221480673724687,27.166400615,29.43757264098683,27.874467499148484,29.4063494636514
Q8BS40,4KBR,Glycolipid transfer protein domain-containing protein 1,2.547,X-ray,False,no_TM_span,206,0.0,,,,,,,,,
P01443,4OM5,Cytotoxin 4,2.55,X-ray,False,no_TM_span,60,0.0,,,,,,,,,
P18507,6X3T,Gamma-aminobutyric acid type A receptor subunit gamma-2,2.55,EM,True,,2123,5.0,5.0,0.0,False,0.006,0.0637195779189789,23.63536444,28.26964202967703,24.075044011554297,27.4287625765524
P55011,7ZGO,Solute carrier family 12 member 2,2.55,EM,True,,940,2.0,2.0,0.0,False,0.0,0.005838388522964,25.262598455,28.090456818038824,27.693111310471966,28.35724746677268
A0KLE1,6H2F,AhlB,2.55,X-ray,True,,3360,10.0,10.0,0.0,False,0.02,-0.0269417510930697,25.97979959000001,27.30761810237765,29.16704891403451,28.756959245668853
Q9Y5W7,4BGJ,SORTING NEXIN-14,2.55,X-ray,False,no_TM_span,118,0.0,,,,,,,,,
P48736,3ML9,"Phosphatidylinositol-4,5-bisphosphate 3-kinase catalytic subunit gamma isoform",2.55,X-ray,False,no_TM_span,847,0.0,,,,,,,,,
P47870,6X3T,Gamma-aminobutyric acid receptor subunit beta-2,2.55,EM,True,,2123,5.0,5.0,0.0,False,0.006,0.0637195779189789,23.63536444,28.26964202967703,24.075044011554297,27.4287625765524
P14867,6X3T,Gamma-aminobutyric acid receptor subunit alpha-1,2.55,EM,True,,2123,5.0,5.0,0.0,False,0.006,0.0637195779189789,23.63536444,28.26964202967703,24.075044011554297,27.4287625765524
P0AF16,7WAG,Lipid II flippase MurJ,2.55,X-ray,True,,522,1.0,1.0,0.0,False,0.0,-0.0024016637256964,13.202815675000002,19.791059028620307,19.90922210356252,20.50021159601729
O60895,7TYX,Receptor activity-modifying protein 2,2.55,EM,True,,1278,1.0,2.0,1.0,True,0.0,0.0644745569196926,4.930028755,14.003266187203003,12.064839421811268,12.527078238307867
Q9X721,2Y3U,COLLAGENASE,2.55,X-ray,False,no_TM_span,680,0.0,,,,,,,,,
P44046,5K8K,"UDP-2,3-diacylglucosamine hydrolase",2.55,X-ray,False,no_TM_span,242,0.0,,,,,,,,,
Q9RP17,1P4T,outer membrane protein NspA,2.55,X-ray,True,,156,1.0,1.0,0.0,False,0.0,-0.0115261520133091,2.553362935,8.132858588499161,8.382247375730978,9.015323983228557
Q63GK8,5IWS,Protein-N(Pi)-phosphohistidine-sugar phosphotransferase (Enzyme II of the phosphotransferase system) (PTS system glucose-specific IIBC component),2.551,X-ray,True,,886,2.0,2.0,0.0,False,0.0,0.100430282711491,23.238728145000003,30.55045281347503,23.994932487140083,27.19764127804285
Q9NP55,5I7K,BPI fold-containing family A member 1,2.552,X-ray,False,no_TM_span,199,0.0,,,,,,,,,
P71070,6Z0F,ESX secretion system protein YukC,2.553,X-ray,True,,753,2.0,2.0,0.0,False,0.02,0.0795819017863554,0.62639169,3.5878204793834403,2.734968596711643,4.465273424443035
P13487,4JTC,Potassium channel toxin alpha-KTx 1.1,2.56,X-ray,True,,2848,4.0,4.0,0.0,False,0.0,-0.0080974950880157,42.34470262,37.39801699214591,38.11150477694813,36.71340010331196
Q51487,1WP1,Outer membrane protein oprM,2.56,X-ray,True,,1368,3.0,3.0,0.0,False,0.0,-0.0828080965543376,8.171028194999998,15.724649364764012,18.9297927425534,16.127365112612146
P15387,4JTC,"Potassium voltage-gated channel subfamily A member 2, Potassium voltage-gated channel subfamily B member 1",2.56,X-ray,True,,2848,4.0,4.0,0.0,False,0.0,-0.0080974950880157,42.34470262,37.39801699214591,38.11150477694813,36.71340010331196
C6K7N1,7JZ3,Outer membrane protein C,2.56,EM,True,,1038,3.0,3.0,0.0,False,0.0,-0.0053551841215119,35.03868992499999,32.79686730707075,33.22609194461733,33.39634920474973
P20309,8EA0,Muscarinic acetylcholine receptor M3,2.56,EM,True,,285,1.0,1.0,0.0,False,0.0,0.0665907991622547,4.949418745,13.261022099230493,11.25503732791483,12.551688800304404
P60468,8DNZ,Protein transport protein Sec61 subunit beta,2.57,EM,True,,555,1.0,3.0,2.0,True,0.0,0.0633111293528397,9.049979370000004,18.816324685297992,16.237391084735176,16.972618841034386
O13154,4BNE,PROTEIN KINASE C AND CASEIN KINASE SUBSTRATE IN NEURONS PROTEIN 2,2.57,X-ray,False,no_TM_span,579,0.0,,,,,,,,,
P0DJJ9,6AL3,Basic phospholipase A2 BP-II,2.57,X-ray,False,no_TM_span,122,0.0,,,,,,,,,
P61619,8DNZ,Protein transport protein Sec61 subunit alpha isoform 1,2.57,EM,True,,555,1.0,3.0,2.0,True,0.0,0.0633111293528397,9.049979370000004,18.816324685297992,16.237391084735176,16.972618841034386
P60059,8DNZ,Protein transport protein Sec61 subunit gamma,2.57,EM,True,,555,1.0,3.0,2.0,True,0.0,0.0633111293528397,9.049979370000004,18.816324685297992,16.237391084735176,16.972618841034386
P32245,7PIU,Melanocortin receptor 4,2.58,EM,True,,995,1.0,1.0,0.0,False,0.0,0.0191778251765319,4.806126374999999,12.31926425116971,11.74997464624561,12.368660151411568
Q4KH25,3JTY,BenF-like porin,2.58,X-ray,True,,388,1.0,1.0,0.0,False,0.0,-0.0173163058417783,10.829310725,18.29518982322199,19.066789364278836,18.566304598179077
B7LI20,5A43,PUTATIVE FLUORIDE ION TRANSPORTER CRCB,2.58,X-ray,True,,250,2.0,2.0,0.0,False,0.008,0.0317280774727214,5.14953584,13.223834424977657,12.24892536755948,12.80292219428733
A5F5Y4,8EVU,Na(+)-translocating NADH-quinone reductase subunit F,2.5804,EM,True,,1540,1.0,5.0,4.0,True,0.0,0.0349043608028976,7.136483779999999,15.177357153661216,13.914779390508032,15.071872278400807
A5F5X0,8EVU,Na(+)-translocating NADH-quinone reductase subunit B,2.5804,EM,True,,1540,1.0,5.0,4.0,True,0.0,0.0349043608028976,7.136483779999999,15.177357153661216,13.914779390508032,15.071872278400807
A5F5Y6,8EVU,Na(+)-translocating NADH-quinone reductase subunit D,2.5804,EM,True,,1540,1.0,5.0,4.0,True,0.0,0.0349043608028976,7.136483779999999,15.177357153661216,13.914779390508032,15.071872278400807
A5F5Y5,8EVU,Na(+)-translocating NADH-quinone reductase subunit E,2.5804,EM,True,,1540,1.0,5.0,4.0,True,0.0,0.0349043608028976,7.136483779999999,15.177357153661216,13.914779390508032,15.071872278400807
A5F5Y7,8EVU,Na(+)-translocating NADH-quinone reductase subunit C,2.5804,EM,True,,1540,1.0,5.0,4.0,True,0.0,0.0349043608028976,7.136483779999999,15.177357153661216,13.914779390508032,15.071872278400807
Q9NR71,4WGK,Neutral ceramidase,2.582,X-ray,False,no_TM_span,672,0.0,,,,,,,,,
P19057,8B64,Reaction center protein L chain,2.589,EM,True,,2249,3.0,34.0,31.0,True,0.088,-0.0979717091967515,14.840359765,18.68729658183247,23.797747302373384,21.73438112236844
P02948,8B64,Light-harvesting protein B-870 alpha chain,2.589,EM,True,,2249,3.0,34.0,31.0,True,0.088,-0.0979717091967515,14.840359765,18.68729658183247,23.797747302373384,21.73438112236844
P11847,8B64,Reaction center protein M chain,2.589,EM,True,,2249,3.0,34.0,31.0,True,0.088,-0.0979717091967515,14.840359765,18.68729658183247,23.797747302373384,21.73438112236844
P19056,8B64,Reaction center protein H chain,2.589,EM,True,,2249,3.0,34.0,31.0,True,0.088,-0.0979717091967515,14.840359765,18.68729658183247,23.797747302373384,21.73438112236844
P26240,8B64,Intrinsic membrane protein PufX,2.589,EM,True,,2249,3.0,34.0,31.0,True,0.088,-0.0979717091967515,14.840359765,18.68729658183247,23.797747302373384,21.73438112236844
P02950,8B64,LH1 beta chain,2.589,EM,True,,2249,3.0,34.0,31.0,True,0.088,-0.0979717091967515,14.840359765,18.68729658183247,23.797747302373384,21.73438112236844
Q9Y6N5,6MO6,"Sulfide:quinone oxidoreductase, mitochondrial",2.59,X-ray,False,no_TM_span,413,0.0,,,,,,,,,
A0QP27,6OR2,"Membrane protein, MmpL family protein",2.59,X-ray,True,,733,1.0,1.0,0.0,False,0.0,-0.0385948039940487,9.998702980000004,16.616505844288493,18.26898876222832,17.840084101677686
P20068,8FMZ,Neurotensin/neuromedin N,2.59,EM,True,,1126,1.0,1.0,0.0,False,0.0,0.0357857327818816,4.909644535000003,12.5124372955138,11.438766241174491,12.50115351933061
Q99JB8,3QE6,Protein kinase C and casein kinase II substrate protein 3,2.6,X-ray,False,no_TM_span,569,0.0,,,,,,,,,
S5UCA2,6V78,OmpK37,2.6,X-ray,True,,1059,3.0,3.0,0.0,False,0.0,-0.0143040315162181,33.89140432999999,32.19002244757689,33.31758214928352,32.845043849706045
P30518,7DW9,Vasopressin V2 receptor,2.6,EM,True,,1283,1.0,1.0,0.0,False,0.0,0.0442138541993209,4.72453725,12.636230626854154,11.334939948220777,12.263225164362677
Q9LCB8,1S3R,intermedilysin,2.6,X-ray,False,no_TM_span,473,0.0,,,,,,,,,
P02974,2PIL,TYPE 4 PILIN,2.6,X-ray,True,,158,1.0,1.0,0.0,False,0.0,0.0138779870845018,0.1123836,1.4980226261709213,1.4350264405137725,1.89137016273718
P04798,4I8V,Cytochrome P450 1A1,2.6,X-ray,False,no_TM_span,477,0.0,,,,,,,,,
F2TZN0,7CJ3,Phosphodiesterase,2.6,X-ray,True,,526,2.0,2.0,0.0,False,0.004,-0.0134179331665264,16.146549849999996,21.64077207449702,22.370837528618644,22.670700132581704
Q9AFF7,4KNF,Blue-light absorbing proteorhodopsin,2.6,X-ray,True,,1146,5.0,5.0,0.0,False,0.012,0.0264024697343773,43.06940460499999,38.41027241999029,36.06407100238655,37.02623026696234
Q1HG43,7D3F,Isoform 2 of Dual oxidase maturation factor 1,2.6,EM,True,,3286,2.0,4.0,2.0,True,0.0,0.0318832821146274,16.6695035,23.90126754718528,22.13863956803045,23.03490343332331
P32366,8EAS,V-type proton ATPase subunit d,2.6,EM,True,,3280,1.0,15.0,14.0,True,0.0,-0.0049761919372317,9.27688375,16.196834455723504,16.40206145057719,17.184073471103286
P32246,7VL9,C-C chemokine receptor type 1,2.6,EM,True,,1214,1.0,1.0,0.0,False,0.0,0.0189658167592029,4.799084335,12.189461875663795,11.626878303159394,12.359595415952183
P32341,8EAS,V-type proton ATPase assembly factor Vma12p,2.6,EM,True,,3280,1.0,15.0,14.0,True,0.0,-0.0049761919372317,9.27688375,16.196834455723504,16.40206145057719,17.184073471103286
A5W4F4,3BS0,TodX,2.6,X-ray,True,,414,1.0,1.0,0.0,False,0.0,-0.0060791769640452,5.6585194800000025,12.94065745602435,13.136466388114872,13.420740261429556
P0C5R9,8EAS,Yeast V-ATPase subunit f,2.6,EM,True,,3280,1.0,15.0,14.0,True,0.0,-0.0049761919372317,9.27688375,16.196834455723504,16.40206145057719,17.184073471103286
Q9XSM3,7T6O,Transient receptor potential cation channel subfamily V member 5,2.6,EM,True,,2424,4.0,4.0,0.0,False,0.0,0.0140216938185157,40.519434655,37.52719137395386,36.31863065792996,35.913418986869786
Q16663,7VL9,CCL15(26-92),2.6,EM,True,,1214,1.0,1.0,0.0,False,0.0,0.0189658167592029,4.799084335,12.189461875663795,11.626878303159394,12.359595415952183
A7X3E7,4UY3,SEPTATION RING FORMATION REGULATOR EZRA,2.6,X-ray,False,no_TM_span,194,0.0,,,,,,,,,
P32842,8EAS,V-type proton ATPase subunit c',2.6,EM,True,,3280,1.0,15.0,14.0,True,0.0,-0.0049761919372317,9.27688375,16.196834455723504,16.40206145057719,17.184073471103286
P34024,1AOD,PHOSPHATIDYLINOSITOL-SPECIFIC PHOSPHOLIPASE C,2.6,X-ray,False,no_TM_span,274,0.0,,,,,,,,,
P19156,6JXI,Potassium-transporting ATPase alpha chain 1,2.6,X-ray,True,,1249,1.0,2.0,1.0,True,0.0,0.0226401333096268,8.05897818,15.965380640475086,15.09510811098862,16.016405424543464
O75762,6V9V,Transient receptor potential cation channel subfamily A member 1,2.6,EM,True,,2392,4.0,4.0,0.0,False,0.0,0.0033321238319654,42.57553896,37.574766423946286,37.28036662077959,36.81333312886942
P35729,3F7F,Nucleoporin NUP120,2.6,X-ray,False,no_TM_span,701,0.0,,,,,,,,,
E1C9L2,5L8R,Lhca1,2.6,X-ray,True,,3232,2.0,13.0,11.0,True,0.006,0.0262833430173426,38.59998762,36.20603931520395,33.99492859080023,35.05247161901416
O77091,1T0Z,insect neurotoxin,2.6,X-ray,False,no_TM_span,72,0.0,,,,,,,,,
P0ABU7,5SV0,Biopolymer transport protein ExbB,2.6,X-ray,True,,1119,5.0,5.0,0.0,False,0.027,-0.0430681757535454,16.721148080000003,21.351651975223994,23.73630846949993,23.07055860226863
Q6UWV6,5UDY,Ectonucleotide pyrophosphatase/phosphodiesterase family member 7,2.6,X-ray,False,no_TM_span,390,0.0,,,,,,,,,
Q7T3S7,1OZ6,phospholipase A2,2.6,X-ray,False,no_TM_span,121,0.0,,,,,,,,,
Q7T2R1,2H4C,Phospholipase A2-III,2.6,X-ray,False,no_TM_span,122,0.0,,,,,,,,,
Q7LBE3,7CH1,Solute carrier family 26 member 9,2.6,EM,True,,1280,2.0,2.0,0.0,False,0.0,0.0119817888440796,29.02269736500001,30.71466501009517,29.84063397526942,30.39442629002849
Q7KLE5,1URU,AMPHIPHYSIN,2.6,X-ray,False,no_TM_span,434,0.0,,,,,,,,,
P0AGF4,4GC0,D-xylose-proton symporter,2.6,X-ray,True,,475,1.0,1.0,0.0,False,0.0,0.0394148362004347,8.294775240000002,16.942609238326185,15.405522616194034,16.249027548024298
P37028,2QI9,Vitamin B12-binding protein btuF,2.6,X-ray,True,,1389,2.0,2.0,0.0,False,0.0,0.0269693340387588,17.582336585,24.25144007358596,22.72019458342345,23.657200927447967
P0AC44,1NEK,Succinate dehydrogenase hydrophobic membrane anchor protein,2.6,X-ray,True,,3210,6.0,6.0,0.0,False,0.066,0.0186180068170177,23.80324066000001,27.7939576340529,26.564007415205054,27.52600011859693
O11875,3C6E,Envelope protein E,2.6,X-ray,False,no_TM_span,471,0.0,,,,,,,,,
Q9DB77,7O3H,"Cytochrome b-c1 complex subunit 2, mitochondrial",2.6,EM,True,,4161,2.0,12.0,10.0,True,0.0,0.0464344729635773,23.350911425,29.28366022545889,26.24537358356143,27.263209565235577
Q7T3T5,2H4C,Phospholipase A2-II,2.6,X-ray,False,no_TM_span,122,0.0,,,,,,,,,
P39111,8EAS,V-type proton ATPase subunit F,2.6,EM,True,,3280,1.0,15.0,14.0,True,0.0,-0.0049761919372317,9.27688375,16.196834455723504,16.40206145057719,17.184073471103286
Q9CZ13,7O3H,"Cytochrome b-c1 complex subunit 1, mitochondrial",2.6,EM,True,,4161,2.0,12.0,10.0,True,0.0,0.0464344729635773,23.350911425,29.28366022545889,26.24537358356143,27.263209565235577
Q9CR68,7O3H,"Cytochrome b-c1 complex subunit Rieske, mitochondrial",2.6,EM,True,,4161,2.0,12.0,10.0,True,0.0,0.0464344729635773,23.350911425,29.28366022545889,26.24537358356143,27.263209565235577
P09850,7XN9,"Somatostatin receptor type 2,Endo-1,4-beta-xylanase",2.6,X-ray,True,,476,1.0,1.0,0.0,False,0.0,0.0446133267235827,5.250944104999999,12.709586148120309,11.32531995707047,12.928369659086936
Q2FXF4,6U0O,LYZ2 domain-containing protein,2.6,X-ray,True,,542,2.0,2.0,0.0,False,0.073,0.0180839555682315,6.989717590000001,15.210704336025373,14.563323929219935,14.9160859830243
P18054,3D3L,"Arachidonate 12-lipoxygenase, 12S-type",2.6,X-ray,False,no_TM_span,451,0.0,,,,,,,,,
Q8N0W4,2XB6,"NEUROLIGIN-4, X-LINKED",2.6,X-ray,False,no_TM_span,707,0.0,,,,,,,,,
O43603,7WQ4,Galanin receptor type 2,2.6,EM,True,,1048,1.0,1.0,0.0,False,0.0,0.0518212779634787,4.9572340850000005,13.327696333112431,11.765397394000978,12.561594713183348
P51798,7CQ5,H(+)/Cl(-) exchange transporter 7,2.6,EM,True,,1774,2.0,4.0,2.0,True,0.001,0.0012768840673849,27.029869904999995,28.7718901291438,28.68200046638532,29.332362354613068
A0QU28,8E9G,NADH-quinone oxidoreductase subunit I,2.6,EM,True,,5051,3.0,7.0,4.0,True,0.092,0.0089649683767604,52.3915343,40.552765554216336,39.67411613590039,40.83716851108456
P19517,6JPA,Voltage-dependent L-type calcium channel subunit beta-1,2.6,EM,True,,2699,1.0,2.0,1.0,True,0.0,-0.0042928429703007,48.272577555,39.23809704736373,39.64195770894202,39.199028900382544
Q9C994,5Y50,Protein DETOXIFICATION 14,2.6,X-ray,True,,448,1.0,1.0,0.0,False,0.0,0.0294168631711472,10.502603189999997,17.365579448800858,16.074713501365583,18.284098080141707
Q9Y5X0,4ON3,Sorting nexin-10,2.6,X-ray,False,no_TM_span,150,0.0,,,,,,,,,
O95069,4TWK,Potassium channel subfamily K member 2,2.6,X-ray,True,,496,2.0,2.0,0.0,False,0.028,0.0189449641316692,12.624449900000004,19.393915715215275,18.48245842213408,20.046164747407342
Q63373,2XB6,NEUREXIN-1-BETA,2.6,X-ray,False,no_TM_span,707,0.0,,,,,,,,,
Q2YYX7,6U0O,Lysostaphin resistance protein A,2.6,X-ray,True,,542,2.0,2.0,0.0,False,0.073,0.0180839555682315,6.989717590000001,15.210704336025373,14.563323929219935,14.9160859830243
Q9CPX8,7O3H,Cytochrome b-c1 complex subunit 10,2.6,EM,True,,4161,2.0,12.0,10.0,True,0.0,0.0464344729635773,23.350911425,29.28366022545889,26.24537358356143,27.263209565235577
P17935,3DIH,"Phospholipase A2 homolog, ammodytin L",2.6,X-ray,False,no_TM_span,122,0.0,,,,,,,,,
P19518,6JPA,Voltage-dependent calcium channel gamma-1 subunit,2.6,EM,True,,2699,1.0,2.0,1.0,True,0.0,-0.0042928429703007,48.272577555,39.23809704736373,39.64195770894202,39.199028900382544
P21554,5U09,"Cannabinoid receptor 1,GlgA glycogen synthase",2.6,X-ray,True,,478,1.0,1.0,0.0,False,0.0,0.0400987949438031,4.742242805,12.860383923867303,11.67799726774453,12.28618235057355
Q86WC4,7CQ5,Osteopetrosis-associated transmembrane protein 1,2.6,EM,True,,1774,2.0,4.0,2.0,True,0.001,0.0012768840673849,27.029869904999995,28.7718901291438,28.68200046638532,29.332362354613068
Q9Y5N1,7F61,Histamine H3 receptor,2.6,X-ray,True,,407,1.0,1.0,0.0,False,0.0,0.0618158354820464,4.752232950000001,13.253251078810584,11.42857865190586,12.299116754602178
Q9D855,7O3H,Cytochrome b-c1 complex subunit 7,2.6,EM,True,,4161,2.0,12.0,10.0,True,0.0,0.0464344729635773,23.350911425,29.28366022545889,26.24537358356143,27.263209565235577
P10824,7TD4,Guanine nucleotide-binding protein G(i) subunit alpha-1,2.6,EM,True,,894,1.0,1.0,0.0,False,0.0,0.006152902957786,4.67421725,11.779842305372842,11.59971862262346,12.197743893219808
Q9D0M3,7O3H,"Cytochrome c1, heme protein, mitochondrial",2.6,EM,True,,4161,2.0,12.0,10.0,True,0.0,0.0464344729635773,23.350911425,29.28366022545889,26.24537358356143,27.263209565235577
P21453,7TD4,Sphingosine 1-phosphate receptor 1,2.6,EM,True,,894,1.0,1.0,0.0,False,0.0,0.006152902957786,4.67421725,11.779842305372842,11.59971862262346,12.197743893219808
P21447,7ZK5,ATP-dependent translocase ABCB1,2.6,EM,True,,1177,1.0,1.0,0.0,False,0.0,-0.0051855818156121,9.63489703,16.2743364983413,16.492286729977533,17.51251831408562
P22466,7WQ4,Galanin,2.6,EM,True,,1048,1.0,1.0,0.0,False,0.0,0.0518212779634787,4.9572340850000005,13.327696333112431,11.765397394000978,12.561594713183348
P09169,1I78,PROTEASE VII,2.6,X-ray,True,,297,1.0,1.0,0.0,False,0.0,-0.0241200316825279,3.2303548599999994,9.506776421155855,10.093778035689514,10.14028543888117
A0QU25,8E9G,"NADH-quinone oxidoreductase, L subunit",2.6,EM,True,,5051,3.0,7.0,4.0,True,0.092,0.0089649683767604,52.3915343,40.552765554216336,39.67411613590039,40.83716851108456
A0QU24,8E9G,"NADH-quinone oxidoreductase, M subunit",2.6,EM,True,,5051,3.0,7.0,4.0,True,0.092,0.0089649683767604,52.3915343,40.552765554216336,39.67411613590039,40.83716851108456
A0QU23,8E9G,NADH-quinone oxidoreductase subunit N,2.6,EM,True,,5051,3.0,7.0,4.0,True,0.092,0.0089649683767604,52.3915343,40.552765554216336,39.67411613590039,40.83716851108456
Q8R1I1,7O3H,Cytochrome b-c1 complex subunit 9,2.6,EM,True,,4161,2.0,12.0,10.0,True,0.0,0.0464344729635773,23.350911425,29.28366022545889,26.24537358356143,27.263209565235577
P00158,7O3H,Cytochrome b,2.6,EM,True,,4161,2.0,12.0,10.0,True,0.0,0.0464344729635773,23.350911425,29.28366022545889,26.24537358356143,27.263209565235577
P53262,8EAS,V0 assembly protein 1,2.6,EM,True,,3280,1.0,15.0,14.0,True,0.0,-0.0049761919372317,9.27688375,16.196834455723504,16.40206145057719,17.184073471103286
Q9CQ69,7O3H,Cytochrome b-c1 complex subunit 8,2.6,EM,True,,4161,2.0,12.0,10.0,True,0.0,0.0464344729635773,23.350911425,29.28366022545889,26.24537358356143,27.263209565235577
E6MVD9,1UYN,NALP,2.6,X-ray,True,,279,1.0,1.0,0.0,False,0.0,-0.0048399339677199,4.800943885000001,11.719907882375397,11.863502796018034,12.361989733085512
O50334,7O3J,TrwH protein,2.6,EM,True,,5054,14.0,14.0,0.0,False,0.0,-0.0801938704857977,22.50194860000001,23.830224484782804,28.981176976834,26.763020565286556
O50336,7O3J,TrwF protein,2.6,EM,True,,5054,14.0,14.0,0.0,False,0.0,-0.0801938704857977,22.50194860000001,23.830224484782804,28.981176976834,26.763020565286556
O50337,7O3J,TrwE protein,2.6,EM,True,,5054,14.0,14.0,0.0,False,0.0,-0.0801938704857977,22.50194860000001,23.830224484782804,28.981176976834,26.763020565286556
O97467,6M20,Hexose transporter 1,2.6,X-ray,True,,476,1.0,1.0,0.0,False,0.0,0.0226686115013276,8.6105957,16.302678426499142,15.401983277197765,16.5554756417375
P99028,7O3H,"Cytochrome b-c1 complex subunit 6, mitochondrial",2.6,EM,True,,4161,2.0,12.0,10.0,True,0.0,0.0464344729635773,23.350911425,29.28366022545889,26.24537358356143,27.263209565235577
Q96BI3,6IYC,Gamma-secretase subunit APH-1A,2.6,EM,True,,1355,1.0,5.0,4.0,True,0.0,0.5370520697426863,0.1001992949999999,3.755218166514247,1.453325692848027,1.785901066328873
Q969W0,7K0K,Serine palmitoyltransferase small subunit A,2.6,EM,True,,964,1.0,1.0,0.0,False,0.0,-0.3331913557650475,0.13381243,1.4682140280819431,3.1185723967126067,2.0638270122099978
P02787,3V8X,Serotransferrin,2.6,X-ray,True,,1531,1.0,1.0,0.0,False,0.0,0.0001791135692317,14.717295219999995,21.429571452919447,21.42026725812191,21.644076710295234
P80966,1GP7,PHOSPHOLIPASE A2,2.6,X-ray,False,no_TM_span,125,0.0,,,,,,,,,
Q46704,3JQO,TraO protein,2.6,X-ray,True,,4975,14.0,14.0,0.0,False,0.005,-0.10136636341951,23.28311706,24.486170772863577,31.10910942746113,27.22360435609597
Q9NZ42,6IYC,Gamma-secretase subunit PEN-2,2.6,EM,True,,1355,1.0,5.0,4.0,True,0.0,0.5370520697426863,0.1001992949999999,3.755218166514247,1.453325692848027,1.785901066328873
Q46705,3JQO,TraF protein,2.6,X-ray,True,,4975,14.0,14.0,0.0,False,0.005,-0.10136636341951,23.28311706,24.486170772863577,31.10910942746113,27.22360435609597
Q3YL97,6WIM,Outer membrane transporter CdiB,2.6,X-ray,True,,536,1.0,1.0,0.0,False,0.0,-0.011271607380637,8.945735820000001,16.571515552847995,17.028004422154627,16.874584885840775
P49126,6A95,Mu-diguetoxin-Dc1a,2.6,EM,True,,1363,1.0,1.0,0.0,False,0.0,0.0129950693796991,47.63034770499999,40.21234706843629,38.99796097898012,38.9373991900755
P01286,7CZ5,Somatoliberin,2.6,EM,True,,1048,1.0,1.0,0.0,False,0.0,0.0393461778712572,4.803657810000001,13.100077006366783,11.932394194074108,12.365483293292574
Q9S7N7,5L8R,PsaG,2.6,X-ray,True,,3232,2.0,13.0,11.0,True,0.006,0.0262833430173426,38.59998762,36.20603931520395,33.99492859080023,35.05247161901416
P07293,6JPA,Voltage-dependent L-type calcium channel subunit alpha-1S,2.6,EM,True,,2699,1.0,2.0,1.0,True,0.0,-0.0042928429703007,48.272577555,39.23809704736373,39.64195770894202,39.199028900382544
Q9NRD9,7D3F,Dual oxidase 1,2.6,EM,True,,3286,2.0,4.0,2.0,True,0.0,0.0318832821146274,16.6695035,23.90126754718528,22.13863956803045,23.03490343332331
R0BTE9,5JNQ,Phospho-N-acetylmuramoyl-pentapeptide-transferase,2.6,X-ray,True,,618,2.0,2.0,0.0,False,0.0,0.0063689703728333,16.77710183,23.39615337219434,23.042918148101545,23.10912671219137
P16430,7Z0S,Formate hydrogenlyase subunit 4,2.6,EM,True,,2026,1.0,2.0,1.0,True,0.0,-0.0285325739928734,15.983031495,21.521742760777546,23.06631005726493,22.55561335021815
P16429,7Z0S,Formate hydrogenlyase subunit 3,2.6,EM,True,,2026,1.0,2.0,1.0,True,0.0,-0.0285325739928734,15.983031495,21.521742760777546,23.06631005726493,22.55561335021815
Q3E7B6,8EAS,V-type proton ATPase subunit e,2.6,EM,True,,3280,1.0,15.0,14.0,True,0.0,-0.0049761919372317,9.27688375,16.196834455723504,16.40206145057719,17.184073471103286
Q3BCY3,3C6E,prM,2.6,X-ray,False,no_TM_span,471,0.0,,,,,,,,,
Q92542,6IYC,Nicastrin,2.6,EM,True,,1355,1.0,5.0,4.0,True,0.0,0.5370520697426863,0.1001992949999999,3.755218166514247,1.453325692848027,1.785901066328873
P01185,7DW9,CYS-TYR-PHE-GLN-ASN-CYS-PRO-ARG-GLY-NH2,2.6,EM,True,,1283,1.0,1.0,0.0,False,0.0,0.0442138541993209,4.72453725,12.636230626854154,11.334939948220777,12.263225164362677
Q9K0U9,3V8X,Transferrin-binding protein 1,2.6,X-ray,True,,1531,1.0,1.0,0.0,False,0.0,0.0001791135692317,14.717295219999995,21.429571452919447,21.42026725812191,21.644076710295234
P49768,6IYC,Presenilin-1,2.6,EM,True,,1355,1.0,5.0,4.0,True,0.0,0.5370520697426863,0.1001992949999999,3.755218166514247,1.453325692848027,1.785901066328873
O15270,7K0K,Serine palmitoyltransferase 2,2.6,EM,True,,964,1.0,1.0,0.0,False,0.0,-0.3331913557650475,0.13381243,1.4682140280819431,3.1185723967126067,2.0638270122099978
O15269,7K0K,Serine palmitoyltransferase 1,2.6,EM,True,,964,1.0,1.0,0.0,False,0.0,-0.3331913557650475,0.13381243,1.4682140280819431,3.1185723967126067,2.0638270122099978
B5XGR7,7TYN,Calcitonin-1,2.6,EM,True,,1167,1.0,1.0,0.0,False,0.0,0.0791636513130738,5.22146413,14.56980803446888,12.120416164355694,12.8920271987498
Q9N0A4,1Z9H,membrane-associated prostaglandin E synthase-2,2.6,X-ray,False,no_TM_span,548,0.0,,,,,,,,,
Q9S5X0,4AV3,K(+)-STIMULATED PYROPHOSPHATE-ENERGIZED SODIUM PUMP,2.6,X-ray,True,,1403,2.0,2.0,0.0,False,0.009,-0.0017243595652058,30.09292897,29.58973287769024,29.71781731533474,30.94976057318957
Q9H222,7R89,ATP-binding cassette sub-family G member 5,2.6,EM,True,,1332,2.0,2.0,0.0,False,0.049,0.0307226287606042,11.83507663,20.490931702002644,19.059797978788627,19.40933253636441
Q9H221,7R89,ATP-binding cassette sub-family G member 8,2.6,EM,True,,1332,2.0,2.0,0.0,False,0.049,0.0307226287606042,11.83507663,20.490931702002644,19.059797978788627,19.40933253636441
P06611,2QI9,Vitamin B12 import ATP-binding protein btuD,2.6,X-ray,True,,1389,2.0,2.0,0.0,False,0.0,0.0269693340387588,17.582336585,24.25144007358596,22.72019458342345,23.657200927447967
P06609,2QI9,Vitamin B12 import system permease protein btuC,2.6,X-ray,True,,1389,2.0,2.0,0.0,False,0.0,0.0269693340387588,17.582336585,24.25144007358596,22.72019458342345,23.657200927447967
O35433,7L2P,Transient receptor potential cation channel subfamily V member 1,2.6,EM,True,,2234,4.0,4.0,0.0,False,0.063,0.0215846193806562,40.921409785,38.25986734702487,36.39023594515388,36.09111980964792
P25515,8EAS,V-type proton ATPase subunit c,2.6,EM,True,,3280,1.0,15.0,14.0,True,0.0,-0.0049761919372317,9.27688375,16.196834455723504,16.40206145057719,17.184073471103286
P32563,8EAS,"V-type proton ATPase subunit a, vacuolar isoform",2.6,EM,True,,3280,1.0,15.0,14.0,True,0.0,-0.0049761919372317,9.27688375,16.196834455723504,16.40206145057719,17.184073471103286
Q9UNF0,3Q0K,Protein kinase C and casein kinase substrate in neurons protein 2,2.6,X-ray,False,no_TM_span,576,0.0,,,,,,,,,
P13806,6JPA,Voltage-dependent calcium channel subunit alpha-2/delta-1,2.6,EM,True,,2699,1.0,2.0,1.0,True,0.0,-0.0042928429703007,48.272577555,39.23809704736373,39.64195770894202,39.199028900382544
P18434,6JXI,Potassium-transporting ATPase subunit beta,2.6,X-ray,True,,1249,1.0,2.0,1.0,True,0.0,0.0226401333096268,8.05897818,15.965380640475086,15.09510811098862,16.016405424543464
Q02643,7CZ5,"Growth hormone-releasing hormone receptor,growth hormone-releasing hormone receptor",2.6,EM,True,,1048,1.0,1.0,0.0,False,0.0,0.0393461778712572,4.803657810000001,13.100077006366783,11.932394194074108,12.365483293292574
P23968,8EAS,V-type proton ATPase subunit c'',2.6,EM,True,,3280,1.0,15.0,14.0,True,0.0,-0.0049761919372317,9.27688375,16.196834455723504,16.40206145057719,17.184073471103286
A0A2W4UG77,8EQM,Photosystem II reaction center protein T,2.6,EM,True,,4680,4.0,26.0,22.0,True,0.032,0.0118182462160863,105.36111588999998,57.75584705226306,56.11325574634447,57.911557401906464
A0QU26,8E9G,NADH-quinone oxidoreductase subunit K,2.6,EM,True,,5051,3.0,7.0,4.0,True,0.092,0.0089649683767604,52.3915343,40.552765554216336,39.67411613590039,40.83716851108456
A0A2W4Z125,8EQM,Photosystem II reaction center protein M,2.6,EM,True,,4680,4.0,26.0,22.0,True,0.032,0.0118182462160863,105.36111588999998,57.75584705226306,56.11325574634447,57.911557401906464
A0QU27,8E9G,NADH-quinone oxidoreductase subunit J,2.6,EM,True,,5051,3.0,7.0,4.0,True,0.092,0.0089649683767604,52.3915343,40.552765554216336,39.67411613590039,40.83716851108456
A0QU36,8E9G,NADH-quinone oxidoreductase subunit A,2.6,EM,True,,5051,3.0,7.0,4.0,True,0.092,0.0089649683767604,52.3915343,40.552765554216336,39.67411613590039,40.83716851108456
A0QU34,8E9G,NADH-quinone oxidoreductase subunit C,2.6,EM,True,,5051,3.0,7.0,4.0,True,0.092,0.0089649683767604,52.3915343,40.552765554216336,39.67411613590039,40.83716851108456
A0QU35,8E9G,NADH-quinone oxidoreductase subunit B,2.6,EM,True,,5051,3.0,7.0,4.0,True,0.092,0.0089649683767604,52.3915343,40.552765554216336,39.67411613590039,40.83716851108456
A0QU33,8E9G,NADH-quinone oxidoreductase subunit D,2.6,EM,True,,5051,3.0,7.0,4.0,True,0.092,0.0089649683767604,52.3915343,40.552765554216336,39.67411613590039,40.83716851108456
A0QU29,8E9G,NADH-quinone oxidoreductase subunit H,2.6,EM,True,,5051,3.0,7.0,4.0,True,0.092,0.0089649683767604,52.3915343,40.552765554216336,39.67411613590039,40.83716851108456
P63012,1ZBD,RABPHILIN-3A,2.6,X-ray,False,no_TM_span,302,0.0,,,,,,,,,
P72412,3FHH,Outer membrane heme receptor ShuA,2.6,X-ray,True,,621,1.0,1.0,0.0,False,0.0,-0.0102639791314072,14.721923359999996,21.33531238891306,21.868566659251663,21.64747964343214
P05696,1DSY,"PROTEIN KINASE C, ALPHA TYPE",2.6,X-ray,False,no_TM_span,140,0.0,,,,,,,,,
P27216,6B3I,Annexin,2.6,X-ray,False,no_TM_span,607,0.0,,,,,,,,,
Q9HB45,7V9L,"GHRH receptor splice variant 1,GHRH receptor splice variant 1,GHRH receptor splice variant 1,SV1",2.6,EM,True,,1019,1.0,1.0,0.0,False,0.0,2.7059430966712156e-05,4.583659614999999,12.246560769749756,12.245776327196577,12.079007286842277
P97438,6W8C,Potassium channel subfamily K member 2,2.6,X-ray,True,,557,2.0,2.0,0.0,False,0.009,0.0059006560083146,11.440837175000002,19.79269689984894,19.522447022829382,19.083321458859125
P29274,2YDV,ADENOSINE RECEPTOR A2A,2.6,X-ray,True,,315,1.0,1.0,0.0,False,0.0,0.0359285831000562,4.700271425,12.148006584831712,11.093284925288174,12.2316918793954
P29973,7LFT,cGMP-gated cation channel alpha-1,2.6,EM,True,,1800,4.0,4.0,0.0,False,0.0,0.0284455084682778,46.162488970000005,39.0415503299198,36.42460521033419,38.33272310963727
P04896,7JJO,Guanine nucleotide-binding protein G(s) subunit alpha isoforms short,2.6,EM,True,,1002,1.0,1.0,0.0,False,0.0,0.0348661365292461,5.04307407,13.071727897382038,12.011527884291915,12.669886870995043
Q03529,4ZR1,Ceramide very long chain fatty acid hydroxylase SCS7,2.6008,X-ray,True,,274,1.0,1.0,0.0,False,0.0,-0.1600889122664253,3.05298232,7.208419335498171,10.99598092648697,9.85796355643662
Q74FS9,4GX0,TrkA domain protein,2.601,X-ray,True,,1848,2.0,4.0,2.0,True,0.0,0.1350585804692851,4.066839345000001,13.21157762018731,9.523610891349149,11.377676252358
Q9WZ49,3KDS,Cell division protein FtsH,2.601,X-ray,False,no_TM_span,2568,0.0,,,,,,,,,
Q9I1Q4,4FT6,Probable porin,2.603,X-ray,True,,387,1.0,1.0,0.0,False,0.0,-0.0253174160706374,10.910694400000002,18.16807917612248,19.30043229375771,18.63593811067777
Q9RTE3,5XAP,Protein translocase subunit SecD,2.605,X-ray,True,,733,1.0,1.0,0.0,False,0.0,-0.0073314541623258,10.037871634999997,17.502015141315276,17.816534403195234,17.874993084374466
P13516,4YMK,Acyl-CoA desaturase 1,2.605,X-ray,True,,322,1.0,1.0,0.0,False,0.0,-0.2727554750233045,2.6436495700000004,6.187390043781254,12.192372260153585,9.17332978659618
Q9X1G6,5KBW,Riboflavin transporter RibU,2.6093,X-ray,True,,170,1.0,1.0,0.0,False,0.0,0.0487410008171833,3.517485745,10.443212017511724,9.205422156783197,10.581353822380462
P41145,8DZR,Kappa-type opioid receptor,2.61,EM,True,,1073,1.0,1.0,0.0,False,0.0,0.0276915479563067,5.353315225,12.718397831260004,11.850846965717722,13.053785504502914
Q14028,7RH9,Cyclic nucleotide-gated cation channel beta-1,2.61,EM,True,,1792,4.0,4.0,0.0,False,0.021,0.0183672582239912,47.1700534,38.35161345265827,36.643511374514894,38.74879911563367
Q96RU3,2EFL,Formin-binding protein 1,2.61,X-ray,False,no_TM_span,562,0.0,,,,,,,,,
O75311,5TIN,Glycine receptor subunit alpha-3,2.61,X-ray,True,,1705,5.0,5.0,0.0,False,0.007,0.0688581308112959,23.970940945,28.146514680751917,23.58158517037389,27.62279400046512
Q7MXJ7,6SLN,RagA protein,2.61,X-ray,True,,2796,2.0,2.0,0.0,False,0.001,0.0008774542519359,35.41271354999999,33.85331752478372,33.782614109698855,33.57412220678253
F5H948,6SLN,Lipoprotein RagB,2.61,X-ray,True,,2796,2.0,2.0,0.0,False,0.001,0.0008774542519359,35.41271354999999,33.85331752478372,33.782614109698855,33.57412220678253
Q8N5C1,7D60,Calcium homeostasis modulator protein 5,2.61,EM,True,,3168,11.0,11.0,0.0,False,0.0,-0.034571645010822,84.43984259000001,48.93331000156596,53.2349103416522,51.84403213890689
O93430,7M6N,Glycine receptor subunit alphaZ1,2.61,EM,True,,1810,5.0,5.0,0.0,False,0.0,0.0680691756280325,25.00519925,29.76183076608951,25.15288119720741,28.212412387583072
Q9S7Z8,7WKW,Auxin efflux carrier component 3,2.62,EM,True,,754,2.0,2.0,0.0,False,0.0,0.0174101674123952,22.854335250000005,27.142315897084767,26.015316848380877,26.971764592317086
P38571,6V7N,Lysosomal acid lipase/cholesteryl ester hydrolase,2.62,X-ray,False,no_TM_span,369,0.0,,,,,,,,,
A0A0L8FVQ9,8EIS,Octopus sensory receptor,2.62,EM,True,,1460,5.0,5.0,0.0,False,0.0,0.0350167242554595,13.87551111,21.281358001336308,19.51517249563877,21.015975737914296
Q9UQB8,1WDZ,insulin receptor substrate p53,2.63,X-ray,False,no_TM_span,453,0.0,,,,,,,,,
P08686,4Y8W,Cytochrome P450 21-hydroxylase,2.64,X-ray,False,no_TM_span,440,0.0,,,,,,,,,
P50148,8G59,Guanine nucleotide-binding protein G(q) subunit alpha,2.64,EM,True,,1119,1.0,1.0,0.0,False,0.0,0.0226594347351974,4.718258860000001,12.124467917690744,11.458004587126837,12.255074217287556
Q5NUL3,8G59,Free fatty acid receptor 4,2.64,EM,True,,1119,1.0,1.0,0.0,False,0.0,0.0226594347351974,4.718258860000001,12.124467917690744,11.458004587126837,12.255074217287556
Q981D4,5H35,Membrane protein TRIC,2.642,X-ray,True,,585,3.0,3.0,0.0,False,0.0,0.0077047256502696,19.86536715,24.929632949896376,24.46464491003748,25.146257686812397
P77304,6GS4,Dipeptide and tripeptide permease A,2.645,X-ray,True,,593,1.0,1.0,0.0,False,0.0,-0.0515330676072143,12.735417650000002,18.13544365289505,20.62561308003447,20.13407396101082
P48547,7PQT,Potassium voltage-gated channel subfamily C member 1,2.65,EM,True,,1288,4.0,4.0,0.0,False,0.0,-0.0299241544001026,47.9352055,36.53686097308574,39.342200875506734,39.06180974673551
P19086,8DZS,Guanine nucleotide-binding protein G(z) subunit alpha,2.65,EM,True,,1100,1.0,1.0,0.0,False,0.0,0.0205093131476343,5.088281949999999,12.28077168199822,11.65434102196551,12.726548818809976
Q6N1K3,6Z5S,Light harvesting complex 1 Protein W,2.65,EM,True,,2224,3.0,32.0,29.0,True,0.073,0.1030798896785675,14.257371055,24.16128694821848,18.89105199890483,21.303197313542213
O83005,6Z5S,Reaction center protein L chain,2.65,EM,True,,2224,3.0,32.0,29.0,True,0.073,0.1030798896785675,14.257371055,24.16128694821848,18.89105199890483,21.303197313542213
P04234,8ES8,T-cell surface glycoprotein CD3 delta chain,2.65,EM,True,,1464,2.0,8.0,6.0,True,0.055,-0.011676676123076,0.5003634599999999,2.980689158267733,3.0925294607969933,3.990872536214702
P07766,8ES8,T-cell surface glycoprotein CD3 epsilon chain,2.65,EM,True,,1464,2.0,8.0,6.0,True,0.055,-0.011676676123076,0.5003634599999999,2.980689158267733,3.0925294607969933,3.990872536214702
Q3J125,4P02,Cellulose Synthase subunit A,2.65,X-ray,True,,1393,2.0,2.0,0.0,False,0.053,-0.0111904945526909,9.001144125000001,17.734853244460815,18.18945849077112,16.92676331125548
Q3J126,4P02,Cellulose Synthase subunit B,2.65,X-ray,True,,1393,2.0,2.0,0.0,False,0.053,-0.0111904945526909,9.001144125000001,17.734853244460815,18.18945849077112,16.92676331125548
P09693,8ES8,T-cell surface glycoprotein CD3 gamma chain,2.65,EM,True,,1464,2.0,8.0,6.0,True,0.055,-0.011676676123076,0.5003634599999999,2.980689158267733,3.0925294607969933,3.990872536214702
Q6N9L5,6Z5S,Light-harvesting complex 1 beta chain,2.65,EM,True,,2224,3.0,32.0,29.0,True,0.073,0.1030798896785675,14.257371055,24.16128694821848,18.89105199890483,21.303197313542213
Q861F7,8ES8,MHC class I antigen,2.65,EM,True,,1464,2.0,8.0,6.0,True,0.055,-0.011676676123076,0.5003634599999999,2.980689158267733,3.0925294607969933,3.990872536214702
Q6N9L4,6Z5S,Light-harvesting complex 1 alpha chain,2.65,EM,True,,2224,3.0,32.0,29.0,True,0.073,0.1030798896785675,14.257371055,24.16128694821848,18.89105199890483,21.303197313542213
A0A4Z7,6Z5S,Reaction center protein M chain,2.65,EM,True,,2224,3.0,32.0,29.0,True,0.073,0.1030798896785675,14.257371055,24.16128694821848,18.89105199890483,21.303197313542213
A0A4Z9,6Z5S,H subunit of photosynthetic reaction center complex,2.65,EM,True,,2224,3.0,32.0,29.0,True,0.073,0.1030798896785675,14.257371055,24.16128694821848,18.89105199890483,21.303197313542213
P61769,8ES8,Beta-2-microglobulin,2.65,EM,True,,1464,2.0,8.0,6.0,True,0.055,-0.011676676123076,0.5003634599999999,2.980689158267733,3.0925294607969933,3.990872536214702
Q60860,4NTF,Leukotriene C4 synthase,2.65,X-ray,True,,444,3.0,3.0,0.0,False,0.0,0.0349048844613857,9.452416725,18.208892523735575,16.755797752156624,17.345886232465926
Q6IQ20,4QN9,N-acyl-phosphatidylethanolamine-hydrolyzing phospholipase D,2.652,X-ray,False,no_TM_span,643,0.0,,,,,,,,,
P31122,6KKL,Sugar efflux transporter,2.654,X-ray,True,,372,1.0,1.0,0.0,False,0.0,-0.0184587367502116,8.466806749999995,15.351574253744133,16.078848326332647,16.416663159523768
O29976,4MND,CTP L-myo-inositol-1-phosphate cytidylyltransferase/CDP-L-myo-inositol myo-inositolphosphotransferase,2.66,X-ray,True,,818,2.0,2.0,0.0,False,0.0,-0.0945295442912591,8.970222130000003,14.123081863289734,17.956670141285528,16.897663700179447
P08253,1EAK,72 KDA TYPE IV COLLAGENASE,2.66,X-ray,False,no_TM_span,423,0.0,,,,,,,,,
Q05098,7OBW,Ferric enterobactin receptor,2.66,X-ray,True,,699,1.0,1.0,0.0,False,0.0,-0.0117597239426211,14.679263495,21.210133934476964,21.82021221703449,21.61609283000821
H2MCM1,6LMT,Calcium homeostasis modulator 1,2.66,EM,True,,2032,8.0,8.0,0.0,False,0.0,-0.0249318659293954,45.518502685,35.98478576648098,38.262425717752016,38.06440516929028
Q72IU4,6ZMQ,Cytochrome C-type biogenesis protein ccmF,2.67,X-ray,True,,589,1.0,1.0,0.0,False,0.0,0.0491129988009494,13.27126796,22.90387484626594,20.48123438053821,20.553286340296506
Q9VDI1,3I2W,Syndapin,2.67,X-ray,False,no_TM_span,555,0.0,,,,,,,,,
A0R049,7E1W,Cytochrome c oxidase subunit 3,2.67,EM,True,,5136,4.0,18.0,14.0,True,0.026,0.0481097404132957,82.389735775,52.34727879859573,46.4343060972717,51.21080688414589
P9WH23,7E1W,Cytochrome bc1 complex Rieske iron-sulfur subunit,2.67,EM,True,,5136,4.0,18.0,14.0,True,0.026,0.0481097404132957,82.389735775,52.34727879859573,46.4343060972717,51.21080688414589
P9WP37,7E1W,Cytochrome bc1 complex cytochrome b subunit,2.67,EM,True,,5136,4.0,18.0,14.0,True,0.026,0.0481097404132957,82.389735775,52.34727879859573,46.4343060972717,51.21080688414589
A0R057,7E1W,Cytochrome c oxidase subunit 2,2.67,EM,True,,5136,4.0,18.0,14.0,True,0.026,0.0481097404132957,82.389735775,52.34727879859573,46.4343060972717,51.21080688414589
A0R1B6,7E1W,Cytochrome c oxidase subunit CtaJ,2.67,EM,True,,5136,4.0,18.0,14.0,True,0.026,0.0481097404132957,82.389735775,52.34727879859573,46.4343060972717,51.21080688414589
A0R056,7E1W,Cytochrome c oxidase polypeptide 4,2.67,EM,True,,5136,4.0,18.0,14.0,True,0.026,0.0481097404132957,82.389735775,52.34727879859573,46.4343060972717,51.21080688414589
P9WP35,7E1W,Cytochrome bc1 complex cytochrome c subunit,2.67,EM,True,,5136,4.0,18.0,14.0,True,0.026,0.0481097404132957,82.389735775,52.34727879859573,46.4343060972717,51.21080688414589
Q02776,4QQF,Mitochondrial import inner membrane translocase subunit TIM50,2.672,X-ray,False,no_TM_span,198,0.0,,,,,,,,,
P0ABK2,6RKO,Cytochrome bd-I ubiquinol oxidase subunit 2,2.68,EM,True,,875,2.0,3.0,1.0,True,0.08,0.0343303689956226,16.869557084999993,24.045115278921703,22.1358484958434,23.17271411746433
P56100,6RKO,Cytochrome bd-I ubiquinol oxidase subunit X,2.68,EM,True,,875,2.0,3.0,1.0,True,0.08,0.0343303689956226,16.869557084999993,24.045115278921703,22.1358484958434,23.17271411746433
Q6YXR3,7XQP,Photosystem I reaction center subunit VIII,2.68,EM,True,,5076,2.0,23.0,21.0,True,0.006,0.0236282996317994,39.729656965,36.4311366450304,34.414506835705694,35.56169650993917
P0ABJ9,6RKO,Cytochrome bd-I ubiquinol oxidase subunit 1,2.68,EM,True,,875,2.0,3.0,1.0,True,0.08,0.0343303689956226,16.869557084999993,24.045115278921703,22.1358484958434,23.17271411746433
A0A2K1KU02,7XQP,PsaK,2.68,EM,True,,5076,2.0,23.0,21.0,True,0.006,0.0236282996317994,39.729656965,36.4311366450304,34.414506835705694,35.56169650993917
A0QVH4,7E1V,Prokaryotic respiratory supercomplex associate factor 1 PRSAF1,2.68,EM,True,,5126,4.0,18.0,14.0,True,0.026,0.0483495874897646,83.158647625,52.08637417832006,46.1162579328531,51.44921735139584
A0A2K1K0C7,7XQP,"Chlorophyll a-b binding protein, chloroplastic",2.68,EM,True,,5076,2.0,23.0,21.0,True,0.006,0.0236282996317994,39.729656965,36.4311366450304,34.414506835705694,35.56169650993917
Q8MFA2,7XQP,Photosystem I P700 chlorophyll a apoprotein A2,2.68,EM,True,,5076,2.0,23.0,21.0,True,0.006,0.0236282996317994,39.729656965,36.4311366450304,34.414506835705694,35.56169650993917
A9SL09,7XQP,PsaH photosystem I reaction center subunit,2.68,EM,True,,5076,2.0,23.0,21.0,True,0.006,0.0236282996317994,39.729656965,36.4311366450304,34.414506835705694,35.56169650993917
Q6YXM2,7XQP,Photosystem I reaction center subunit IX,2.68,EM,True,,5076,2.0,23.0,21.0,True,0.006,0.0236282996317994,39.729656965,36.4311366450304,34.414506835705694,35.56169650993917
Q6YXK4,7XQP,Photosystem I reaction center subunit XII,2.68,EM,True,,5076,2.0,23.0,21.0,True,0.006,0.0236282996317994,39.729656965,36.4311366450304,34.414506835705694,35.56169650993917
Q6YXQ2,7XQP,Photosystem I iron-sulfur center,2.68,EM,True,,5076,2.0,23.0,21.0,True,0.006,0.0236282996317994,39.729656965,36.4311366450304,34.414506835705694,35.56169650993917
Q8MFA3,7XQP,Photosystem I P700 chlorophyll a apoprotein A1,2.68,EM,True,,5076,2.0,23.0,21.0,True,0.006,0.0236282996317994,39.729656965,36.4311366450304,34.414506835705694,35.56169650993917
A5A618,6RKO,Uncharacterized protein YnhF,2.68,EM,True,,875,2.0,3.0,1.0,True,0.08,0.0343303689956226,16.869557084999993,24.045115278921703,22.1358484958434,23.17271411746433
A9RT62,7XQP,"Chlorophyll a-b binding protein, chloroplastic",2.68,EM,True,,5076,2.0,23.0,21.0,True,0.006,0.0236282996317994,39.729656965,36.4311366450304,34.414506835705694,35.56169650993917
Q8DMP8,7NHQ,Tsl0063 protein,2.68,EM,True,,2237,2.0,16.0,14.0,True,0.069,0.0234116099958603,35.76820911500001,34.137131992656805,32.24122868568219,33.74222069217389
Q8DLJ8,7NHQ,Photosystem II reaction center Psb28 protein,2.68,EM,True,,2237,2.0,16.0,14.0,True,0.069,0.0234116099958603,35.76820911500001,34.137131992656805,32.24122868568219,33.74222069217389
A0A2K1IAD0,7XQP,PSI subunit V,2.68,EM,True,,5076,2.0,23.0,21.0,True,0.006,0.0236282996317994,39.729656965,36.4311366450304,34.414506835705694,35.56169650993917
A0A2K1JC42,7XQP,PSI-G,2.68,EM,True,,5076,2.0,23.0,21.0,True,0.006,0.0236282996317994,39.729656965,36.4311366450304,34.414506835705694,35.56169650993917
A0A2K1KU97,7XQP,"Chlorophyll a-b binding protein, chloroplastic",2.68,EM,True,,5076,2.0,23.0,21.0,True,0.006,0.0236282996317994,39.729656965,36.4311366450304,34.414506835705694,35.56169650993917
A0A2K1J0L9,7XQP,PSI-F,2.68,EM,True,,5076,2.0,23.0,21.0,True,0.006,0.0236282996317994,39.729656965,36.4311366450304,34.414506835705694,35.56169650993917
A0A2K1IKE2,7XQP,PsaE,2.68,EM,True,,5076,2.0,23.0,21.0,True,0.006,0.0236282996317994,39.729656965,36.4311366450304,34.414506835705694,35.56169650993917
A0A2K1KGQ2,7XQP,"Chlorophyll a-b binding protein, chloroplastic",2.68,EM,True,,5076,2.0,23.0,21.0,True,0.006,0.0236282996317994,39.729656965,36.4311366450304,34.414506835705694,35.56169650993917
Q39232,8BB6,Sucrose transport protein SUC1,2.68,X-ray,True,,476,1.0,1.0,0.0,False,0.0,0.0100479679486953,9.106979969999998,17.062526465318065,16.651942734064903,17.0259853098984
A0A2K1JDE1,7XQP,PsaO,2.68,EM,True,,5076,2.0,23.0,21.0,True,0.006,0.0236282996317994,39.729656965,36.4311366450304,34.414506835705694,35.56169650993917
A0A2K1K0E4,7XQP,"Chlorophyll a-b binding protein, chloroplastic",2.68,EM,True,,5076,2.0,23.0,21.0,True,0.006,0.0236282996317994,39.729656965,36.4311366450304,34.414506835705694,35.56169650993917
P60058,6Z3T,Protein transport protein Sec61 subunit gamma,2.69,EM,True,,461,1.0,2.0,1.0,True,0.0,0.0326362924612028,9.488251229999998,19.199866867297,17.83864094988816,17.378734617642653
A0A0U4VTN7,7YMR,Lysoplasmalogenase,2.69,X-ray,False,no_TM_span,301,0.0,,,,,,,,,
P60615,6UWZ,Alpha-bungarotoxin,2.69,EM,True,,2179,5.0,5.0,0.0,False,0.028,0.0463559741806136,19.490647205,25.771060342341173,22.99994152194485,24.907961966953398
P38377,6Z3T,Protein transport protein Sec61 subunit alpha isoform 1,2.69,EM,True,,461,1.0,2.0,1.0,True,0.0,0.0326362924612028,9.488251229999998,19.199866867297,17.83864094988816,17.378734617642653
Q9UHC9,7DFW,NPC1-like intracellular cholesterol transporter 1,2.69,EM,True,,958,1.0,1.0,0.0,False,0.0,-0.0259732656899543,10.16876095,17.20182803296369,18.323321847002973,17.991156551552418
P0DSN4,6R2Q,"Decaheme c-type cytochrome, OmcA/MtrC family",2.697,X-ray,True,,1526,1.0,2.0,1.0,True,0.0,-0.0231716787755665,18.411189765000003,23.204437027849224,24.55071497503337,24.208394656823742
P0DSN3,6R2Q,Cystathionine beta-synthase,2.697,X-ray,True,,1526,1.0,2.0,1.0,True,0.0,-0.0231716787755665,18.411189765000003,23.204437027849224,24.55071497503337,24.208394656823742
P0DSN2,6R2Q,Uncharacterized protein,2.697,X-ray,True,,1526,1.0,2.0,1.0,True,0.0,-0.0231716787755665,18.411189765000003,23.204437027849224,24.55071497503337,24.208394656823742
Q04918,5XNL,"Chlorophyll a-b binding protein, chloroplastic",2.7,EM,True,,9364,4.0,50.0,46.0,True,0.056,0.0056872964363087,102.406443205,56.73020773746488,55.95090569954058,57.09376785698276
K9Z1N0,6VPV,Photosystem I iron-sulfur center,2.7,EM,True,,6753,6.0,24.0,18.0,True,0.003,0.0122025739308812,190.16466258,79.33327599678543,77.05475695950565,77.80185865518816
K9Z1F7,6VPV,Photosystem I reaction center subunit IX,2.7,EM,True,,6753,6.0,24.0,18.0,True,0.003,0.0122025739308812,190.16466258,79.33327599678543,77.05475695950565,77.80185865518816
K9Z0X2,6VPV,Photosystem I reaction center subunit IV,2.7,EM,True,,6753,6.0,24.0,18.0,True,0.003,0.0122025739308812,190.16466258,79.33327599678543,77.05475695950565,77.80185865518816
K9Z0B2,6VPV,Photosystem I P700 chlorophyll a apoprotein A1,2.7,EM,True,,6753,6.0,24.0,18.0,True,0.003,0.0122025739308812,190.16466258,79.33327599678543,77.05475695950565,77.80185865518816
P68403,1A25,PROTEIN KINASE C (BETA),2.7,X-ray,False,no_TM_span,134,0.0,,,,,,,,,
P69529,5XNL,Photosystem II reaction center protein M,2.7,EM,True,,9364,4.0,50.0,46.0,True,0.056,0.0056872964363087,102.406443205,56.73020773746488,55.95090569954058,57.09376785698276
P73954,7EGK,Membrane-associated protein SbtB,2.7,EM,True,,1317,3.0,3.0,0.0,False,0.0,0.0133926810246798,32.64993780500001,33.27676126806233,32.24055787553368,32.23786281163408
P73953,7EGK,Sodium-dependent bicarbonate transporter SbtA,2.7,EM,True,,1317,3.0,3.0,0.0,False,0.0,0.0133926810246798,32.64993780500001,33.27676126806233,32.24055787553368,32.23786281163408
P08913,6KUX,alpha2A adrenergic receptor,2.7,X-ray,True,,376,1.0,1.0,0.0,False,0.0,0.0429373745454751,4.835096934999999,12.831424850983955,11.553002415826205,12.40588229457077
P54710,7E20,Sodium/potassium-transporting ATPase subunit gamma,2.7,EM,True,,1321,1.0,3.0,2.0,True,0.0,0.0085040389087545,7.958784795000001,15.39804512210574,15.073193586015767,15.91653191577152
P41595,7SRQ,5-hydroxytryptamine receptor 2B,2.7,EM,True,,254,1.0,1.0,0.0,False,0.0,0.0041701035263136,5.605500234999998,12.30498109082057,12.171293736164928,13.357717401584978
P00363,1KF6,FUMARATE REDUCTASE FLAVOPROTEIN,2.7,X-ray,True,,1069,2.0,2.0,0.0,False,0.044,0.0360568701335386,4.610648635,12.27693078422363,11.2285830893452,12.11451626042204
P09471,8E9X,miniGo,2.7,EM,True,,1109,1.0,1.0,0.0,False,0.0,0.0511184588488514,5.19587801,12.979215805196382,11.40144639987484,12.860401774392434
I7LZV1,6YNY,subunit beta,2.7,EM,False,empty_slab,17337,1.0,,,,,,,,,
I7LSX6,6YNY,subunit k,2.7,EM,False,empty_slab,17337,1.0,,,,,,,,,
K9Z2J7,6VPV,Photosystem I P700 chlorophyll a apoprotein A2,2.7,EM,True,,6753,6.0,24.0,18.0,True,0.003,0.0122025739308812,190.16466258,79.33327599678543,77.05475695950565,77.80185865518816
Q9UBU3,7NA7,Ghrelin-27,2.7,EM,True,,1142,1.0,1.0,0.0,False,0.0,0.008800903215027,5.105774115,12.16542151400148,11.896147559101491,12.748405301941863
Q9UMR5,1PJA,Palmitoyl-protein thioesterase 2 precursor,2.7,X-ray,False,no_TM_span,268,0.0,,,,,,,,,
Q9UL62,7D4P,Short transient receptor potential channel 5,2.7,EM,True,,2680,4.0,4.0,0.0,False,0.0,-0.0553094630145925,42.98236744000002,37.86696408677643,42.776957546539066,36.98879896365422
B5RSK9,6YJ4,Subunit NB5M of NADH:Ubiquinone Oxidoreductase (Complex I),2.7,EM,True,,8126,1.0,19.0,18.0,True,0.0,-0.0052287980373656,30.104690425,30.42924475318709,30.81771275855841,30.95580815094318
B5RSK3,6YJ4,Subunit NIDM of NADH:Ubiquinone Oxidoreductase (Complex I),2.7,EM,True,,8126,1.0,19.0,18.0,True,0.0,-0.0052287980373656,30.104690425,30.42924475318709,30.81771275855841,30.95580815094318
B5FVG1,6YJ4,Subunit NB8M of NADH:Ubiquinone Oxidoreductase (Complex I),2.7,EM,True,,8126,1.0,19.0,18.0,True,0.0,-0.0052287980373656,30.104690425,30.42924475318709,30.81771275855841,30.95580815094318
B5FVF8,6YJ4,Subunit NB6M of NADH:Ubiquinone Oxidoreductase (Complex I),2.7,EM,True,,8126,1.0,19.0,18.0,True,0.0,-0.0052287980373656,30.104690425,30.42924475318709,30.81771275855841,30.95580815094318
B5FVF3,6YJ4,subunit NI9M of protein NADH:Ubiquinone Oxidoreductase (Complex I),2.7,EM,True,,8126,1.0,19.0,18.0,True,0.0,-0.0052287980373656,30.104690425,30.42924475318709,30.81771275855841,30.95580815094318
Q8VYY1,5XNL,Photosystem II reaction center protein X,2.7,EM,True,,9364,4.0,50.0,46.0,True,0.056,0.0056872964363087,102.406443205,56.73020773746488,55.95090569954058,57.09376785698276
Q8VE49,6WXU,Dual oxidase maturation factor 1,2.7,EM,True,,2214,2.0,4.0,2.0,True,0.0,0.01402958587474,17.607319184999998,23.564085598622245,22.76695812870076,23.67400212422696
Q92035,4QWW,Acetylcholinesterase,2.7,X-ray,False,no_TM_span,530,0.0,,,,,,,,,
A0A2P6U4S6,6ZZX,Photosystem I reaction center subunit IV,2.7,EM,True,,4692,2.0,21.0,19.0,True,0.007,0.028509035886412,38.62284821999999,36.52572726668566,34.126667957081295,35.06284988560117
A0A2P6U0J1,6ZZX,Photosystem I reaction center subunit chloroplastic,2.7,EM,True,,4692,2.0,21.0,19.0,True,0.007,0.028509035886412,38.62284821999999,36.52572726668566,34.126667957081295,35.06284988560117
A0A2P6TZI8,6ZZX,Photosystem I reaction center subunit chloroplastic,2.7,EM,True,,4692,2.0,21.0,19.0,True,0.007,0.028509035886412,38.62284821999999,36.52572726668566,34.126667957081295,35.06284988560117
P0A8Q3,1KF6,FUMARATE REDUCTASE 13 KDA HYDROPHOBIC PROTEIN,2.7,X-ray,True,,1069,2.0,2.0,0.0,False,0.044,0.0360568701335386,4.610648635,12.27693078422363,11.2285830893452,12.11451626042204
A7U483,4R21,Cytochrome P450 family 17 polypeptide 2,2.7,X-ray,False,no_TM_span,422,0.0,,,,,,,,,
P20366,7XWO,HIS-LYS-THR-ASP-SER-PHE-VAL-GLY-LEU-MET-NH2,2.7,EM,True,,1130,1.0,1.0,0.0,False,0.0,0.0245312045859347,4.878590929999999,12.559994079406977,11.826321341307384,12.461555776328948
Q9Y653,7SF8,Isoform 2 of Adhesion G-protein coupled receptor G1,2.7,EM,True,,860,1.0,1.0,0.0,False,0.0,0.0586689322888839,5.060499885,13.583400579405192,11.796332079863404,12.691757728649865
Q9Y5Y9,7WE4,Sodium channel protein type 10 subunit alpha,2.7,EM,True,,1126,1.0,1.0,0.0,False,0.0,0.0044541931819434,46.89280381500001,39.67543407911996,39.26242608811528,38.634755137300246
P0A915,2F1V,Outer membrane protein W,2.7,X-ray,True,,182,1.0,1.0,0.0,False,0.0,-0.0086176724879684,2.121260655,7.773546452508468,7.943497289814694,8.217166407340205
Q13507,7DXB,Short transient receptor potential channel 3,2.7,EM,True,,2964,4.0,4.0,0.0,False,0.0,-0.0914498028491396,54.563317945,37.34147453948042,46.48828046963772,41.67498473291014
Q9HVS0,3SYB,Glycine-glutamate dipeptide porin OpdP,2.7,X-ray,True,,408,1.0,1.0,0.0,False,0.0,-0.0246154959063549,10.98227671,18.08143120047733,19.185995712553837,18.69697101029735
Q12791,8GHF,Calcium-activated potassium channel subunit alpha-1,2.7,EM,True,,3652,4.0,4.0,0.0,False,0.0,-0.0521450716350947,56.471509825000005,40.65839952579539,45.96436321224024,42.39745259449271
Q14344,7SF8,G protein subunit 13 (Gi2-mini-G13 chimera),2.7,EM,True,,860,1.0,1.0,0.0,False,0.0,0.0586689322888839,5.060499885,13.583400579405192,11.796332079863404,12.691757728649865
K9Z9J3,6VPV,Photosystem I reaction center subunit VIII,2.7,EM,True,,6753,6.0,24.0,18.0,True,0.003,0.0122025739308812,190.16466258,79.33327599678543,77.05475695950565,77.80185865518816
K9Z7Y0,6VPV,Photosystem I reaction center subunit XI,2.7,EM,True,,6753,6.0,24.0,18.0,True,0.003,0.0122025739308812,190.16466258,79.33327599678543,77.05475695950565,77.80185865518816
A8I846,6KAC,4.1 kDa photosystem II subunit,2.7,EM,True,,7858,4.0,46.0,42.0,True,0.044,0.007957165135675,106.421827265,57.65292451269116,56.54142306620989,58.20233648591196
P0AC47,1KF6,FUMARATE REDUCTASE IRON-SULFUR PROTEIN,2.7,X-ray,True,,1069,2.0,2.0,0.0,False,0.044,0.0360568701335386,4.610648635,12.27693078422363,11.2285830893452,12.11451626042204
K9YZN5,6VPV,PSI-F,2.7,EM,True,,6753,6.0,24.0,18.0,True,0.003,0.0122025739308812,190.16466258,79.33327599678543,77.05475695950565,77.80185865518816
A0A2P6TPU7,6ZZX,Photosystem I reaction center subunit VI-chloroplastic-like,2.7,EM,True,,4692,2.0,21.0,19.0,True,0.007,0.028509035886412,38.62284821999999,36.52572726668566,34.126667957081295,35.06284988560117
P0A8Q0,1KF6,FUMARATE REDUCTASE 15 KDA HYDROPHOBIC PROTEIN,2.7,X-ray,True,,1069,2.0,2.0,0.0,False,0.044,0.0360568701335386,4.610648635,12.27693078422363,11.2285830893452,12.11451626042204
A8I5A0,6KAC,Predicted protein,2.7,EM,True,,7858,4.0,46.0,42.0,True,0.044,0.007957165135675,106.421827265,57.65292451269116,56.54142306620989,58.20233648591196
A0A1H6Q311,6YJ4,Subunit NUUM of NADH:Ubiquinone Oxidoreductase (Complex I),2.7,EM,True,,8126,1.0,19.0,18.0,True,0.0,-0.0052287980373656,30.104690425,30.42924475318709,30.81771275855841,30.95580815094318
Q0P7K6,7MDC,Beta-lactamase,2.7,X-ray,True,,438,1.0,1.0,0.0,False,0.0,0.1144486456426241,1.18806891,7.506974903043012,5.81782660996402,6.149585998427864
Q0P7K3,4Z3N,Putative drug/sodium antiporter,2.7,X-ray,True,,431,1.0,1.0,0.0,False,0.0,0.077810967008173,11.650099375,20.137966417381005,16.541782181648752,19.25705534625193
Q8HS25,5XNL,Photosystem II reaction center protein T,2.7,EM,True,,9364,4.0,50.0,46.0,True,0.056,0.0056872964363087,102.406443205,56.73020773746488,55.95090569954058,57.09376785698276
A0A4X1TUM3,7MLY,Glycine receptor alpha 1,2.7,EM,True,,2563,5.0,5.0,0.0,False,0.017,0.068087663042,23.56259339,28.850879706188344,24.37564024983847,27.3865047426024
P09911,6YEZ,"Ferredoxin-1, chloroplastic",2.7,EM,True,,3440,2.0,13.0,11.0,True,0.007,0.0284511883996722,39.32264578,36.77101913193008,34.355235232752186,35.379071359600886
A0A498JCY7,7EK3,Bestrophin-like protein,2.7,EM,True,,1705,5.0,5.0,0.0,False,0.0,-0.138909674376389,19.394437935,24.77698141795932,33.060357842378096,24.84641087096573
P54582,4C7R,GLYCINE BETAINE TRANSPORTER BETP,2.7,X-ray,True,,1538,3.0,3.0,0.0,False,0.028,0.0015794710848198,54.146492750000014,41.718661627376406,41.56128756679127,41.515495835294985
Q08363,6KAC,Cytochrome b559 subunit beta,2.7,EM,True,,7858,4.0,46.0,42.0,True,0.044,0.007957165135675,106.421827265,57.65292451269116,56.54142306620989,58.20233648591196
P22666,6KAC,Photosystem II reaction center protein H,2.7,EM,True,,7858,4.0,46.0,42.0,True,0.044,0.007957165135675,106.421827265,57.65292451269116,56.54142306620989,58.20233648591196
K9Z7M2,6VPV,Photosystem I reaction center subunit PsaK,2.7,EM,True,,6753,6.0,24.0,18.0,True,0.003,0.0122025739308812,190.16466258,79.33327599678543,77.05475695950565,77.80185865518816
K9Z6P4,6VPV,Photosystem I reaction center subunit XII,2.7,EM,True,,6753,6.0,24.0,18.0,True,0.003,0.0122025739308812,190.16466258,79.33327599678543,77.05475695950565,77.80185865518816
P13555,5XNL,Photosystem II reaction center protein J,2.7,EM,True,,9364,4.0,50.0,46.0,True,0.056,0.0056872964363087,102.406443205,56.73020773746488,55.95090569954058,57.09376785698276
P01258,7TYO,Calcitonin,2.7,EM,True,,1141,1.0,1.0,0.0,False,0.0,0.0584557004465025,5.043632719999999,13.32910709069984,11.551503573360051,12.670588609279532
Q93WL4,6KAC,"Chlorophyll a-b binding protein, chloroplastic",2.7,EM,True,,7858,4.0,46.0,42.0,True,0.044,0.007957165135675,106.421827265,57.65292451269116,56.54142306620989,58.20233648591196
Q93WE0,6KAC,"Chlorophyll a-b binding protein, chloroplastic",2.7,EM,True,,7858,4.0,46.0,42.0,True,0.044,0.007957165135675,106.421827265,57.65292451269116,56.54142306620989,58.20233648591196
A0A2D0TCJ1,5XNL,"Light harvesting chlorophyll a/b-binding protein Lhcb5, CP26",2.7,EM,True,,9364,4.0,50.0,46.0,True,0.056,0.0056872964363087,102.406443205,56.73020773746488,55.95090569954058,57.09376785698276
A0A2D0TCJ0,5XNL,"Light harvesting chlorophyll a/b-binding protein Lhcb4, CP29",2.7,EM,True,,9364,4.0,50.0,46.0,True,0.056,0.0056872964363087,102.406443205,56.73020773746488,55.95090569954058,57.09376785698276
P05418,2YIU,CYTOCHROME B,2.7,X-ray,True,,1616,2.0,6.0,4.0,True,0.0,0.1019607949260612,23.671997315,33.296871877877685,26.57969213580404,27.4500105119846
P05417,2YIU,UBIQUINOL-CYTOCHROME C REDUCTASE IRON-SULFUR SUBUNIT,2.7,X-ray,True,,1616,2.0,6.0,4.0,True,0.0,0.1019607949260612,23.671997315,33.296871877877685,26.57969213580404,27.4500105119846
P06004,5XNL,Photosystem II CP43 reaction center protein,2.7,EM,True,,9364,4.0,50.0,46.0,True,0.056,0.0056872964363087,102.406443205,56.73020773746488,55.95090569954058,57.09376785698276
Q9UHW9,6M22,Solute carrier family 12 member 6,2.7,EM,True,,1770,2.0,2.0,0.0,False,0.0,0.0248032796800847,28.026118855,30.55301111588328,28.77503101736565,29.868027559429564
P96169,3DH4,Sodium/glucose cotransporter,2.7,X-ray,True,,1024,2.0,2.0,0.0,False,0.0,-0.0083178669927208,34.34688051999999,31.59429245500844,32.2543653912124,33.06501418280273
Q950Y8,6YNY,subunit 8,2.7,EM,False,empty_slab,17337,1.0,,,,,,,,,
P50370,6KAC,Photosystem II reaction center protein Ycf12,2.7,EM,True,,7858,4.0,46.0,42.0,True,0.044,0.007957165135675,106.421827265,57.65292451269116,56.54142306620989,58.20233648591196
P42592,7Q1U,Megabody 177,2.7,EM,True,,1359,1.0,1.0,0.0,False,0.0,-0.0558626436443042,17.934755199999998,20.96058874722205,24.16394703646061,23.893115925818776
W8SIP9,6ZZX,Photosystem I reaction center subunit VIII,2.7,EM,True,,4692,2.0,21.0,19.0,True,0.007,0.028509035886412,38.62284821999999,36.52572726668566,34.126667957081295,35.06284988560117
P13627,2YIU,"CYTOCHROME C1, HEME PROTEIN",2.7,X-ray,True,,1616,2.0,6.0,4.0,True,0.0,0.1019607949260612,23.671997315,33.296871877877685,26.57969213580404,27.4500105119846
P01282,8E3Z,Vasoactive intestinal peptide,2.7,EM,True,,1133,1.0,1.0,0.0,False,0.0,0.0126021358872331,4.7453352350000015,12.571229316982455,12.19951104211333,12.29018762491762
P14336,1URZ,ENVELOPE PROTEIN,2.7,X-ray,False,no_TM_span,1154,0.0,,,,,,,,,
D0VX26,3TGU,"Mitochondrial cytochrome c1, heme protein",2.7,X-ray,True,,4080,2.0,10.0,8.0,True,0.001,0.0310013061243975,23.191186235,28.243006420361,26.22148764781932,27.16980649715773
D0VX32,3TGU,Mitochondrial ubiquinol-cytochrome c reductase ubiquinone-binding protein qp-c,2.7,X-ray,True,,4080,2.0,10.0,8.0,True,0.001,0.0310013061243975,23.191186235,28.243006420361,26.22148764781932,27.16980649715773
Q9H1P3,5ZM8,Oxysterol-binding protein-related protein 2,2.7,X-ray,False,no_TM_span,413,0.0,,,,,,,,,
Q9NZ08,2YD0,ENDOPLASMIC RETICULUM AMINOPEPTIDASE 1,2.7,X-ray,False,no_TM_span,860,0.0,,,,,,,,,
P14226,5XNL,"Oxygen-evolving enhancer protein 1, chloroplastic",2.7,EM,True,,9364,4.0,50.0,46.0,True,0.056,0.0056872964363087,102.406443205,56.73020773746488,55.95090569954058,57.09376785698276
O29777,7R0I,Putative copper-exporting P-type ATPase A,2.7,X-ray,True,,654,1.0,1.0,0.0,False,0.0,-0.0002093254058515,5.509270315000001,13.072468491369,13.079121303938113,13.242564732420178
A0A0F6NFW5,6YEZ,Photosystem I P700 chlorophyll a apoprotein A1,2.7,EM,True,,3440,2.0,13.0,11.0,True,0.007,0.0284511883996722,39.32264578,36.77101913193008,34.355235232752186,35.379071359600886
P46531,6IDF,Notch1,2.7,EM,True,,1363,1.0,5.0,4.0,True,0.0,1.785626084250766,0.1153603600000001,9.660564070410096,1.44844707249204,1.9162552820989471
Q9HA72,6UIW,Calcium homeostasis modulator protein 2,2.7,EM,True,,3234,11.0,11.0,0.0,False,0.0,-0.0380369087192796,81.34852232500002,47.99145870137664,52.63678637653971,50.88618563273367
O19930,6KAC,Photosystem II reaction center protein J,2.7,EM,True,,7858,4.0,46.0,42.0,True,0.044,0.007957165135675,106.421827265,57.65292451269116,56.54142306620989,58.20233648591196
A0A2D0TCJ2,5XNL,Photosystem II reaction center protein W,2.7,EM,True,,9364,4.0,50.0,46.0,True,0.056,0.0056872964363087,102.406443205,56.73020773746488,55.95090569954058,57.09376785698276
Q5JID0,5DWY,"Proton/glutamate symporter, SDF family",2.7,X-ray,True,,1289,3.0,3.0,0.0,False,0.003,0.0247195221074292,44.63881111,38.98792021138572,36.7516067116776,37.69479391614156
W8SKM2,6ZZX,Photosystem I iron-sulfur center,2.7,EM,True,,4692,2.0,21.0,19.0,True,0.007,0.028509035886412,38.62284821999999,36.52572726668566,34.126667957081295,35.06284988560117
A0A2P6THB2,6ZZX,Photosystem I subunit O,2.7,EM,True,,4692,2.0,21.0,19.0,True,0.007,0.028509035886412,38.62284821999999,36.52572726668566,34.126667957081295,35.06284988560117
B5FVE5,6YJ4,Subunit NB2M of NADH:Ubiquinone Oxidoreductase (Complex I),2.7,EM,True,,8126,1.0,19.0,18.0,True,0.0,-0.0052287980373656,30.104690425,30.42924475318709,30.81771275855841,30.95580815094318
B5FVD3,6YJ4,Subunit NIMM of NADH:Ubiquinone Oxidoreductase (Complex I),2.7,EM,True,,8126,1.0,19.0,18.0,True,0.0,-0.0052287980373656,30.104690425,30.42924475318709,30.81771275855841,30.95580815094318
J9SQF3,8DDQ,"Transient receptor potential cation channel, subfamily M, member 3",2.7,EM,True,,3920,4.0,4.0,0.0,False,0.0,-0.0943682605931934,50.901839205,38.58534389552722,47.7018618762808,40.252401970428
I7MMI7,6YNY,Oligomycin sensitivity-conferring protein (OSCP),2.7,EM,False,empty_slab,17337,1.0,,,,,,,,,
I7MJ84,6YNY,subunit b,2.7,EM,False,empty_slab,17337,1.0,,,,,,,,,
I7M8Q3,6YNY,ATPTT3,2.7,EM,False,empty_slab,17337,1.0,,,,,,,,,
I7LZW2,6YNY,subunit i/j,2.7,EM,False,empty_slab,17337,1.0,,,,,,,,,
Q93WD2,6KAC,Chlorophyll a-b binding protein CP29,2.7,EM,True,,7858,4.0,46.0,42.0,True,0.044,0.007957165135675,106.421827265,57.65292451269116,56.54142306620989,58.20233648591196
Q93VE0,6KAC,"Chlorophyll a-b binding protein, chloroplastic",2.7,EM,True,,7858,4.0,46.0,42.0,True,0.044,0.007957165135675,106.421827265,57.65292451269116,56.54142306620989,58.20233648591196
A0A100XEC2,6TEJ,Drug ABC transporter ATP-binding protein,2.7,X-ray,True,,1270,2.0,2.0,0.0,False,0.021,-0.0626971087976931,11.3301046,16.534710491593945,19.392306162903107,18.990745919200865
B5RSL7,6YJ4,Subunit NIPM of NADH:Ubiquinone Oxidoreductase (Complex I),2.7,EM,True,,8126,1.0,19.0,18.0,True,0.0,-0.0052287980373656,30.104690425,30.42924475318709,30.81771275855841,30.95580815094318
Q9KNV0,6W6M,Type IV pilus secretin PilQ family protein,2.7,EM,True,,5768,14.0,14.0,0.0,False,0.0,-0.0677070294091479,87.48113915999998,53.261933942716325,61.836798720304486,52.769414862444656
Q9SPI9,6KAC,"Photosystem II reaction center W protein, chloroplastic",2.7,EM,True,,7858,4.0,46.0,42.0,True,0.044,0.007957165135675,106.421827265,57.65292451269116,56.54142306620989,58.20233648591196
A0A2P6TMT4,6ZZX,Glutathione reductase,2.7,EM,True,,4692,2.0,21.0,19.0,True,0.007,0.028509035886412,38.62284821999999,36.52572726668566,34.126667957081295,35.06284988560117
F2Z660,6YJ4,Subunit NUBM of NADH:Ubiquinone Oxidoreductase (Complex I),2.7,EM,True,,8126,1.0,19.0,18.0,True,0.0,-0.0052287980373656,30.104690425,30.42924475318709,30.81771275855841,30.95580815094318
A0A2P6TC44,6ZZX,Photosystem I reaction center subunit XI,2.7,EM,True,,4692,2.0,21.0,19.0,True,0.007,0.028509035886412,38.62284821999999,36.52572726668566,34.126667957081295,35.06284988560117
P07753,6KAC,Photosystem II protein D1,2.7,EM,True,,7858,4.0,46.0,42.0,True,0.044,0.007957165135675,106.421827265,57.65292451269116,56.54142306620989,58.20233648591196
P01149,7QA8,HIS-ALA-LEU-GLN-LEU-LYS-PRO-GLY-GLN-PRO-NLE-TYR,2.7,EM,True,,622,2.0,2.0,0.0,False,0.0,0.0129824376371918,12.126010985,20.53420860015447,19.92206751495272,19.646447965214332
Q92847,7NA8,Growth hormone secretagogue receptor type 1,2.7,EM,True,,1124,1.0,1.0,0.0,False,0.0,0.0109178962264241,5.022309734999999,12.217912627895693,11.886608372701968,12.643776493309243
P06007,6KAC,Photosystem II D2 protein,2.7,EM,True,,7858,4.0,46.0,42.0,True,0.044,0.007957165135675,106.421827265,57.65292451269116,56.54142306620989,58.20233648591196
P06006,5XNL,Photosystem II D2 protein,2.7,EM,True,,9364,4.0,50.0,46.0,True,0.056,0.0056872964363087,102.406443205,56.73020773746488,55.95090569954058,57.09376785698276
P27490,5XNL,"Chlorophyll a-b binding protein 8, chloroplastic",2.7,EM,True,,9364,4.0,50.0,46.0,True,0.056,0.0056872964363087,102.406443205,56.73020773746488,55.95090569954058,57.09376785698276
A0A100XE85,6TEJ,Drug ABC transporter ATP-binding protein,2.7,X-ray,True,,1270,2.0,2.0,0.0,False,0.021,-0.0626971087976931,11.3301046,16.534710491593945,19.392306162903107,18.990745919200865
P9WQP3,1SFR,Antigen 85-A,2.7,X-ray,False,no_TM_span,288,0.0,,,,,,,,,
P80883,7QRM,Cytochrome b6-f complex subunit 7,2.7,EM,True,,1912,2.0,16.0,14.0,True,0.0,0.1102044620087167,3.048122365,6.787322373012603,4.182058705691856,9.85011412663537
P80035,1K8Q,"Triacylglycerol lipase, gastric",2.7,X-ray,False,no_TM_span,377,0.0,,,,,,,,,
Q951C1,6YNY,subunit a,2.7,EM,False,empty_slab,17337,1.0,,,,,,,,,
Q951A5,6YNY,subunit c,2.7,EM,False,empty_slab,17337,1.0,,,,,,,,,
P06585,5XNL,Photosystem II protein D1,2.7,EM,True,,9364,4.0,50.0,46.0,True,0.056,0.0056872964363087,102.406443205,56.73020773746488,55.95090569954058,57.09376785698276
Q1LDT6,5EZM,4-amino-4-deoxy-L-arabinose transferase or related glycosyltransferases of PMT family,2.7,X-ray,True,,538,1.0,1.0,0.0,False,0.0,0.0111705331850195,11.46671231,18.636153412535656,18.12396509702821,19.104889139428085
Q62226,7RPK,Sonic hedgehog protein,2.7,EM,True,,1107,1.0,1.0,0.0,False,0.0,-0.0266696939772832,9.956903415,17.101672163069864,18.24117781844749,17.802754822699903
P10632,1PQ2,Cytochrome P450 2C8,2.7,X-ray,False,no_TM_span,464,0.0,,,,,,,,,
A2AQ92,6WXU,Dual oxidase 1,2.7,EM,True,,2214,2.0,4.0,2.0,True,0.0,0.01402958587474,17.607319184999998,23.564085598622245,22.76695812870076,23.67400212422696
P16002,6YEZ,"Plastocyanin, chloroplastic",2.7,EM,True,,3440,2.0,13.0,11.0,True,0.007,0.0284511883996722,39.32264578,36.77101913193008,34.355235232752186,35.379071359600886
Q6CA88,6YJ4,Subunit NIAM of NADH:Ubiquinone Oxidoreductase (Complex I),2.7,EM,True,,8126,1.0,19.0,18.0,True,0.0,-0.0052287980373656,30.104690425,30.42924475318709,30.81771275855841,30.95580815094318
Q6C9Z1,6YJ4,Subunit NI2M of NADH:Ubiquinone Oxidoreductase (Complex I),2.7,EM,True,,8126,1.0,19.0,18.0,True,0.0,-0.0052287980373656,30.104690425,30.42924475318709,30.81771275855841,30.95580815094318
Q6C674,6YJ4,Subunit NUJM of NADH:Ubiquinone Oxidoreductase (Complex I),2.7,EM,True,,8126,1.0,19.0,18.0,True,0.0,-0.0052287980373656,30.104690425,30.42924475318709,30.81771275855841,30.95580815094318
Q6C4W9,6YJ4,Subunit NUFM of NADH:Ubiquinone Oxidoreductase (Complex I),2.7,EM,True,,8126,1.0,19.0,18.0,True,0.0,-0.0052287980373656,30.104690425,30.42924475318709,30.81771275855841,30.95580815094318
Q6C4A6,6YJ4,Subunit NUXM of NADH:Ubiquinone Oxidoreductase (Complex I),2.7,EM,True,,8126,1.0,19.0,18.0,True,0.0,-0.0052287980373656,30.104690425,30.42924475318709,30.81771275855841,30.95580815094318
Q24HY8,6YNY,subunit alpha,2.7,EM,False,empty_slab,17337,1.0,,,,,,,,,
P18946,3TGU,Cytochrome b,2.7,X-ray,True,,4080,2.0,10.0,8.0,True,0.001,0.0310013061243975,23.191186235,28.243006420361,26.22148764781932,27.16980649715773
Q239R1,6YNY,subunit d,2.7,EM,False,empty_slab,17337,1.0,,,,,,,,,
Q22Z05,6YNY,subunit gamma,2.7,EM,False,empty_slab,17337,1.0,,,,,,,,,
D5MAJ8,5XNL,Photosystem II reaction center protein K,2.7,EM,True,,9364,4.0,50.0,46.0,True,0.056,0.0056872964363087,102.406443205,56.73020773746488,55.95090569954058,57.09376785698276
P11471,6KAC,"Oxygen-evolving enhancer protein 2, chloroplastic",2.7,EM,True,,7858,4.0,46.0,42.0,True,0.044,0.007957165135675,106.421827265,57.65292451269116,56.54142306620989,58.20233648591196
Q9X2W0,4PL0,Microcin-J25 export ATP-binding/permease protein McjD,2.7,X-ray,True,,1149,2.0,2.0,0.0,False,0.006,-0.0318341033461232,11.252220020000005,16.69480399515767,18.140736546991857,18.92536095793465
Q9WZ31,4I0U,Magnesium transport protein CorA,2.7,X-ray,True,,1731,5.0,5.0,0.0,False,0.005,-0.0241441409362336,9.891194594999996,16.461014741123908,17.489202516293968,17.74391452232617
Q6CG53,6YJ4,Subunit N7BM of NADH:Ubiquinone Oxidoreductase (Complex I),2.7,EM,True,,8126,1.0,19.0,18.0,True,0.0,-0.0052287980373656,30.104690425,30.42924475318709,30.81771275855841,30.95580815094318
Q72J04,5MKK,Multidrug resistance ABC transporter ATP-binding and permease protein,2.7,X-ray,True,,1170,2.0,2.0,0.0,False,0.014,-0.0469496205050591,11.335802635,16.347872418175125,18.488270383802195,18.99552064711248
P0DO17,6IU3,VIT1,2.7,X-ray,True,,448,2.0,2.0,0.0,False,0.0,-0.0450872667509203,6.936798140000003,12.858417419985551,14.466357061814772,14.859513539895348
Q1GBI9,7NNU,Energy-coupling factor transporter ATP-binding protein EcfA2,2.7,EM,True,,982,1.0,1.0,0.0,False,0.0,-0.1507482324423093,3.168040170000001,8.539569913542639,12.172724473900438,10.04200431158231
P16059,5XNL,"Oxygen-evolving enhancer protein 2, chloroplastic",2.7,EM,True,,9364,4.0,50.0,46.0,True,0.056,0.0056872964363087,102.406443205,56.73020773746488,55.95090569954058,57.09376785698276
Q1GBI8,7NNU,Energy-coupling factor transporter transmembrane protein EcfT,2.7,EM,True,,982,1.0,1.0,0.0,False,0.0,-0.1507482324423093,3.168040170000001,8.539569913542639,12.172724473900438,10.04200431158231
Q1G929,7NNU,Conserved hypothetical membrane protein,2.7,EM,True,,982,1.0,1.0,0.0,False,0.0,-0.1507482324423093,3.168040170000001,8.539569913542639,12.172724473900438,10.04200431158231
Q6TLM0,3WXX,AopB,2.7,X-ray,False,no_TM_span,332,0.0,,,,,,,,,
P05026,7E20,Sodium/potassium-transporting ATPase subunit beta-1,2.7,EM,True,,1321,1.0,3.0,2.0,True,0.0,0.0085040389087545,7.958784795000001,15.39804512210574,15.073193586015767,15.91653191577152
Q9B6D6,6YJ4,NADH-ubiquinone oxidoreductase chain 4,2.7,EM,True,,8126,1.0,19.0,18.0,True,0.0,-0.0052287980373656,30.104690425,30.42924475318709,30.81771275855841,30.95580815094318
Q5ZLR5,3TGU,"Cytochrome b-c1 complex subunit Rieske, mitochondrial",2.7,X-ray,True,,4080,2.0,10.0,8.0,True,0.001,0.0310013061243975,23.191186235,28.243006420361,26.22148764781932,27.16980649715773
W8SUA3,6ZZX,Photosystem I P700 chlorophyll a apoprotein A2,2.7,EM,True,,4692,2.0,21.0,19.0,True,0.007,0.028509035886412,38.62284821999999,36.52572726668566,34.126667957081295,35.06284988560117
Q5VTY9,7MHY,Protein-cysteine N-palmitoyltransferase HHAT,2.7,EM,True,,912,1.0,1.0,0.0,False,0.0,-0.0780253485898625,16.740617504999992,20.044246515861413,24.36697302887249,23.0839859050878
P12853,6KAC,"Oxygen-evolving enhancer protein 1, chloroplastic",2.7,EM,True,,7858,4.0,46.0,42.0,True,0.044,0.007957165135675,106.421827265,57.65292451269116,56.54142306620989,58.20233648591196
P12852,6KAC,"Oxygen-evolving enhancer protein 3, chloroplastic",2.7,EM,True,,7858,4.0,46.0,42.0,True,0.044,0.007957165135675,106.421827265,57.65292451269116,56.54142306620989,58.20233648591196
W8SUD1,6ZZX,Photosystem I reaction center subunit IX,2.7,EM,True,,4692,2.0,21.0,19.0,True,0.007,0.028509035886412,38.62284821999999,36.52572726668566,34.126667957081295,35.06284988560117
P35101,7ZCU,Light-harvesting protein B-800-850 alpha chain,2.7,EM,True,,958,18.0,18.0,0.0,False,0.042,0.029093889463274,34.337802725,33.620578170536994,31.31210760996465,33.06064439359313
P34981,7XW9,Thyrotropin-releasing hormone receptor,2.7,EM,True,,1143,1.0,1.0,0.0,False,0.0,0.0393887213674124,5.122186115000002,12.892724444747698,11.685644968792891,12.768878099809095
P48268,6KAC,Cytochrome b559 subunit alpha,2.7,EM,True,,7858,4.0,46.0,42.0,True,0.044,0.007957165135675,106.421827265,57.65292451269116,56.54142306620989,58.20233648591196
P18263,6KAC,Photosystem II reaction center protein K,2.7,EM,True,,7858,4.0,46.0,42.0,True,0.044,0.007957165135675,106.421827265,57.65292451269116,56.54142306620989,58.20233648591196
Q9B6D4,6YJ4,NADH-ubiquinone oxidoreductase chain 4L,2.7,EM,True,,8126,1.0,19.0,18.0,True,0.0,-0.0052287980373656,30.104690425,30.42924475318709,30.81771275855841,30.95580815094318
P13554,5XNL,Cytochrome b559 subunit alpha,2.7,EM,True,,9364,4.0,50.0,46.0,True,0.056,0.0056872964363087,102.406443205,56.73020773746488,55.95090569954058,57.09376785698276
D0VX27,3TGU,Mitochondrial ubiquinol-cytochrome c reductase 7.2 kda protein,2.7,X-ray,True,,4080,2.0,10.0,8.0,True,0.001,0.0310013061243975,23.191186235,28.243006420361,26.22148764781932,27.16980649715773
Q9B6E8,6YJ4,NADH-ubiquinone oxidoreductase chain 1,2.7,EM,True,,8126,1.0,19.0,18.0,True,0.0,-0.0052287980373656,30.104690425,30.42924475318709,30.81771275855841,30.95580815094318
Q5DL42,4RLB,Carbapenem-associated resistance protein,2.7,X-ray,True,,213,1.0,1.0,0.0,False,0.0,-0.0401902797473668,2.324425410000001,7.681271623910438,8.510960259850654,8.601671859003988
Q9B6E9,6YJ4,NADH-ubiquinone oxidoreductase chain 6,2.7,EM,True,,8126,1.0,19.0,18.0,True,0.0,-0.0052287980373656,30.104690425,30.42924475318709,30.81771275855841,30.95580815094318
Q6CEK9,6YJ4,Subunit NUYM of NADH:Ubiquinone Oxidoreductase (Complex I),2.7,EM,True,,8126,1.0,19.0,18.0,True,0.0,-0.0052287980373656,30.104690425,30.42924475318709,30.81771275855841,30.95580815094318
Q6CD73,6YJ4,Subunit NI8M of NADH:Ubiquinone Oxidoreductase (Complex I),2.7,EM,True,,8126,1.0,19.0,18.0,True,0.0,-0.0052287980373656,30.104690425,30.42924475318709,30.81771275855841,30.95580815094318
Q32902,5XNL,Photosystem II reaction center protein Z,2.7,EM,True,,9364,4.0,50.0,46.0,True,0.056,0.0056872964363087,102.406443205,56.73020773746488,55.95090569954058,57.09376785698276
P62096,5XNL,"Cytochrome b559 subunit beta, PsbF",2.7,EM,True,,9364,4.0,50.0,46.0,True,0.056,0.0056872964363087,102.406443205,56.73020773746488,55.95090569954058,57.09376785698276
P35109,7ZE3,Light-harvesting protein B-800-850 beta chain,2.7,EM,True,,967,18.0,18.0,0.0,False,0.01,0.0256108674349465,34.858436940000004,33.05700936844788,31.00955350650513,33.310336376140434
P35106,7ZCU,Light-harvesting protein B-800-850 beta chain,2.7,EM,True,,958,18.0,18.0,0.0,False,0.042,0.029093889463274,34.337802725,33.620578170536994,31.31210760996465,33.06064439359313
P47211,7WQ3,Galanin receptor type 1,2.7,EM,True,,1160,1.0,1.0,0.0,False,0.0,0.0271544958637625,5.125500995,12.860640998140376,12.028213897445774,12.773009192642728
P35104,7ZE3,Light-harvesting protein B-800-850 alpha chain,2.7,EM,True,,967,18.0,18.0,0.0,False,0.01,0.0256108674349465,34.858436940000004,33.05700936844788,31.00955350650513,33.310336376140434
D5MAJ9,5XNL,"Photosystem II reaction center protein I, PsbI",2.7,EM,True,,9364,4.0,50.0,46.0,True,0.056,0.0056872964363087,102.406443205,56.73020773746488,55.95090569954058,57.09376785698276
Q7Y1T5,5XNL,Oxygen-evolving enhancer protein 3,2.7,EM,True,,9364,4.0,50.0,46.0,True,0.056,0.0056872964363087,102.406443205,56.73020773746488,55.95090569954058,57.09376785698276
Q79AD2,3CSL,HasR protein,2.7,X-ray,True,,916,1.0,1.0,0.0,False,0.0,-0.0051645336508331,14.437076339999996,21.10742276089806,21.37313223715542,21.437033672157387
Q9XQR6,5XNL,Photosystem II CP47 reaction center protein,2.7,EM,True,,9364,4.0,50.0,46.0,True,0.056,0.0056872964363087,102.406443205,56.73020773746488,55.95090569954058,57.09376785698276
Q9XQR3,5XNL,Photosystem II reaction center protein H,2.7,EM,True,,9364,4.0,50.0,46.0,True,0.056,0.0056872964363087,102.406443205,56.73020773746488,55.95090569954058,57.09376785698276
P60147,5XNL,Photosystem II reaction center protein L,2.7,EM,True,,9364,4.0,50.0,46.0,True,0.056,0.0056872964363087,102.406443205,56.73020773746488,55.95090569954058,57.09376785698276
P59763,6KAC,Photosystem II reaction center protein I,2.7,EM,True,,7858,4.0,46.0,42.0,True,0.044,0.007957165135675,106.421827265,57.65292451269116,56.54142306620989,58.20233648591196
D6VTK4,7QA8,Pheromone alpha factor receptor,2.7,EM,True,,622,2.0,2.0,0.0,False,0.0,0.0129824376371918,12.126010985,20.53420860015447,19.92206751495272,19.646447965214332
P92276,6KAC,Photosystem II reaction center protein Z,2.7,EM,True,,7858,4.0,46.0,42.0,True,0.044,0.007957165135675,106.421827265,57.65292451269116,56.54142306620989,58.20233648591196
P56874,6NSK,Acid-activated urea channel,2.7,EM,True,,1092,6.0,6.0,0.0,False,0.0,0.0059320815673951,40.10874041,36.11724272973508,35.60854133176017,35.730951001732805
Q9B6D3,6YJ4,NADH-ubiquinone oxidoreductase chain 5,2.7,EM,True,,8126,1.0,19.0,18.0,True,0.0,-0.0052287980373656,30.104690425,30.42924475318709,30.81771275855841,30.95580815094318
Q9B6C8,6YJ4,NADH dehydrogenase subunit 2,2.7,EM,True,,8126,1.0,19.0,18.0,True,0.0,-0.0052287980373656,30.104690425,30.42924475318709,30.81771275855841,30.95580815094318
E3U904,5NXR,Porin 1,2.7,X-ray,True,,1066,3.0,3.0,0.0,False,0.001,-0.0223014906922615,34.25056162,32.140669543920595,33.907944191768664,33.018619551691
Q72J05,5MKK,Multidrug resistance ABC transporter ATP-binding and permease protein,2.7,X-ray,True,,1170,2.0,2.0,0.0,False,0.014,-0.0469496205050591,11.335802635,16.347872418175125,18.488270383802195,18.99552064711248
P92277,6KAC,Photosystem II reaction center protein M,2.7,EM,True,,7858,4.0,46.0,42.0,True,0.044,0.007957165135675,106.421827265,57.65292451269116,56.54142306620989,58.20233648591196
Q9B6C7,6YJ4,NADH-ubiquinone oxidoreductase chain 3,2.7,EM,True,,8126,1.0,19.0,18.0,True,0.0,-0.0052287980373656,30.104690425,30.42924475318709,30.81771275855841,30.95580815094318
Q9LD83,7WNQ,Guard cell S-type anion channel SLAC1,2.7,EM,True,,1104,3.0,3.0,0.0,False,0.0,-0.0265787918328508,35.194462965,31.96747027907343,34.10252353532502,33.47050268622924
A6XB80,4RL9,Carbapenem-associated resistance protein,2.7,X-ray,True,,205,1.0,1.0,0.0,False,0.0,-0.0469140410651185,2.3311597500000003,7.549857148625553,8.519753145840346,8.614123256018189
P32974,6KAC,Photosystem II reaction center protein L,2.7,EM,True,,7858,4.0,46.0,42.0,True,0.044,0.007957165135675,106.421827265,57.65292451269116,56.54142306620989,58.20233648591196
Q16678,3PM0,Cytochrome P450 1B1,2.7,X-ray,False,no_TM_span,459,0.0,,,,,,,,,
A5VZA8,4GEY,Porin B,2.7,X-ray,True,,420,1.0,1.0,0.0,False,0.0,-0.0212322596477211,8.800590204999999,16.520804204553524,17.373685168618675,16.737128984696668
Q1GBJ0,7NNU,Energy-coupling factor transporter ATP-binding protein EcfA1,2.7,EM,True,,982,1.0,1.0,0.0,False,0.0,-0.1507482324423093,3.168040170000001,8.539569913542639,12.172724473900438,10.04200431158231
Q6CGB4,6YJ4,Subunit NUPM of NADH:Ubiquinone Oxidoreductase (Complex I),2.7,EM,True,,8126,1.0,19.0,18.0,True,0.0,-0.0052287980373656,30.104690425,30.42924475318709,30.81771275855841,30.95580815094318
D0VX28,3TGU,"Mitochondrial ubiquinol-cytochrome c reductase 11 kda protein, complex iii subunit viii",2.7,X-ray,True,,4080,2.0,10.0,8.0,True,0.001,0.0310013061243975,23.191186235,28.243006420361,26.22148764781932,27.16980649715773
D0VX29,3TGU,Mitochondrial ubiquinol-cytochrome-c reductase complex core protein 2,2.7,X-ray,True,,4080,2.0,10.0,8.0,True,0.001,0.0310013061243975,23.191186235,28.243006420361,26.22148764781932,27.16980649715773
P05023,7E20,Sodium/potassium-transporting ATPase subunit alpha-1,2.7,EM,True,,1321,1.0,3.0,2.0,True,0.0,0.0085040389087545,7.958784795000001,15.39804512210574,15.073193586015767,15.91653191577152
D0VX30,3TGU,Mitochondrial ubiquinol-cytochrome c reductase 14 kda protein,2.7,X-ray,True,,4080,2.0,10.0,8.0,True,0.001,0.0310013061243975,23.191186235,28.243006420361,26.22148764781932,27.16980649715773
P0DTC5,7VGR,Membrane protein,2.7,EM,True,,1286,2.0,2.0,0.0,False,0.0,0.0102423539771386,5.913916975000001,12.083297154389756,11.746030272104608,13.720270548398956
D0VX31,3TGU,Mitochondrial ubiquinol-cytochrome-c reductase complex core protein i,2.7,X-ray,True,,4080,2.0,10.0,8.0,True,0.001,0.0310013061243975,23.191186235,28.243006420361,26.22148764781932,27.16980649715773
Q6KBX4,7MLY,Glycine receptor beta,2.7,EM,True,,2563,5.0,5.0,0.0,False,0.017,0.068087663042,23.56259339,28.850879706188344,24.37564024983847,27.3865047426024
Q6GTX8,7F9L,Leukocyte-associated immunoglobulin-like receptor 1,2.7,X-ray,False,no_TM_span,261,0.0,,,,,,,,,
Q6CI60,6YJ4,Subunit NB4M of protein NADH:Ubiquinone Oxidoreductase (Complex I),2.7,EM,True,,8126,1.0,19.0,18.0,True,0.0,-0.0052287980373656,30.104690425,30.42924475318709,30.81771275855841,30.95580815094318
I4DST7,4FBZ,deltarhodopsin,2.7,X-ray,True,,714,3.0,3.0,0.0,False,0.0,-0.0002150420559438,19.704366135,24.599052940152504,24.611978249416417,25.044150098886547
P10898,6KAC,Photosystem II CP43 reaction center protein,2.7,EM,True,,7858,4.0,46.0,42.0,True,0.044,0.007957165135675,106.421827265,57.65292451269116,56.54142306620989,58.20233648591196
Q6SLM2,1TC8,phospholipase A2 isoform 1,2.7,X-ray,False,no_TM_span,118,0.0,,,,,,,,,
W8SU98,6ZZX,Photosystem I reaction center subunit XII,2.7,EM,True,,4692,2.0,21.0,19.0,True,0.007,0.028509035886412,38.62284821999999,36.52572726668566,34.126667957081295,35.06284988560117
P37255,6KAC,Photosystem II CP47 reaction center protein,2.7,EM,True,,7858,4.0,46.0,42.0,True,0.044,0.007957165135675,106.421827265,57.65292451269116,56.54142306620989,58.20233648591196
P21730,5O9H,C5a anaphylatoxin chemotactic receptor 1,2.7,X-ray,True,,589,2.0,2.0,0.0,False,0.002,-0.0164708571587594,13.227099984999995,20.086538584335003,20.897658050895693,20.51905624234937
P37256,6KAC,Photosystem II reaction center protein T,2.7,EM,True,,7858,4.0,46.0,42.0,True,0.044,0.007957165135675,106.421827265,57.65292451269116,56.54142306620989,58.20233648591196
A0A2D0TCJ3,5XNL,"Light harvesting chlorophyll a/b-binding protein Lhcb6, CP24",2.7,EM,True,,9364,4.0,50.0,46.0,True,0.056,0.0056872964363087,102.406443205,56.73020773746488,55.95090569954058,57.09376785698276
W8SY74,6ZZX,Photosystem I P700 chlorophyll a apoprotein A1,2.7,EM,True,,4692,2.0,21.0,19.0,True,0.007,0.028509035886412,38.62284821999999,36.52572726668566,34.126667957081295,35.06284988560117
B9KDD4,5OGL,Undecaprenyl-diphosphooligosaccharide--protein glycotransferase,2.7,X-ray,True,,715,1.0,1.0,0.0,False,0.0,-0.0036298450879079,11.039684820000002,18.163601613090343,18.326907835766782,18.74577504015004
P21926,6K4J,CD9 antigen,2.701,X-ray,True,,221,1.0,1.0,0.0,False,0.0,0.1032322381288523,2.586783429999999,9.643442476776196,7.395259351440034,9.07413213032197
P15128,5T6Q,Cytochrome P450 4B1,2.701,X-ray,False,no_TM_span,472,0.0,,,,,,,,,
P50607,1S31,tubby isoform a,2.704,X-ray,False,no_TM_span,273,0.0,,,,,,,,,
Q3YW59,4UMW,ZINC-TRANSPORTING ATPASE,2.705,X-ray,True,,604,1.0,1.0,0.0,False,0.0,-0.0591008367225553,5.859307150000001,11.359412342665282,13.296516919227852,13.656776310800332
A0A222AI68,7Y8A,Photosystem I reaction center subunit XI,2.71,EM,True,,4663,2.0,22.0,20.0,True,0.007,0.0339334806737909,37.86885408999999,37.02524074855508,34.19772002817898,34.71891506844428
A0A222AI52,7Y8A,Photosystem I reaction center subunit III,2.71,EM,True,,4663,2.0,22.0,20.0,True,0.007,0.0339334806737909,37.86885408999999,37.02524074855508,34.19772002817898,34.71891506844428
A0A222AI34,7Y8A,Photosystem I reaction center subunit PsaK,2.71,EM,True,,4663,2.0,22.0,20.0,True,0.007,0.0339334806737909,37.86885408999999,37.02524074855508,34.19772002817898,34.71891506844428
A0A222AI28,7Y8A,Photosystem I reaction center subunit XII,2.71,EM,True,,4663,2.0,22.0,20.0,True,0.007,0.0339334806737909,37.86885408999999,37.02524074855508,34.19772002817898,34.71891506844428
A0A222AI25,7Y8A,Photosystem I iron-sulfur center,2.71,EM,True,,4663,2.0,22.0,20.0,True,0.007,0.0339334806737909,37.86885408999999,37.02524074855508,34.19772002817898,34.71891506844428
P29018,7ZDT,ATP-binding/permease protein CydD,2.71,EM,True,,1155,2.0,2.0,0.0,False,0.01,-0.0174989794258099,9.316311625,16.020650129803947,16.743871131864342,17.220551945296283
P23886,7ZDT,ATP-binding/permease protein CydC,2.71,EM,True,,1155,2.0,2.0,0.0,False,0.01,-0.0174989794258099,9.316311625,16.020650129803947,16.743871131864342,17.220551945296283
P52002,3W9I,Multidrug resistance protein MexB,2.71,X-ray,True,,3077,3.0,3.0,0.0,False,0.006,-0.0181303214605145,47.33202572999998,37.71334230832012,39.40230227552673,38.815269834131705
P01210,8DWG,Proenkephalin-A,2.71,EM,True,,1101,1.0,1.0,0.0,False,0.0,0.0135227603678793,5.357073945,12.339330513567075,11.915526097249217,13.058367423652546
A0A222AI78,7Y8A,Photosystem I reaction center subunit VIII,2.71,EM,True,,4663,2.0,22.0,20.0,True,0.007,0.0339334806737909,37.86885408999999,37.02524074855508,34.19772002817898,34.71891506844428
A0A222AIB4,7Y8A,Photosystem I P700 chlorophyll a apoprotein A1,2.71,EM,True,,4663,2.0,22.0,20.0,True,0.007,0.0339334806737909,37.86885408999999,37.02524074855508,34.19772002817898,34.71891506844428
A0A222AI95,7Y8A,Photosystem I P700 chlorophyll a apoprotein A2,2.71,EM,True,,4663,2.0,22.0,20.0,True,0.007,0.0339334806737909,37.86885408999999,37.02524074855508,34.19772002817898,34.71891506844428
Q96LB2,8DWG,Mas-related G-protein coupled receptor member X1,2.71,EM,True,,1101,1.0,1.0,0.0,False,0.0,0.0135227603678793,5.357073945,12.339330513567075,11.915526097249217,13.058367423652546
A0A222AIF3,7Y8A,Photosystem I reaction center subunit IV,2.71,EM,True,,4663,2.0,22.0,20.0,True,0.007,0.0339334806737909,37.86885408999999,37.02524074855508,34.19772002817898,34.71891506844428
A0QNR5,8FEF,Virulence factor mce family protein,2.71,EM,True,,3292,3.0,6.0,3.0,True,0.076,-0.035155236194298,9.543832149999997,15.530136063477991,17.000712902860116,17.429561455824704
A0QNR0,8FEF,Conserved hypothetical integral membrane protein Yrbe1a,2.71,EM,True,,3292,3.0,6.0,3.0,True,0.076,-0.035155236194298,9.543832149999997,15.530136063477991,17.000712902860116,17.429561455824704
A0A222AI55,7Y8A,Photosystem I reaction center subunit IX,2.71,EM,True,,4663,2.0,22.0,20.0,True,0.007,0.0339334806737909,37.86885408999999,37.02524074855508,34.19772002817898,34.71891506844428
A0QNR4,8FEF,MCE-family protein MCE1c,2.71,EM,True,,3292,3.0,6.0,3.0,True,0.076,-0.035155236194298,9.543832149999997,15.530136063477991,17.000712902860116,17.429561455824704
A0QNR2,8FEF,Virulence factor Mce family protein,2.71,EM,True,,3292,3.0,6.0,3.0,True,0.076,-0.035155236194298,9.543832149999997,15.530136063477991,17.000712902860116,17.429561455824704
A0QNR1,8FEF,ABC-transporter integral membrane protein,2.71,EM,True,,3292,3.0,6.0,3.0,True,0.076,-0.035155236194298,9.543832149999997,15.530136063477991,17.000712902860116,17.429561455824704
P39276,7ZC2,Amino acid/peptide transporter,2.72,EM,True,,471,1.0,1.0,0.0,False,0.0,0.0894032347998796,12.86078819,22.242512482315576,17.901177168002185,20.232933610805773
Q7Z3Y4,7ZLG,CMT2-Fab light chain,2.72,EM,True,,1227,1.0,1.0,0.0,False,0.0,0.0201018811100715,11.740273465,19.591459872971065,18.658824009068567,19.331438411072075
P12333,1RWT,"Chlorophyll A-B binding protein, chloroplast",2.72,X-ray,True,,654,3.0,3.0,0.0,False,0.0,0.0643368289494228,20.93935376,27.797529982206623,23.811160091584927,25.81705504527526
Q8DG60,7NHP,Photosystem II lipoprotein Psb27,2.72,EM,True,,2350,2.0,16.0,14.0,True,0.069,0.0232312787472476,35.745841334999994,34.05712267956332,32.17641116773234,33.73166863184756
P34413,7ZLG,C-mannosyltransferase dpy-19,2.72,EM,True,,1227,1.0,1.0,0.0,False,0.0,0.0201018811100715,11.740273465,19.591459872971065,18.658824009068567,19.331438411072075
Q5F725,6VKT,Efflux pump membrane transporter,2.72,EM,True,,3122,3.0,3.0,0.0,False,0.003,-0.0007587528780414,49.86893901000002,39.246499282085246,39.31905167168371,39.84190796181768
Q5SHQ8,5AWW,Protein translocase subunit SecY,2.724,X-ray,True,,559,1.0,3.0,2.0,True,0.0,0.0339169851301917,8.943818205,17.02420140069632,15.650744524854945,16.872776164229954
P38383,5AWW,Protein translocase subunit SecE,2.724,X-ray,True,,559,1.0,3.0,2.0,True,0.0,0.0339169851301917,8.943818205,17.02420140069632,15.650744524854945,16.872776164229954
Q5SHE6,5AWW,"Putative preprotein translocase, SecG subunit",2.724,X-ray,True,,559,1.0,3.0,2.0,True,0.0,0.0339169851301917,8.943818205,17.02420140069632,15.650744524854945,16.872776164229954
Q99P84,6PMP,"1-phosphatidylinositol 4,5-bisphosphate phosphodiesterase epsilon-1",2.73,X-ray,False,no_TM_span,610,0.0,,,,,,,,,
P47898,7UM5,5-hydroxytryptamine receptor 5A,2.73,EM,True,,1104,1.0,1.0,0.0,False,0.0,0.0664588198741453,5.207844569999999,13.52343514452068,11.46982530016252,12.875202570598926
Q96A54,5LXG,Adiponectin receptor protein 1,2.73,X-ray,True,,282,1.0,1.0,0.0,False,0.0,-0.0054305883968625,5.114105894999999,12.230690709920566,12.396981444183565,12.75880270781433
P48632,2IAH,Ferripyoverdine receptor,2.73,X-ray,True,,752,1.0,1.0,0.0,False,0.0,-0.0002582594332061,14.519618485,21.304611087292304,21.31793617577191,21.49822808371056
Q9HYQ6,5FQU,"PATATIN-LIKE PROTEIN, PLPD",2.74,X-ray,False,no_TM_span,497,0.0,,,,,,,,,
P06028,8CS9,Glycophorin-B,2.74,EM,True,,7679,6.0,16.0,10.0,True,0.019,0.0110298647618337,227.5953744550001,86.64002726397106,84.38688710341512,85.1151324611131
A7ZET4,8G1N,"N,N'-diacetylbacilliosaminyl-1-phosphate transferase",2.74,X-ray,False,no_TM_span,193,0.0,,,,,,,,,
P0A409,6K33,Photosystem I P700 chlorophyll a apoprotein A2,2.74,EM,True,,12684,2.0,30.0,28.0,True,0.002,0.0341324658588422,125.947294515,67.97248428901528,62.78569755661761,63.3168768830444
P25936,6K33,Photosystem I P700 chlorophyll a apoprotein A1,2.74,EM,True,,12684,2.0,30.0,28.0,True,0.002,0.0341324658588422,125.947294515,67.97248428901528,62.78569755661761,63.3168768830444
P0A417,6K33,Photosystem I iron-sulfur center,2.74,EM,True,,12684,2.0,30.0,28.0,True,0.002,0.0341324658588422,125.947294515,67.97248428901528,62.78569755661761,63.3168768830444
P41587,7VQX,Vasoactive intestinal polypeptide receptor 2,2.74,EM,True,,1148,1.0,1.0,0.0,False,0.0,0.0251521618089525,4.537415765000001,12.51351047715585,11.788046401441363,12.01792118348963
P23318,6K33,Photosystem I reaction center subunit PsaK,2.74,EM,True,,12684,2.0,30.0,28.0,True,0.002,0.0341324658588422,125.947294515,67.97248428901528,62.78569755661761,63.3168768830444
P21796,6G6U,Voltage-dependent anion-selective channel protein 1,2.74,X-ray,True,,282,1.0,1.0,0.0,False,0.0,0.008440003822626,10.833024025000002,18.798490790829284,18.422347082523626,18.569487457719507
G4SW86,4QUV,Delta(14)-sterol reductase,2.743,X-ray,True,,393,1.0,1.0,0.0,False,0.0,-0.0305773982815424,9.472316234999996,16.417095666368176,17.691375851081602,17.364135171841188
Q8ZIK3,5IXM,LPS-assembly protein LptD,2.746,X-ray,True,,684,1.0,2.0,1.0,True,0.0,-0.0257919465809057,19.811718945000003,24.51561175066019,26.07007874487137,25.11227986959408
Q7CJV2,5IXM,LPS-assembly lipoprotein LptE,2.746,X-ray,True,,684,1.0,2.0,1.0,True,0.0,-0.0257919465809057,19.811718945000003,24.51561175066019,26.07007874487137,25.11227986959408
O41174,6Q69,Genome polyprotein,2.747,X-ray,False,no_TM_span,170,0.0,,,,,,,,,
Q7DD94,5FGN,lipooligosaccharide phosphoethanolamine transferase A,2.75,X-ray,True,,536,1.0,1.0,0.0,False,0.0,0.1812081522905275,3.850366404999999,12.026885029815675,7.212231199961245,11.070725776305007
Q9FY46,7LHV,"Sulfate transporter 4.1, chloroplastic",2.75,EM,True,,1152,2.0,2.0,0.0,False,0.0,0.0276259952959288,29.497642690000003,32.94091898231736,30.909273652413948,30.64211364665308
P10820,3NSJ,Perforin-1,2.75,X-ray,False,no_TM_span,534,0.0,,,,,,,,,
P41181,4NEF,Aquaporin-2,2.75,X-ray,True,,940,4.0,4.0,0.0,False,0.012,-0.0084475912205807,26.605736125000004,28.074907483086832,28.664914036117374,29.10132099713812
Q8TDU9,7YK7,Relaxin-3 receptor 2,2.75,EM,True,,1122,1.0,1.0,0.0,False,0.0,0.051491725846877,4.7205557250000005,12.8714365819115,11.356584186349645,12.258056760959263
Q9HWK2,4FSO,Probable porin,2.75,X-ray,True,,356,1.0,1.0,0.0,False,0.0,-0.0213718003264217,10.918861410000002,18.216591135040467,19.172829337634877,18.64291160917115
Q92743,3NZI,Serine protease HTRA1,2.75,X-ray,False,no_TM_span,648,0.0,,,,,,,,,
Q9CZU6,3NZI,Citrate synthase,2.75,X-ray,False,no_TM_span,648,0.0,,,,,,,,,
P08168,4PXF,S-arrestin,2.75,X-ray,True,,334,1.0,1.0,0.0,False,0.0,0.0237377754665435,4.904077114999998,12.809872855500368,12.098077797630465,12.494063503569134
Q5ZWR1,4BBJ,COPPER EFFLUX ATPASE,2.75,X-ray,True,,664,1.0,1.0,0.0,False,0.0,0.0122233548004413,5.685350679999999,13.06629809284298,12.671654231125816,13.452521428586303
P04899,7YK7,Guanine nucleotide-binding protein G(i) subunit alpha-2,2.75,EM,True,,1122,1.0,1.0,0.0,False,0.0,0.051491725846877,4.7205557250000005,12.8714365819115,11.356584186349645,12.258056760959263
P05769,2WV9,"FLAVIVIRIN PROTEASE NS2B REGULATORY SUBUNIT, FLAVIVIRIN PROTEASE NS3 CATALYTIC SUBUNIT",2.75,X-ray,False,no_TM_span,601,0.0,,,,,,,,,
P62812,5OSA,"Proton-gated ion channel,Gamma-aminobutyric acid receptor subunit alpha-1,Gamma-aminobutyric acid receptor subunit alpha-1",2.75000236232,X-ray,True,,1565,5.0,5.0,0.0,False,0.0,0.058788893477997,23.965554204999997,28.07707151477313,24.180117063846232,27.61969013462138
P06437,3NW8,Envelope glycoprotein B,2.75915,X-ray,False,no_TM_span,1818,0.0,,,,,,,,,
Q00194,8BX7,cGMP-gated cation channel alpha-1,2.76,EM,True,,2059,4.0,4.0,0.0,False,0.039,0.0185361367950928,49.324148255,39.25690790945959,37.49417980661669,39.62368485787442
Q28181,8BX7,Cyclic nucleotide-gated cation channel beta-1,2.76,EM,True,,2059,4.0,4.0,0.0,False,0.039,0.0185361367950928,49.324148255,39.25690790945959,37.49417980661669,39.62368485787442
M4GGR4,7DE8,Outer membrane protein,2.76,X-ray,True,,1026,3.0,3.0,0.0,False,0.0,-0.0069673291357372,34.45310390499999,32.65062711473375,33.20438102932804,33.116104213326274
Q9BXC1,7XV3,Probable G-protein coupled receptor 174,2.76,EM,True,,1044,1.0,1.0,0.0,False,0.0,0.041434538774689,5.614363064999999,13.201934094448324,11.87255433791842,13.36827314283572
A0A1I2I8Z9,8F6T,Alkane 1-monooxygenase,2.76,EM,True,,428,1.0,1.0,0.0,False,0.0,-0.1231101681915192,3.8920217150000007,8.900788393094276,12.1894399220503,11.1304491783867
P0A232,7EZZ,Phospholipase A1,2.76,X-ray,True,,513,2.0,2.0,0.0,False,0.002,0.0168113019801819,13.088288405000004,21.36588191937248,20.5423525671104,20.411103822518218
A0QWR2,8FED,Transmembrane protein,2.76,EM,True,,3427,3.0,7.0,4.0,True,0.078,-0.0280228296537787,9.535792589999998,15.689283769024591,16.86101145126503,17.42221872780598
A8IE32,7XZI,Toc75,2.77,EM,True,,4770,1.0,5.0,4.0,True,0.0,0.0837032126113718,37.655779764999984,34.730318897663125,27.775365009038502,34.621101904992905
A8IZ79,7XZI,Protein TIC 20,2.77,EM,True,,4770,1.0,5.0,4.0,True,0.0,0.0837032126113718,37.655779764999984,34.730318897663125,27.775365009038502,34.621101904992905
A8HYJ1,7XZI,Toc34,2.77,EM,True,,4770,1.0,5.0,4.0,True,0.0,0.0837032126113718,37.655779764999984,34.730318897663125,27.775365009038502,34.621101904992905
A0A2K3DWN0,7XZI,Ctap5,2.77,EM,True,,4770,1.0,5.0,4.0,True,0.0,0.0837032126113718,37.655779764999984,34.730318897663125,27.775365009038502,34.621101904992905
O88454,6PIS,Potassium channel subfamily K member 4,2.77,X-ray,True,,1325,2.0,2.0,0.0,False,0.008,0.0355755578912415,11.641416894999995,20.01211607285146,18.368535702221333,19.249878147316952
P36495,7XZI,Tic214,2.77,EM,True,,4770,1.0,5.0,4.0,True,0.0,0.0837032126113718,37.655779764999984,34.730318897663125,27.775365009038502,34.621101904992905
A0A2K3CR90,7XZI,Toc90,2.77,EM,True,,4770,1.0,5.0,4.0,True,0.0,0.0837032126113718,37.655779764999984,34.730318897663125,27.775365009038502,34.621101904992905
Q9TM20,4YUU,Cytochrome b559 subunit alpha,2.77000368116,X-ray,True,,5215,4.0,33.0,29.0,True,0.049,0.0072437621857752,106.989056695,57.87591477359788,56.86137245164522,58.35723987603986
Q9TM21,4YUU,Cytochrome b559 subunit beta,2.77000368116,X-ray,True,,5215,4.0,33.0,29.0,True,0.049,0.0072437621857752,106.989056695,57.87591477359788,56.86137245164522,58.35723987603986
Q9TM22,4YUU,Photosystem II reaction center protein L,2.77000368116,X-ray,True,,5215,4.0,33.0,29.0,True,0.049,0.0072437621857752,106.989056695,57.87591477359788,56.86137245164522,58.35723987603986
Q9TM23,4YUU,Photosystem II reaction center protein J,2.77000368116,X-ray,True,,5215,4.0,33.0,29.0,True,0.049,0.0072437621857752,106.989056695,57.87591477359788,56.86137245164522,58.35723987603986
Q9TM47,4YUU,Photosystem II D2 protein,2.77000368116,X-ray,True,,5215,4.0,33.0,29.0,True,0.049,0.0072437621857752,106.989056695,57.87591477359788,56.86137245164522,58.35723987603986
Q9TM46,4YUU,Photosystem II CP43 reaction center protein,2.77000368116,X-ray,True,,5215,4.0,33.0,29.0,True,0.049,0.0072437621857752,106.989056695,57.87591477359788,56.86137245164522,58.35723987603986
Q9ZQS5,4YUU,"Photosystem II 12 kDa extrinsic protein, chloroplastic",2.77000368116,X-ray,True,,5215,4.0,33.0,29.0,True,0.049,0.0072437621857752,106.989056695,57.87591477359788,56.86137245164522,58.35723987603986
Q9TLR0,4YUU,Photosystem II reaction center protein K,2.77000368116,X-ray,True,,5215,4.0,33.0,29.0,True,0.049,0.0072437621857752,106.989056695,57.87591477359788,56.86137245164522,58.35723987603986
Q76B86,4YUU,Extrinsic protein in photosystem II,2.77000368116,X-ray,True,,5215,4.0,33.0,29.0,True,0.049,0.0072437621857752,106.989056695,57.87591477359788,56.86137245164522,58.35723987603986
Q76FB0,4YUU,Cytochrome c-550,2.77000368116,X-ray,True,,5215,4.0,33.0,29.0,True,0.049,0.0072437621857752,106.989056695,57.87591477359788,56.86137245164522,58.35723987603986
Q9TLX0,4YUU,Photosystem II reaction center protein Ycf12,2.77000368116,X-ray,True,,5215,4.0,33.0,29.0,True,0.049,0.0072437621857752,106.989056695,57.87591477359788,56.86137245164522,58.35723987603986
O19895,4YUU,Photosystem II protein D1,2.77000368116,X-ray,True,,5215,4.0,33.0,29.0,True,0.049,0.0072437621857752,106.989056695,57.87591477359788,56.86137245164522,58.35723987603986
O19928,4YUU,Photosystem II CP47 reaction center protein,2.77000368116,X-ray,True,,5215,4.0,33.0,29.0,True,0.049,0.0072437621857752,106.989056695,57.87591477359788,56.86137245164522,58.35723987603986
O19882,4YUU,Photosystem II reaction center protein I,2.77000368116,X-ray,True,,5215,4.0,33.0,29.0,True,0.049,0.0072437621857752,106.989056695,57.87591477359788,56.86137245164522,58.35723987603986
O19927,4YUU,Photosystem II reaction center protein T,2.77000368116,X-ray,True,,5215,4.0,33.0,29.0,True,0.049,0.0072437621857752,106.989056695,57.87591477359788,56.86137245164522,58.35723987603986
O19925,4YUU,Photosystem II reaction center protein H,2.77000368116,X-ray,True,,5215,4.0,33.0,29.0,True,0.049,0.0072437621857752,106.989056695,57.87591477359788,56.86137245164522,58.35723987603986
P56373,5SVK,P2X purinoceptor 3,2.773,X-ray,True,,1071,3.0,3.0,0.0,False,0.0,0.0159924822474441,5.775537130000001,14.523063964246738,14.002650681452868,13.558799970869684
D0FY05,7PI5,Photosystem II CP47 reaction center protein,2.78,EM,True,,7457,4.0,44.0,40.0,True,0.038,0.0015486090331989,107.63863429,57.76088570577449,57.54333415521173,58.5341280193261
A0A7S3QU88,7PI5,PSII 6.1 kDa protein,2.78,EM,True,,7457,4.0,44.0,40.0,True,0.038,0.0015486090331989,107.63863429,57.76088570577449,57.54333415521173,58.5341280193261
A0A7S3VKF3,7PI5,Hypothetical protein,2.78,EM,True,,7457,4.0,44.0,40.0,True,0.038,0.0015486090331989,107.63863429,57.76088570577449,57.54333415521173,58.5341280193261
A0A1C8XRP4,7PI5,Cytochrome b559 subunit beta,2.78,EM,True,,7457,4.0,44.0,40.0,True,0.038,0.0015486090331989,107.63863429,57.76088570577449,57.54333415521173,58.5341280193261
Q9KNE0,5ULD,"Transporter, NadC family",2.78,X-ray,True,,890,2.0,2.0,0.0,False,0.0,0.0164412583015547,27.810100445000007,30.13651188077187,28.962499609128635,29.752697201107228
P0AGM7,3QE7,Uracil permease,2.781,X-ray,True,,407,1.0,1.0,0.0,False,0.0,0.0362833109124603,12.307150755000002,20.38142615282629,18.657883736342097,19.792644482410136
D5AUZ7,5X3X,Uncharacterized protein CbiQ,2.788,X-ray,True,,1010,2.0,2.0,0.0,False,0.08,-0.2303275132888347,6.46415399,8.92723635566497,16.856593349742322,14.344351225591891
O68106,5X3X,Cobalt ABC transporter ATP-binding protein,2.788,X-ray,True,,1010,2.0,2.0,0.0,False,0.08,-0.2303275132888347,6.46415399,8.92723635566497,16.856593349742322,14.344351225591891
Q9FGQ2,5XPD,sugar transporter,2.788,X-ray,True,,269,1.0,1.0,0.0,False,0.0,-0.0496433056346193,5.446025940000002,10.84889835934667,12.417587357340384,13.166335470112298
D5AUZ9,5X3X,Cobalt transport protein CbiM,2.788,X-ray,True,,1010,2.0,2.0,0.0,False,0.08,-0.2303275132888347,6.46415399,8.92723635566497,16.856593349742322,14.344351225591891
P56782,7OUI,Photosystem II reaction center protein K,2.79,EM,True,,8346,4.0,48.0,44.0,True,0.06,0.0034153110149488,105.051280825,57.06064716262243,56.586659279013176,57.82634455234671
P30968,7BR3,"Gonadotropin-releasing hormone receptor,GlgA glycogen synthase,Gonadotropin-releasing hormone receptor",2.79,X-ray,True,,470,1.0,1.0,0.0,False,0.0,0.0820946221205248,4.75695603,13.49980839695008,11.075345277506292,12.305227070194997
Q9S7M0,7OUI,"Chlorophyll a-b binding protein 3, chloroplastic",2.79,EM,True,,8346,4.0,48.0,44.0,True,0.06,0.0034153110149488,105.051280825,57.06064716262243,56.586659279013176,57.82634455234671
P56790,7OUI,Photosystem II reaction center protein Z,2.79,EM,True,,8346,4.0,48.0,44.0,True,0.06,0.0034153110149488,105.051280825,57.06064716262243,56.586659279013176,57.82634455234671
P56696,7VNP,"Potassium voltage-gated channel subfamily KQT member 4,Maltodextrin-binding protein",2.79,EM,True,,1904,4.0,4.0,0.0,False,0.0,0.001974216439157,48.2911221,38.49169771099047,38.30593235775732,39.20655758841694
P56780,7OUI,Photosystem II reaction center protein H,2.79,EM,True,,8346,4.0,48.0,44.0,True,0.06,0.0034153110149488,105.051280825,57.06064716262243,56.586659279013176,57.82634455234671
P62100,7OUI,Photosystem II reaction center protein I,2.79,EM,True,,8346,4.0,48.0,44.0,True,0.06,0.0034153110149488,105.051280825,57.06064716262243,56.586659279013176,57.82634455234671
P56778,7OUI,Photosystem II CP43 reaction center protein,2.79,EM,True,,8346,4.0,48.0,44.0,True,0.06,0.0034153110149488,105.051280825,57.06064716262243,56.586659279013176,57.82634455234671
P56779,7OUI,Cytochrome b559 subunit alpha,2.79,EM,True,,8346,4.0,48.0,44.0,True,0.06,0.0034153110149488,105.051280825,57.06064716262243,56.586659279013176,57.82634455234671
P56777,7OUI,Photosystem II CP47 reaction center protein,2.79,EM,True,,8346,4.0,48.0,44.0,True,0.06,0.0034153110149488,105.051280825,57.06064716262243,56.586659279013176,57.82634455234671
P56761,7OUI,Photosystem II D2 protein,2.79,EM,True,,8346,4.0,48.0,44.0,True,0.06,0.0034153110149488,105.051280825,57.06064716262243,56.586659279013176,57.82634455234671
P60129,7OUI,Photosystem II reaction center protein L,2.79,EM,True,,8346,4.0,48.0,44.0,True,0.06,0.0034153110149488,105.051280825,57.06064716262243,56.586659279013176,57.82634455234671
A0A7G2E9B1,7OUI,(thale cress) hypothetical protein,2.79,EM,True,,8346,4.0,48.0,44.0,True,0.06,0.0034153110149488,105.051280825,57.06064716262243,56.586659279013176,57.82634455234671
P37432,3NSG,Outer membrane protein F,2.79,X-ray,True,,1027,3.0,3.0,0.0,False,0.004,0.0008764272598005,33.823329335000004,32.99612963760633,32.92711195712214,32.81204064208857
Q9XF89,7OUI,"Chlorophyll a-b binding protein CP26, chloroplastic",2.79,EM,True,,8346,4.0,48.0,44.0,True,0.06,0.0034153110149488,105.051280825,57.06064716262243,56.586659279013176,57.82634455234671
A0QXA7,7D5I,Integral membrane cytochrome D ubiquinol oxidase (Subunit II) CydB,2.79,EM,True,,793,1.0,2.0,1.0,True,0.0,0.0112945055401667,7.750396545000001,15.363143522584554,14.937382902313752,15.706775105406567
P61839,7OUI,Photosystem II reaction center protein T,2.79,EM,True,,8346,4.0,48.0,44.0,True,0.06,0.0034153110149488,105.051280825,57.06064716262243,56.586659279013176,57.82634455234671
P62095,7OUI,Cytochrome b559 subunit beta (PsbF),2.79,EM,True,,8346,4.0,48.0,44.0,True,0.06,0.0034153110149488,105.051280825,57.06064716262243,56.586659279013176,57.82634455234671
Q39195,7OUI,"Photosystem II 5 kDa protein, chloroplastic",2.79,EM,True,,8346,4.0,48.0,44.0,True,0.06,0.0034153110149488,105.051280825,57.06064716262243,56.586659279013176,57.82634455234671
Q39194,7OUI,"Photosystem II reaction center W protein, chloroplastic",2.79,EM,True,,8346,4.0,48.0,44.0,True,0.06,0.0034153110149488,105.051280825,57.06064716262243,56.586659279013176,57.82634455234671
A0QXA8,7D5I,Cytochrome D ubiquinol oxidase subunit 1,2.79,EM,True,,793,1.0,2.0,1.0,True,0.0,0.0112945055401667,7.750396545000001,15.363143522584554,14.937382902313752,15.706775105406567
Q39142,7OUI,"Chlorophyll a-b binding protein, chloroplastic",2.79,EM,True,,8346,4.0,48.0,44.0,True,0.06,0.0034153110149488,105.051280825,57.06064716262243,56.586659279013176,57.82634455234671
P62109,7OUI,Photosystem II reaction center protein M,2.79,EM,True,,8346,4.0,48.0,44.0,True,0.06,0.0034153110149488,105.051280825,57.06064716262243,56.586659279013176,57.82634455234671
Q07473,7OUI,"Chlorophyll a-b binding protein CP29.1, chloroplastic",2.79,EM,True,,8346,4.0,48.0,44.0,True,0.06,0.0034153110149488,105.051280825,57.06064716262243,56.586659279013176,57.82634455234671
P23321,7OUI,"Oxygen-evolving enhancer protein 1-1, chloroplastic",2.79,EM,True,,8346,4.0,48.0,44.0,True,0.06,0.0034153110149488,105.051280825,57.06064716262243,56.586659279013176,57.82634455234671
P83755,7OUI,Photosystem II protein D1,2.79,EM,True,,8346,4.0,48.0,44.0,True,0.06,0.0034153110149488,105.051280825,57.06064716262243,56.586659279013176,57.82634455234671
P04778,7OUI,"Chlorophyll a-b binding protein 1, chloroplastic",2.79,EM,True,,8346,4.0,48.0,44.0,True,0.06,0.0034153110149488,105.051280825,57.06064716262243,56.586659279013176,57.82634455234671
Q9LMQ2,7OUI,"Chlorophyll a-b binding protein, chloroplastic",2.79,EM,True,,8346,4.0,48.0,44.0,True,0.06,0.0034153110149488,105.051280825,57.06064716262243,56.586659279013176,57.82634455234671
Q47WB4,7TAK,Putative membrane protein PurT,2.79828,X-ray,True,,901,2.0,2.0,0.0,False,0.001,-0.0212186650561191,23.762816865000005,27.9629915993479,29.36355677372513,27.50261720583045
F8W463,4DW1,P2X purinoceptor,2.8,X-ray,True,,972,3.0,3.0,0.0,False,0.0,0.0449896208247621,6.80501672,15.73211219682015,14.142968255068425,14.717690367792065
F2Z293,3PL9,Chlorophyll A-B binding protein,2.8,X-ray,True,,156,1.0,1.0,0.0,False,0.0,0.2250359733530875,2.3760345550000004,11.301919105151878,6.604983243363755,8.696638941400314
P48039,6ME2,chimera protein of Melatonin receptor type 1A and GlgA glycogen synthase,2.8,X-ray,True,,488,1.0,1.0,0.0,False,0.0,0.0477284103743939,5.36515473,13.066773343314322,11.569833316305829,13.068212545963302
Q9AEL8,7QHM,Cytochrome c oxidase subunit 3,2.8,EM,True,,5900,4.0,20.0,16.0,True,0.038,0.0508169172981173,71.99389589999998,51.39622787251936,45.55784651628378,47.87104428551426
P02920,6VBG,Galactoside permease,2.8,X-ray,True,,517,1.0,1.0,0.0,False,0.0,0.0237418847192508,9.461985934999998,17.176093757899757,16.187215914378463,17.354664116722276
A0A2K1IHL7,7KUX,PsaE,2.8,EM,True,,3259,2.0,14.0,12.0,True,0.007,0.0427716332218085,37.49177491,37.22828400951278,33.68210920497262,34.54562577871531
A0A2K1IB10,7KUX,"Chlorophyll a-b binding protein, chloroplastic",2.8,EM,True,,3259,2.0,14.0,12.0,True,0.007,0.0427716332218085,37.49177491,37.22828400951278,33.68210920497262,34.54562577871531
P05311,4XK8,Photosystem I P700 chlorophyll a apoprotein A2,2.8,X-ray,True,,3176,2.0,13.0,11.0,True,0.006,0.027556407277929,38.628848340000005,36.29234491419719,33.973269986966564,35.06557331417285
Q950Z1,8B6J,Apocytochrome b,2.8,EM,True,,5445,2.0,14.0,12.0,True,0.0,0.0428408764876579,25.71058023,31.70840093591258,28.76702461546368,28.607572191170853
Q94IB8,7YJO,atLCB1,2.8,EM,True,,1107,1.0,3.0,2.0,True,0.0,-0.086479614423191,2.48774441,6.860467875985083,8.707408481536866,8.89872822374895
Q96A98,7F16,Tuberoinfundibular peptide of 39 residues,2.8,EM,True,,1169,1.0,1.0,0.0,False,0.0,0.0346253006265399,5.106541910000001,13.538324829820112,12.478843498962863,12.749363804381996
A0A2K1IW94,7KUX,"Chlorophyll a-b binding protein, chloroplastic",2.8,EM,True,,3259,2.0,14.0,12.0,True,0.007,0.0427716332218085,37.49177491,37.22828400951278,33.68210920497262,34.54562577871531
A0A2K1IN36,7KUX,PSI-F,2.8,EM,True,,3259,2.0,14.0,12.0,True,0.007,0.0427716332218085,37.49177491,37.22828400951278,33.68210920497262,34.54562577871531
P49190,7F16,Parathyroid hormone 2 receptor,2.8,EM,True,,1169,1.0,1.0,0.0,False,0.0,0.0346253006265399,5.106541910000001,13.538324829820112,12.478843498962863,12.749363804381996
P49146,7DDZ,Human Neuropeptide Y Y2 Receptor fusion protein,2.8,X-ray,True,,437,1.0,1.0,0.0,False,0.0,0.0383039106663984,5.164534564999999,12.82692759682124,11.648250036743574,12.8215537653492
Q9LSZ9,7YJO,Long chain base biosynthesis protein 2a,2.8,EM,True,,1107,1.0,3.0,2.0,True,0.0,-0.086479614423191,2.48774441,6.860467875985083,8.707408481536866,8.89872822374895
P42838,7KYC,Alkylphosphocholine resistance protein LEM3,2.8,EM,True,,1552,1.0,2.0,1.0,True,0.0,-0.0138719399181842,8.509382590000001,15.8404575488383,16.388384332033166,16.457887482047113
H9ZSC3,5AZD,Bacteriorhodopsin,2.8,X-ray,True,,1002,4.0,4.0,0.0,False,0.002,-0.0026658815498589,29.154884984999995,29.852577474597584,30.0474868907612,30.463565321998765
P31391,7XMT,Somatostatin receptor type 4,2.8,EM,True,,1068,1.0,1.0,0.0,False,0.0,0.0357146267534118,5.359161375,12.793091871803297,11.673574496224576,13.060911328528409
Q99380,8AGE,OST4 isoform 1,2.8,EM,True,,2100,1.0,8.0,7.0,True,0.0,-0.0252087284039646,11.085691959999998,17.179407889429246,18.31590581647932,18.784795303798663
P04037,6T0B,"Cytochrome c oxidase subunit 4, mitochondrial",2.8,EM,True,,7839,2.0,32.0,30.0,True,0.0,0.0021261705577405,77.222148705,49.0832466155068,48.83025545562414,49.57879926456096
P04039,6T0B,"Cytochrome c oxidase polypeptide VIII, mitochondrial",2.8,EM,True,,7839,2.0,32.0,30.0,True,0.0,0.0021261705577405,77.222148705,49.0832466155068,48.83025545562414,49.57879926456096
P46964,8AGE,Dolichyl-diphosphooligosaccharide--protein glycosyltransferase subunit OST2,2.8,EM,True,,2100,1.0,8.0,7.0,True,0.0,-0.0252087284039646,11.085691959999998,17.179407889429246,18.31590581647932,18.784795303798663
P47863,2ZZ9,Aquaporin-4,2.8,EM,True,,892,4.0,4.0,0.0,False,0.0,0.0015680219365354,27.519970955000005,29.23378707054966,29.122405733975555,29.597092462718827
Q38998,7T4X,Potassium channel AKT1,2.8,EM,True,,1778,4.0,4.0,0.0,False,0.012,-0.0054862401205207,46.750698975,38.54829884320995,39.056230371747695,38.576170973471314
D2ZZC1,4QTN,Nicotinamide riboside transporter PnuC,2.8,X-ray,True,,707,3.0,3.0,0.0,False,0.004,-0.0206025994162059,25.14872747,26.548235826505483,27.9472313702373,28.29326523864446
Q9UK17,7W6S,Isoform 2 of Potassium voltage-gated channel subfamily D member 3,2.8,EM,True,,2508,4.0,4.0,0.0,False,0.0,0.0250606026881615,43.94967854000001,38.96802755140139,36.71842566233405,37.40269665930732
Q29259,7V2E,NADH dehydrogenase [ubiquinone] 1 beta subcomplex subunit 6,2.8,EM,True,,8269,1.0,20.0,19.0,True,0.0,-0.0093649006301929,31.784862855,29.948087110941756,30.66299427608431,31.80791737561962
Q1M0Y5,3EBW,Per a 4 allergen,2.8,X-ray,False,no_TM_span,157,0.0,,,,,,,,,
P18825,6KUW,Alpha-2C adrenergic receptor,2.8,X-ray,True,,947,2.0,2.0,0.0,False,0.003,0.0070631921325994,15.004205555,21.62913199408587,21.25866985669405,21.85403157884204
Q24IM5,8B6J,Cytochrome protein c1,2.8,EM,True,,5445,2.0,14.0,12.0,True,0.0,0.0428408764876579,25.71058023,31.70840093591258,28.76702461546368,28.607572191170853
Q2V2P9,6T0B,Cox26,2.8,EM,True,,7839,2.0,32.0,30.0,True,0.0,0.0021261705577405,77.222148705,49.0832466155068,48.83025545562414,49.57879926456096
B1AL88,6XIW,Transmembrane protein FAM155A,2.8,EM,True,,1400,1.0,1.0,0.0,False,0.0,-0.0034256681450522,46.06485295499999,37.83765165459303,38.1524746445317,38.29216382130827
P21462,7VFX,fMet-Leu-Phe receptor,2.8,EM,True,,1140,1.0,1.0,0.0,False,0.0,0.0605290367691185,5.28520997,13.38694412207085,11.502725937035862,12.970484123609788
Q0SXH8,4N4W,"Cytochrome b(562),Smoothened homolog",2.8,X-ray,True,,459,1.0,1.0,0.0,False,0.0,0.0086334463488681,4.889250395000001,12.386332189530744,12.127843443556571,12.475162270513774
A8MSB8,7YJO,"Transmembrane protein, putative (DUF3317)",2.8,EM,True,,1107,1.0,3.0,2.0,True,0.0,-0.086479614423191,2.48774441,6.860467875985083,8.707408481536866,8.89872822374895
A9UTG5,2XHE,SYNTAXIN1,2.8,X-ray,False,no_TM_span,786,0.0,,,,,,,,,
Q28107,1SDD,Coagulation factor V,2.8,X-ray,False,no_TM_span,870,0.0,,,,,,,,,
P19491,8AYN,Isoform Flip of Glutamate receptor 2,2.8,EM,True,,2012,4.0,6.0,2.0,True,0.006,-0.0452111312850582,16.90757619,21.044425924624257,23.56165277832976,23.198811721040087
P19490,8AYN,Isoform Flip of Glutamate receptor 1,2.8,EM,True,,2012,4.0,6.0,2.0,True,0.006,-0.0452111312850582,16.90757619,21.044425924624257,23.56165277832976,23.198811721040087
Q1GBG0,6ZG3,Conserved hypothetical membrane protein,2.8,X-ray,True,,1156,1.0,2.0,1.0,True,0.0,-0.1349918026657411,3.19748426,8.879765741368537,12.148261380873016,10.088562092166862
Q23K66,8B6J,Ubiquinol-cytochrome C reductase hinge protein,2.8,EM,True,,5445,2.0,14.0,12.0,True,0.0,0.0428408764876579,25.71058023,31.70840093591258,28.76702461546368,28.607572191170853
Q15465,7URF,SHH-N peptide,2.8,EM,True,,722,1.0,1.0,0.0,False,0.0,-0.0713863642031068,16.75150875,20.25283319891166,24.209035880509923,23.091493766361832
P32799,6T0B,"Cytochrome c oxidase subunit 6A, mitochondrial",2.8,EM,True,,7839,2.0,32.0,30.0,True,0.0,0.0021261705577405,77.222148705,49.0832466155068,48.83025545562414,49.57879926456096
Q9HVM5,5DIR,Lipoprotein signal peptidase,2.8,X-ray,True,,161,1.0,1.0,0.0,False,0.0,0.1064806492485453,2.085924164999999,8.977714472926918,6.895352359742287,8.148437172545226
P32660,7KYC,Phospholipid-transporting ATPase DNF1,2.8,EM,True,,1552,1.0,2.0,1.0,True,0.0,-0.0138719399181842,8.509382590000001,15.8404575488383,16.388384332033166,16.457887482047113
Q13324,6PB1,Corticotropin-releasing factor receptor 2,2.8,EM,True,,1074,1.0,1.0,0.0,False,0.0,0.0418611752999208,5.19667904,14.074813878375169,12.78267060787554,12.861393057348378
Q15036,3FOG,Sorting nexin-17,2.8,X-ray,False,no_TM_span,102,0.0,,,,,,,,,
Q9NS61,7W6S,Kv channel-interacting protein 2,2.8,EM,True,,2508,4.0,4.0,0.0,False,0.0,0.0250606026881615,43.94967854000001,38.96802755140139,36.71842566233405,37.40269665930732
P14693,7BTX,Sorting assembly machinery 35 kDa subunit,2.8,EM,True,,1268,2.0,2.0,0.0,False,0.051,0.0241560691726642,26.388859599999996,30.2610141432052,28.58076810066421,28.982468659167097
P63359,6BL6,Lipid A export ATP-binding/permease protein MsbA,2.8,X-ray,True,,1150,2.0,2.0,0.0,False,0.0,-0.0959047073568518,12.299070485,15.809470657624765,20.363673552779552,19.786145977038505
Q9HUR5,2QTK,Probable porin,2.8,X-ray,True,,371,1.0,1.0,0.0,False,0.0,-0.0176887895651101,10.865733954999998,18.343958224750743,19.133479712531088,18.597501279794013
P33767,8AGE,Dolichyl-diphosphooligosaccharide--protein glycosyltransferase subunit WBP1,2.8,EM,True,,2100,1.0,8.0,7.0,True,0.0,-0.0252087284039646,11.085691959999998,17.179407889429246,18.31590581647932,18.784795303798663
P23979,6Y5A,5-hydroxytryptamine receptor 3A,2.8,EM,True,,1945,5.0,5.0,0.0,False,0.003,0.0433706326212277,26.067454205,29.812109483090623,26.81376607682782,28.80543070515476
P23945,8I2G,Follicle-stimulating hormone receptor,2.8,EM,True,,1543,1.0,1.0,0.0,False,0.0,0.0494835993203322,4.406392870000002,13.032634747685506,11.62613650154757,11.843134774757768
Q04519,5FIC,Sphingomyelin phosphodiesterase,2.8,X-ray,False,no_TM_span,527,0.0,,,,,,,,,
P16615,6LN7,Sarcoplasmic/endoplasmic reticulum calcium ATPase 2,2.8,EM,True,,1013,1.0,1.0,0.0,False,0.0,0.0216533023308338,9.3202325,17.362289084971614,16.46718442476983,17.224175296023514
Q53TN4,5ZLG,Cytochrome b reductase 1,2.8,X-ray,True,,452,2.0,2.0,0.0,False,0.0,-0.0592626892069327,10.683006985000002,16.27467859581471,18.89747401471127,18.440462948353524
Q58K79,3WGU,Na+/K+ ATPase gamma subunit transcript variant a,2.8,X-ray,True,,1331,1.0,3.0,2.0,True,0.0,-0.0002378854836877,7.518200165,15.244386888013183,15.253218931295253,15.469704065780013
Q5JWF2,8I2G,chimera of Guanine nucleotide-binding protein G(s) subunit alpha and Guanine nucleotide-binding protein G(s) subunit alpha isoforms XLas,2.8,EM,True,,1543,1.0,1.0,0.0,False,0.0,0.0494835993203322,4.406392870000002,13.032634747685506,11.62613650154757,11.843134774757768
P12357,4XK8,"Photosystem I reaction center subunit V, chloroplastic",2.8,X-ray,True,,3176,2.0,13.0,11.0,True,0.006,0.027556407277929,38.628848340000005,36.29234491419719,33.973269986966564,35.06557331417285
Q5SKE6,5YHF,Protein translocase subunit SecDF,2.8,X-ray,True,,735,1.0,1.0,0.0,False,0.0,-0.0059415342786943,10.296238705,17.85437676780451,18.112528006754943,18.10357580786097
P60752,7PH4,ATP-dependent lipid A-core flippase,2.8,EM,True,,1378,2.0,2.0,0.0,False,0.0,-0.0421537462666439,9.38231518,15.583305958245884,17.331652389943898,17.28144576442102
P35372,8EFO,Mu-type opioid receptor,2.8,EM,True,,1441,2.0,2.0,0.0,False,0.0,0.0158639899689035,13.04594714,20.961426704359763,20.185561028487832,20.37806160873293
C6T221,4XK8,Putative uncharacterized protein,2.8,X-ray,True,,3176,2.0,13.0,11.0,True,0.006,0.027556407277929,38.628848340000005,36.29234491419719,33.973269986966564,35.06557331417285
P74810,7R0W,Cytochrome b6-f complex subunit 7,2.8,EM,True,,2040,2.0,16.0,14.0,True,0.0,-0.0138528959034928,3.075199665,5.89921594936224,6.228153561536538,9.89376801506171
P74149,7R0W,Cytochrome b6-f complex subunit 5,2.8,EM,True,,2040,2.0,16.0,14.0,True,0.0,-0.0138528959034928,3.075199665,5.89921594936224,6.228153561536538,9.89376801506171
P77335,6MRT,"Hemolysin E, chromosomal",2.8,EM,True,,3420,12.0,12.0,0.0,False,0.0,0.1003166121333276,61.23458238499998,45.01396422759781,34.38459379633596,44.14926154476573
B5TM92,8BQ6,NADH-ubiquinone oxidoreductase chain 1,2.8,EM,True,,12129,1.0,33.0,32.0,True,0.0,-0.0051863494083499,33.96961422999999,31.7425668917373,32.15186843768103,32.88291963810175
A0A7M4DUF5,6ZKF,"Mitochondrial complex I, PDSW subunit",2.8,EM,True,,8158,1.0,20.0,19.0,True,0.0,-0.003580399489474,30.48987428,30.38594822971963,30.653646526927847,31.15321558334691
Q7CQU0,3Q7K,Probable formate transporter,2.8,X-ray,True,,1265,5.0,5.0,0.0,False,0.05,0.0088602144176582,37.03001068,35.0069655053365,34.276907351283235,34.3322275492508
Q57038,7R0W,Cytochrome b6,2.8,EM,True,,2040,2.0,16.0,14.0,True,0.0,-0.0138528959034928,3.075199665,5.89921594936224,6.228153561536538,9.89376801506171
B4FZ94,6I1R,CMP-sialic acid transporter 1,2.8,X-ray,True,,309,1.0,1.0,0.0,False,0.0,0.069310773794535,8.047164920000002,17.33932470464744,14.677015438509724,16.004662288806326
O32739,6UWR,ADP-ribosyltransferase binding component,2.8,EM,True,,4662,7.0,7.0,0.0,False,0.0,0.0208925334115804,5.806547125,13.0929656566004,12.411276496261069,13.595151174148697
P72717,7R0W,Cytochrome b6-f complex subunit 8,2.8,EM,True,,2040,2.0,16.0,14.0,True,0.0,-0.0138528959034928,3.075199665,5.89921594936224,6.228153561536538,9.89376801506171
P72798,7R0W,"Uncharacterized protein Cp097, conserved in cyanobacteria",2.8,EM,True,,2040,2.0,16.0,14.0,True,0.0,-0.0138528959034928,3.075199665,5.89921594936224,6.228153561536538,9.89376801506171
Q02641,7VFS,Voltage-dependent L-type calcium channel subunit beta-1,2.8,EM,True,,2385,1.0,1.0,0.0,False,0.0,-0.0065686554593101,43.97964929,37.908784846866624,38.4986308881464,37.41544755833201
Q02795,8AGE,Dolichyl-diphosphooligosaccharide--protein glycosyltransferase subunit 2,2.8,EM,True,,2100,1.0,8.0,7.0,True,0.0,-0.0252087284039646,11.085691959999998,17.179407889429246,18.31590581647932,18.784795303798663
B4EKB4,5B57,"Putative hemin ABC transport system, membrane protein",2.8,X-ray,True,,1177,2.0,2.0,0.0,False,0.006,0.0035520745862562,17.39792865,23.53815271513451,23.33753598174805,23.532812599464627
B4EKB5,5B57,Hemin import ATP-binding protein HmuV,2.8,X-ray,True,,1177,2.0,2.0,0.0,False,0.006,0.0035520745862562,17.39792865,23.53815271513451,23.33753598174805,23.532812599464627
P26290,7R0W,"Rieske domain, PetC",2.8,EM,True,,2040,2.0,16.0,14.0,True,0.0,-0.0138528959034928,3.075199665,5.89921594936224,6.228153561536538,9.89376801506171
P26287,7R0W,Cytochrome f,2.8,EM,True,,2040,2.0,16.0,14.0,True,0.0,-0.0138528959034928,3.075199665,5.89921594936224,6.228153561536538,9.89376801506171
P37299,6T0B,Cytochrome b-c1 complex subunit 10,2.8,EM,True,,7839,2.0,32.0,30.0,True,0.0,0.0021261705577405,77.222148705,49.0832466155068,48.83025545562414,49.57879926456096
Q9DBG5,1SZI,mannose-6-phosphate receptor binding protein 1,2.8,X-ray,False,no_TM_span,194,0.0,,,,,,,,,
P25656,6PSY,Cell division control protein 50,2.8,EM,True,,1429,1.0,2.0,1.0,True,0.0,-0.0290229485381791,8.765994470000003,15.607700524106306,16.77123279563354,16.704199178749754
I7MM45,8B6J,"Transmembrane protein, putative",2.8,EM,True,,5445,2.0,14.0,12.0,True,0.0,0.0428408764876579,25.71058023,31.70840093591258,28.76702461546368,28.607572191170853
I7MFL6,8B6J,"Transmembrane protein, putative",2.8,EM,True,,5445,2.0,14.0,12.0,True,0.0,0.0428408764876579,25.71058023,31.70840093591258,28.76702461546368,28.607572191170853
I7M484,8B6J,"Transmembrane protein, putative",2.8,EM,True,,5445,2.0,14.0,12.0,True,0.0,0.0428408764876579,25.71058023,31.70840093591258,28.76702461546368,28.607572191170853
P10174,6T0B,Cytochrome c oxidase subunit 7,2.8,EM,True,,7839,2.0,32.0,30.0,True,0.0,0.0021261705577405,77.222148705,49.0832466155068,48.83025545562414,49.57879926456096
A0A8D1K2Z9,7VBP,"NADH dehydrogenase [ubiquinone] 1 subunit C1, mitochondrial",2.8,EM,True,,4652,1.0,20.0,19.0,True,0.0,-0.0135200426280319,30.908476115,30.1444306277047,31.16220887139129,31.36634105897604
Q6NEF1,7W7C,Putative ABC transport system integral membrane protein,2.8,X-ray,True,,762,2.0,2.0,0.0,False,0.0,0.0130821843830168,6.076339794999999,13.564330212229889,13.127676057023484,13.907404605319025
Q60610,1FOE,T-LYMPHOMA INVASION AND METASTASIS INDUCING PROTEIN 1,2.8,X-ray,False,no_TM_span,545,0.0,,,,,,,,,
O45730,7VX8,"Peroxisomal Membrane Protein related,ATP-binding cassette sub-family D member 1",2.8,EM,True,,1120,2.0,2.0,0.0,False,0.0,0.0263398514460974,13.076749705000005,20.183005059674556,18.8932728909099,20.402104573431803
A0A9X9ZA26,7TS0,G protein gamma subunit,2.8,EM,True,,1187,1.0,1.0,0.0,False,0.0,0.0467832194352936,5.838297625,13.29160285856397,11.760975309832334,13.632269996302323
Q9X219,5KYM,1-acyl-sn-glycerol-3-phosphate acyltransferase,2.8,X-ray,False,no_TM_span,241,0.0,,,,,,,,,
Q6QNK2,7WU2,Adhesion G-protein coupled receptor D1,2.8,EM,True,,1010,1.0,1.0,0.0,False,0.0,0.0681390447654688,4.56481386,13.13505745191078,11.163797573063231,12.054150240588468
P55089,6PB1,Urocortin,2.8,EM,True,,1074,1.0,1.0,0.0,False,0.0,0.0418611752999208,5.19667904,14.074813878375169,12.78267060787554,12.861393057348378
A0A6P3E7B5,6ZKF,"Mitochondrial complex I, 10 kDa subunit",2.8,EM,True,,8158,1.0,20.0,19.0,True,0.0,-0.003580399489474,30.48987428,30.38594822971963,30.653646526927847,31.15321558334691
Q7Z3C6,6WQZ,Autophagy-related protein 9A,2.8,EM,True,,1715,3.0,3.0,0.0,False,0.0,-0.103040500996967,39.09670936500001,30.70620034947388,39.43017449680495,35.277286046596465
Q7VYU0,6BQO,Fluoride ion transporter CrcB,2.8,X-ray,True,,255,2.0,2.0,0.0,False,0.012,0.0174557279430035,5.16710972,13.256890125382435,12.719613295796451,12.82474992688886
A0A6P7EX23,6ZKF,"Mitochondrial complex I, 13 kDa subunit",2.8,EM,True,,8158,1.0,20.0,19.0,True,0.0,-0.003580399489474,30.48987428,30.38594822971963,30.653646526927847,31.15321558334691
Q9I6X0,3SY9,Histidine porin OpdC,2.8,X-ray,True,,371,1.0,1.0,0.0,False,0.0,-0.0282207786013141,10.680280665000003,18.164621622797256,19.413432376278664,18.43810978079665
Q01667,4XK8,"Chlorophyll a-b binding protein 6, chloroplastic",2.8,X-ray,True,,3176,2.0,13.0,11.0,True,0.006,0.027556407277929,38.628848340000005,36.29234491419719,33.973269986966564,35.06557331417285
Q79VE9,7QHM,Cytochrome bc1 complex cytochrome b subunit,2.8,EM,True,,5900,4.0,20.0,16.0,True,0.038,0.0508169172981173,71.99389589999998,51.39622787251936,45.55784651628378,47.87104428551426
Q79VE8,7QHM,Cytochrome bc1 complex Rieske iron-sulfur subunit,2.8,EM,True,,5900,4.0,20.0,16.0,True,0.038,0.0508169172981173,71.99389589999998,51.39622787251936,45.55784651628378,47.87104428551426
Q79VD7,7QHM,Cytochrome c oxidase subunit 1,2.8,EM,True,,5900,4.0,20.0,16.0,True,0.038,0.0508169172981173,71.99389589999998,51.39622787251936,45.55784651628378,47.87104428551426
P38054,7KF7,Cation efflux system protein CusA,2.8,EM,True,,3066,3.0,3.0,0.0,False,0.004,-0.0146041035510169,53.453210985000005,39.94593358665778,41.39169992351849,41.248861202212
P27589,7R0W,Cytochrome b6-f complex subunit 4,2.8,EM,True,,2040,2.0,16.0,14.0,True,0.0,-0.0138528959034928,3.075199665,5.89921594936224,6.228153561536538,9.89376801506171
B5TM94,8BQ6,NADH-ubiquinone oxidoreductase chain 5,2.8,EM,True,,12129,1.0,33.0,32.0,True,0.0,-0.0051863494083499,33.96961422999999,31.7425668917373,32.15186843768103,32.88291963810175
B5TM93,8BQ6,NADH-ubiquinone oxidoreductase chain 4,2.8,EM,True,,12129,1.0,33.0,32.0,True,0.0,-0.0051863494083499,33.96961422999999,31.7425668917373,32.15186843768103,32.88291963810175
P31213,7BW1,3-oxo-5-alpha-steroid 4-dehydrogenase 2,2.8,X-ray,True,,245,1.0,1.0,0.0,False,0.0,-0.0690279109005634,4.232793465,10.264026686145543,12.18700583094331,11.60749760320304
P31697,3RFZ,Chaperone protein fimC,2.8,X-ray,True,,1258,1.0,2.0,1.0,True,0.0,-0.0335836742900847,17.56154299,22.838669812647577,24.74433170840979,23.64320779919393
A0A6P9FRJ5,6ZKF,"Mitochondrial complex I, MWFE subunit",2.8,EM,True,,8158,1.0,20.0,19.0,True,0.0,-0.003580399489474,30.48987428,30.38594822971963,30.653646526927847,31.15321558334691
Q01519,6T0B,Cytochrome c oxidase subunit 6B,2.8,EM,True,,7839,2.0,32.0,30.0,True,0.0,0.0021261705577405,77.222148705,49.0832466155068,48.83025545562414,49.57879926456096
Q8A5H6,5FQ6,PUTATIVE LIPOPROTEIN,2.8,X-ray,True,,3169,2.0,2.0,0.0,False,0.002,0.0027267769809379,35.40525608000001,33.69168871838781,33.47199390990455,33.57058687770109
Q8A5H8,5FQ6,UNCHARACTERIZED PROTEIN,2.8,X-ray,True,,3169,2.0,2.0,0.0,False,0.002,0.0027267769809379,35.40525608000001,33.69168871838781,33.47199390990455,33.57058687770109
Q8A5H5,5FQ6,SUSC/RAGA FAMILY TONB-LINKED OUTER MEMBRANE PROTEIN,2.8,X-ray,True,,3169,2.0,2.0,0.0,False,0.002,0.0027267769809379,35.40525608000001,33.69168871838781,33.47199390990455,33.57058687770109
Q8C1E7,7N0L,Ion channel TACAN,2.8,EM,True,,626,2.0,2.0,0.0,False,0.0,-0.0513634280863074,13.74571912,17.599344333870683,20.177885324018497,20.917452733546583
P53721,6T0B,"Respiratory supercomplex factor 2, mitochondrial",2.8,EM,True,,7839,2.0,32.0,30.0,True,0.0,0.0021261705577405,77.222148705,49.0832466155068,48.83025545562414,49.57879926456096
E9P977,7BTX,Mitochondrial outer membrane beta-barrel protein,2.8,EM,True,,1268,2.0,2.0,0.0,False,0.051,0.0241560691726642,26.388859599999996,30.2610141432052,28.58076810066421,28.982468659167097
P54289,7VFS,Voltage-dependent calcium channel subunit alpha-2/delta-1,2.8,EM,True,,2385,1.0,1.0,0.0,False,0.0,-0.0065686554593101,43.97964929,37.908784846866624,38.4986308881464,37.41544755833201
P54317,2OXE,Pancreatic lipase-related protein 2,2.8,X-ray,False,no_TM_span,432,0.0,,,,,,,,,
P41143,6PT2,Delta opioid receptor,2.8,X-ray,True,,401,1.0,1.0,0.0,False,0.0,0.0520120031980487,5.053086740000001,13.222942630693058,11.63980649266607,12.68245822025928
A0A7M4DUG1,6ZKF,"Mitochondrial complex I, MNLL subunit",2.8,EM,True,,8158,1.0,20.0,19.0,True,0.0,-0.003580399489474,30.48987428,30.38594822971963,30.653646526927847,31.15321558334691
P0AFS7,7OT9,AI-2E member YdiK,2.8,EM,True,,1105,5.0,5.0,0.0,False,0.0,-0.0011237442979881,64.401878855,44.81775939445444,44.93986991293487,45.276654832658885
A0A6P3E975,6ZKF,"Mitochondrial complex I, B16.6 subunit",2.8,EM,True,,8158,1.0,20.0,19.0,True,0.0,-0.003580399489474,30.48987428,30.38594822971963,30.653646526927847,31.15321558334691
A0A6P3EDV0,6ZKF,"Mitochondrial complex I, KFYI subunit",2.8,EM,True,,8158,1.0,20.0,19.0,True,0.0,-0.003580399489474,30.48987428,30.38594822971963,30.653646526927847,31.15321558334691
A0A6P3TFB2,6ZKF,"Mitochondrial complex I, TYKY subunit",2.8,EM,True,,8158,1.0,20.0,19.0,True,0.0,-0.003580399489474,30.48987428,30.38594822971963,30.653646526927847,31.15321558334691
P05027,3WGU,Sodium/potassium-transporting ATPase subunit beta-1,2.8,X-ray,True,,1331,1.0,3.0,2.0,True,0.0,-0.0002378854836877,7.518200165,15.244386888013183,15.253218931295253,15.469704065780013
P05024,3WGU,Sodium/potassium-transporting ATPase subunit alpha-1,2.8,X-ray,True,,1331,1.0,3.0,2.0,True,0.0,-0.0002378854836877,7.518200165,15.244386888013183,15.253218931295253,15.469704065780013
P49238,7XBW,CX3C chemokine receptor 1,2.8,EM,True,,886,1.0,1.0,0.0,False,0.0,0.0168992840638874,5.018043304999999,12.324856225491,11.81226423718134,12.638404936066427
P01225,8I2G,Follitropin subunit beta,2.8,EM,True,,1543,1.0,1.0,0.0,False,0.0,0.0494835993203322,4.406392870000002,13.032634747685506,11.62613650154757,11.843134774757768
Q8ZQZ7,4N4R,LPS-assembly lipoprotein LptE,2.8,X-ray,True,,683,1.0,2.0,1.0,True,0.0,-0.0212801338806138,19.27277668,24.26627356382276,25.5312510784264,24.76835753831169
Q92316,8AGE,Dolichyl-diphosphooligosaccharide--protein glycosyltransferase subunit OST5,2.8,EM,True,,2100,1.0,8.0,7.0,True,0.0,-0.0252087284039646,11.085691959999998,17.179407889429246,18.31590581647932,18.784795303798663
P01042,7F6I,Kallidin,2.8,EM,True,,915,1.0,1.0,0.0,False,0.0,0.0267516877773258,4.871194870000001,12.662052995334587,11.862577338881993,12.452106185897891
P08191,3RFZ,Type 1 fimbrial adhesin,2.8,X-ray,True,,1258,1.0,2.0,1.0,True,0.0,-0.0335836742900847,17.56154299,22.838669812647577,24.74433170840979,23.64320779919393
Q8ZRW0,4N4R,LPS-assembly protein LptD,2.8,X-ray,True,,683,1.0,2.0,1.0,True,0.0,-0.0212801338806138,19.27277668,24.26627356382276,25.5312510784264,24.76835753831169
Q8VHW5,8AYN,Voltage-dependent calcium channel gamma-8 subunit,2.8,EM,True,,2012,4.0,6.0,2.0,True,0.006,-0.0452111312850582,16.90757619,21.044425924624257,23.56165277832976,23.198811721040087
Q9BY11,3QNI,Protein kinase C and casein kinase substrate in neurons protein 1,2.8,X-ray,False,no_TM_span,541,0.0,,,,,,,,,
A0A411LJN5,8ANQ,Bacteriorhodopsin,2.8,X-ray,True,,679,3.0,3.0,0.0,False,0.008,0.0264613790781696,19.32770184,25.448478231159054,23.87326667791026,24.803625889947305
P00427,6T0B,"Cytochrome c oxidase subunit 6, mitochondrial",2.8,EM,True,,7839,2.0,32.0,30.0,True,0.0,0.0021261705577405,77.222148705,49.0832466155068,48.83025545562414,49.57879926456096
P00425,6T0B,"Cytochrome c oxidase polypeptide 5B, mitochondrial",2.8,EM,True,,7839,2.0,32.0,30.0,True,0.0,0.0021261705577405,77.222148705,49.0832466155068,48.83025545562414,49.57879926456096
P39007,8AGE,Dolichyl-diphosphooligosaccharide--protein glycosyltransferase subunit STT3,2.8,EM,True,,2100,1.0,8.0,7.0,True,0.0,-0.0252087284039646,11.085691959999998,17.179407889429246,18.31590581647932,18.784795303798663
Q9C5I0,7YJO,ORMDL family protein,2.8,EM,True,,1107,1.0,3.0,2.0,True,0.0,-0.086479614423191,2.48774441,6.860467875985083,8.707408481536866,8.89872822374895
P50110,7BTX,Sorting assembly machinery 37 kDa subunit,2.8,EM,True,,1268,2.0,2.0,0.0,False,0.051,0.0241560691726642,26.388859599999996,30.2610141432052,28.58076810066421,28.982468659167097
Q8NNK3,7QHM,Cytochrome c oxidase polypeptide 4,2.8,EM,True,,5900,4.0,20.0,16.0,True,0.038,0.0508169172981173,71.99389589999998,51.39622787251936,45.55784651628378,47.87104428551426
Q8NSJ8,7QHM,Hypothetical membrane protein,2.8,EM,True,,5900,4.0,20.0,16.0,True,0.038,0.0508169172981173,71.99389589999998,51.39622787251936,45.55784651628378,47.87104428551426
Q8NP09,7QHM,Uncharacterized membrane protein Cgl2017/cg2211,2.8,EM,True,,5900,4.0,20.0,16.0,True,0.038,0.0508169172981173,71.99389589999998,51.39622787251936,45.55784651628378,47.87104428551426
Q8NNK5,7QHM,Cytochrome bc1 complex cytochrome c subunit,2.8,EM,True,,5900,4.0,20.0,16.0,True,0.038,0.0508169172981173,71.99389589999998,51.39622787251936,45.55784651628378,47.87104428551426
P54708,7X21,Potassium-transporting ATPase alpha chain 2,2.8,EM,True,,1263,1.0,2.0,1.0,True,0.0,-0.0014934915221404,7.882101485,15.04644536963464,15.103220753361104,15.83966800971358
P40879,7XUJ,Chloride anion exchanger,2.8,EM,True,,1406,2.0,2.0,0.0,False,0.0,-0.0606388328810224,34.425952060000014,25.058684477775262,29.876277609365363,33.10305255106731
Q9R744,2OLV,Penicillin-binding protein 2,2.8,X-ray,False,no_TM_span,617,0.0,,,,,,,,,
Q8NTD4,7QHM,Hypothetical membrane protein,2.8,EM,True,,5900,4.0,20.0,16.0,True,0.038,0.0508169172981173,71.99389589999998,51.39622787251936,45.55784651628378,47.87104428551426
Q9Y3M8,2PSO,StAR-related lipid transfer protein 13,2.8,X-ray,False,no_TM_span,195,0.0,,,,,,,,,
Q8NNK2,7QHM,Cytochrome c oxidase subunit 2,2.8,EM,True,,5900,4.0,20.0,16.0,True,0.038,0.0508169172981173,71.99389589999998,51.39622787251936,45.55784651628378,47.87104428551426
Q8NMB4,7QHM,Uncharacterized protein Cgl2664/cg2949,2.8,EM,True,,5900,4.0,20.0,16.0,True,0.038,0.0508169172981173,71.99389589999998,51.39622787251936,45.55784651628378,47.87104428551426
Q8IZF0,6XIW,Sodium leak channel non-selective protein,2.8,EM,True,,1400,1.0,1.0,0.0,False,0.0,-0.0034256681450522,46.06485295499999,37.83765165459303,38.1524746445317,38.29216382130827
P56726,6O3C,Smoothened homolog,2.8,X-ray,True,,606,1.0,1.0,0.0,False,0.0,0.0395930087648745,4.779104365,13.01824904666886,11.846247813228272,12.333840304153476
P41543,8AGE,Dolichyl-diphosphooligosaccharide--protein glycosyltransferase subunit 1,2.8,EM,True,,2100,1.0,8.0,7.0,True,0.0,-0.0252087284039646,11.085691959999998,17.179407889429246,18.31590581647932,18.784795303798663
P39524,6PSY,Probable phospholipid-transporting ATPase DRS2,2.8,EM,True,,1429,1.0,2.0,1.0,True,0.0,-0.0290229485381791,8.765994470000003,15.607700524106306,16.77123279563354,16.704199178749754
P00401,6T0B,Cytochrome c oxidase subunit 1,2.8,EM,True,,7839,2.0,32.0,30.0,True,0.0,0.0021261705577405,77.222148705,49.0832466155068,48.83025545562414,49.57879926456096
G0LFX8,4WAV,Bacteriorhodopsin-I,2.8,X-ray,True,,227,1.0,1.0,0.0,False,0.0,0.0045221332724694,4.368894419999999,11.170995061998124,11.043008186326684,11.792634504550705
P42461,7QHM,Thiamine biosynthesis protein X,2.8,EM,True,,5900,4.0,20.0,16.0,True,0.038,0.0508169172981173,71.99389589999998,51.39622787251936,45.55784651628378,47.87104428551426
P43116,7CX3,Prostaglandin E2 receptor EP2 subtype,2.8,EM,True,,1019,1.0,1.0,0.0,False,0.0,0.015545899100959,5.139651279999999,12.098556964599378,11.621336590570296,12.790628655234949
P48645,7W55,Neuromedin-U-25,2.8,EM,True,,1166,1.0,1.0,0.0,False,0.0,0.0287157734187652,4.994544544999999,12.35172777973106,11.48275780898124,12.608778313773394
P48439,8AGE,OST3 isoform 1,2.8,EM,True,,2100,1.0,8.0,7.0,True,0.0,-0.0252087284039646,11.085691959999998,17.179407889429246,18.31590581647932,18.784795303798663
A0A2K1KIF2,7KUX,PSI subunit V,2.8,EM,True,,3259,2.0,14.0,12.0,True,0.007,0.0427716332218085,37.49177491,37.22828400951278,33.68210920497262,34.54562577871531
A0A2K1JLZ3,7KUX,"Chlorophyll a-b binding protein, chloroplastic",2.8,EM,True,,3259,2.0,14.0,12.0,True,0.007,0.0427716332218085,37.49177491,37.22828400951278,33.68210920497262,34.54562577871531
P51681,7F1S,C-C chemokine receptor type 5,2.8,EM,True,,847,1.0,1.0,0.0,False,0.0,0.0139919522489135,5.247003094999999,12.347704650704964,11.91372408671066,12.923517160492525
P51686,5LWE,C-C chemokine receptor type 9,2.8,X-ray,True,,277,1.0,1.0,0.0,False,0.0,0.0435542642387068,4.993861005,12.677836652004018,11.359928294194257,12.60791548242302
A0A2K1JDR4,7KUX,PsaH,2.8,EM,True,,3259,2.0,14.0,12.0,True,0.007,0.0427716332218085,37.49177491,37.22828400951278,33.68210920497262,34.54562577871531
P07340,7X21,Sodium/potassium-transporting ATPase subunit beta-1,2.8,EM,True,,1263,1.0,2.0,1.0,True,0.0,-0.0014934915221404,7.882101485,15.04644536963464,15.103220753361104,15.83966800971358
Q00975,7VFS,Voltage-dependent N-type calcium channel subunit alpha-1B,2.8,EM,True,,2385,1.0,1.0,0.0,False,0.0,-0.0065686554593101,43.97964929,37.908784846866624,38.4986308881464,37.41544755833201
P97612,1MT5,Fatty-acid amide hydrolase,2.8,X-ray,False,no_TM_span,1074,0.0,,,,,,,,,
P00420,6T0B,Cytochrome c oxidase subunit 3,2.8,EM,True,,7839,2.0,32.0,30.0,True,0.0,0.0021261705577405,77.222148705,49.0832466155068,48.83025545562414,49.57879926456096
P00410,6T0B,Cytochrome c oxidase subunit 2,2.8,EM,True,,7839,2.0,32.0,30.0,True,0.0,0.0021261705577405,77.222148705,49.0832466155068,48.83025545562414,49.57879926456096
P07255,6T0B,Cytochrome c oxidase subunit 7A,2.8,EM,True,,7839,2.0,32.0,30.0,True,0.0,0.0021261705577405,77.222148705,49.0832466155068,48.83025545562414,49.57879926456096
A0A2K1JLW2,7KUX,PsaK,2.8,EM,True,,3259,2.0,14.0,12.0,True,0.007,0.0427716332218085,37.49177491,37.22828400951278,33.68210920497262,34.54562577871531
P30411,7F6I,Bradykinin receptor BK2R,2.8,EM,True,,915,1.0,1.0,0.0,False,0.0,0.0267516877773258,4.871194870000001,12.662052995334587,11.862577338881993,12.452106185897891
P30130,3RFZ,"Outer membrane usher protein, type 1 fimbrial synthesis",2.8,X-ray,True,,1258,1.0,2.0,1.0,True,0.0,-0.0335836742900847,17.56154299,22.838669812647577,24.74433170840979,23.64320779919393
Q72JD8,3DZM,Hypothetical conserved protein,2.801,X-ray,True,,209,1.0,1.0,0.0,False,0.0,-0.0255930456184077,2.26888615,7.451655305942166,7.973648244747149,8.498287428479218
O05111,1YEW,particulate methane monooxygenase subunit C2,2.801,X-ray,True,,2424,3.0,9.0,6.0,True,0.0,0.0112206576951746,33.39094826,32.564751206535654,31.68680279910101,32.60163943762559
Q8AWD0,4BUM,VOLTAGE-DEPENDENT ANION CHANNEL 2,2.801,X-ray,True,,284,1.0,1.0,0.0,False,0.0,0.0160630381504494,10.807000235,19.191570539992703,18.476553195751016,18.54716963525985
P0AC98,5ZUG,Succinate-acetate/proton symporter SatP,2.802,X-ray,True,,1090,6.0,6.0,0.0,False,0.003,0.0389104492414557,35.89680187,35.10809398724545,31.951414927294927,33.80282076632331
Q7K4Y6,6M2R,Sodium-dependent dopamine transporter,2.802,X-ray,True,,970,1.0,1.0,0.0,False,0.0,0.0573779278415732,11.350080415,20.540068867142107,17.92260536494659,19.00747959376919
P83793,4I7Z,Apocytochrome f,2.803,X-ray,True,,1646,2.0,16.0,14.0,True,0.0,-0.0028662546625951,3.084617395000001,4.413530781511849,4.481694257836303,9.908906155186813
P83792,4I7Z,Cytochrome b6-f complex subunit 4,2.803,X-ray,True,,1646,2.0,16.0,14.0,True,0.0,-0.0028662546625951,3.084617395000001,4.413530781511849,4.481694257836303,9.908906155186813
P83798,4I7Z,Cytochrome b6-f complex subunit 8,2.803,X-ray,True,,1646,2.0,16.0,14.0,True,0.0,-0.0028662546625951,3.084617395000001,4.413530781511849,4.481694257836303,9.908906155186813
P83797,4I7Z,Cytochrome b6-f complex subunit 5,2.803,X-ray,True,,1646,2.0,16.0,14.0,True,0.0,-0.0028662546625951,3.084617395000001,4.413530781511849,4.481694257836303,9.908906155186813
P83796,4I7Z,Cytochrome b6-f complex subunit 7,2.803,X-ray,True,,1646,2.0,16.0,14.0,True,0.0,-0.0028662546625951,3.084617395000001,4.413530781511849,4.481694257836303,9.908906155186813
P83794,4I7Z,Cytochrome b6-f complex iron-sulfur subunit,2.803,X-ray,True,,1646,2.0,16.0,14.0,True,0.0,-0.0028662546625951,3.084617395000001,4.413530781511849,4.481694257836303,9.908906155186813
P83791,4I7Z,Cytochrome b6,2.803,X-ray,True,,1646,2.0,16.0,14.0,True,0.0,-0.0028662546625951,3.084617395000001,4.413530781511849,4.481694257836303,9.908906155186813
P83795,4I7Z,Cytochrome b6-f complex subunit 6,2.803,X-ray,True,,1646,2.0,16.0,14.0,True,0.0,-0.0028662546625951,3.084617395000001,4.413530781511849,4.481694257836303,9.908906155186813
Q55415,6KI1,Low affinity sulfate transporter,2.809,X-ray,True,,385,1.0,1.0,0.0,False,0.0,0.0130209658867088,10.379175514999996,18.72809548539362,18.160079007592497,18.17634225266799
P69540,8B3P,Capsid protein G8P,2.81,EM,True,,2370,10.0,10.0,0.0,False,0.0,0.064706863512845,16.024197840000003,22.523255390504733,19.015940140304103,22.584642106167955
P69534,8B3P,Tail virion protein G7P,2.81,EM,True,,2370,10.0,10.0,0.0,False,0.0,0.064706863512845,16.024197840000003,22.523255390504733,19.015940140304103,22.584642106167955
Q99969,7YKD,Retinoic acid receptor responder protein 2,2.81,EM,True,,1133,1.0,1.0,0.0,False,0.0,0.0092074313408465,4.901161375000001,11.975666643713891,11.699656975178325,12.49034875191498
G0SBE6,7PR1,Putative iron-sulfur protein,2.81,EM,True,,1174,2.0,2.0,0.0,False,0.0,-0.0438056940916589,10.13655043,16.399624872779814,18.288103021635774,17.962639599094434
P69537,8B3P,Tail virion protein G9P,2.81,EM,True,,2370,10.0,10.0,0.0,False,0.0,0.064706863512845,16.024197840000003,22.523255390504733,19.015940140304103,22.584642106167955
A0R612,7BVE,Integral membrane indolylacetylinositol arabinosyltransferase EmbC,2.81,EM,True,,2238,2.0,2.0,0.0,False,0.0,0.0044594993478939,36.715701745,34.72744445501686,34.36155631975156,34.18621190422969
P06858,6OB0,Lipoprotein lipase,2.81,X-ray,False,no_TM_span,527,0.0,,,,,,,,,
Q8IV16,6OB0,Glycosylphosphatidylinositol-anchored high density lipoprotein-binding protein 1,2.81,X-ray,False,no_TM_span,527,0.0,,,,,,,,,
Q99788,7YKD,Chemerin-like receptor 1,2.81,EM,True,,1133,1.0,1.0,0.0,False,0.0,0.0092074313408465,4.901161375000001,11.975666643713891,11.699656975178325,12.49034875191498
A0A0G2KTI4,8FHQ,"Solute carrier family 12 member 2,Solute carrier family 12 member 3 chimera",2.81,EM,True,,950,2.0,2.0,0.0,False,0.0,0.0185246962064845,27.155162285000007,29.546124249891317,28.23900984370406,29.40026635294435
W9B4M6,8FFK,Efflux pump membrane transporter,2.82,EM,True,,3098,3.0,3.0,0.0,False,0.0,-0.0057231452510124,47.33844184,38.19529980796778,38.72848496767164,38.81790055400781
H8Z3S4,7C9R,Antenna complex alpha/beta subunit,2.82,EM,True,,3026,3.0,35.0,32.0,True,0.092,0.1109015333965802,15.254167355000002,25.00146854060619,19.13646728028862,22.03531772995013
H8Z3S2,7C9R,Photosynthetic reaction center cytochrome c subunit,2.82,EM,True,,3026,3.0,35.0,32.0,True,0.092,0.1109015333965802,15.254167355000002,25.00146854060619,19.13646728028862,22.03531772995013
H8Z3R9,7C9R,LHC domain-containing protein,2.82,EM,True,,3026,3.0,35.0,32.0,True,0.092,0.1109015333965802,15.254167355000002,25.00146854060619,19.13646728028862,22.03531772995013
G1BIY5,7C9R,Alpha subunit 1 of light-harvesting 1 complex,2.82,EM,True,,3026,3.0,35.0,32.0,True,0.092,0.1109015333965802,15.254167355000002,25.00146854060619,19.13646728028862,22.03531772995013
O87953,7ZP9,Ktr system potassium uptake protein B,2.82,EM,True,,2806,2.0,2.0,0.0,False,0.0,0.0872438248223007,24.932592400000004,29.86988520915164,23.971206778655567,28.17142284143782
O87952,7ZP9,Ktr system potassium uptake protein A,2.82,EM,True,,2806,2.0,2.0,0.0,False,0.0,0.0872438248223007,24.932592400000004,29.86988520915164,23.971206778655567,28.17142284143782
G1BIY4,7C9R,Antenna complex alpha/beta subunit,2.82,EM,True,,3026,3.0,35.0,32.0,True,0.092,0.1109015333965802,15.254167355000002,25.00146854060619,19.13646728028862,22.03531772995013
H8Z0X5,7C9R,"Photosynthetic reaction center, subunit H, bacterial",2.82,EM,True,,3026,3.0,35.0,32.0,True,0.092,0.1109015333965802,15.254167355000002,25.00146854060619,19.13646728028862,22.03531772995013
G1BIY9,7C9R,Antenna complex alpha/beta subunit,2.82,EM,True,,3026,3.0,35.0,32.0,True,0.092,0.1109015333965802,15.254167355000002,25.00146854060619,19.13646728028862,22.03531772995013
G1BIY7,7C9R,Reaction center protein M chain,2.82,EM,True,,3026,3.0,35.0,32.0,True,0.092,0.1109015333965802,15.254167355000002,25.00146854060619,19.13646728028862,22.03531772995013
G1BIY6,7C9R,L subunit of the reaction center,2.82,EM,True,,3026,3.0,35.0,32.0,True,0.092,0.1109015333965802,15.254167355000002,25.00146854060619,19.13646728028862,22.03531772995013
G1BIZ0,7C9R,Alpha subunit 2 of light-harvesting 1 complex,2.82,EM,True,,3026,3.0,35.0,32.0,True,0.092,0.1109015333965802,15.254167355000002,25.00146854060619,19.13646728028862,22.03531772995013
F1QAI2,8DE8,"Potassium channel, subfamily K, member 2a",2.82,EM,True,,552,2.0,2.0,0.0,False,0.0,0.0255477977767007,11.221677675000002,19.856634017915773,18.697806844978103,18.89965857765805
P69434,4Y25,"Poly-beta-1,6-N-acetyl-D-glucosamine export protein",2.821,X-ray,True,,290,1.0,1.0,0.0,False,0.0,-0.0145386111811661,7.687474464999997,15.13443301387906,15.680255056636804,15.642886952205934
Q5ZSD5,4FYG,"SidF, inhibitor of growth family, member 3",2.822,X-ray,False,no_TM_span,743,0.0,,,,,,,,,
Q9NV96,6K7L,Cell cycle control protein 50A,2.83,EM,True,,1317,1.0,2.0,1.0,True,0.0,-0.0250061721873085,8.273665145,15.397892742207254,16.371833392257855,16.22833759393656
Q92633,7TD0,Lysophosphatidic acid receptor 1,2.83,EM,True,,903,1.0,1.0,0.0,False,0.0,0.0138144620803041,4.416930745000001,11.691426974803829,11.298302050728177,11.857287728324028
Q5T601,7WZ7,Adhesion G-protein coupled receptor F1,2.83,EM,True,,1108,1.0,1.0,0.0,False,0.0,0.0155340140337093,4.308819779999999,12.435926252006384,11.999310737779185,11.711276334192895
Q80TS3,7WY8,Isoform 3 of Adhesion G protein-coupled receptor L3,2.83,EM,True,,1015,1.0,1.0,0.0,False,0.0,0.0485224867673136,4.784623024999998,13.319028744441916,11.881875040309168,12.34095948668536
D0C8V9,5FR8,TONB-DEPENDENT SIDEROPHORE RECEPTOR,2.83,X-ray,True,,707,1.0,1.0,0.0,False,0.0,-0.0113285348942969,14.48368812,21.13866734488231,21.722447912307057,21.471611762973737
Q9Y2Q0,6K7L,Phospholipid-transporting ATPase,2.83,EM,True,,1317,1.0,2.0,1.0,True,0.0,-0.0250061721873085,8.273665145,15.397892742207254,16.371833392257855,16.22833759393656
R1DBK9,7X5V,ion channel,2.83,EM,True,,1176,4.0,4.0,0.0,False,0.0,0.0150790587165969,47.03517670000001,39.916597361633485,38.51629465699874,38.69336085430094
Q96RD7,6WBN,Pannexin-1,2.83,EM,True,,4774,7.0,7.0,0.0,False,0.0,0.026819662278428,40.95549633999999,36.263632170664266,33.93958088849071,36.10614820025262
P61012,4KYT,Cardiac phospholamban,2.833,X-ray,True,,1019,1.0,2.0,1.0,True,0.0,-0.0087115286231593,8.669635145000003,16.232731860342085,16.5800528930999,16.61213585382669
Q9JHF9,2Z64,Lymphocyte antigen 96,2.84,X-ray,False,no_TM_span,135,0.0,,,,,,,,,
P28335,8DPF,5-hydroxytryptamine receptor 2C,2.84,EM,True,,1093,1.0,1.0,0.0,False,0.0,0.0051882751780708,4.81257917,11.756029965800254,11.601913780351062,12.376960563293324
Q9Y210,6UZ8,Short transient receptor potential channel 6,2.84,EM,True,,2940,4.0,4.0,0.0,False,0.0,-0.0594432066556733,43.98443315499999,37.95080301160403,43.28891934860631,37.4174824265698
A0QT08,6LUM,Succinate dehydrogenase subunit A,2.84,EM,True,,3178,5.0,9.0,4.0,True,0.076,0.0311486218194728,29.076470105,31.073093265859995,28.79880253040553,30.422570387376773
P13352,7DZ7,"Photosystem I reaction center subunit VI, chloroplastic",2.84,EM,True,,5998,2.0,26.0,24.0,True,0.005,0.0640975623319212,36.84577138999999,39.01468325625698,33.74636933383214,34.246712685314584
P92941,7XA9,Chloride channel protein CLC-a,2.84,EM,True,,1404,2.0,2.0,0.0,False,0.0,0.0117131900941853,25.6822619,28.61944234769246,27.81567912208506,28.59181327291311
Q2FFA3,5K59,Uncharacterized leukocidin-like protein 1,2.84,X-ray,False,no_TM_span,568,0.0,,,,,,,,,
D0FXW7,6SL5,Photosystem I iron-sulfur center,2.84,EM,True,,3745,2.0,16.0,14.0,True,0.004,0.034776804226479,39.376658775,37.46351784906064,34.508600029877684,35.403361101692326
A0A2T4JIR4,7DDQ,Antenna pigment protein alpha chain,2.84,EM,True,,2354,3.0,34.0,31.0,True,0.081,0.1172322563738556,14.651422520000004,25.059317033387167,18.98323923845159,21.595584351371063
D0FXZ0,6SL5,Photosystem I P700 chlorophyll a apoprotein A2,2.84,EM,True,,3745,2.0,16.0,14.0,True,0.004,0.034776804226479,39.376658775,37.46351784906064,34.508600029877684,35.403361101692326
P34972,8GUR,Cannabinoid receptor 2,2.84,EM,True,,1139,1.0,1.0,0.0,False,0.0,0.0217019783291018,4.7413241,12.498622816418582,11.858762093393132,12.284992204439789
A0A2T4JIN0,7DDQ,Reaction center protein M chain,2.84,EM,True,,2354,3.0,34.0,31.0,True,0.081,0.1172322563738556,14.651422520000004,25.059317033387167,18.98323923845159,21.595584351371063
Q9QUK6,2Z64,Toll-like receptor 4,2.84,X-ray,False,no_TM_span,135,0.0,,,,,,,,,
A0R4D1,6LUM,Succinate dehydrogenase subunit F,2.84,EM,True,,3178,5.0,9.0,4.0,True,0.076,0.0311486218194728,29.076470105,31.073093265859995,28.79880253040553,30.422570387376773
A0A8X6EH36,7W74,Bacteriorhodopsin-like protein,2.84,X-ray,True,,226,1.0,1.0,0.0,False,0.0,0.0113329184069614,4.382199334999999,11.367761287197268,11.046525344737711,11.810577342190063
A0QT10,6LUM,Succinate dehydrogenase subunit C,2.84,EM,True,,3178,5.0,9.0,4.0,True,0.076,0.0311486218194728,29.076470105,31.073093265859995,28.79880253040553,30.422570387376773
A0QT09,6LUM,Succinate dehydrogenase subunit D,2.84,EM,True,,3178,5.0,9.0,4.0,True,0.076,0.0311486218194728,29.076470105,31.073093265859995,28.79880253040553,30.422570387376773
D0FXW0,6SL5,Photosystem I reaction center subunit IX,2.84,EM,True,,3745,2.0,16.0,14.0,True,0.004,0.034776804226479,39.376658775,37.46351784906064,34.508600029877684,35.403361101692326
Q9ZSJ4,7DZ7,"Chlorophyll a-b binding protein, chloroplastic",2.84,EM,True,,5998,2.0,26.0,24.0,True,0.005,0.0640975623319212,36.84577138999999,39.01468325625698,33.74636933383214,34.246712685314584
A0A2T4JIS6,7DDQ,Photosynthetic reaction center L subunit,2.84,EM,True,,2354,3.0,34.0,31.0,True,0.081,0.1172322563738556,14.651422520000004,25.059317033387167,18.98323923845159,21.595584351371063
A0A2T4JIP3,7DDQ,PufX,2.84,EM,True,,2354,3.0,34.0,31.0,True,0.081,0.1172322563738556,14.651422520000004,25.059317033387167,18.98323923845159,21.595584351371063
A0A2T4JIL7,7DDQ,Antenna pigment protein beta chain,2.84,EM,True,,2354,3.0,34.0,31.0,True,0.081,0.1172322563738556,14.651422520000004,25.059317033387167,18.98323923845159,21.595584351371063
A0A2T4JIP4,7DDQ,Photosynthetic reaction center subunit H,2.84,EM,True,,2354,3.0,34.0,31.0,True,0.081,0.1172322563738556,14.651422520000004,25.059317033387167,18.98323923845159,21.595584351371063
D0FXV2,6SL5,Photosystem I P700 chlorophyll a apoprotein A1,2.84,EM,True,,3745,2.0,16.0,14.0,True,0.004,0.034776804226479,39.376658775,37.46351784906064,34.508600029877684,35.403361101692326
P23895,7MH6,Multidrug transporter EmrE,2.85,X-ray,True,,385,2.0,2.0,0.0,False,0.0,-0.0371822905792217,5.975113015000001,12.390688868015454,13.621369902600575,13.79107517106602
Q16A03,4XYD,NorC-like protein,2.85,X-ray,True,,593,1.0,2.0,1.0,True,0.0,0.0321192829388849,10.32582965,18.110777029918765,16.71323581515627,18.129571590759426
Q9KP75,6MJP,FIG000988: Predicted permease,2.85,X-ray,True,,1351,2.0,3.0,1.0,True,0.019,0.0630244981383276,13.040151110000004,22.058205446010017,18.97652918078489,20.3735343415018
Q0VNY2,7PGG,Ion transport protein,2.85,X-ray,True,,602,2.0,2.0,0.0,False,0.003,-0.0152043018844942,37.10298500999999,35.0566241671097,36.31065211305032,34.36603982947699
Q9KP51,6MJP,Lipopolysaccharide export system protein LptC,2.85,X-ray,True,,1351,2.0,3.0,1.0,True,0.019,0.0630244981383276,13.040151110000004,22.058205446010017,18.97652918078489,20.3735343415018
Q16A04,4XYD,Nitric-oxide reductase subunit B,2.85,X-ray,True,,593,1.0,2.0,1.0,True,0.0,0.0321192829388849,10.32582965,18.110777029918765,16.71323581515627,18.129571590759426
A0A0H2ZPI2,7KYO,"Manganese ABC transporter, permease protein",2.85,X-ray,True,,1852,2.0,2.0,0.0,False,0.0,-0.0349511897351135,15.782880184999996,20.34657771549771,22.22672295253189,22.413939402389207
Q8I2Q0,6TLB,Serine/threonine protein kinase,2.85,Multiple methods,False,no_TM_span,370,0.0,,,,,,,,,
D6R8X8,2JLN,MHP1,2.85,X-ray,True,,463,1.0,1.0,0.0,False,0.0,0.0197356681845275,10.924371170000002,18.22125128087624,17.337995753634186,18.647614710069984
Q8BHY3,7ZK3,Anoctamin-1,2.85,EM,True,,1448,2.0,2.0,0.0,False,0.0,-0.0152400367559142,26.083270915000003,27.301161999271137,28.35507156388009,28.81416838337457
Q9NRK6,4AYT,ATP-BINDING CASSETTE SUB-FAMILY B MEMBER 10 MITOCHONDRIAL,2.85,X-ray,True,,1132,2.0,2.0,0.0,False,0.0,-0.0379138156379514,13.81962466,18.3347412540748,20.243196250263672,20.97360997212284
Q9KP76,6MJP,LPS export ABC transporter permease LptG,2.85,X-ray,True,,1351,2.0,3.0,1.0,True,0.019,0.0630244981383276,13.040151110000004,22.058205446010017,18.97652918078489,20.3735343415018
O30650,6MJP,ABC transporter ATP-binding protein,2.85,X-ray,True,,1351,2.0,3.0,1.0,True,0.019,0.0630244981383276,13.040151110000004,22.058205446010017,18.97652918078489,20.3735343415018
Q1I8U1,4MJT,Monalysin,2.85,X-ray,False,no_TM_span,2203,0.0,,,,,,,,,
U3N7D8,7B0J,Transient receptor potential cation channel subfamily c member 4a,2.85,EM,True,,2732,4.0,4.0,0.0,False,0.0,-0.1128265607206715,43.709184125,37.648934042969,47.74922780426166,37.30022174735038
P33302,7P04,Pleiotropic ABC efflux transporter of multiple drugs,2.85,EM,True,,1353,1.0,1.0,0.0,False,0.0,-0.0002959052006986,11.444333495,19.04493146675348,19.058485987168787,19.08623716776776
A0A0H3FYJ7,5O78,Phosphoporin PhoE,2.85,X-ray,True,,993,3.0,3.0,0.0,False,0.0,-0.0119350277637426,33.825598895,32.26256579663616,33.20246760747404,32.81314147466836
P36544,7EKP,Neuronal acetylcholine receptor subunit alpha-7,2.85,EM,True,,1985,5.0,5.0,0.0,False,0.0,0.0586069724838959,20.96797460500001,27.241210202065627,23.607386665608143,25.83469297286532
P55017,7Y6I,Solute carrier family 12 member 3,2.85,EM,True,,938,2.0,2.0,0.0,False,0.0,0.0050567647151888,25.14458997,27.6378346495764,27.294489172067927,28.290937721271774
Q6DCU6,7W2G,Sigma non-opioid intracellular receptor 1,2.851,X-ray,True,,644,1.0,1.0,0.0,False,0.0,-0.1949489802551959,0.2854715100000004,1.6407029356180922,3.05109111453945,3.014438651835777
Q55996,3HVN,Hemolysin,2.852,X-ray,False,no_TM_span,466,0.0,,,,,,,,,
O14521,8GS8,"Succinate dehydrogenase [ubiquinone] cytochrome b small subunit, mitochondrial",2.86,EM,True,,1090,1.0,2.0,1.0,True,0.0,0.0371309890668617,1.8296746999999995,7.838601054167222,7.158521427777863,7.6315368407049
Q2FD94,7M4P,Efflux pump membrane transporter,2.86,EM,True,,3142,3.0,3.0,0.0,False,0.001,-0.0173282163289481,49.54858921,38.29529279810856,39.94689636905447,39.713732879197465
P01189,7PIV,NDP-alpha-MSH (other names Afamelanotide; Scenesse),2.86,EM,True,,998,1.0,1.0,0.0,False,0.0,0.0136126702225317,4.810433365,12.1972622631389,11.792992062107048,12.374200971811712
Q5L1G5,5OQT,Amino acid transporter,2.86,X-ray,True,,484,1.0,2.0,1.0,True,0.0,-0.032820699081104,10.953644,16.992550973832515,18.46338423934578,18.672581971804973
P04635,2HIH,Lipase 46 kDa form,2.86,X-ray,False,no_TM_span,388,0.0,,,,,,,,,
Q99643,8GS8,"Succinate dehydrogenase cytochrome b560 subunit, mitochondrial",2.86,EM,True,,1090,1.0,2.0,1.0,True,0.0,0.0371309890668617,1.8296746999999995,7.838601054167222,7.158521427777863,7.6315368407049
A5A616,5OQT,Uncharacterized protein YneM,2.86,X-ray,True,,484,1.0,2.0,1.0,True,0.0,-0.032820699081104,10.953644,16.992550973832515,18.46338423934578,18.672581971804973
P31040,8GS8,"Succinate dehydrogenase [ubiquinone] flavoprotein subunit, mitochondrial",2.86,EM,True,,1090,1.0,2.0,1.0,True,0.0,0.0371309890668617,1.8296746999999995,7.838601054167222,7.158521427777863,7.6315368407049
P0ABL8,7F04,Heme exporter protein B,2.86,EM,True,,1130,3.0,4.0,1.0,True,0.023,0.0121702682521975,17.578191549999996,23.647322398860368,22.956409099331903,23.65441217108844
P0ABM1,7F04,Heme exporter protein C,2.86,EM,True,,1130,3.0,4.0,1.0,True,0.023,0.0121702682521975,17.578191549999996,23.647322398860368,22.956409099331903,23.65441217108844
P21912,8GS8,"Succinate dehydrogenase [ubiquinone] iron-sulfur subunit, mitochondrial",2.86,EM,True,,1090,1.0,2.0,1.0,True,0.0,0.0371309890668617,1.8296746999999995,7.838601054167222,7.158521427777863,7.6315368407049
P33931,7F04,Cytochrome c biogenesis ATP-binding export protein CcmA,2.86,EM,True,,1130,3.0,4.0,1.0,True,0.023,0.0121702682521975,17.578191549999996,23.647322398860368,22.956409099331903,23.65441217108844
Q5FKK5,6WTW,DASS family sodium-coupled anion symporter,2.86,X-ray,True,,978,2.0,2.0,0.0,False,0.0,0.0386229958775151,30.749282845000003,32.35420611909412,29.454194360766454,31.285461036438537
Q16581,8IA8,C3a anaphylatoxin chemotactic receptor,2.86,EM,True,,1136,1.0,1.0,0.0,False,0.0,0.0246588736511884,4.959967895000001,12.253215882927606,11.50959945877752,12.565057962988892
P0ABM5,7F04,Heme exporter protein D,2.86,EM,True,,1130,3.0,4.0,1.0,True,0.023,0.0121702682521975,17.578191549999996,23.647322398860368,22.956409099331903,23.65441217108844
P78348,6L6N,Acid-sensing ion channel 1,2.86,X-ray,True,,1209,2.0,2.0,0.0,False,0.002,0.061757069372501,3.5303897049999997,9.67991981689126,8.108709550671552,10.600744998267698
P63213,7PIV,Guanine nucleotide-binding protein G(I)/G(S)/G(O) subunit gamma-2,2.86,EM,True,,998,1.0,1.0,0.0,False,0.0,0.0136126702225317,4.810433365,12.1972622631389,11.792992062107048,12.374200971811712
P33261,4GQS,Cytochrome P450 2C19,2.87,X-ray,False,no_TM_span,464,0.0,,,,,,,,,
P04124,6ET5,Light-harvesting protein B-1015 beta chain,2.87,EM,True,,3508,2.0,53.0,51.0,True,0.084,0.1504352306564642,12.0563267,23.737555869299644,16.664723493125337,19.58991572128782
P04123,6ET5,Light-harvesting protein B-1015 alpha chain,2.87,EM,True,,3508,2.0,53.0,51.0,True,0.084,0.1504352306564642,12.0563267,23.737555869299644,16.664723493125337,19.58991572128782
P29275,8HDO,Adenosine A2b receptor,2.87,EM,True,,1028,1.0,1.0,0.0,False,0.0,-0.0034776301547799,5.344399634999999,11.927154115792549,12.036014324143949,13.042910869654603
Q14973,7ZYI,Sodium/bile acid cotransporter,2.88,EM,True,,854,1.0,1.0,0.0,False,0.0,0.0368827304726592,7.548367185,15.588818021395191,14.216717658318998,15.500709337094255
P69332,4XT1,G-protein coupled receptor homolog US28,2.886,X-ray,True,,475,1.0,1.0,0.0,False,0.0,0.0405878084169251,4.96317323,12.707530170904048,11.483163147578315,12.569117335563927
P78423,4XT1,Fractalkine,2.886,X-ray,True,,475,1.0,1.0,0.0,False,0.0,0.0405878084169251,4.96317323,12.707530170904048,11.483163147578315,12.569117335563927
P04920,8GVC,Anion exchange protein 2,2.89,EM,True,,1022,2.0,2.0,0.0,False,0.0,-0.011008370006679,33.654590254999995,32.08932607311735,32.95405796718905,32.7300913436415
P22001,7SSY,"Potassium voltage-gated channel subfamily A member 3,Green fluorescent protein fusion",2.89,EM,True,,1384,4.0,4.0,0.0,False,0.0,0.0236264730633171,48.06950257500001,40.00773091608443,37.78968764293367,39.11648999278909
Q72GS0,4O9P,NAD(P) transhydrogenase subunit beta,2.89,X-ray,True,,707,2.0,4.0,2.0,True,0.008,-0.0319927594665544,25.568400875,26.09296791092732,28.283450419452127,28.52836268071265
Q72GR9,4O9P,NAD(P) transhydrogenase subunit alpha 2,2.89,X-ray,True,,707,2.0,4.0,2.0,True,0.008,-0.0319927594665544,25.568400875,26.09296791092732,28.283450419452127,28.52836268071265
Q9LFP6,7QP9,Auxin efflux carrier component 8,2.89,EM,True,,654,2.0,2.0,0.0,False,0.0,0.0369257399484701,20.47685779,26.74110867853106,24.478563972487944,25.530347182395637
Q9QX29,6AEI,Short transient receptor potential channel 5,2.89,EM,True,,2568,4.0,4.0,0.0,False,0.0,-0.0462876831188764,44.24175438,38.17732755448217,42.34619339026395,37.52677417693802
P77239,3NE5,Cation efflux system protein cusB,2.898,X-ray,True,,5022,3.0,3.0,0.0,False,0.0,-0.0133356608429762,53.79778720000001,39.78516157787151,41.10960391072932,41.38159919646871
P03961,5MRW,Potassium-transporting ATPase KdpC subunit,2.9,X-ray,True,,1445,2.0,4.0,2.0,True,0.095,0.0657642128244336,21.9592826,28.236044152099872,24.06317270785876,26.43833721148835
P03960,5MRW,Potassium-transporting ATPase ATP-binding subunit,2.9,X-ray,True,,1445,2.0,4.0,2.0,True,0.095,0.0657642128244336,21.9592826,28.236044152099872,24.06317270785876,26.43833721148835
P03959,5MRW,Potassium-transporting ATPase potassium-binding subunit,2.9,X-ray,True,,1445,2.0,4.0,2.0,True,0.095,0.0657642128244336,21.9592826,28.236044152099872,24.06317270785876,26.43833721148835
P47008,6W32,Phosphatidylinositol transfer protein SFH5,2.9,X-ray,False,no_TM_span,288,0.0,,,,,,,,,
W5PFI3,6QTI,Nicotinamide nucleotide transhydrogenase,2.9,EM,True,,2076,2.0,2.0,0.0,False,0.0,-0.0435851549429751,29.93472134499999,28.33506550469836,31.564024347854748,30.868297238866997
Q3IY11,8ASI,Cytochrome c1,2.9,EM,True,,1789,2.0,8.0,6.0,True,0.001,0.1063267568510808,23.759959655000007,33.22876429266708,26.210952415185293,27.500963716776383
E7F2J4,7DSD,Calcium homeostasis modulator 1,2.9,EM,True,,1351,7.0,7.0,0.0,False,0.0,-0.0298303870995075,37.070946430000006,32.718649372695964,35.17795232629786,34.35119901671367
E9Q9F6,7EEB,Cation channel sperm-associated protein subunit delta,2.9,EM,True,,6003,3.0,12.0,9.0,True,0.062,-0.030883852741532,35.513362189999995,30.363063344168086,32.8551530640767,33.621799887428146
P01024,8HK2,C3a anaphylatoxin,2.9,EM,True,,1214,1.0,1.0,0.0,False,0.0,0.0292025234728541,4.847644715,12.529356173176325,11.658749326089872,12.421969398976575
P01031,7Y64,C5a anaphylatoxin,2.9,EM,True,,1218,1.0,1.0,0.0,False,0.0,0.0209118262608485,5.37980245,12.722982707091472,12.066215542915156,13.086039529020146
A0A143ZWD5,7F9M,Rifin,2.9,X-ray,False,no_TM_span,257,0.0,,,,,,,,,
A0A125YYY4,6TMK,ATP synthase subunit beta,2.9,EM,True,,16596,3.0,32.0,29.0,True,0.082,0.0029277727293564,12.405365525,19.468976199385292,19.32934629222166,19.871463177962188
P05106,3IJE,Integrin beta-3,2.9,X-ray,False,no_TM_span,1639,0.0,,,,,,,,,
Q3IY10,8ASI,Cytochrome b,2.9,EM,True,,1789,2.0,8.0,6.0,True,0.001,0.1063267568510808,23.759959655000007,33.22876429266708,26.210952415185293,27.500963716776383
Q31LJ0,6KIG,Photosystem I P700 chlorophyll a apoprotein A1,2.9,EM,True,,12888,6.0,42.0,36.0,True,0.012,0.0393789680088514,190.66756917000004,84.5342188010098,77.17148581532157,77.90466753760184
P18089,6K41,"Alpha-2A adrenergic receptor,Endolysin,Alpha-2B adrenergic receptor,Alpha-2B adrenergic receptor",2.9,EM,True,,844,1.0,1.0,0.0,False,0.0,0.0437603786361674,5.013634884999999,12.725512971109248,11.398748820788828,12.632852210057049
Q31NU0,6KIG,Photosystem I reaction center subunit IX,2.9,EM,True,,12888,6.0,42.0,36.0,True,0.012,0.0393789680088514,190.66756917000004,84.5342188010098,77.17148581532157,77.90466753760184
P01019,6OS0,Angiotensinogen,2.9,X-ray,True,,529,1.0,1.0,0.0,False,0.0,0.0204705218836816,5.076881610000002,12.331191957893,11.706646954390392,12.71228385243061
P08004,7XS6,Chitin synthase 1,2.9,EM,True,,1458,2.0,2.0,0.0,False,0.0,-0.0738589010552226,12.924348315,16.23082212392079,19.82619115932161,20.28286922786645
Q31QV2,6KIG,Photosystem I iron-sulfur center,2.9,EM,True,,12888,6.0,42.0,36.0,True,0.012,0.0393789680088514,190.66756917000004,84.5342188010098,77.17148581532157,77.90466753760184
Q31PR9,6KIG,Photosystem I reaction center subunit PsaK,2.9,EM,True,,12888,6.0,42.0,36.0,True,0.012,0.0393789680088514,190.66756917000004,84.5342188010098,77.17148581532157,77.90466753760184
Q51971,6Z38,TodX,2.9,X-ray,True,,414,1.0,1.0,0.0,False,0.0,-0.0043459421612324,5.559767805,12.915564421140523,13.054319399702797,13.303116391349262
Q31LJ1,6KIG,Photosystem I P700 chlorophyll a apoprotein A2,2.9,EM,True,,12888,6.0,42.0,36.0,True,0.012,0.0393789680088514,190.66756917000004,84.5342188010098,77.17148581532157,77.90466753760184
Q3IY09,8ASI,Ubiquinol-cytochrome c reductase iron-sulfur subunit,2.9,EM,True,,1789,2.0,8.0,6.0,True,0.001,0.1063267568510808,23.759959655000007,33.22876429266708,26.210952415185293,27.500963716776383
P08195,7CMI,4F2 cell-surface antigen heavy chain,2.9,EM,True,,928,2.0,2.0,0.0,False,0.011,-0.0294647795866463,14.164065205000002,19.990351631844845,21.491879720147367,21.23337463358884
P08510,7SJ1,Potassium voltage-gated channel protein Shaker,2.9,EM,True,,784,4.0,4.0,0.0,False,0.0,-0.0097721549046295,45.68851994999999,37.80439329823848,38.69879000779356,38.13542655483264
Q8VEF1,6GQF,GRAM domain-containing protein 1A,2.9,X-ray,False,no_TM_span,168,0.0,,,,,,,,,
A2ARP9,7EEB,Cation channel sperm-associated protein 2,2.9,EM,True,,6003,3.0,12.0,9.0,True,0.062,-0.030883852741532,35.513362189999995,30.363063344168086,32.8551530640767,33.621799887428146
A2RTF1,7EEB,Cation channel sperm-associated protein subunit beta,2.9,EM,True,,6003,3.0,12.0,9.0,True,0.062,-0.030883852741532,35.513362189999995,30.363063344168086,32.8551530640767,33.621799887428146
Q3J2Z2,8ASI,Cytochrome b-c1 subunit IV,2.9,EM,True,,1789,2.0,8.0,6.0,True,0.001,0.1063267568510808,23.759959655000007,33.22876429266708,26.210952415185293,27.500963716776383
Q31NL7,6KIG,Photosystem I reaction center subunit IV,2.9,EM,True,,12888,6.0,42.0,36.0,True,0.012,0.0393789680088514,190.66756917000004,84.5342188010098,77.17148581532157,77.90466753760184
Q31NT9,6KIG,Photosystem I reaction center subunit III,2.9,EM,True,,12888,6.0,42.0,36.0,True,0.012,0.0393789680088514,190.66756917000004,84.5342188010098,77.17148581532157,77.90466753760184
A0R613,7BVC,Integral membrane indolylacetylinositol arabinosyltransferase EmbA,2.9,EM,True,,2233,2.0,2.0,0.0,False,0.007,0.019267732852712,36.12375235,34.90458696227988,33.336524531471355,33.90950825219962
Q8TZK2,3MP7,Preprotein translocase subunit secE,2.9,X-ray,True,,441,1.0,2.0,1.0,True,0.0,0.069997959681805,9.444070245,19.351881966260045,16.439144843002033,17.33822633604047
A0ZW40,6RD4,ATP synthase subunit alpha,2.9,EM,True,,14206,24.0,24.0,0.0,False,0.055,0.035351698982231,64.239843935,46.19920312050942,42.36258269533317,45.21966100206228
Q9HAR2,7SF7,Isoform 1 of Adhesion G protein-coupled receptor L3,2.9,EM,True,,879,1.0,1.0,0.0,False,0.0,0.0480633279114035,5.08218647,13.192187375188515,11.725034255881935,12.718923684142856
P40416,7PSN,"Iron-sulfur clusters transporter ATM1, mitochondrial",2.9,EM,True,,1170,2.0,2.0,0.0,False,0.0,-0.0419508865513825,10.2014526,16.504937483166323,18.319234792960405,18.020053318498636
Q9H4A6,3KN1,Golgi phosphoprotein 3,2.9,X-ray,False,no_TM_span,240,0.0,,,,,,,,,
Q9BYF1,6M18,Angiotensin-converting enzyme 2,2.9,EM,True,,2708,4.0,4.0,0.0,False,0.106,0.0467447873383911,37.45231333500001,36.03833459216472,32.16478770021375,34.52744067402552
Q8U019,3MP7,Preprotein translocase subunit secY,2.9,X-ray,True,,441,1.0,2.0,1.0,True,0.0,0.069997959681805,9.444070245,19.351881966260045,16.439144843002033,17.33822633604047
P13187,6ROJ,"Probable phospholipid-transporting ATPase DRS2,Oxaloacetate decarboxylase alpha chain",2.9,EM,True,,1404,1.0,2.0,1.0,True,0.0,-0.0043884166438632,8.875390175,16.727737144830254,16.904763483042032,16.80810648598165
A0R614,7BVC,Integral membrane indolylacetylinositol arabinosyltransferase EmbB,2.9,EM,True,,2233,2.0,2.0,0.0,False,0.007,0.019267732852712,36.12375235,34.90458696227988,33.336524531471355,33.90950825219962
A0R619,3AJA,Putative uncharacterized protein,2.9,X-ray,False,no_TM_span,260,0.0,,,,,,,,,
Q46221,6KLW,Iota toxin component Ib,2.9,EM,True,,3252,7.0,7.0,0.0,False,0.0,0.0096692925480976,5.961852165,13.15876160668846,12.83907708680668,13.775763078993975
P15347,6KIG,Iron stress-induced chlorophyll-binding protein,2.9,EM,True,,12888,6.0,42.0,36.0,True,0.012,0.0393789680088514,190.66756917000004,84.5342188010098,77.17148581532157,77.90466753760184
Q4LDE7,6RD4,"ATP synthase gamma chain, mitochondrial",2.9,EM,True,,14206,24.0,24.0,0.0,False,0.055,0.035351698982231,64.239843935,46.19920312050942,42.36258269533317,45.21966100206228
A0ZW41,6RD4,ATP synthase subunit beta,2.9,EM,True,,14206,24.0,24.0,0.0,False,0.055,0.035351698982231,64.239843935,46.19920312050942,42.36258269533317,45.21966100206228
Q48658,6T1Z,LmrP integral membrane protein,2.9,X-ray,True,,393,1.0,1.0,0.0,False,0.0,0.0278576727602683,9.647848505,17.70545891448009,16.53381301874931,17.524284748727993
Q64663,6U9V,P2X purinoceptor 7,2.9,EM,True,,1695,3.0,3.0,0.0,False,0.0,-0.1645846392628328,5.32631276,12.013432751453324,17.156698180209094,13.020821818974683
Q5H8A3,7W56,Neuromedin-S,2.9,EM,True,,1144,1.0,1.0,0.0,False,0.0,0.0342551028285622,4.89447039,12.566647035589018,11.54048856686045,12.481820030631884
P47871,8FU6,Glucagon receptor,2.9,EM,True,,1113,1.0,1.0,0.0,False,0.0,0.0188765621624801,5.01644422,12.657748999958702,12.085273108978646,12.636391054076851
P21728,7JVP,D(1A) dopamine receptor,2.9,EM,True,,1046,1.0,1.0,0.0,False,0.0,0.0439593706256868,5.131704905000001,13.274726419338872,11.926326839254692,12.78073708453214
Q8N138,7K0M,ORM1-like protein 3,2.9,EM,True,,2342,2.0,6.0,4.0,True,0.0,0.1430072312653313,0.7244917799999999,6.319600895340458,4.671396625106442,4.802217154949283
F2VN85,5NUP,OmpK36,2.9,X-ray,True,,1634,3.0,3.0,0.0,False,0.0,-0.0139239502707077,34.241342204999995,32.25478860708622,33.358039172992804,33.01417534946735
O35179,2C08,SH3-CONTAINING GRB2-LIKE PROTEIN 2,2.9,X-ray,False,no_TM_span,408,0.0,,,,,,,,,
P13423,3J9C,Protective antigen PA-63,2.9,EM,True,,2975,7.0,7.0,0.0,False,0.0,-0.0031654233923332,5.722211635000001,12.873909340641164,12.97643913134775,13.496060663232116
D8V7I7,6RD4,Mitochondrial ATP synthase subunit ASA8,2.9,EM,True,,14206,24.0,24.0,0.0,False,0.055,0.035351698982231,64.239843935,46.19920312050942,42.36258269533317,45.21966100206228
D8V7I1,6RD4,Mitochondrial ATP synthase subunit OSCP,2.9,EM,True,,14206,24.0,24.0,0.0,False,0.055,0.035351698982231,64.239843935,46.19920312050942,42.36258269533317,45.21966100206228
P36937,5MRW,Potassium-transporting ATPase KdpF subunit,2.9,X-ray,True,,1445,2.0,4.0,2.0,True,0.095,0.0657642128244336,21.9592826,28.236044152099872,24.06317270785876,26.43833721148835
G3MM57,5F1C,Putative uncharacterized protein,2.9,X-ray,True,,1042,3.0,3.0,0.0,False,0.016,0.0526015725236279,5.672329485000001,15.19555311615482,13.499201965584806,13.437107399910555
P13500,7XA3,C-C motif chemokine 2,2.9,EM,True,,1220,1.0,1.0,0.0,False,0.0,0.0262124434880164,4.988030264999999,12.585890702040938,11.793191625084646,12.600552947920391
Q15722,7VKT,Leukotriene B4 receptor 1,2.9,EM,True,,1143,1.0,1.0,0.0,False,0.0,0.0270829634294492,5.101480734999999,12.701803569326245,11.873517009899798,12.743044189386817
A0A2D0TCI5,5XJJ,multi drug efflux transporter,2.9,X-ray,True,,448,1.0,1.0,0.0,False,0.0,0.0334622164075005,11.040244559999998,18.432756060095077,16.927257460561474,18.746250263278824
P19397,6WVG,"Green fluorescent protein, Leukocyte surface antigen CD53 chimera",2.9,X-ray,True,,443,1.0,1.0,0.0,False,0.0,0.1037871389092792,2.4886700299999998,9.432865736949712,7.21587691083274,8.90038355352347
Q10741,2AO7,ADAM 10,2.9,X-ray,False,no_TM_span,146,0.0,,,,,,,,,
Q9GZU1,7MGL,Mucolipin-1,2.9,EM,True,,1888,4.0,4.0,0.0,False,0.0,0.0111454044373517,44.54163489,38.600704225005096,37.59350539014857,37.6537418223951
D7P7X6,6RD4,Mitochondrial ATP synthase subunit delta,2.9,EM,True,,14206,24.0,24.0,0.0,False,0.055,0.035351698982231,64.239843935,46.19920312050942,42.36258269533317,45.21966100206228
P35107,7ZDI,Light-harvesting protein,2.9,EM,True,,976,18.0,18.0,0.0,False,0.0,0.0241674411652319,34.867075625000005,33.717885707365284,31.78558489164856,33.31446363631775
A0A0H2VCZ1,7SGR,"Membrane fusion protein (MFP) family protein,Hemolysin secretion protein D, chromosomal",2.9,EM,True,,4397,6.0,12.0,6.0,True,0.102,-0.0313665568092084,50.49895165000001,37.73523676762005,40.75341118885365,40.092786822709456
P22088,5LIP,TRIACYL-GLYCEROL HYDROLASE,2.9,X-ray,False,no_TM_span,321,0.0,,,,,,,,,
P35102,7ZDI,Light-harvesting protein,2.9,EM,True,,976,18.0,18.0,0.0,False,0.0,0.0241674411652319,34.867075625000005,33.717885707365284,31.78558489164856,33.31446363631775
D7P7X5,6RD4,Mitochondrial ATP synthase subunit c,2.9,EM,True,,14206,24.0,24.0,0.0,False,0.055,0.035351698982231,64.239843935,46.19920312050942,42.36258269533317,45.21966100206228
Q9WYC4,3QF4,Uncharacterized ABC transporter ATP-binding protein TM_0288,2.9,X-ray,True,,1160,2.0,2.0,0.0,False,0.014,-0.0447630302902092,10.821285199999998,16.333874707417152,18.327737210121303,18.559423645076745
Q9WYC3,3QF4,"ABC transporter, ATP-binding protein",2.9,X-ray,True,,1160,2.0,2.0,0.0,False,0.014,-0.0447630302902092,10.821285199999998,16.333874707417152,18.327737210121303,18.559423645076745
L1J207,6CSM,GtACR1,2.9,X-ray,True,,545,2.0,2.0,0.0,False,0.009,-0.0022452196083254,12.196249414999995,19.09350764784019,19.19967922783412,19.703265625671733
Q8KG87,8GWA,Ric1 protein,2.9,EM,True,,4065,2.0,5.0,3.0,True,0.004,0.0119442172366146,36.99256049999999,35.50626909408015,34.522595087680486,34.314862264625205
P95823,6KIG,Photosystem I PsaI protein,2.9,EM,True,,12888,6.0,42.0,36.0,True,0.012,0.0393789680088514,190.66756917000004,84.5342188010098,77.17148581532157,77.90466753760184
P0AC02,3TGO,UPF0169 lipoprotein yfiO,2.9,X-ray,False,no_TM_span,400,0.0,,,,,,,,,
Q91ZR5,7EEB,"Enhanced green fluorescent protein,Cation channel sperm-associated protein 1",2.9,EM,True,,6003,3.0,12.0,9.0,True,0.062,-0.030883852741532,35.513362189999995,30.363063344168086,32.8551530640767,33.621799887428146
S7UU80,6TMK,"ATP synthase subunit alpha,subunit alpha",2.9,EM,True,,16596,3.0,32.0,29.0,True,0.082,0.0029277727293564,12.405365525,19.468976199385292,19.32934629222166,19.871463177962188
S7W9J5,6TMK,ATPTG1,2.9,EM,True,,16596,3.0,32.0,29.0,True,0.082,0.0029277727293564,12.405365525,19.468976199385292,19.32934629222166,19.871463177962188
A0A125YRP0,6TMK,ATPTG15,2.9,EM,True,,16596,3.0,32.0,29.0,True,0.082,0.0029277727293564,12.405365525,19.468976199385292,19.32934629222166,19.871463177962188
A0A125YSI9,6TMK,subunit a,2.9,EM,True,,16596,3.0,32.0,29.0,True,0.082,0.0029277727293564,12.405365525,19.468976199385292,19.32934629222166,19.871463177962188
A0A125YUH0,6TMK,ATP synthase subunit gamma,2.9,EM,True,,16596,3.0,32.0,29.0,True,0.082,0.0029277727293564,12.405365525,19.468976199385292,19.32934629222166,19.871463177962188
A0A125YRE2,6TMK,ATP synthase subunit delta,2.9,EM,True,,16596,3.0,32.0,29.0,True,0.082,0.0029277727293564,12.405365525,19.468976199385292,19.32934629222166,19.871463177962188
S7W180,6TMK,ATPTG17,2.9,EM,True,,16596,3.0,32.0,29.0,True,0.082,0.0029277727293564,12.405365525,19.468976199385292,19.32934629222166,19.871463177962188
H8PGG3,6RD4,Mitochondrial ATP synthase subunit 6,2.9,EM,True,,14206,24.0,24.0,0.0,False,0.055,0.035351698982231,64.239843935,46.19920312050942,42.36258269533317,45.21966100206228
O86150,5C78,ATP-driven flippase PglK,2.9,X-ray,True,,1128,2.0,2.0,0.0,False,0.0,-0.0735113168400541,12.510161204999998,16.511176176004323,20.03181894815447,19.95521984169661
P32602,1QQE,VESICULAR TRANSPORT PROTEIN SEC17,2.9,X-ray,False,no_TM_span,281,0.0,,,,,,,,,
Q9CQP8,7EEB,Cation channel sperm-associated protein subunit zeta,2.9,EM,True,,6003,3.0,12.0,9.0,True,0.062,-0.030883852741532,35.513362189999995,30.363063344168086,32.8551530640767,33.621799887428146
Q80W99,7EEB,Cation channel sperm-associated protein 3,2.9,EM,True,,6003,3.0,12.0,9.0,True,0.062,-0.030883852741532,35.513362189999995,30.363063344168086,32.8551530640767,33.621799887428146
P06756,3IJE,Integrin alpha-V,2.9,X-ray,False,no_TM_span,1639,0.0,,,,,,,,,
A0A125YJV2,6TMK,subunit c,2.9,EM,True,,16596,3.0,32.0,29.0,True,0.082,0.0029277727293564,12.405365525,19.468976199385292,19.32934629222166,19.871463177962188
A0A125YKF8,6TMK,Oligomycin sensitivity conferring protein (OSCP),2.9,EM,True,,16596,3.0,32.0,29.0,True,0.082,0.0029277727293564,12.405365525,19.468976199385292,19.32934629222166,19.871463177962188
S7UQ82,6TMK,subunit i/j,2.9,EM,True,,16596,3.0,32.0,29.0,True,0.082,0.0029277727293564,12.405365525,19.468976199385292,19.32934629222166,19.871463177962188
Q01650,7DSL,Large neutral amino acids transporter small subunit 1,2.9,EM,True,,935,2.0,2.0,0.0,False,0.007,-0.0244533298785866,14.788227790000002,20.2489066272352,21.52221143162863,21.696172714778225
Q9UBS5,7C7S,Gamma-aminobutyric acid type B receptor subunit 1,2.9,EM,True,,1355,2.0,2.0,0.0,False,0.011,0.0358950861236056,14.80025115,22.18981547502576,20.31996944068924,21.704990806374504
Q9UP95,6KKT,Solute carrier family 12 member 4,2.9,EM,True,,1074,2.0,2.0,0.0,False,0.0,0.0024855149469992,22.435745735,25.62963853686504,25.47022582889161,26.72362189404033
P26043,1GC6,RADIXIN,2.9,X-ray,False,no_TM_span,297,0.0,,,,,,,,,
P63386,7CGE,Phospholipid ABC transporter ATP-binding protein MlaF,2.9,EM,True,,2092,2.0,8.0,6.0,True,0.0,0.0482958097230584,7.548631305,15.728592758720772,13.931874984734762,15.500980522334546
P64606,7CGE,Lipid asymmetry maintenance ABC transporter permease subunit MlaE,2.9,EM,True,,2092,2.0,8.0,6.0,True,0.0,0.0482958097230584,7.548631305,15.728592758720772,13.931874984734762,15.500980522334546
P64604,7CGE,Outer membrane lipid asymmetry maintenance protein MlaD,2.9,EM,True,,2092,2.0,8.0,6.0,True,0.0,0.0482958097230584,7.548631305,15.728592758720772,13.931874984734762,15.500980522334546
P0A937,5D0O,Outer membrane protein assembly factor BamE,2.9,X-ray,True,,1487,1.0,1.0,0.0,False,0.0,-0.0385299094037642,9.221530505,16.708890730693206,18.293184801371986,17.132729862712782
P25090,7T6U,N-formyl peptide receptor 2,2.9,EM,True,,1154,1.0,1.0,0.0,False,0.0,0.0565983582684246,5.229910670000001,13.230730886893827,11.478112858603652,12.902450426640254
Q8C0X7,7EEB,Kazal-like domain-containing protein,2.9,EM,True,,6003,3.0,12.0,9.0,True,0.062,-0.030883852741532,35.513362189999995,30.363063344168086,32.8551530640767,33.621799887428146
Q8BVN3,7EEB,Cation channel sperm-associated protein 4,2.9,EM,True,,6003,3.0,12.0,9.0,True,0.062,-0.030883852741532,35.513362189999995,30.363063344168086,32.8551530640767,33.621799887428146
P63142,2A79,Potassium voltage-gated channel subfamily A member 2,2.9,X-ray,True,,1328,4.0,8.0,4.0,True,0.0,-0.0302255115050923,41.418372565000006,34.86865212072492,37.502595771637175,36.30960955047987
Q01118,7TJ9,Sodium channel protein type 7 subunit alpha,2.9,EM,True,,1281,1.0,2.0,1.0,True,0.0,0.0080835050550814,46.96780544,39.6600309311889,38.909901588920135,38.66563953164208
Q86Y34,7D77,Adhesion G protein-coupled receptor G3; GPR97,2.9,EM,True,,1108,1.0,1.0,0.0,False,0.0,-0.0187373956135823,5.64538777,12.222297533871757,12.825124152323086,13.405158479227554
O75899,7C7S,Gamma-aminobutyric acid type B receptor subunit 2,2.9,EM,True,,1355,2.0,2.0,0.0,False,0.011,0.0358950861236056,14.80025115,22.18981547502576,20.31996944068924,21.704990806374504
Q8FDZ8,7SGR,Alpha-hemolysin translocation ATP-binding protein HlyB,2.9,EM,True,,4397,6.0,12.0,6.0,True,0.102,-0.0313665568092084,50.49895165000001,37.73523676762005,40.75341118885365,40.092786822709456
P0A6M2,6WVF,"Green fluorescent protein,Disulfide bond formation protein B,Green fluorescent protein",2.9,X-ray,True,,386,1.0,1.0,0.0,False,0.0,0.0961373628848713,2.821401045,9.55793717000143,7.371379573042592,9.47670747418521
P0DTC2,6M17,Spike protein S1,2.9,EM,True,,3074,4.0,4.0,0.0,False,0.105,0.0120149630809991,37.06502135,34.45990171564354,33.46943274773271,34.34845371675161
P10147,7F1Q,"C-C motif chemokine 3,C-C chemokine receptor type 5",2.9,EM,True,,938,1.0,1.0,0.0,False,0.0,0.0226625572904776,4.881275460000001,12.601830497433465,11.92385830924946,12.464983899325064
G4TS85,7SP5,Phosphate transporter,2.9,X-ray,True,,433,1.0,1.0,0.0,False,0.0,-0.0005605029064076,8.900424405,16.219886602141692,16.242528849584914,16.831794554779307
Q9Y666,7D99,potassium-chloride co-transporter KCC4,2.9,EM,True,,1782,2.0,2.0,0.0,False,0.0,-0.0230948755405273,27.77480144500001,28.37520244563473,30.023279120951443,29.73380884907841
A0A5H1ZR73,6RD4,Mitochondrial ATP synthase subunit ASA9,2.9,EM,True,,14206,24.0,24.0,0.0,False,0.055,0.035351698982231,64.239843935,46.19920312050942,42.36258269533317,45.21966100206228
A0A5H1ZR95,6RD4,ASA-10: Polytomella F-ATP synthase associated subunit 10,2.9,EM,True,,14206,24.0,24.0,0.0,False,0.055,0.035351698982231,64.239843935,46.19920312050942,42.36258269533317,45.21966100206228
P11511,3EQM,Cytochrome P450 19A1,2.9,X-ray,False,no_TM_span,452,0.0,,,,,,,,,
P0DP43,7EEB,Cation channel sperm-associated protein subunit epsilon,2.9,EM,True,,6003,3.0,12.0,9.0,True,0.062,-0.030883852741532,35.513362189999995,30.363063344168086,32.8551530640767,33.621799887428146
Q9NY72,7TJ9,Sodium channel subunit beta-3,2.9,EM,True,,1281,1.0,2.0,1.0,True,0.0,0.0080835050550814,46.96780544,39.6600309311889,38.909901588920135,38.66563953164208
D3Z338,7EEB,Transmembrane protein 262,2.9,EM,True,,6003,3.0,12.0,9.0,True,0.062,-0.030883852741532,35.513362189999995,30.363063344168086,32.8551530640767,33.621799887428146
P01178,7RYC,Oxytocin,2.9,EM,True,,1125,1.0,1.0,0.0,False,0.0,0.032543720389543,5.732999345,13.962147809221854,12.90704579695917,13.508776291724931
G1SNM3,6OO3,TRPV2,2.9,EM,True,,2404,4.0,4.0,0.0,False,0.0,0.0075437083310526,43.71506002999999,38.6876349517622,38.01227277674732,37.30272883136953
P11166,5EQG,"Solute carrier family 2, facilitated glucose transporter member 1",2.9,X-ray,True,,447,1.0,1.0,0.0,False,0.0,-0.0214536678384497,8.297768975,15.25732255894592,16.0941165004578,16.25195956803868
Q695T7,6M18,Sodium-dependent neutral amino acid transporter B(0)AT1,2.9,EM,True,,2708,4.0,4.0,0.0,False,0.106,0.0467447873383911,37.45231333500001,36.03833459216472,32.16478770021375,34.52744067402552
Q6DEJ6,8D2S,Sodium-dependent lysophosphatidylcholine symporter 1-B,2.9,EM,True,,885,1.0,1.0,0.0,False,0.0,-0.0250893277364309,9.52865066,16.136807415389463,17.185482699924616,17.415693230732167
A0A2R8VHF7,7EEB,Transmembrane protein 249,2.9,EM,True,,6003,3.0,12.0,9.0,True,0.062,-0.030883852741532,35.513362189999995,30.363063344168086,32.8551530640767,33.621799887428146
P0C0S1,6RLD,Small-conductance mechanosensitive channel,2.9,EM,False,no_TM_span,1855,0.0,,,,,,,,,
P0A903,3TGO,Lipoprotein 34,2.9,X-ray,False,no_TM_span,400,0.0,,,,,,,,,
P95822,6KIG,Photosystem I reaction center subunit XI,2.9,EM,True,,12888,6.0,42.0,36.0,True,0.012,0.0393789680088514,190.66756917000004,84.5342188010098,77.17148581532157,77.90466753760184
Q9UHI5,7CMI,Large neutral amino acids transporter small subunit 2,2.9,EM,True,,928,2.0,2.0,0.0,False,0.011,-0.0294647795866463,14.164065205000002,19.990351631844845,21.491879720147367,21.23337463358884
P31547,3TUI,D-methionine transport system permease protein metI,2.9,X-ray,True,,1119,2.0,2.0,0.0,False,0.0,0.000240490694215,7.839185164999999,16.6088144174984,16.5996970377756,15.79648738689969
C6KI89,7EEB,Cation channel sperm-associated protein subunit gamma 2,2.9,EM,True,,6003,3.0,12.0,9.0,True,0.062,-0.030883852741532,35.513362189999995,30.363063344168086,32.8551530640767,33.621799887428146
P30559,7RYC,Oxytocin receptor,2.9,EM,True,,1125,1.0,1.0,0.0,False,0.0,0.032543720389543,5.732999345,13.962147809221854,12.90704579695917,13.508776291724931
P30750,3TUI,Methionine import ATP-binding protein MetN,2.9,X-ray,True,,1119,2.0,2.0,0.0,False,0.0,0.000240490694215,7.839185164999999,16.6088144174984,16.5996970377756,15.79648738689969
P69380,3H90,Ferrous-iron efflux pump fieF,2.9,X-ray,True,,566,2.0,2.0,0.0,False,0.0,0.0780984158899368,14.363656000000002,22.58653909537187,18.578693072330378,21.382454738741117
Q8FJB1,6BPL,Lipid A export ATP-binding/permease protein MsbA,2.908,X-ray,True,,1141,2.0,2.0,0.0,False,0.01,-0.0479315418769644,11.349536374999998,16.30168650038869,18.48817282630649,19.00702404840127
Q5SIX3,6BAR,Rod shape determining protein RodA,2.908,X-ray,True,,299,1.0,1.0,0.0,False,0.0,0.050786540331974,8.882571449999999,17.39763206260378,15.348102018239668,16.814905016885728
Q5QJC5,7RK6,BK channel,2.91,EM,True,,3564,4.0,4.0,0.0,False,0.0,-0.053443090361341,54.46882054,38.47779954100047,43.81854468601617,41.638880948763166
Q99679,8HMV,Probable G-protein coupled receptor 21,2.91,EM,True,,1022,1.0,1.0,0.0,False,0.0,0.0363025830495527,5.025252884999999,12.9121361734796,11.81020925143674,12.647480673514057
A0A8X6EH18,7S3D,PsaM,2.91,EM,True,,7077,6.0,24.0,18.0,True,0.005,0.0010578292855112,191.561433255,78.27791858295261,78.07967189960635,78.08706552086771
P34998,6P9X,Corticotropin-releasing factor receptor 1,2.91,EM,True,,1017,1.0,1.0,0.0,False,0.0,0.0648915388391289,5.449476234999999,13.687983808834158,11.636813317548413,13.170505533669244
A0A8X6EH19,7S3D,PsaC,2.91,EM,True,,7077,6.0,24.0,18.0,True,0.005,0.0010578292855112,191.561433255,78.27791858295261,78.07967189960635,78.08706552086771
P16536,7TLJ,14 kDa peptide of ubiquinol-cytochrome c2 oxidoreductase complex,2.91,EM,True,,1774,2.0,8.0,6.0,True,0.0,0.1013572533153771,23.54923615000001,33.34088298802862,26.68080137874295,27.37874116649944
P06850,6P9X,Corticoliberin,2.91,EM,True,,1017,1.0,1.0,0.0,False,0.0,0.0648915388391289,5.449476234999999,13.687983808834158,11.636813317548413,13.170505533669244
Q93PM2,4K3C,Outer membrane protein assembly factor BamA,2.913,X-ray,True,,532,1.0,1.0,0.0,False,0.0,-0.0140669485036637,9.59496342,16.728204932656098,17.3182128841557,17.476188698219744
J7QAK3,6E9N,D-galactonate transport,2.915,X-ray,True,,409,1.0,1.0,0.0,False,0.0,-0.0205103527485209,7.898010749999997,15.105874144205778,15.8863658555296,15.855645376050935
P78363,7M1Q,Retinal-specific phospholipid-transporting ATPase ABCA4,2.92,EM,True,,1914,1.0,1.0,0.0,False,0.0,0.0619654119850519,13.089069964999997,22.6288107250392,19.59324219760221,20.41171323238405
Q9H237,7URD,Isoform 2 of Protein-serine O-palmitoleoyltransferase porcupine,2.92,EM,True,,678,1.0,1.0,0.0,False,0.0,-0.0700779766086367,13.542957629999997,18.688557373277348,22.180560460691527,20.762604128088554
Q5ZL60,7JM6,Chloride channel protein,2.92,EM,True,,1334,2.0,2.0,0.0,False,0.0,0.0135378810545085,27.083178220000008,29.523751989363124,28.56977738583245,29.3612727529028
Q8ZRP0,5OR1,Outer membrane protein assembly factor BamA,2.92,X-ray,True,,380,1.0,1.0,0.0,False,0.0,-0.0124898669671407,9.062236465000003,16.54354485119773,17.05265506866386,16.984108624666614
Q8IVW8,8EX4,Sphingosine-1-phosphate transporter SPNS2,2.93,EM,True,,417,1.0,1.0,0.0,False,0.0,-0.0264679970771531,8.602355775,15.095732660219426,16.146886021560064,16.547552349676142
Q6P9J9,8BC1,"Anoctamin-6,mTMEM16F",2.93,EM,True,,1060,2.0,2.0,0.0,False,0.0,-0.0317801273956531,24.04956096499999,26.286970145568063,28.397276542709744,27.66805561209404
Q9NQW8,7RHS,Cyclic nucleotide-gated cation channel beta-3,2.93,EM,True,,1806,4.0,4.0,0.0,False,0.013,0.0272058820458817,49.117852405000015,40.21204568059993,37.63026824361668,39.54073596764201
Q16281,7RHS,Cyclic nucleotide-gated cation channel alpha-3,2.93,EM,True,,1806,4.0,4.0,0.0,False,0.013,0.0272058820458817,49.117852405000015,40.21204568059993,37.63026824361668,39.54073596764201
Q6J4G7,7B03,Proteorhodopsin,2.93,EM,True,,1085,5.0,5.0,0.0,False,0.0,0.0343728576595422,43.52953435000001,38.599031084116575,35.52828465367564,37.223488719600034
A0A096PAU9,7YCA,"Photosystem I PsaH, reaction centre subunit VI",2.94,EM,True,,5632,2.0,26.0,24.0,True,0.007,0.0514936769484531,37.00333204,38.05112311956041,33.8097095075603,34.31985782323903
P0AE98,6LQH,Curli production assembly/transport component CsgF,2.94,EM,True,,2160,9.0,18.0,9.0,True,0.0,-0.0200378380717012,25.695487725,27.232901010601,28.60825851287296,28.599174416723532
P0AEA2,6LQH,Curli production assembly/transport component CsgG,2.94,EM,True,,2160,9.0,18.0,9.0,True,0.0,-0.0200378380717012,25.695487725,27.232901010601,28.60825851287296,28.599174416723532
Q9WUD2,7ZJD,"Transient receptor potential cation channel subfamily V member 2,Enhanced green fluorescent protein",2.94,EM,True,,2388,4.0,4.0,0.0,False,0.0,0.0016774150455783,46.70182005500001,39.456585023749405,39.30136643069808,38.555999567230685
Q0P3K0,7YCA,Photosystem I reaction center subunit VIII,2.94,EM,True,,5632,2.0,26.0,24.0,True,0.007,0.0514936769484531,37.00333204,38.05112311956041,33.8097095075603,34.31985782323903
A0A090M7B0,7YCA,PSI subunit V,2.94,EM,True,,5632,2.0,26.0,24.0,True,0.007,0.0514936769484531,37.00333204,38.05112311956041,33.8097095075603,34.31985782323903
A0A096P8E8,7YCA,Photosystem I PsaG/PsaK protein,2.94,EM,True,,5632,2.0,26.0,24.0,True,0.007,0.0514936769484531,37.00333204,38.05112311956041,33.8097095075603,34.31985782323903
A0A090N3J0,7YCA,"Photosystem I PsaN, reaction centre subunit N",2.94,EM,True,,5632,2.0,26.0,24.0,True,0.007,0.0514936769484531,37.00333204,38.05112311956041,33.8097095075603,34.31985782323903
A0A096P9N0,7YCA,PsaO,2.94,EM,True,,5632,2.0,26.0,24.0,True,0.007,0.0514936769484531,37.00333204,38.05112311956041,33.8097095075603,34.31985782323903
F6RG56,5W3S,Mucolipin-3 isoform 1,2.94,EM,True,,1940,4.0,4.0,0.0,False,0.0,0.0072976130701974,43.76380504999998,38.38077249864575,37.72707823266772,37.323520472264
Q0P3K1,7YCA,Photosystem I P700 chlorophyll a apoprotein A1,2.94,EM,True,,5632,2.0,26.0,24.0,True,0.007,0.0514936769484531,37.00333204,38.05112311956041,33.8097095075603,34.31985782323903
Q0P3K2,7YCA,Photosystem I P700 chlorophyll a apoprotein A2,2.94,EM,True,,5632,2.0,26.0,24.0,True,0.007,0.0514936769484531,37.00333204,38.05112311956041,33.8097095075603,34.31985782323903
Q0P3J8,7YCA,Photosystem I reaction center subunit XII,2.94,EM,True,,5632,2.0,26.0,24.0,True,0.007,0.0514936769484531,37.00333204,38.05112311956041,33.8097095075603,34.31985782323903
Q0P3J4,7YCA,Photosystem I reaction center subunit IX,2.94,EM,True,,5632,2.0,26.0,24.0,True,0.007,0.0514936769484531,37.00333204,38.05112311956041,33.8097095075603,34.31985782323903
Q01DV3,7YCA,Photosystem I reaction centre subunit IV,2.94,EM,True,,5632,2.0,26.0,24.0,True,0.007,0.0514936769484531,37.00333204,38.05112311956041,33.8097095075603,34.31985782323903
Q019T9,7YCA,PsaG,2.94,EM,True,,5632,2.0,26.0,24.0,True,0.007,0.0514936769484531,37.00333204,38.05112311956041,33.8097095075603,34.31985782323903
A0A1Y5IA87,7YCA,Lhca6,2.94,EM,True,,5632,2.0,26.0,24.0,True,0.007,0.0514936769484531,37.00333204,38.05112311956041,33.8097095075603,34.31985782323903
Q0P3P1,7YCA,Photosystem I iron-sulfur center,2.94,EM,True,,5632,2.0,26.0,24.0,True,0.007,0.0514936769484531,37.00333204,38.05112311956041,33.8097095075603,34.31985782323903
P30572,7STL,Chitin synthase,2.95,EM,True,,1600,2.0,2.0,0.0,False,0.0,-0.1785553699856479,15.908901714999995,19.69412157179791,29.33750246294069,22.50324575302585
Q3L7I1,7XW0,OmpT,2.95,X-ray,True,,265,1.0,1.0,0.0,False,0.0,-0.0280796997721462,3.1881885750000003,9.463730997919184,10.142623115041893,10.073886749615124
P10082,7YON,Peptide YY(3-36),2.95,EM,True,,1166,1.0,1.0,0.0,False,0.0,0.0137416405400582,5.073409845,12.261014647909612,11.841907697750647,12.707936537163196
P24177,8F4N,Efflux pump membrane transporter,2.95,EM,True,,2043,2.0,2.0,0.0,False,0.012,-0.0232858636594132,29.849339540000003,29.759950785535764,31.482596701078823,30.824243497024742
O66465,5CKR,Phospho-N-acetylmuramoyl-pentapeptide-transferase,2.95,X-ray,True,,658,2.0,2.0,0.0,False,0.0,-0.003227805914961,16.22780898,23.05202224666212,23.22808750242114,22.72767482483876
P31639,7VSI,Sodium/glucose cotransporter 2,2.95,EM,True,,618,1.0,2.0,1.0,True,0.0,0.0142447186383831,13.475269995,20.216402680756254,19.50836084624748,20.710653438277365
P35613,7CKO,Basigin,2.95,EM,True,,591,1.0,2.0,1.0,True,0.0,-0.0111754432946297,8.259461915,15.469125140971256,15.90401265818526,16.21440218479548
P17501,3DUZ,Major envelope glycoprotein,2.95,X-ray,False,no_TM_span,1254,0.0,,,,,,,,,
P53985,7CKO,Monocarboxylate transporter 1,2.95,EM,True,,591,1.0,2.0,1.0,True,0.0,-0.0111754432946297,8.259461915,15.469125140971256,15.90401265818526,16.21440218479548
Q9H3H5,6BW6,UDP-N-acetylglucosamine--dolichyl-phosphate N-acetylglucosaminephosphotransferase,2.95,X-ray,True,,742,2.0,2.0,0.0,False,0.008,-0.003767415845071,17.095564764999995,24.26408425500352,24.47500611462049,23.327424364028644
Q0ABW0,5HK7,Ion transport protein,2.95,X-ray,True,,555,4.0,4.0,0.0,False,0.006,0.1131090045202619,10.415919109999995,21.26160346677396,16.318698226227983,18.20848710465444
Q13113,7VSI,PDZK1-interacting protein 1,2.95,EM,True,,618,1.0,2.0,1.0,True,0.0,0.0142447186383831,13.475269995,20.216402680756254,19.50836084624748,20.710653438277365
Q5HLM5,3L7L,Teichoic acid biosynthesis protein F,2.95,X-ray,False,no_TM_span,410,0.0,,,,,,,,,
Q8R502,8DRK,Volume-regulated anion channel subunit LRRC8C,2.95,EM,True,,1901,6.0,6.0,0.0,False,0.012,-0.0300024934185814,36.42869512,32.43945382164988,34.891425570610124,34.05233295601229
Q9BTU6,4HNE,Phosphatidylinositol 4-kinase type 2-alpha,2.95,X-ray,False,no_TM_span,353,0.0,,,,,,,,,
Q8KNL2,7SPC,TraV,2.95,EM,False,no_TM_span,3978,0.0,,,,,,,,,
Q0VCY0,3TLM,Sarcoplasmic/endoplasmic reticulum calcium ATPase 1,2.95,X-ray,True,,989,1.0,1.0,0.0,False,0.0,0.0005322152913668,8.06860712,15.659387428053146,15.638917187875505,16.02597084119687
P28635,6CVL,MetQ periplasmic binding protein,2.953,X-ray,True,,1343,2.0,2.0,0.0,False,0.0,0.1007590222585344,7.7556021899999985,19.02045485414724,15.2209411766461,15.712049040101858
P60033,5TCX,CD81 antigen,2.955,X-ray,True,,208,1.0,1.0,0.0,False,0.0,0.0849256058532322,2.456532385000001,9.279919957484058,7.477582095465939,8.842728899362154
P76115,6V81,Probable TonB-dependent receptor YncD,2.957,X-ray,True,,653,1.0,1.0,0.0,False,0.0,-0.0054380876854555,14.155754755000002,21.080120996477213,21.357165173420277,21.227144614643077
A0A1U7R319,7W4O,ATP-binding cassette sub-family C member 8 isoform X2,2.96,EM,True,,6944,4.0,8.0,4.0,True,0.0,-0.0243086229637646,193.2688854,75.08413923651857,79.6600509214843,78.43430175283139
Q61743,7W4O,ATP-sensitive inward rectifier potassium channel 11,2.96,EM,True,,6944,4.0,8.0,4.0,True,0.0,-0.0243086229637646,193.2688854,75.08413923651857,79.6600509214843,78.43430175283139
Q8VZL4,6VXN,"Mechanosensitive ion channel protein 1, mitochondrial",2.96,EM,True,,1862,7.0,7.0,0.0,False,0.0,-0.0502751041876401,55.306696975,38.77710797649779,43.839760795069225,41.95791751185186
Q13563,6T9N,Polycystin-2,2.96,EM,True,,1953,4.0,4.0,0.0,False,0.002,0.0142073324344298,44.55337237,38.88597364713228,37.60190234729527,37.65870269698459
A0A6P1C618,7DUW,Bifunctional lysylphosphatidylglycerol flippase/synthetase MprF,2.96,EM,True,,1640,2.0,2.0,0.0,False,0.0,-0.0369445735487589,33.220380164999995,30.120736552844733,33.00403277059698,32.518264758906504
P76272,6V0F,Intermembrane transport protein YebT,2.96,EM,False,no_TM_span,2106,0.0,,,,,,,,,
P29994,7LHF,"Inositol 1,4,5-trisphosphate receptor type 1",2.96,EM,True,,9200,4.0,4.0,0.0,False,0.0,-0.0178655876931136,63.43053410000002,42.89206556436236,44.8187154299087,44.93391379564889
P33897,7X0Z,ATP-binding cassette sub-family D member 1,2.96,EM,True,,1156,2.0,2.0,0.0,False,0.003,0.0175350449761519,12.76340904,19.69419568998054,18.84594048470145,20.15618832725961
Q0VR69,4R0C,AbgT putative transporter family,2.963,X-ray,True,,944,2.0,2.0,0.0,False,0.008,0.0363666964753772,28.783854985,31.401358866861,28.759469443450204,30.269102405268125
Q2FD70,7KGG,Efflux pump membrane transporter,2.97,EM,True,,3060,3.0,3.0,0.0,False,0.0,-0.0191881728276955,49.441607010000006,38.7650229965636,40.5919290549143,39.67083601349587
Q8LYW1,7AR9,ND4,2.97,EM,True,,5291,2.0,23.0,21.0,True,0.101,-0.0152842769445896,30.745881940000007,30.07062921582443,31.218187311924986,31.283730885144863
Q9I527,5FP2,FERRIC ENTEROBACTIN RECEPTOR PIRA,2.97,X-ray,True,,506,1.0,1.0,0.0,False,0.0,-0.0135211400668001,14.624974179999995,21.243045815770625,21.94320561441868,21.576083673078102
P18177,6OQ6,Toxin B,2.97,X-ray,False,no_TM_span,342,0.0,,,,,,,,,
Q87KD2,6V4J,Potassium uptake protein TrkA,2.97,EM,True,,2697,2.0,2.0,0.0,False,0.005,0.0293380317695138,36.553562875,34.74940952764517,32.34763553995051,34.11064414277937
A0A7S0YCV2,7AR9,NUOP8,2.97,EM,True,,5291,2.0,23.0,21.0,True,0.101,-0.0152842769445896,30.745881940000007,30.07062921582443,31.218187311924986,31.283730885144863
P9WNL7,7BVF,Probable arabinosyltransferase B,2.97,EM,True,,2222,2.0,2.0,0.0,False,0.015,0.0150968470507288,36.76521196,34.55988395426711,33.320399461768545,34.20925376928082
A0A7S0UW27,7AR9,B16.6,2.97,EM,True,,5291,2.0,23.0,21.0,True,0.101,-0.0152842769445896,30.745881940000007,30.07062921582443,31.218187311924986,31.283730885144863
Q8LYW0,7AR9,ND2,2.97,EM,True,,5291,2.0,23.0,21.0,True,0.101,-0.0152842769445896,30.745881940000007,30.07062921582443,31.218187311924986,31.283730885144863
Q8LYV9,7AR9,ND5,2.97,EM,True,,5291,2.0,23.0,21.0,True,0.101,-0.0152842769445896,30.745881940000007,30.07062921582443,31.218187311924986,31.283730885144863
Q8LYV7,7AR9,ND6,2.97,EM,True,,5291,2.0,23.0,21.0,True,0.101,-0.0152842769445896,30.745881940000007,30.07062921582443,31.218187311924986,31.283730885144863
P35439,7SAA,"Glutamate receptor ionotropic, NMDA 1",2.97,EM,True,,3164,4.0,4.0,0.0,False,0.006,-0.0531784367184454,19.467776605,21.883387289249903,25.060481174018424,24.89334400073444
Q5QD04,8IW7,Trace amine-associated receptor 9,2.97,EM,True,,1129,1.0,1.0,0.0,False,0.0,0.0208103665190036,5.08884105,12.257187942017683,11.62152707265412,12.727247995670163
E5Q323,7AR9,ND1,2.97,EM,True,,5291,2.0,23.0,21.0,True,0.101,-0.0152842769445896,30.745881940000007,30.07062921582443,31.218187311924986,31.283730885144863
A0A024FSS5,7AR9,B22,2.97,EM,True,,5291,2.0,23.0,21.0,True,0.101,-0.0152842769445896,30.745881940000007,30.07062921582443,31.218187311924986,31.283730885144863
P9WNL9,7BVF,Probable arabinosyltransferase A,2.97,EM,True,,2222,2.0,2.0,0.0,False,0.015,0.0150968470507288,36.76521196,34.55988395426711,33.320399461768545,34.20925376928082
Q6ZWS4,6PEQ,Protein cornichon homolog 3,2.97,EM,True,,2044,4.0,8.0,4.0,True,0.005,-0.0208314432233999,13.202555820000002,19.204439394526467,20.22934689380455,20.50000985463018
Q00960,7SAA,"Glutamate receptor ionotropic, NMDA 2B",2.97,EM,True,,3164,4.0,4.0,0.0,False,0.006,-0.0531784367184454,19.467776605,21.883387289249903,25.060481174018424,24.89334400073444
Q6LPW0,7QHA,"Putative TRAP-type C4-dicarboxylate transport system, small permease component",2.97,EM,True,,684,1.0,2.0,1.0,True,0.0,0.0093889268074066,11.814741879999996,18.74545630868906,18.308473473798127,19.39265103876637
Q6LPW1,7QHA,"Putative TRAP-type C4-dicarboxylate transport system, large permease component",2.97,EM,True,,684,1.0,2.0,1.0,True,0.0,0.0093889268074066,11.814741879999996,18.74545630868906,18.308473473798127,19.39265103876637
A0A7S0VJV3,7AR9,NUOP7,2.97,EM,True,,5291,2.0,23.0,21.0,True,0.101,-0.0152842769445896,30.745881940000007,30.07062921582443,31.218187311924986,31.283730885144863
A0A0Q3IDG7,7EN0,SLow Anion Channel 1,2.97,EM,True,,942,3.0,3.0,0.0,False,0.0,-0.0411544055310741,34.448521265000004,31.36960483966726,34.640283897676056,33.11390173788351
Q9UHE8,6Y9B,Metalloreductase STEAP1,2.97,EM,True,,1434,3.0,3.0,0.0,False,0.0,-0.0324784726831559,19.251299245,24.513932938964373,26.44350910397432,24.754552857133262
Q87TN7,6V4J,Trk system potassium uptake protein TrkH,2.97,EM,True,,2697,2.0,2.0,0.0,False,0.005,0.0293380317695138,36.553562875,34.74940952764517,32.34763553995051,34.11064414277937
A0A0H3PAV1,6YKP,"Chemotaxis protein MotA, putative",2.98,EM,True,,1326,5.0,5.0,0.0,False,0.0,-0.0227344965568811,19.921440305,23.715628002363637,25.089613073535872,25.1817223320839
P32249,7TUY,"G-protein coupled receptor 183,Soluble cytochrome b562 fusion",2.98,EM,True,,928,1.0,1.0,0.0,False,0.0,0.0628621074109905,5.81273723,13.648313509493152,11.596132865354624,13.602395840797984
B7GL84,6Z16,"Multisubunit Na+/H+ antiporter, A subunit",2.98,EM,True,,3744,2.0,6.0,4.0,True,0.0,-0.0071417108922213,157.433051285,68.20647503811762,69.41982624666696,70.79018055923804
P0A312,8HFS,Bacteriocin lactococcin-A,2.98,EM,True,,2149,2.0,7.0,5.0,True,0.052,-0.0368475802037442,13.094620719999998,17.85628962621216,19.661765710679624,20.416040828238728
P48542,3SYA,G protein-activated inward rectifier potassium channel 2,2.98,X-ray,True,,1312,4.0,4.0,0.0,False,0.0,0.0984857487363353,9.89837933,19.668369014716557,15.472791561743223,17.750357737060643
A0A0X1KHE0,5BUN,Outer membrane protein,2.98,X-ray,True,,1285,3.0,3.0,0.0,False,0.008,-0.0675390120637335,8.836719924999997,15.677289641539083,18.39583481673984,16.771449888321477
B7GL82,6Z16,"Multisubunit Na+/H+ antiporter, C subunit",2.98,EM,True,,3744,2.0,6.0,4.0,True,0.0,-0.0071417108922213,157.433051285,68.20647503811762,69.41982624666696,70.79018055923804
B7GL97,6Z16,"Multisubunit Na+/H+ antiporter, E subunit",2.98,EM,True,,3744,2.0,6.0,4.0,True,0.0,-0.0071417108922213,157.433051285,68.20647503811762,69.41982624666696,70.79018055923804
B7GL96,6Z16,"Multisubunit Na+/H+ antiporter, F subunit",2.98,EM,True,,3744,2.0,6.0,4.0,True,0.0,-0.0071417108922213,157.433051285,68.20647503811762,69.41982624666696,70.79018055923804
B7GL83,6Z16,"Multisubunit Na+/H+ antiporter, B subunit",2.98,EM,True,,3744,2.0,6.0,4.0,True,0.0,-0.0071417108922213,157.433051285,68.20647503811762,69.41982624666696,70.79018055923804
A0A0H3PBX6,6YKP,"Chemotaxis protein MotB, putative",2.98,EM,True,,1326,5.0,5.0,0.0,False,0.0,-0.0227344965568811,19.921440305,23.715628002363637,25.089613073535872,25.1817223320839
B7GL98,6Z16,"Multisubunit Na+/H+ antiporter, D subunit",2.98,EM,True,,3744,2.0,6.0,4.0,True,0.0,-0.0071417108922213,157.433051285,68.20647503811762,69.41982624666696,70.79018055923804
B7GIG3,6Z16,"Multisubunit Na+/H+ antiporter, G subunit",2.98,EM,True,,3744,2.0,6.0,4.0,True,0.0,-0.0071417108922213,157.433051285,68.20647503811762,69.41982624666696,70.79018055923804
Q72IM4,4BWZ,NA(+)/H(+) ANTIPORTER,2.984,X-ray,True,,768,2.0,2.0,0.0,False,0.0,0.0263508019647634,23.02440802,28.654097770524885,26.942016489530797,27.071935092075258
Q9HX32,5IVA,LPS-assembly lipoprotein LptE,2.988,X-ray,True,,731,1.0,2.0,1.0,True,0.0,-0.0093982995218258,19.540563035,24.744039199399303,25.306580125386446,24.939836398096197
Q9I5U2,5IVA,LPS-assembly protein LptD,2.988,X-ray,True,,731,1.0,2.0,1.0,True,0.0,-0.0093982995218258,19.540563035,24.744039199399303,25.306580125386446,24.939836398096197
E9QY26,5FRB,"STEROL 14-ALPHA DEMETHYLASE, CYP51B",2.99,X-ray,False,no_TM_span,470,0.0,,,,,,,,,
Q2K4J4,7F47,Hypothetical conserved protein,2.99,EM,True,,1660,2.0,2.0,0.0,False,0.0,-0.0289965527974884,32.98666610999999,30.19353029208941,32.44855803017083,32.40367561721479
Q95KP4,1W52,PANCREATIC LIPASE RELATED PROTEIN 2,2.99,X-ray,False,no_TM_span,450,0.0,,,,,,,,,
Q03PY7,4HUQ,Energy-coupling factor transporter transmembrane protein EcfT,2.998,X-ray,True,,968,1.0,1.0,0.0,False,0.0,-0.1755872109145216,3.50145573,7.898992002389117,12.347900829180247,10.557215423083314
Q03PY6,4HUQ,Energy-coupling factor transporter ATP-binding protein EcfA 1,2.998,X-ray,True,,968,1.0,1.0,0.0,False,0.0,-0.1755872109145216,3.50145573,7.898992002389117,12.347900829180247,10.557215423083314
Q03PY5,4HUQ,Energy-coupling factor transporter ATP-binding protein EcfA 2,2.998,X-ray,True,,968,1.0,1.0,0.0,False,0.0,-0.1755872109145216,3.50145573,7.898992002389117,12.347900829180247,10.557215423083314
Q03S56,4HUQ,Uncharacterized protein,2.998,X-ray,True,,968,1.0,1.0,0.0,False,0.0,-0.1755872109145216,3.50145573,7.898992002389117,12.347900829180247,10.557215423083314
P03925,6ZTQ,NADH-ubiquinone oxidoreductase chain 6,3.0,EM,True,,8182,1.0,20.0,19.0,True,0.0,-0.0122809412292136,33.23354342999999,30.254115013421597,31.212756639500228,32.5247066500028
Q9CQH3,6ZTQ,"NADH dehydrogenase [ubiquinone] 1 beta subcomplex subunit 5, mitochondrial",3.0,EM,True,,8182,1.0,20.0,19.0,True,0.0,-0.0122809412292136,33.23354342999999,30.254115013421597,31.212756639500228,32.5247066500028
Q9CQJ8,6ZTQ,NADH dehydrogenase [ubiquinone] 1 beta subcomplex subunit 9,3.0,EM,True,,8182,1.0,20.0,19.0,True,0.0,-0.0122809412292136,33.23354342999999,30.254115013421597,31.212756639500228,32.5247066500028
Q9CQY9,6ZTQ,"NADH dehydrogenase [ubiquinone] 1 subunit C1, mitochondrial",3.0,EM,True,,8182,1.0,20.0,19.0,True,0.0,-0.0122809412292136,33.23354342999999,30.254115013421597,31.212756639500228,32.5247066500028
Q9CQZ5,6ZTQ,NADH dehydrogenase [ubiquinone] 1 alpha subcomplex subunit 6,3.0,EM,True,,8182,1.0,20.0,19.0,True,0.0,-0.0122809412292136,33.23354342999999,30.254115013421597,31.212756639500228,32.5247066500028
O28846,3NE2,Probable aquaporin AqpM,3.0,X-ray,True,,978,4.0,4.0,0.0,False,0.004,0.0031044598625583,26.490065225,28.695114591366288,28.47876111968621,29.03799174662556
P39543,6WB9,Protein SOP4,3.0,EM,True,,1771,1.0,5.0,4.0,True,0.0,1.743740344467454,0.1081438299999999,9.191256982283011,1.4266586485876782,1.855350377119621
P40046,7YTJ,Vacuolar transporter chaperone 1,3.0,EM,True,,1574,2.0,5.0,3.0,True,0.039,-0.0047625723906787,3.794647095,10.238003208820068,10.363624597945162,10.990330681636026
P53073,6WB9,ER membrane protein complex subunit 4,3.0,EM,True,,1771,1.0,5.0,4.0,True,0.0,1.743740344467454,0.1081438299999999,9.191256982283011,1.4266586485876782,1.855350377119621
O24883,2BHV,COMB10,3.0,X-ray,False,no_TM_span,189,0.0,,,,,,,,,
P00845,6N2Z,ATP synthase subunit c,3.0,EM,True,,4709,1.0,13.0,12.0,True,0.0,-0.1113044249098826,5.630540024999999,9.020636701147646,12.596852853961826,13.387518644285906
Q9Q6P4,3I50,Envelope glycoprotein,3.0,X-ray,False,no_TM_span,273,0.0,,,,,,,,,
Q8DLN5,6KHJ,NAD(P)H-quinone oxidoreductase subunit M,3.0,EM,True,,3877,1.0,10.0,9.0,True,0.0,-0.0116711244479895,30.38549687,29.365307756409862,30.23643616426885,31.099845739694
A0A1B0XTC8,5GZN,Genome polyprotein,3.0,X-ray,False,no_TM_span,402,0.0,,,,,,,,,
Q8DMU4,6KHI,NAD(P)H-quinone oxidoreductase subunit O,3.0,EM,True,,4095,1.0,10.0,9.0,True,0.0,-0.0108629848528802,31.14461902,29.46746830240395,30.288343229404067,31.4859335823058
Q8DMR6,6KHJ,NAD(P)H-quinone oxidoreductase subunit 2,3.0,EM,True,,3877,1.0,10.0,9.0,True,0.0,-0.0116711244479895,30.38549687,29.365307756409862,30.23643616426885,31.099845739694
Q93050,6WLW,V-type proton ATPase 116 kDa subunit a isoform 1,3.0,EM,True,,2750,1.0,15.0,14.0,True,0.0,0.020864362185681,9.014277335000004,17.12868440088936,16.280467588717112,16.939107392460134
Q8ZRP8,1KPL,"putative ClC family, chlorine transport protein",3.0,X-ray,True,,881,2.0,2.0,0.0,False,0.024,0.0181986224905504,25.781472645,29.189558226581305,27.938352619653024,28.64698522232394
Q9ERS2,6ZTQ,NADH dehydrogenase [ubiquinone] 1 alpha subcomplex subunit 13,3.0,EM,True,,8182,1.0,20.0,19.0,True,0.0,-0.0122809412292136,33.23354342999999,30.254115013421597,31.212756639500228,32.5247066500028
Q9D6J5,6ZTQ,"NADH dehydrogenase [ubiquinone] 1 beta subcomplex subunit 8, mitochondrial",3.0,EM,True,,8182,1.0,20.0,19.0,True,0.0,-0.0122809412292136,33.23354342999999,30.254115013421597,31.212756639500228,32.5247066500028
Q9D6J6,6ZTQ,"NADH dehydrogenase [ubiquinone] flavoprotein 2, mitochondrial",3.0,EM,True,,8182,1.0,20.0,19.0,True,0.0,-0.0122809412292136,33.23354342999999,30.254115013421597,31.212756639500228,32.5247066500028
Q8DKZ3,6KHI,NAD(P)H-quinone oxidoreductase subunit L,3.0,EM,True,,4095,1.0,10.0,9.0,True,0.0,-0.0108629848528802,31.14461902,29.46746830240395,30.288343229404067,31.4859335823058
Q8DKZ4,6KHI,NAD(P)H-quinone oxidoreductase subunit K,3.0,EM,True,,4095,1.0,10.0,9.0,True,0.0,-0.0108629848528802,31.14461902,29.46746830240395,30.288343229404067,31.4859335823058
Q8DL29,6KHI,NAD(P)H-quinone oxidoreductase subunit 4L,3.0,EM,True,,4095,1.0,10.0,9.0,True,0.0,-0.0108629848528802,31.14461902,29.46746830240395,30.288343229404067,31.4859335823058
A0A0B4J271,7FJE,"T cell receptor alpha variable 12-3,Possible J 11 gene segment,T cell receptor alpha chain constant",3.0,EM,True,,1058,2.0,8.0,6.0,True,0.077,-0.0084191543676617,0.5995488449999999,3.0193409422181343,3.1076117423368768,4.368550384436159
Q99T13,2HYD,ABC transporter homolog,3.0,X-ray,True,,1156,2.0,2.0,0.0,False,0.0,0.0066166194491801,12.064721585000004,18.85765438386972,18.546460455729186,19.596734816189336
Q8Y8Q5,6ZHH,Calcium-transporting ATPase,3.0,X-ray,True,,883,1.0,1.0,0.0,False,0.0,-0.0385779909141465,7.81383258,14.543539376496152,16.003724645288408,15.770923115654949
Q99LY9,6ZTQ,NADH dehydrogenase [ubiquinone] iron-sulfur protein 5,3.0,EM,True,,8182,1.0,20.0,19.0,True,0.0,-0.0122809412292136,33.23354342999999,30.254115013421597,31.212756639500228,32.5247066500028
Q91R00,2HG0,Envelope glycoprotein,3.0,X-ray,False,no_TM_span,400,0.0,,,,,,,,,
Q9CR61,6ZTQ,NADH dehydrogenase [ubiquinone] 1 beta subcomplex subunit 7,3.0,EM,True,,8182,1.0,20.0,19.0,True,0.0,-0.0122809412292136,33.23354342999999,30.254115013421597,31.212756639500228,32.5247066500028
Q9CR21,6ZTQ,"Acyl carrier protein, mitochondrial",3.0,EM,True,,8182,1.0,20.0,19.0,True,0.0,-0.0122809412292136,33.23354342999999,30.254115013421597,31.212756639500228,32.5247066500028
Q9CQZ6,6ZTQ,NADH dehydrogenase [ubiquinone] 1 beta subcomplex subunit 3,3.0,EM,True,,8182,1.0,20.0,19.0,True,0.0,-0.0122809412292136,33.23354342999999,30.254115013421597,31.212756639500228,32.5247066500028
A0A1D8PLP3,7RJA,Ubiquinol--cytochrome-c reductase subunit 9,3.0,EM,True,,3812,2.0,8.0,6.0,True,0.0,0.0300497493429604,22.516153205,27.758975452789937,25.82823339681851,26.77146645961021
Q9SJE9,7VOJ,Aluminum-activated malate transporter 1,3.0,EM,True,,800,2.0,2.0,0.0,False,0.0,-0.019825666707631,10.233488049999997,17.40635674766018,18.265124938612125,18.0483251756463
Q24CW6,8B6G,"Transmembrane protein, putative",3.0,EM,True,,2411,1.0,7.0,6.0,True,0.0,0.3702134710673034,0.72283562,7.411408030987545,3.1494585677316893,4.796725173822134
A0A1D8PJT8,7RJA,Ubiquinol--cytochrome-c reductase subunit 6,3.0,EM,True,,3812,2.0,8.0,6.0,True,0.0,0.0300497493429604,22.516153205,27.758975452789937,25.82823339681851,26.77146645961021
A0A1D8PJX3,7RJA,"Cytochrome b-c1 complex subunit Rieske, mitochondrial",3.0,EM,True,,3812,2.0,8.0,6.0,True,0.0,0.0300497493429604,22.516153205,27.758975452789937,25.82823339681851,26.77146645961021
P76372,6RBG,Chain length determinant protein,3.0,EM,True,,2464,8.0,8.0,0.0,False,0.0,0.0415369236247798,61.19220686999999,45.255470537484,40.85581483975273,44.13398282970241
P01274,1GCN,GLUCAGON,3.0,X-ray,False,no_TM_span,29,0.0,,,,,,,,,
P01298,7X9C,Pancreatic hormone,3.0,EM,True,,945,1.0,1.0,0.0,False,0.0,0.0137297453015608,4.781897485000001,12.417373710906569,12.01083779785032,12.337443998628345
P52503,6ZTQ,"NADH dehydrogenase [ubiquinone] iron-sulfur protein 6, mitochondrial",3.0,EM,True,,8182,1.0,20.0,19.0,True,0.0,-0.0122809412292136,33.23354342999999,30.254115013421597,31.212756639500228,32.5247066500028
Q91VD9,6ZTQ,"NADH-ubiquinone oxidoreductase 75 kDa subunit, mitochondrial",3.0,EM,True,,8182,1.0,20.0,19.0,True,0.0,-0.0122809412292136,33.23354342999999,30.254115013421597,31.212756639500228,32.5247066500028
Q91WD5,6ZTQ,"NADH dehydrogenase [ubiquinone] iron-sulfur protein 2, mitochondrial",3.0,EM,True,,8182,1.0,20.0,19.0,True,0.0,-0.0122809412292136,33.23354342999999,30.254115013421597,31.212756639500228,32.5247066500028
P07098,1HLG,"LIPASE, GASTRIC",3.0,X-ray,False,no_TM_span,368,0.0,,,,,,,,,
C5W716,3RKO,NADH-QUINONE OXIDOREDUCTASE SUBUNIT K,3.0,X-ray,True,,1952,2.0,6.0,4.0,True,0.097,-0.0332796644999434,43.30782465,32.554118451998534,35.51962187472907,37.12857219879195
P31645,7TXT,Sodium-dependent serotonin transporter,3.0,EM,True,,772,1.0,1.0,0.0,False,0.0,-0.0143830281043314,10.866663615,18.19795959221749,18.839959175423367,18.59829685344384
Q51330,8HPK,Oxalate:formate antiporter,3.0,X-ray,True,,817,1.0,1.0,0.0,False,0.0,0.0162342928612303,7.860190935000002,15.786760070067086,15.17046849687121,15.81763725055899
P83782,7RJA,"Cytochrome b-c1 complex subunit 2, mitochondrial",3.0,EM,True,,3812,2.0,8.0,6.0,True,0.0,0.0300497493429604,22.516153205,27.758975452789937,25.82823339681851,26.77146645961021
A0A1D8PP59,7RJA,Ubiquinol--cytochrome-c reductase subunit,3.0,EM,True,,3812,2.0,8.0,6.0,True,0.0,0.0300497493429604,22.516153205,27.758975452789937,25.82823339681851,26.77146645961021
P41440,7XQ0,Reduced folate transporter,3.0,EM,True,,402,1.0,1.0,0.0,False,0.0,-0.0215394255750157,9.516851385,16.265557857651828,17.16529793582516,17.40490701264273
P50406,7YS6,5-hydroxytryptamine receptor 6,3.0,EM,True,,1130,1.0,1.0,0.0,False,0.0,0.0239618003313482,5.04035943,12.658017698057153,11.929589911587096,12.666476370675058
Q248F8,8B6G,"Transmembrane protein, putative",3.0,EM,True,,2411,1.0,7.0,6.0,True,0.0,0.3702134710673034,0.72283562,7.411408030987545,3.1494585677316893,4.796725173822134
Q45340,3QQ2,BrkA autotransporter,3.0,X-ray,True,,245,1.0,1.0,0.0,False,0.0,0.0054860364297423,4.528110935,11.662478181775803,11.504406701014972,12.00559234834928
Q3UIU2,6ZTQ,NADH dehydrogenase [ubiquinone] 1 beta subcomplex subunit 6,3.0,EM,True,,8182,1.0,20.0,19.0,True,0.0,-0.0122809412292136,33.23354342999999,30.254115013421597,31.212756639500228,32.5247066500028
P50391,7X9C,Neuropeptide Y receptor type 4,3.0,EM,True,,945,1.0,1.0,0.0,False,0.0,0.0137297453015608,4.781897485000001,12.417373710906569,12.01083779785032,12.337443998628345
A0R562,7RH7,LpqE protein,3.0,EM,True,,6076,4.0,18.0,14.0,True,0.016,0.0588939580520361,69.204447135,51.43401817964306,44.8000398309397,46.934485925547335
Q8TDU6,7CFN,G-protein coupled bile acid receptor 1,3.0,EM,True,,1035,1.0,1.0,0.0,False,0.0,0.0022565047063034,5.140703734999999,12.088545550064588,12.019269385238497,12.791938167425752
A0A221C8Y4,7D3U,Monovalent Na+/H+ antiporter subunit G,3.0,EM,True,,1873,1.0,5.0,4.0,True,0.0,0.0009636523773082,45.19123713000001,38.10162203835725,38.013905028713054,37.92732200848749
A0A221C8X7,7D3U,Monovalent Na+/H+ antiporter subunit F,3.0,EM,True,,1873,1.0,5.0,4.0,True,0.0,0.0009636523773082,45.19123713000001,38.10162203835725,38.013905028713054,37.92732200848749
P40540,6WB9,ER membrane protein complex subunit 5,3.0,EM,True,,1771,1.0,5.0,4.0,True,0.0,1.743740344467454,0.1081438299999999,9.191256982283011,1.4266586485876782,1.855350377119621
A0A221C8X5,7D3U,Monovalent Na+/H+ antiporter subunit C,3.0,EM,True,,1873,1.0,5.0,4.0,True,0.0,0.0009636523773082,45.19123713000001,38.10162203835725,38.013905028713054,37.92732200848749
A0A221C8X2,7D3U,Monovalent Na+/H+ antiporter subunit A,3.0,EM,True,,1873,1.0,5.0,4.0,True,0.0,0.0009636523773082,45.19123713000001,38.10162203835725,38.013905028713054,37.92732200848749
A0A369A7G0,7SAU,Gliding motility protein GldL,3.0,EM,True,,791,2.0,7.0,5.0,True,0.007,-0.0896584870193674,0.5705964149999998,2.327239140053397,3.244287483335504,4.261765830210864
Q8TTZ4,3D31,"Sulfate/molybdate ABC transporter, permease protein",3.0,X-ray,True,,1192,2.0,2.0,0.0,False,0.0,0.0208471056072248,10.86295224,18.740592810297542,17.810222148637717,18.595120572704964
Q9JI12,7T3N,Vesicular glutamate transporter 2,3.0,EM,True,,454,1.0,1.0,0.0,False,0.0,0.031294843097732,8.465570315,16.21378173463726,14.98085521397194,16.415464426718263
Q96T51,2YW8,RUN and FYVE domain-containing protein 1,3.0,X-ray,False,no_TM_span,61,0.0,,,,,,,,,
P02932,1PHO,PHOSPHOPORIN,3.0,X-ray,True,,990,3.0,3.0,0.0,False,0.0,-0.0101413518621282,34.02471166,32.27936589966531,33.08036012162492,32.90957625970121
P03315,8IHP,Capsid protein,3.0,EM,True,,4184,8.0,8.0,0.0,False,0.023,0.0144400848515808,50.150198539999984,39.64133593097908,38.25667837827939,39.95410365577221
P13214,1AOW,ANNEXIN IV,3.0,X-ray,False,no_TM_span,309,0.0,,,,,,,,,
O60931,8DKX,Isoform 2 of Cystinosin,3.0,EM,True,,553,1.0,1.0,0.0,False,0.0,-0.0595029807483933,5.19047476,10.928508523745553,12.764110721447764,12.853713199287736
P36039,6WB9,ER membrane protein complex subunit 3,3.0,EM,True,,1771,1.0,5.0,4.0,True,0.0,1.743740344467454,0.1081438299999999,9.191256982283011,1.4266586485876782,1.855350377119621
A0A1I6R6J4,7SAX,GldL,3.0,EM,True,,689,2.0,7.0,5.0,True,0.005,-0.0558776199206958,0.6201801800000001,2.584474207683886,3.180318997327414,4.443078690606805
O09111,6ZTQ,"NADH dehydrogenase [ubiquinone] 1 beta subcomplex subunit 11, mitochondrial",3.0,EM,True,,8182,1.0,20.0,19.0,True,0.0,-0.0122809412292136,33.23354342999999,30.254115013421597,31.212756639500228,32.5247066500028
Q91YT0,6ZTQ,"NADH dehydrogenase [ubiquinone] flavoprotein 1, mitochondrial",3.0,EM,True,,8182,1.0,20.0,19.0,True,0.0,-0.0122809412292136,33.23354342999999,30.254115013421597,31.212756639500228,32.5247066500028
Q92484,5EBE,Acid sphingomyelinase-like phosphodiesterase 3a,3.0,X-ray,False,no_TM_span,418,0.0,,,,,,,,,
A0A0M4TPJ7,6N2Z,ATP synthase gamma chain,3.0,EM,True,,4709,1.0,13.0,12.0,True,0.0,-0.1113044249098826,5.630540024999999,9.020636701147646,12.596852853961826,13.387518644285906
P98155,8IHP,Very low-density lipoprotein receptor,3.0,EM,True,,4184,8.0,8.0,0.0,False,0.023,0.0144400848515808,50.150198539999984,39.64133593097908,38.25667837827939,39.95410365577221
A0A0M4U1P9,6N2Z,ATP synthase subunit beta,3.0,EM,True,,4709,1.0,13.0,12.0,True,0.0,-0.1113044249098826,5.630540024999999,9.020636701147646,12.596852853961826,13.387518644285906
Q22HD6,8B6G,"Transmembrane protein, putative",3.0,EM,True,,2411,1.0,7.0,6.0,True,0.0,0.3702134710673034,0.72283562,7.411408030987545,3.1494585677316893,4.796725173822134
O34840,4KJR,cation exchanger YfkE,3.0,X-ray,True,,975,3.0,3.0,0.0,False,0.0,-0.0200473420277364,41.00432778,33.346420595629155,35.08465344715687,36.127666557217125
A0A0K0K1A5,7FJE,"T cell receptor beta variable 6-5,M1-specific T cell receptor beta chain,T cell receptor beta constant 2",3.0,EM,True,,1058,2.0,8.0,6.0,True,0.077,-0.0084191543676617,0.5995488449999999,3.0193409422181343,3.1076117423368768,4.368550384436159
Q5F9J8,5C6P,protein C,3.0,X-ray,True,,550,1.0,1.0,0.0,False,0.0,0.0412600025415216,10.99291056,18.540022557337124,16.687677448144765,18.7060207130811
Q5ABS1,7RJA,Cytochrome b-c1 complex subunit 7,3.0,EM,True,,3812,2.0,8.0,6.0,True,0.0,0.0300497493429604,22.516153205,27.758975452789937,25.82823339681851,26.77146645961021
P9WJV5,7NVH,Trehalose monomycolate exporter MmpL3,3.0,EM,True,,720,1.0,1.0,0.0,False,0.0,-0.0281159008909204,10.2793754,16.79336251442532,18.013957755714383,18.08874460435123
Q8BK30,6ZTQ,"NADH dehydrogenase [ubiquinone] flavoprotein 3, mitochondrial",3.0,EM,True,,8182,1.0,20.0,19.0,True,0.0,-0.0122809412292136,33.23354342999999,30.254115013421597,31.212756639500228,32.5247066500028
P0AFF4,7DL9,Nucleoside permease NupG,3.0,X-ray,True,,405,1.0,1.0,0.0,False,0.0,-0.0315452665039668,9.317987385,15.638918419547991,16.942780230097217,17.22210063836972
Q23DI3,8B6G,"Succinate dehydrogenase [ubiquinone] flavoprotein subunit, mitochondrial",3.0,EM,True,,2411,1.0,7.0,6.0,True,0.0,0.3702134710673034,0.72283562,7.411408030987545,3.1494585677316893,4.796725173822134
Q23S01,8B6G,"Transmembrane protein, putative",3.0,EM,True,,2411,1.0,7.0,6.0,True,0.0,0.3702134710673034,0.72283562,7.411408030987545,3.1494585677316893,4.796725173822134
P35094,1IJD,"LIGHT-HARVESTING PROTEIN B-800/820, BETA CHAIN",3.0,X-ray,True,,774,18.0,18.0,0.0,False,0.07,0.0212669922678231,36.4736318,33.04628670872428,31.30715736305132,34.07332914020508
A0A0M3VGF9,6N2Y,ATP synthase subunit alpha,3.0,EM,True,,4713,1.0,13.0,12.0,True,0.0,-0.1106103249996168,5.610762575000001,9.047544702188045,12.595212284304912,13.36398591982393
Q86YD5,7FFN,Low-density lipoprotein receptor class A domain-containing protein 3,3.0,EM,True,,1113,2.0,2.0,0.0,False,0.027,0.0987109851374175,0.903171325,5.257971357885782,3.987728207045793,5.361794118251963
P60616,7KOO,Alpha-bungarotoxin isoform V31,3.0,EM,True,,2320,5.0,5.0,0.0,False,0.0,0.0484871103062081,21.995811170000003,26.625304032213524,23.54614160399601,26.460317741937363
Q9CQ54,6ZTQ,NADH dehydrogenase [ubiquinone] 1 subunit C2,3.0,EM,True,,8182,1.0,20.0,19.0,True,0.0,-0.0122809412292136,33.23354342999999,30.254115013421597,31.212756639500228,32.5247066500028
Q9CPU2,6ZTQ,"NADH dehydrogenase [ubiquinone] 1 beta subcomplex subunit 2, mitochondrial",3.0,EM,True,,8182,1.0,20.0,19.0,True,0.0,-0.0122809412292136,33.23354342999999,30.254115013421597,31.212756639500228,32.5247066500028
Q9CPP6,6ZTQ,NADH dehydrogenase [ubiquinone] 1 alpha subcomplex subunit 5,3.0,EM,True,,8182,1.0,20.0,19.0,True,0.0,-0.0122809412292136,33.23354342999999,30.254115013421597,31.212756639500228,32.5247066500028
Q8K3J1,6ZTQ,"NADH dehydrogenase [ubiquinone] iron-sulfur protein 8, mitochondrial",3.0,EM,True,,8182,1.0,20.0,19.0,True,0.0,-0.0122809412292136,33.23354342999999,30.254115013421597,31.212756639500228,32.5247066500028
P03406,1AVV,NEGATIVE FACTOR,3.0,X-ray,False,no_TM_span,99,0.0,,,,,,,,,
O75787,6WLW,Renin receptor,3.0,EM,True,,2750,1.0,15.0,14.0,True,0.0,0.020864362185681,9.014277335000004,17.12868440088936,16.280467588717112,16.939107392460134
O75907,6VYI,Diacylglycerol O-acyltransferase 1,3.0,EM,True,,812,2.0,2.0,0.0,False,0.0,-0.012606109401657,25.97060232,29.98632296060269,30.856201042584285,28.75186858032655
Q01970,4QJ3,"1-phosphatidylinositol 4,5-bisphosphate phosphodiesterase beta-3",3.0,X-ray,False,no_TM_span,1073,0.0,,,,,,,,,
Q9Z1P6,6ZTQ,NADH dehydrogenase [ubiquinone] 1 alpha subcomplex subunit 7,3.0,EM,True,,8182,1.0,20.0,19.0,True,0.0,-0.0122809412292136,33.23354342999999,30.254115013421597,31.212756639500228,32.5247066500028
P13208,6LRY,Sarafotoxin-B,3.0,X-ray,True,,489,1.0,1.0,0.0,False,0.0,0.0270628247233347,4.765172304999999,12.393188298197272,11.593264284220584,12.315849357842524
Q8DJ02,6KHI,NAD(P)H-quinone oxidoreductase subunit 3,3.0,EM,True,,4095,1.0,10.0,9.0,True,0.0,-0.0108629848528802,31.14461902,29.46746830240395,30.288343229404067,31.4859335823058
Q01668,7UHG,Voltage-dependent L-type calcium channel subunit alpha-1D,3.0,EM,True,,2504,1.0,1.0,0.0,False,0.0,-0.0040314710759232,48.396326245,39.285965867357646,39.66572309784792,39.24924088279868
P21850,8F7S,deltorphin,3.0,EM,True,,1239,2.0,2.0,0.0,False,0.003,-0.0039289341006045,19.49505818,23.299701435223508,23.5345961892662,24.910780297738924
Q6P5S7,6WLW,Ribonuclease kappa,3.0,EM,True,,2750,1.0,15.0,14.0,True,0.0,0.020864362185681,9.014277335000004,17.12868440088936,16.280467588717112,16.939107392460134
Q8DL32,6KHI,NAD(P)H-quinone oxidoreductase subunit 1,3.0,EM,True,,4095,1.0,10.0,9.0,True,0.0,-0.0108629848528802,31.14461902,29.46746830240395,30.288343229404067,31.4859335823058
Q8DJ01,6KHI,NAD(P)H-quinone oxidoreductase subunit J,3.0,EM,True,,4095,1.0,10.0,9.0,True,0.0,-0.0108629848528802,31.14461902,29.46746830240395,30.288343229404067,31.4859335823058
Q15738,6JKH,"Sterol-4-alpha-carboxylate 3-dehydrogenase, decarboxylating",3.0,X-ray,False,no_TM_span,423,0.0,,,,,,,,,
Q8TTZ3,3D31,"Sulfate/molybdate ABC transporter, ATP-binding protein",3.0,X-ray,True,,1192,2.0,2.0,0.0,False,0.0,0.0208471056072248,10.86295224,18.740592810297542,17.810222148637717,18.595120572704964
Q15904,6WLW,V-type proton ATPase subunit S1,3.0,EM,True,,2750,1.0,15.0,14.0,True,0.0,0.020864362185681,9.014277335000004,17.12868440088936,16.280467588717112,16.939107392460134
P05484,7MIX,Omega-conotoxin MVIIA,3.0,EM,True,,2626,1.0,1.0,0.0,False,0.0,-0.0060505714329831,44.72815068499999,38.77892233049228,39.32684992042449,37.732496013057215
Q9DCT2,6ZTQ,"NADH dehydrogenase [ubiquinone] iron-sulfur protein 3, mitochondrial",3.0,EM,True,,8182,1.0,20.0,19.0,True,0.0,-0.0122809412292136,33.23354342999999,30.254115013421597,31.212756639500228,32.5247066500028
A0R052,7RH7,Cytochrome bc1 complex cytochrome b subunit,3.0,EM,True,,6076,4.0,18.0,14.0,True,0.016,0.0588939580520361,69.204447135,51.43401817964306,44.8000398309397,46.934485925547335
O95838,7D68,Glucagon-like peptide 2 receptor,3.0,EM,True,,1070,1.0,1.0,0.0,False,0.0,0.0563220286166917,5.023685154999998,13.202945514581405,11.493615962854662,12.645507700014454
P35089,1IJD,"LIGHT-HARVESTING PROTEIN B-800/820, ALPHA CHAIN",3.0,X-ray,True,,774,18.0,18.0,0.0,False,0.07,0.0212669922678231,36.4736318,33.04628670872428,31.30715736305132,34.07332914020508
Q8DJU2,6KHI,NAD(P)H-quinone oxidoreductase subunit N,3.0,EM,True,,4095,1.0,10.0,9.0,True,0.0,-0.0108629848528802,31.14461902,29.46746830240395,30.288343229404067,31.4859335823058
Q8DKX9,6KHI,NADH dehydrogenase subunit 5,3.0,EM,True,,4095,1.0,10.0,9.0,True,0.0,-0.0108629848528802,31.14461902,29.46746830240395,30.288343229404067,31.4859335823058
Q8DJD9,6KHI,NAD(P)H-quinone oxidoreductase subunit H,3.0,EM,True,,4095,1.0,10.0,9.0,True,0.0,-0.0108629848528802,31.14461902,29.46746830240395,30.288343229404067,31.4859335823058
Q8DKY0,6KHI,NAD(P)H-quinone oxidoreductase chain 4 1,3.0,EM,True,,4095,1.0,10.0,9.0,True,0.0,-0.0108629848528802,31.14461902,29.46746830240395,30.288343229404067,31.4859335823058
F9YQB6,7SAZ,GldL,3.0,EM,True,,722,2.0,7.0,5.0,True,0.005,-0.0145026286259295,0.58319375,3.508426105220745,3.658390949840579,4.308553541336095
P05674,7FFF,Capsid protein,3.0,EM,True,,4452,8.0,8.0,0.0,False,0.027,0.0210764052782355,46.95168199,39.23513368774195,37.27963096991916,38.65900225093043
Q8NB49,7BSV,ATP11C,3.0,EM,True,,1140,1.0,2.0,1.0,True,0.0,-0.0037057939197263,8.53032452,16.559907102803773,16.706462003818185,16.478126796065137
P00191,3QZ1,Steroid 21-hydroxylase,3.0,X-ray,False,no_TM_span,445,0.0,,,,,,,,,
P08908,7E2Y,"Soluble cytochrome b562,5-hydroxytryptamine receptor 1A",3.0,EM,True,,869,1.0,1.0,0.0,False,0.0,0.0511133430447239,5.146380480000002,13.000833925993824,11.430754807582032,12.798999120428451
G2QFF9,6WUT,Bac_surface_Ag domain-containing protein,3.0,EM,True,,1087,1.0,2.0,1.0,True,0.0,0.0050662958269152,9.522291355,17.045805184169442,16.834116529307057,17.409880750363985
G2Q6R7,6WUT,Tom37 domain-containing protein,3.0,EM,True,,1087,1.0,2.0,1.0,True,0.0,0.0050662958269152,9.522291355,17.045805184169442,16.834116529307057,17.409880750363985
O35683,6ZTQ,NADH dehydrogenase [ubiquinone] 1 alpha subcomplex subunit 1,3.0,EM,True,,8182,1.0,20.0,19.0,True,0.0,-0.0122809412292136,33.23354342999999,30.254115013421597,31.212756639500228,32.5247066500028
Q99437,6WLW,V-type proton ATPase 21 kDa proteolipid subunit,3.0,EM,True,,2750,1.0,15.0,14.0,True,0.0,0.020864362185681,9.014277335000004,17.12868440088936,16.280467588717112,16.939107392460134
P53192,3SJA,Golgi to ER traffic protein 1,3.0,X-ray,False,no_TM_span,797,0.0,,,,,,,,,
O15342,6WLW,V-type proton ATPase subunit e 1,3.0,EM,True,,2750,1.0,15.0,14.0,True,0.0,0.020864362185681,9.014277335000004,17.12868440088936,16.280467588717112,16.939107392460134
O14649,6RV2,Potassium channel subfamily K member 3,3.0,X-ray,True,,512,2.0,2.0,0.0,False,0.008,0.0656082824955154,9.924052209999996,18.81908509696028,16.02049370198425,17.773361892020024
P47075,7YTJ,Vacuolar transporter chaperone 4,3.0,EM,True,,1574,2.0,5.0,3.0,True,0.039,-0.0047625723906787,3.794647095,10.238003208820068,10.363624597945162,10.990330681636026
P46663,7EIB,B1 bradykinin receptor,3.0,EM,True,,928,1.0,1.0,0.0,False,0.0,0.0302391221247276,4.567123694999999,12.18641136101688,11.311373445687364,12.057199606636456
P47133,6WB9,ER membrane protein complex subunit 2,3.0,EM,True,,1771,1.0,5.0,4.0,True,0.0,1.743740344467454,0.1081438299999999,9.191256982283011,1.4266586485876782,1.855350377119621
O88867,6LKE,Kynurenine 3-monooxygenase,3.0,X-ray,True,,849,1.0,1.0,0.0,False,0.0,-0.2384715353847882,0.1682731399999999,1.5219193548328045,2.8465056358174343,2.314368251622655
Q7TMF3,6ZTQ,NADH dehydrogenase [ubiquinone] 1 alpha subcomplex subunit 12,3.0,EM,True,,8182,1.0,20.0,19.0,True,0.0,-0.0122809412292136,33.23354342999999,30.254115013421597,31.212756639500228,32.5247066500028
P03911,6ZTQ,NADH-ubiquinone oxidoreductase chain 4,3.0,EM,True,,8182,1.0,20.0,19.0,True,0.0,-0.0122809412292136,33.23354342999999,30.254115013421597,31.212756639500228,32.5247066500028
Q9CXZ1,6ZTQ,"NADH dehydrogenase [ubiquinone] iron-sulfur protein 4, mitochondrial",3.0,EM,True,,8182,1.0,20.0,19.0,True,0.0,-0.0122809412292136,33.23354342999999,30.254115013421597,31.212756639500228,32.5247066500028
A0A1D8PHA3,7RJA,Ubiquinol--cytochrome-c reductase catalytic subunit,3.0,EM,True,,3812,2.0,8.0,6.0,True,0.0,0.0300497493429604,22.516153205,27.758975452789937,25.82823339681851,26.77146645961021
Q05769,1CX2,CYCLOOXYGENASE-2,3.0,X-ray,False,no_TM_span,1104,0.0,,,,,,,,,
A0A0M5MQR7,6N2Z,ATP synthase epsilon chain,3.0,EM,True,,4709,1.0,13.0,12.0,True,0.0,-0.1113044249098826,5.630540024999999,9.020636701147646,12.596852853961826,13.387518644285906
Q12025,6WB9,Endoplasmic reticulum membrane protein complex subunit 10,3.0,EM,True,,1771,1.0,5.0,4.0,True,0.0,1.743740344467454,0.1081438299999999,9.191256982283011,1.4266586485876782,1.855350377119621
P21279,4QJ3,Guanine nucleotide-binding protein G(q) subunit alpha,3.0,X-ray,False,no_TM_span,1073,0.0,,,,,,,,,
A0A1U7U6F1,6VYH,Solute carrier family 40 protein,3.0,EM,True,,860,1.0,1.0,0.0,False,0.0,0.0387975552861836,9.864850075,18.286118204954292,16.636110733852902,17.720268916112445
A0QQQ1,7RH5,Superoxide dismutase [Cu-Zn],3.0,EM,True,,6076,4.0,18.0,14.0,True,0.016,0.0588238347569644,69.14994517000001,51.367008970938,44.743539202655626,46.91600065721509
P27449,6WLW,V-type proton ATPase 16 kDa proteolipid subunit,3.0,EM,True,,2750,1.0,15.0,14.0,True,0.0,0.020864362185681,9.014277335000004,17.12868440088936,16.280467588717112,16.939107392460134
O95267,4L9M,RAS guanyl-releasing protein 1,3.0,X-ray,False,no_TM_span,522,0.0,,,,,,,,,
I7FPH1,7RH7,Cytochrome bc1 complex cytochrome c subunit,3.0,EM,True,,6076,4.0,18.0,14.0,True,0.016,0.0588939580520361,69.204447135,51.43401817964306,44.8000398309397,46.934485925547335
P0C8L0,7RJA,Cytochrome b,3.0,EM,True,,3812,2.0,8.0,6.0,True,0.0,0.0300497493429604,22.516153205,27.758975452789937,25.82823339681851,26.77146645961021
A0A0X9QZM7,5JHL,envelope protein,3.0,X-ray,False,no_TM_span,385,0.0,,,,,,,,,
I7GD61,7RH7,Cytochrome bc1 complex Rieske iron-sulfur subunit,3.0,EM,True,,6076,4.0,18.0,14.0,True,0.016,0.0588939580520361,69.204447135,51.43401817964306,44.8000398309397,46.934485925547335
Q14108,5UPH,Lysosome membrane protein 2,3.0,X-ray,False,no_TM_span,316,0.0,,,,,,,,,
Q12431,6WB9,ER membrane protein complex subunit 6,3.0,EM,True,,1771,1.0,5.0,4.0,True,0.0,1.743740344467454,0.1081438299999999,9.191256982283011,1.4266586485876782,1.855350377119621
Q02725,7YTJ,Vacuolar transporter chaperone 3,3.0,EM,True,,1574,2.0,5.0,3.0,True,0.039,-0.0047625723906787,3.794647095,10.238003208820068,10.363624597945162,10.990330681636026
P0DN34,6ZTQ,NADH dehydrogenase [ubiquinone] 1 beta subcomplex subunit 1,3.0,EM,True,,8182,1.0,20.0,19.0,True,0.0,-0.0122809412292136,33.23354342999999,30.254115013421597,31.212756639500228,32.5247066500028
Q9CQ91,6ZTQ,NADH dehydrogenase [ubiquinone] 1 alpha subcomplex subunit 3,3.0,EM,True,,8182,1.0,20.0,19.0,True,0.0,-0.0122809412292136,33.23354342999999,30.254115013421597,31.212756639500228,32.5247066500028
Q9CQ75,6ZTQ,NADH dehydrogenase [ubiquinone] 1 alpha subcomplex subunit 2,3.0,EM,True,,8182,1.0,20.0,19.0,True,0.0,-0.0122809412292136,33.23354342999999,30.254115013421597,31.212756639500228,32.5247066500028
A0A221C8X1,7D3U,Cation antiporter,3.0,EM,True,,1873,1.0,5.0,4.0,True,0.0,0.0009636523773082,45.19123713000001,38.10162203835725,38.013905028713054,37.92732200848749
A0A221C8X0,7D3U,Monovalent Na+/H+ antiporter subunit D,3.0,EM,True,,1873,1.0,5.0,4.0,True,0.0,0.0009636523773082,45.19123713000001,38.10162203835725,38.013905028713054,37.92732200848749
Q8EKT7,4UVM,GLUTATHIONE UPTAKE TRANSPORTER,3.0,X-ray,True,,505,1.0,1.0,0.0,False,0.0,-0.046088009803775,12.407427605,17.99416718928065,20.192356718794617,19.87311467480921
P25574,6WB9,ER membrane protein complex subunit 1,3.0,EM,True,,1771,1.0,5.0,4.0,True,0.0,1.743740344467454,0.1081438299999999,9.191256982283011,1.4266586485876782,1.855350377119621
G5E814,6ZTQ,MCG5603,3.0,EM,True,,8182,1.0,20.0,19.0,True,0.0,-0.0122809412292136,33.23354342999999,30.254115013421597,31.212756639500228,32.5247066500028
A0A5S8WF66,6O72,Transient receptor potential cation channel subfamily M member 8,3.0,EM,True,,3432,4.0,4.0,0.0,False,0.0,-0.0492344853579155,37.49621648,36.02614975928675,40.10839820120118,34.547671991136504
Q9DC70,6ZTQ,"NADH dehydrogenase [ubiquinone] iron-sulfur protein 7, mitochondrial",3.0,EM,True,,8182,1.0,20.0,19.0,True,0.0,-0.0122809412292136,33.23354342999999,30.254115013421597,31.212756639500228,32.5247066500028
Q9CQC7,6ZTQ,NADH dehydrogenase [ubiquinone] 1 beta subcomplex subunit 4,3.0,EM,True,,8182,1.0,20.0,19.0,True,0.0,-0.0122809412292136,33.23354342999999,30.254115013421597,31.212756639500228,32.5247066500028
O74312,7D0I,Autophagy-related protein 9,3.0,EM,True,,1272,3.0,3.0,0.0,False,0.0,-0.0859958730333728,37.528581315,29.08122454773778,36.21459845370463,34.56257867552244
Q03155,4MEE,Diffuse adherence adhesin,3.0,X-ray,True,,303,1.0,1.0,0.0,False,0.0,-0.0170213840988611,4.711970395000001,11.566018552248488,12.06632079979751,12.246904752360251
Q8DL31,6KHI,NAD(P)H-quinone oxidoreductase subunit I,3.0,EM,True,,4095,1.0,10.0,9.0,True,0.0,-0.0108629848528802,31.14461902,29.46746830240395,30.288343229404067,31.4859335823058
B2IZD3,2J69,BACTERIAL DYNAMIN-LIKE PROTEIN,3.0,X-ray,False,no_TM_span,671,0.0,,,,,,,,,
Q8DL30,6KHI,NADH-quinone oxidoreductase subunit J,3.0,EM,True,,4095,1.0,10.0,9.0,True,0.0,-0.0108629848528802,31.14461902,29.46746830240395,30.288343229404067,31.4859335823058
P61421,6WLW,V-type proton ATPase subunit d 1,3.0,EM,True,,2750,1.0,15.0,14.0,True,0.0,0.020864362185681,9.014277335000004,17.12868440088936,16.280467588717112,16.939107392460134
P03888,6ZTQ,NADH-ubiquinone oxidoreductase chain 1,3.0,EM,True,,8182,1.0,20.0,19.0,True,0.0,-0.0122809412292136,33.23354342999999,30.254115013421597,31.212756639500228,32.5247066500028
P03893,6ZTQ,NADH-ubiquinone oxidoreductase chain 2,3.0,EM,True,,8182,1.0,20.0,19.0,True,0.0,-0.0122809412292136,33.23354342999999,30.254115013421597,31.212756639500228,32.5247066500028
P03899,6ZTQ,NADH-ubiquinone oxidoreductase chain 3,3.0,EM,True,,8182,1.0,20.0,19.0,True,0.0,-0.0122809412292136,33.23354342999999,30.254115013421597,31.212756639500228,32.5247066500028
Q12001,6SNI,"Dolichyl pyrophosphate Man9GlcNAc2 alpha-1,3-glucosyltransferase",3.0,EM,True,,925,1.0,1.0,0.0,False,0.0,0.0291560210961564,13.161375875,20.70967234105989,19.27743429124886,20.468014209476543
Q6DC22,7TU9,Glycine receptor beta subunit 2,3.0,EM,True,,1709,5.0,5.0,0.0,False,0.005,0.061198739301216,21.93712576,27.981034183469383,24.0998107612162,26.42499574998093
P25021,7UL3,Histamine H2 receptor,3.0,EM,True,,767,1.0,1.0,0.0,False,0.0,0.0434856430355162,5.499914779999999,13.339845269677715,11.958951780363376,13.231316063197747
Q9DCJ5,6ZTQ,NADH dehydrogenase [ubiquinone] 1 alpha subcomplex subunit 8,3.0,EM,True,,8182,1.0,20.0,19.0,True,0.0,-0.0122809412292136,33.23354342999999,30.254115013421597,31.212756639500228,32.5247066500028
Q9DCS9,6ZTQ,NADH dehydrogenase [ubiquinone] 1 beta subcomplex subunit 10,3.0,EM,True,,8182,1.0,20.0,19.0,True,0.0,-0.0122809412292136,33.23354342999999,30.254115013421597,31.212756639500228,32.5247066500028
Q9DC69,6ZTQ,"NADH dehydrogenase [ubiquinone] 1 alpha subcomplex subunit 9, mitochondrial",3.0,EM,True,,8182,1.0,20.0,19.0,True,0.0,-0.0122809412292136,33.23354342999999,30.254115013421597,31.212756639500228,32.5247066500028
A0A1D8PHA2,7RJA,Ubiquinol--cytochrome-c reductase subunit 8,3.0,EM,True,,3812,2.0,8.0,6.0,True,0.0,0.0300497493429604,22.516153205,27.758975452789937,25.82823339681851,26.77146645961021
P75783,7A46,Putative transport protein,3.0,EM,True,,1561,7.0,7.0,0.0,False,0.0,0.0135898380761071,17.190526369999997,23.889354826869248,23.12640641222747,23.392123657919885
Q99LC3,6ZTQ,"NADH dehydrogenase [ubiquinone] 1 alpha subcomplex subunit 10, mitochondrial",3.0,EM,True,,8182,1.0,20.0,19.0,True,0.0,-0.0122809412292136,33.23354342999999,30.254115013421597,31.212756639500228,32.5247066500028
W7XF00,8B6G,"Transmembrane protein, putative",3.0,EM,True,,2411,1.0,7.0,6.0,True,0.0,0.3702134710673034,0.72283562,7.411408030987545,3.1494585677316893,4.796725173822134
P03921,6ZTQ,NADH-ubiquinone oxidoreductase chain 5,3.0,EM,True,,8182,1.0,20.0,19.0,True,0.0,-0.0122809412292136,33.23354342999999,30.254115013421597,31.212756639500228,32.5247066500028
Q99250,6J8E,Sodium channel protein type 2 subunit alpha,3.0,EM,True,,1282,1.0,1.0,0.0,False,0.0,0.0006970928940066,46.85482683000001,39.94598819116538,39.88137753827733,38.61910744103044
Q98SW6,7RHR,Patched-1,3.0,EM,True,,974,1.0,1.0,0.0,False,0.0,-0.0208511174501422,10.359531350000005,16.522872217776353,17.431603951881414,18.15913336295516
P03903,6ZTQ,NADH-ubiquinone oxidoreductase chain 4L,3.0,EM,True,,8182,1.0,20.0,19.0,True,0.0,-0.0122809412292136,33.23354342999999,30.254115013421597,31.212756639500228,32.5247066500028
Q55487,5EKE,Uncharacterized glycosyltransferase sll0501,3.001,X-ray,True,,1190,4.0,4.0,0.0,False,0.023,-0.1505870649700836,6.222994945,14.30562676316852,19.392181217150476,14.074234660063242
P60063,3L1L,Arginine/agmatine antiporter,3.002,X-ray,True,,848,2.0,2.0,0.0,False,0.0,0.0351402589599624,24.47006370500001,29.21758020854076,26.8638384466895,27.908893193476267
Q8VIM0,3KAA,Hepatitis A virus cellular receptor 2,3.002,X-ray,False,no_TM_span,107,0.0,,,,,,,,,
A0A0B8R2U7,4TKR,Thiamine transporter thia,3.0023,X-ray,True,,183,1.0,1.0,0.0,False,0.0,0.0476965513422875,3.2345430850000003,10.659554990042048,9.498026800069589,10.146856859357568
P37758,4IU9,Nitrite extrusion protein 2,3.005,X-ray,True,,424,1.0,1.0,0.0,False,0.0,0.0238734132776785,7.76405038,15.786875182004255,14.88614442228346,15.720604291130211
Q56993,4G1U,Hemin import ATP-binding protein HmuV,3.008,X-ray,True,,1113,2.0,2.0,0.0,False,0.0,0.0255289287098182,18.160324445,24.08268817191556,22.60959336837486,24.04290083818644
Q56992,4G1U,Hemin transport system permease protein hmuU,3.008,X-ray,True,,1113,2.0,2.0,0.0,False,0.0,0.0255289287098182,18.160324445,24.08268817191556,22.60959336837486,24.04290083818644
Q9GV45,8HCQ,"Endothelin-1 receptor,Oplophorus-luciferin 2-monooxygenase catalytic subunit chimera",3.01,EM,True,,1157,1.0,1.0,0.0,False,0.0,0.0503693507987006,5.452101714999999,13.792892775210944,12.200373735071969,13.17367783257242
P42532,3W5A,Sarcolipin,3.01,X-ray,True,,1025,1.0,2.0,1.0,True,0.0,-0.0133127895457137,9.101556260000002,16.273711024112433,16.817541073488492,17.02091459709486
Q12165,2XOK,ATP SYNTHASE,3.01,X-ray,True,,4980,10.0,10.0,0.0,False,0.013,-0.031309356118045,13.18206786,19.497847991542905,21.03707336265271,20.484097539758995
Q1H8W5,3N41,E1 envelope glycoprotein,3.01,X-ray,False,no_TM_span,383,0.0,,,,,,,,,
P0A927,1TLY,Nucleoside-specific channel-forming protein tsx,3.01,X-ray,True,,251,1.0,1.0,0.0,False,0.0,-0.0477360287135806,4.70289532,12.048370276728717,13.450103114420742,12.235105533028646
P00830,2XOK,"ATP SYNTHASE SUBUNIT BETA, MITOCHONDRIAL",3.01,X-ray,True,,4980,10.0,10.0,0.0,False,0.013,-0.031309356118045,13.18206786,19.497847991542905,21.03707336265271,20.484097539758995
P07251,2XOK,"ATP SYNTHASE SUBUNIT ALPHA, MITOCHONDRIAL",3.01,X-ray,True,,4980,10.0,10.0,0.0,False,0.013,-0.031309356118045,13.18206786,19.497847991542905,21.03707336265271,20.484097539758995
P38077,2XOK,"ATP SYNTHASE SUBUNIT GAMMA, MITOCHONDRIAL",3.01,X-ray,True,,4980,10.0,10.0,0.0,False,0.013,-0.031309356118045,13.18206786,19.497847991542905,21.03707336265271,20.484097539758995
Q3YPZ4,6OUG,Matrix protein 2,3.01,X-ray,True,,136,4.0,4.0,0.0,False,0.021,-0.0300692764375797,2.307349575,7.580501840472372,8.198968057400906,8.570018556598741
Q1G930,5D0Y,Conserved hypothetical membrane protein,3.014,X-ray,True,,156,1.0,1.0,0.0,False,0.0,0.0062689865039425,3.970717075,9.86904667018855,9.699898185331286,11.242412998156954
A0A2R9TD79,4W6V,Di-/tripeptide transporter,3.01819,X-ray,True,,483,1.0,1.0,0.0,False,0.0,-0.0461553708671555,12.703440915000003,18.503597636262164,20.731105450836967,20.10878124550605
Q13304,7Y89,Uracil nucleotide/cysteinyl leukotriene receptor,3.02,EM,True,,1110,1.0,1.0,0.0,False,0.0,0.0381793367854723,5.404291185000001,13.1238728098936,11.922067673534668,13.115789385322614
B3DLA5,6VD7,Pannexin,3.02,EM,True,,2079,7.0,7.0,0.0,False,0.0,-0.031115360341933,40.161268045,34.39041960634113,37.06044166012512,35.754340520279015
F1NCD6,7MJS,Major Facilitator Superfamily Domain containing 2A,3.03,EM,True,,703,1.0,1.0,0.0,False,0.0,-0.0211362474557059,9.486875950000002,16.034724324940267,16.916231397550458,17.377475086686907
C0HAK2,6M97,Chimera protein of High affinity copper uptake protein 1 and Soluble cytochrome b562,3.03,X-ray,True,,345,3.0,3.0,0.0,False,0.0,-0.020757919029785,7.468130680000001,14.363176752683747,15.131291446863496,15.418105677275909
P01857,7WSO,Immunoglobulin heavy constant gamma 1,3.03,EM,True,,780,2.0,4.0,2.0,True,0.0,-0.0567779446281347,0.670718575,2.444644868060677,3.074275921442672,4.620566559087795
P40259,7WSO,B-cell antigen receptor complex-associated protein beta chain,3.03,EM,True,,780,2.0,4.0,2.0,True,0.0,-0.0567779446281347,0.670718575,2.444644868060677,3.074275921442672,4.620566559087795
A0A8M1PIC7,6B82,"Cytochrome P450, family 17, subfamily A, polypeptide 1",3.03,X-ray,False,no_TM_span,465,0.0,,,,,,,,,
Q9ZIH2,7NH9,CmaX protein,3.03,EM,True,,1635,5.0,5.0,0.0,False,0.0,0.0211513848903047,11.629938635,18.58338030979641,17.606674378471073,19.240385763365868
P11912,7WSO,B-cell antigen receptor complex-associated protein alpha chain,3.03,EM,True,,780,2.0,4.0,2.0,True,0.0,-0.0567779446281347,0.670718575,2.444644868060677,3.074275921442672,4.620566559087795
P45758,5WQ7,Putative type II secretion system protein D,3.04,EM,True,,7080,15.0,15.0,0.0,False,0.0,-0.0806546672022062,95.27912310999996,56.38353090483241,67.04371450668464,55.07112386072711
P0A6S5,8HHF,Cell division protein FtsB,3.04,X-ray,True,,409,1.0,1.0,0.0,False,0.0,-0.0022726863401264,0.1135924750000001,1.460990957197831,1.4713626725242224,1.9015153901187631
P19843,7ZNQ,Probable ABC transporter binding protein NosD,3.04,EM,True,,1670,2.0,2.0,0.0,False,0.037,0.1166491312433901,13.482378735,24.97523741262914,19.175596892751432,20.71611556403519
Q86YT5,7JSK,Solute carrier family 13 member 5,3.04,EM,True,,936,2.0,2.0,0.0,False,0.0,0.0059543631760021,27.77813331499999,29.908058444037195,29.483122807069957,29.735592232030307
P0AEN4,8HHF,Cell division protein FtsL,3.04,X-ray,True,,409,1.0,1.0,0.0,False,0.0,-0.0022726863401264,0.1135924750000001,1.460990957197831,1.4713626725242224,1.9015153901187631
P19844,7ZNQ,Probable ABC transporter ATP-binding protein NosF,3.04,EM,True,,1670,2.0,2.0,0.0,False,0.037,0.1166491312433901,13.482378735,24.97523741262914,19.175596892751432,20.71611556403519
O60741,6UQF,Potassium/sodium hyperpolarization-activated cyclic nucleotide-gated channel 1,3.04,EM,True,,2124,4.0,4.0,0.0,False,0.0,0.0214474400525154,47.38022935,40.507823184795,38.50883444715301,38.835029820717786
P06136,8HHF,Cell division protein FtsQ,3.04,X-ray,True,,409,1.0,1.0,0.0,False,0.0,-0.0022726863401264,0.1135924750000001,1.460990957197831,1.4713626725242224,1.9015153901187631
P19845,7ZNQ,Probable ABC transporter permease protein NosY,3.04,EM,True,,1670,2.0,2.0,0.0,False,0.037,0.1166491312433901,13.482378735,24.97523741262914,19.175596892751432,20.71611556403519
P08219,6HUJ,"Gamma-aminobutyric acid receptor subunit alpha-1,Gamma-aminobutyric acid receptor subunit alpha-1",3.04,EM,True,,1814,5.0,5.0,0.0,False,0.02,0.0511285696678386,22.24628169,27.202510187527952,23.93716825951902,26.61054564032171
Q52529,7ZNQ,Copper-binding lipoprotein NosL,3.04,EM,True,,1670,2.0,2.0,0.0,False,0.037,0.1166491312433901,13.482378735,24.97523741262914,19.175596892751432,20.71611556403519
A0A6P3HVI0,7P1J,mitochondrial sodium/hydrogen exchanger 9B2,3.04,EM,True,,868,2.0,2.0,0.0,False,0.0,-0.0006823378493135,32.51601895000001,32.371562975870106,32.424247668619195,32.17168054535617
P33448,7E4I,Mitochondrial import receptor subunit TOM6,3.05,EM,True,,1426,1.0,4.0,3.0,True,0.0,-0.0262878179752976,9.229616655,16.62088589083224,17.70227670445435,17.140239866971143
P23644,7E4I,Mitochondrial import receptor subunit TOM40,3.05,EM,True,,1426,1.0,4.0,3.0,True,0.0,-0.0262878179752976,9.229616655,16.62088589083224,17.70227670445435,17.140239866971143
P53969,7E4I,Sorting assembly machinery 50 kDa subunit,3.05,EM,True,,1426,1.0,4.0,3.0,True,0.0,-0.0262878179752976,9.229616655,16.62088589083224,17.70227670445435,17.140239866971143
P30878,7L17,Melibiose carrier protein,3.05,X-ray,True,,453,1.0,1.0,0.0,False,0.0,0.0480259083609924,9.522385194999998,17.8788741705425,15.87216347279577,17.409966535345962
A4IKP6,5DOQ,Bd-type quinol oxidase subunit I,3.05,X-ray,True,,792,1.0,3.0,2.0,True,0.0,0.0459157769088549,7.038718504999999,16.16465157841106,14.515179224135078,14.968278746089316
P80967,7E4I,Mitochondrial import receptor subunit TOM5,3.05,EM,True,,1426,1.0,4.0,3.0,True,0.0,-0.0262878179752976,9.229616655,16.62088589083224,17.70227670445435,17.140239866971143
A4IKP7,5DOQ,Bd-type quinol oxidase subunit II,3.05,X-ray,True,,792,1.0,3.0,2.0,True,0.0,0.0459157769088549,7.038718504999999,16.16465157841106,14.515179224135078,14.968278746089316
P49334,6UCU,Mitochondrial import receptor subunit TOM22,3.06,EM,True,,958,2.0,8.0,6.0,True,0.0,0.0255271514399546,26.62705981500001,29.753098688332603,27.96948717476772,29.11298057417282
C6S880,6L3H,Nitric-oxide reductase,3.06,EM,True,,1484,2.0,2.0,0.0,False,0.0,0.0133571430301666,33.090636425000014,32.560854527664254,31.520449500967818,32.45470183839462
Q80WG5,7P5V,Volume-regulated anion channel subunit LRRC8A,3.06,EM,True,,5034,6.0,6.0,0.0,False,0.01,-0.0369490438515229,35.675588074999986,31.600372622103286,34.588678713979746,33.69850498121993
P53507,6UCU,Mitochondrial import receptor subunit TOM7,3.06,EM,True,,958,2.0,8.0,6.0,True,0.0,0.0255271514399546,26.62705981500001,29.753098688332603,27.96948717476772,29.11298057417282
P21146,2BCJ,G-protein-coupled receptor kinase 2,3.061,X-ray,False,no_TM_span,1344,0.0,,,,,,,,,
A7T1N0,6CO7,Predicted protein,3.07,EM,True,,4248,4.0,4.0,0.0,False,0.0,-0.0748426303686822,51.13591058999999,38.95327923330561,46.20011376080434,40.34484586636488
O15439,8J3W,ATP-binding cassette sub-family C member 4,3.07,EM,True,,1218,1.0,1.0,0.0,False,0.0,-0.10210819309008,10.830698579999996,15.180783045496186,19.730926940217763,18.567494263606875
P51148,4KYI,Ras-related protein Rab-5C,3.075,X-ray,False,no_TM_span,694,0.0,,,,,,,,,
Q12675,7KY7,Phospholipid-transporting ATPase DNF2,3.08,EM,True,,1247,1.0,2.0,1.0,True,0.0,-0.0058623720905626,7.97277781,14.736690212287655,14.960827708379218,15.930517873784744
A0A8X6EH06,7OFQ,Archaellin,3.08,EM,True,,9538,4.0,4.0,0.0,False,0.008,0.1428132730843884,3.1562637749999998,10.890334445302951,7.454822020785875,10.023322617706524
P04439,7PHR,"HLA class I histocompatibility antigen, A alpha chain",3.08,EM,True,,1443,2.0,8.0,6.0,True,0.08,0.0068651098376804,0.80955139,3.3901919998676253,3.306553543890172,5.076299940023536
A0A0B4SHY9,4UTC,ENVELOPE GLYCOPROTEIN E,3.08,X-ray,False,no_TM_span,391,0.0,,,,,,,,,
Q6P179,3SE6,Endoplasmic reticulum aminopeptidase 2,3.08,X-ray,False,no_TM_span,872,0.0,,,,,,,,,
P40967,7PHR,Tumor-associated antigentic peptide gp100,3.08,EM,True,,1443,2.0,8.0,6.0,True,0.08,0.0068651098376804,0.80955139,3.3901919998676253,3.306553543890172,5.076299940023536
Q16515,6L6P,Acid-sensing ion channel 2,3.08,X-ray,True,,1297,3.0,3.0,0.0,False,0.004,-0.1068677145055503,5.4338222950000015,11.3435923311283,14.716741464691836,13.151575404735338
P40527,7RD7,Probable phospholipid-transporting ATPase NEO1,3.08,EM,True,,929,1.0,1.0,0.0,False,0.0,3.0081657832570032e-05,8.92652782,16.8248683824618,16.82365141391503,16.856458864188056
A0A1C9A1J1,8GJJ,Efflux pump membrane transporter,3.08,EM,True,,3096,3.0,3.0,0.0,False,0.0,-0.0206265418478299,49.411984975,38.515308280613546,40.47857307111275,39.65895020484963
A0A8X6EH07,7OFQ,Archaellin,3.08,EM,True,,9538,4.0,4.0,0.0,False,0.008,0.1428132730843884,3.1562637749999998,10.890334445302951,7.454822020785875,10.023322617706524
Q9XXE7,7USX,Transmembrane inner ear expressed protein,3.09,EM,True,,1680,2.0,4.0,2.0,True,0.0,-0.0457827909820395,32.90022629499999,29.217202279501425,32.77300790161419,32.36119170763401
Q9UNQ0,6HZM,ATP-binding cassette sub-family G member 2,3.09,EM,True,,1168,2.0,2.0,0.0,False,0.0,0.0594887752912203,10.48862884,19.63237615739317,17.023636789137583,18.27192998094187
D3KZG3,7USX,Transmembrane channel-like protein 1,3.09,EM,True,,1680,2.0,4.0,2.0,True,0.0,-0.0457827909820395,32.90022629499999,29.217202279501425,32.77300790161419,32.36119170763401
Q6GN30,6IZ4,Trimeric intracellular cation channel type B-B,3.098,X-ray,True,,672,3.0,3.0,0.0,False,0.0,-0.0179678113798206,28.732827985,30.227456858824123,31.531586216791816,30.24226050685329
A0A0F6C2F5,4Q79,CsgG,3.1,X-ray,True,,1731,9.0,9.0,0.0,False,0.019,-0.0326377274904157,26.145482294999987,26.59147907977376,28.85119864603104,28.848510348962147
A3M140,7P2Y,ATP synthase subunit b,3.1,EM,True,,4904,1.0,13.0,12.0,True,0.0,-0.2260094493728167,8.847517295,9.307012071593077,18.40978297666097,16.781693070666527
A3M139,7P2Y,ATP synthase subunit c,3.1,EM,True,,4904,1.0,13.0,12.0,True,0.0,-0.2260094493728167,8.847517295,9.307012071593077,18.40978297666097,16.781693070666527
A3M137,7P2Y,ATP synthase subunit a,3.1,EM,True,,4904,1.0,13.0,12.0,True,0.0,-0.2260094493728167,8.847517295,9.307012071593077,18.40978297666097,16.781693070666527
P0ABA4,6OQT,ATP synthase subunit delta,3.1,EM,True,,4851,1.0,13.0,12.0,True,0.0,-0.1715853123785305,7.840516004999999,10.524494983029252,17.030115669312266,15.797828196222856
P0ABA6,6OQT,ATP synthase gamma chain,3.1,EM,True,,4851,1.0,13.0,12.0,True,0.0,-0.1715853123785305,7.840516004999999,10.524494983029252,17.030115669312266,15.797828196222856
P0ABA0,6OQT,ATP synthase subunit b,3.1,EM,True,,4851,1.0,13.0,12.0,True,0.0,-0.1715853123785305,7.840516004999999,10.524494983029252,17.030115669312266,15.797828196222856
P0AB98,6OQT,ATP synthase subunit a,3.1,EM,True,,4851,1.0,13.0,12.0,True,0.0,-0.1715853123785305,7.840516004999999,10.524494983029252,17.030115669312266,15.797828196222856
A3M144,7P2Y,ATP synthase subunit beta,3.1,EM,True,,4904,1.0,13.0,12.0,True,0.0,-0.2260094493728167,8.847517295,9.307012071593077,18.40978297666097,16.781693070666527
V5V9F4,7D06,Intermembrane phospholipid transport system permease protein MlaE,3.1,EM,True,,2374,2.0,8.0,6.0,True,0.0,-0.0352775870088256,7.221246355,14.999547990332026,16.28318212584578,15.161115082226516
V5V921,7D06,MCE family protein,3.1,EM,True,,2374,2.0,8.0,6.0,True,0.0,-0.0352775870088256,7.221246355,14.999547990332026,16.28318212584578,15.161115082226516
A3M145,7P2Y,ATP synthase epsilon chain,3.1,EM,True,,4904,1.0,13.0,12.0,True,0.0,-0.2260094493728167,8.847517295,9.307012071593077,18.40978297666097,16.781693070666527
P41806,8EAU,Vacuolar ATPase assembly integral membrane protein VMA21,3.1,EM,True,,2946,1.0,15.0,14.0,True,0.0,0.0359350291550144,7.850250850000001,15.9470822847603,14.5837677207851,15.807632506411917
Q687X5,6HCY,Metalloreductase STEAP4,3.1,EM,True,,1308,3.0,3.0,0.0,False,0.0,-0.0369790021353228,20.478543835,24.25777995630723,26.523681467770786,25.53139823301618
P23577,1Q90,Apocytochrome f,3.1,X-ray,True,,1904,2.0,16.0,14.0,True,0.0,0.0018718446972429,3.16009741,4.937358834551028,4.892302448547249,10.029407993031253
Q66929,8FMA,RNA-directed RNA polymerase,3.1,EM,False,no_TM_span,7227,0.0,,,,,,,,,
Q63008,7UV0,Sodium/iodide cotransporter,3.1,EM,True,,501,1.0,1.0,0.0,False,0.0,-0.0050360025263803,12.446361739999997,18.853925026177897,19.09449612631291,19.904270870498337
P35179,7KAJ,Protein transport protein SSS1,3.1,EM,True,,1399,2.0,5.0,3.0,True,0.06,0.0462348962824186,19.75671406,26.272303038087205,23.48962122075483,25.07739500786375
P0A6E6,6OQT,ATP synthase epsilon chain,3.1,EM,True,,4851,1.0,13.0,12.0,True,0.0,-0.1715853123785305,7.840516004999999,10.524494983029252,17.030115669312266,15.797828196222856
P23230,1Q90,Cytochrome b6-f complex subunit 4,3.1,X-ray,True,,1904,2.0,16.0,14.0,True,0.0,0.0018718446972429,3.16009741,4.937358834551028,4.892302448547249,10.029407993031253
P59632,8EQS,ORF3a protein,3.1,EM,True,,438,2.0,2.0,0.0,False,0.0,-0.0334338217522299,3.87800314,10.27876965524433,11.170280039774717,11.110385853397634
B1XD46,8BO2,Outer membrane protein assembly factor BamA,3.1,EM,True,,1803,1.0,2.0,1.0,True,0.0,0.0002375525762558,8.08689934,16.170705507457726,16.161558330755184,16.04412667768231
Q5SKZ7,3I9V,NADH-quinone oxidoreductase subunit 15,3.1,X-ray,False,no_TM_span,2369,0.0,,,,,,,,,
M1VFJ4,7BLZ,PsaO,3.1,EM,True,,2819,2.0,12.0,10.0,True,0.007,0.0377253213249281,38.18725819,37.20081431269525,34.04414933656276,34.864569132759875
Q6VRP0,6X6K,Cag pathogenicity island protein,3.1,EM,True,,7602,14.0,14.0,0.0,False,0.0,-0.057582687376176,22.731257930000005,25.75734912420053,29.474754903616702,26.89904110653889
Q5XEZ5,6MGV,Calcium permeable stress-gated cation channel 1,3.1,EM,True,,1268,2.0,2.0,0.0,False,0.0,-0.0567184956981961,28.59534045000001,28.797389559308524,32.9042377074743,30.1698186339034
G4Z2L3,7X06,Chitin synthase,3.1,EM,True,,1608,2.0,2.0,0.0,False,0.0,-0.0976835083667801,15.226218854999996,20.38692853722108,25.54816299979611,22.01512205449821
O95477,7TC0,"ATP-binding cassette, sub-family A (ABC1), member 1",3.1,EM,True,,1781,1.0,1.0,0.0,False,0.0,0.0693586708550273,14.084275985000003,23.223839356870236,19.699284043360304,21.173484091585983
Q9NZI2,7E84,Kv channel-interacting protein 1,3.1,EM,True,,2548,4.0,4.0,0.0,False,0.0,0.014444524387917,42.41854678999998,38.22701222342605,36.95316470651052,36.74539808031299
P23978,8GNK,Sodium- and chloride-dependent GABA transporter 1,3.1,EM,True,,752,1.0,1.0,0.0,False,0.0,0.0153968488627323,11.7288203,19.698312564439924,18.984317321467536,19.322006766283707
Q08362,1Q90,Cytochrome b6f complex subunit petG,3.1,X-ray,True,,1904,2.0,16.0,14.0,True,0.0,0.0018718446972429,3.16009741,4.937358834551028,4.892302448547249,10.029407993031253
Q9JIP4,8A3B,Pannexin-1,3.1,EM,True,,1792,7.0,7.0,0.0,False,0.0,-0.0330733131266583,41.69124323999999,34.377197997865736,37.26878611280711,36.42901987507368
P09703,7RKX,G-protein coupled receptor homolog US27,3.1,EM,True,,1126,1.0,1.0,0.0,False,0.0,0.0351194068478172,4.76992375,12.93727053933576,11.898692354835216,12.32198801317328
P98194,7YAG,Calcium-transporting ATPase type 2C member 1,3.1,EM,True,,1000,1.0,1.0,0.0,False,0.0,0.0080157391320339,7.817277229999998,15.323514636433464,15.02005031557508,15.774398959543396
P03623,1IFP,MAJOR COAT PROTEIN ASSEMBLY,3.1,X-ray,True,,1540,7.0,7.0,0.0,False,0.0,0.0805826116996879,13.983838314999998,22.020216345346903,17.939928128539485,21.09785292976558
Q98GN8,3BEH,Mll3241 protein,3.1,X-ray,True,,895,4.0,4.0,0.0,False,0.008,0.0221766948338514,41.14139266,36.712053157670766,34.78598070410555,36.187998031180506
Q98157,4RWS,Viral macrophage inflammatory protein 2,3.1,X-ray,True,,346,1.0,1.0,0.0,False,0.0,0.0608107010977437,5.229567984999999,13.637789627412126,11.75479438601915,12.902027709223637
Q9Y6H6,6V00,"MCherry fluorescent protein,Potassium voltage-gated channel subfamily E member 3",3.1,EM,True,,2188,4.0,8.0,4.0,True,0.0,0.0129397958967739,46.0225561,38.39410631402066,37.20546971224879,38.27457980707054
Q8A6W4,5T4Y,SusD homolog,3.1,X-ray,True,,2723,2.0,2.0,0.0,False,0.0,0.0061567129957894,35.84819226499999,34.12418938859004,33.6250534461564,33.77992599128481
Q15878,7XLQ,Voltage-dependent R-type calcium channel subunit alpha-1E,3.1,EM,True,,2438,1.0,1.0,0.0,False,0.0,-8.777210321725385e-05,45.355818605,38.833375816533405,38.841379857731965,37.996322793041706
Q56222,3I9V,NADH-quinone oxidoreductase subunit 1,3.1,X-ray,False,no_TM_span,2369,0.0,,,,,,,,,
Q5BJU5,7OCE,Protein cornichon homolog 2,3.1,EM,True,,2322,4.0,8.0,4.0,True,0.002,-0.0466922164294385,17.30992427,20.76920067379545,23.39964054760485,23.473218833883298
P33754,7KAJ,Translocation protein SEC66,3.1,EM,True,,1399,2.0,5.0,3.0,True,0.06,0.0462348962824186,19.75671406,26.272303038087205,23.48962122075483,25.07739500786375
O43526,7CR0,Potassium voltage-gated channel subfamily KQT member 2,3.1,EM,True,,1004,4.0,4.0,0.0,False,0.0,-0.0109189314323566,46.558667695,37.52873325886842,38.53756030337264,38.49686248886314
P42260,8FWW,"Glutamate receptor ionotropic, kainate 2",3.1,EM,True,,1680,4.0,4.0,0.0,False,0.0,-0.0481943246659846,17.42666155000001,20.7976072973214,23.52180926760873,23.552236952238623
Q9ZI86,5N6M,Apolipoprotein N-acyltransferase,3.1,X-ray,True,,492,1.0,1.0,0.0,False,0.0,0.1032631973642753,5.743143140000002,16.21489639291689,12.864033225590456,13.520722019295487
Q14654,7S5T,ATP-sensitive inward rectifier potassium channel 11,3.1,EM,True,,1284,4.0,4.0,0.0,False,0.0,0.0710885123335684,9.468642854999995,19.449704507442437,16.487741712010457,17.360767925094823
F2QQK6,7QKS,Plasma membrane ATP-binding cassette transporter required for the export of a-factor,3.1,EM,True,,1199,1.0,1.0,0.0,False,0.0,-0.0363372356363711,10.700113585000004,16.5313256042542,18.140793745692086,18.455221313750165
G2Q1C9,7T92,Peroxin-2,3.1,EM,True,,1162,3.0,3.0,0.0,False,0.081,-0.019448651163386,22.887116265000003,26.82236228039165,28.08221950285236,26.99110107681296
P35610,6P2P,Sterol O-acyltransferase 1,3.1,EM,True,,1630,4.0,4.0,0.0,False,0.001,-0.0647220145698566,72.24530188499999,43.80555880396896,51.25447584130735,47.9545553835378
P37296,6O7U,"V-type proton ATPase subunit a, Golgi isoform",3.1,EM,True,,2832,1.0,14.0,13.0,True,0.0,0.0508643004273202,7.852094640000002,16.723462414520846,14.79352980736436,15.809488768340213
Q8N2C7,7SX3,Protein unc-80 homolog,3.1,EM,True,,4682,1.0,1.0,0.0,False,0.0,-0.0007747415325006,47.048669025,38.23502546256736,38.30698142969583,38.69891016869414
G2Q5N0,7T92,Peroxin-12,3.1,EM,True,,1162,3.0,3.0,0.0,False,0.081,-0.019448651163386,22.887116265000003,26.82236228039165,28.08221950285236,26.99110107681296
P0C1D4,1Q90,Cytochrome b6f complex subunit PETN,3.1,X-ray,True,,1904,2.0,16.0,14.0,True,0.0,0.0018718446972429,3.16009741,4.937358834551028,4.892302448547249,10.029407993031253
P26048,5OSC,"Proton-gated ion channel,Gamma-aminobutyric acid receptor subunit alpha-2,Gamma-aminobutyric acid receptor subunit alpha-1",3.1,X-ray,True,,1560,5.0,5.0,0.0,False,0.0,0.0624196297701065,23.29720839,28.322220427179477,24.24269695769968,27.231841199266995
P0A9V4,6S8N,"Lipopolysaccharide ABC transporter, ATP-binding protein LptB",3.1,EM,True,,970,2.0,3.0,1.0,True,0.019,0.0415431413673818,13.204127955,21.46897953214029,19.424934304700717,20.501230369205302
Q9KCR8,6VWX,BH1501 protein,3.1,EM,True,,900,4.0,4.0,0.0,False,0.0,0.0140256037073759,45.92352297999999,39.21729849815578,37.93030762307342,38.233377267673454
Q9UQD0,8FHD,Sodium channel protein type 8 subunit alpha,3.1,EM,True,,1469,1.0,2.0,1.0,True,0.0,0.0022279104311073,47.19764935999998,39.65489700239856,39.44764715617487,38.76013208946024
Q13936,8FD7,Voltage-dependent L-type calcium channel subunit alpha-1C,3.1,EM,True,,2419,1.0,1.0,0.0,False,0.0,-0.0016683652155758,49.90667698999998,39.5978363962836,39.75742679458472,39.85698015717962
Q63563,7VLT,Isoform SUR2B of ATP-binding cassette sub-family C member 9,3.1,EM,True,,1145,1.0,1.0,0.0,False,0.0,-0.0566235611850085,9.877582585000004,15.28984198240188,17.699518912174057,17.7317009573316
Q12324,6WHG,Calcium channel YVC1,3.1,EM,True,,2100,4.0,4.0,0.0,False,0.0,-0.0530271304417856,65.226639485,38.11628604443584,43.91520358628964,45.56564955163209
Q14416,7EPB,Metabotropic glutamate receptor 2,3.1,EM,True,,1794,2.0,2.0,0.0,False,0.0,-0.0064576378587256,14.563081365,20.383841946842573,20.71752690476724,21.53038033054324
O43497,6KZP,"Voltage-dependent T-type calcium channel subunit alpha-1G,Voltage-dependent T-type calcium channel subunit alpha-1G",3.1,EM,True,,1016,1.0,1.0,0.0,False,0.0,0.0121566329936785,47.863099085,39.53208783769373,38.39328112443941,39.032419374348095
O43520,7PY4,Phospholipid-transporting ATPase IC,3.1,EM,True,,1439,1.0,2.0,1.0,True,0.0,-0.0241819033367044,8.960895095000001,16.466522782490607,17.446695212659623,16.88887651027841
Q9NP91,7Y75,Sodium- and chloride-dependent transporter XTRP3,3.1,EM,True,,3042,2.0,4.0,2.0,True,0.0,-0.0140802847968777,2.0905089150000005,5.5159775009704894,5.791637503975449,8.157387172372351
P68699,6OQT,ATP synthase subunit c,3.1,EM,True,,4851,1.0,13.0,12.0,True,0.0,-0.1715853123785305,7.840516004999999,10.524494983029252,17.030115669312266,15.797828196222856
Q00471,1Q90,Cytochrome b6,3.1,X-ray,True,,1904,2.0,16.0,14.0,True,0.0,0.0018718446972429,3.16009741,4.937358834551028,4.892302448547249,10.029407993031253
P03621,1QL1,PF1 BACTERIOPHAGE COAT PROTEIN B,3.1,X-ray,True,,1610,6.0,6.0,0.0,False,0.0,0.1106198964296346,10.421603909999996,19.78190632923532,14.946457025065085,18.213455340611915
Q56223,3I9V,NADH-quinone oxidoreductase subunit 3,3.1,X-ray,False,no_TM_span,2369,0.0,,,,,,,,,
P32239,7F8W,Gastrin/cholecystokinin type B receptor,3.1,EM,True,,1087,1.0,1.0,0.0,False,0.0,0.0251677635669985,5.394528665,12.924563926075969,12.133051598325364,13.103937596659051
Q8TDS4,7XK2,Hydroxycarboxylic acid receptor 2,3.1,EM,True,,1128,1.0,1.0,0.0,False,0.0,0.0179395630057266,5.461199855000001,12.693244561839164,12.125579454694734,13.184664972125702
A3M141,7P2Y,ATP synthase subunit delta,3.1,EM,True,,4904,1.0,13.0,12.0,True,0.0,-0.2260094493728167,8.847517295,9.307012071593077,18.40978297666097,16.781693070666527
O18423,5EC5,Lysenin,3.1,X-ray,True,,2566,6.0,6.0,0.0,False,0.01,-0.0179885786340451,8.17196641,15.37289069802723,16.0691907710913,16.128290975378825
Q8Y5K1,4H33,Lmo2059 protein,3.1,X-ray,True,,364,4.0,4.0,0.0,False,0.0,0.0656895717719219,9.502647124999998,19.373283724933607,16.631362096959272,17.391913422057605
Q8XBV8,3B8N,Ferric enterobactin (Enterochelin) transport,3.1,X-ray,False,no_TM_span,2169,0.0,,,,,,,,,
Q9C6B8,7Y9T,Auxin efflux carrier component 1,3.1,EM,True,,992,2.0,2.0,0.0,False,0.0,0.0145764906725839,22.819918845000004,26.466160246666306,25.523302155745576,26.951448514458903
A3M142,7P2Y,ATP synthase subunit alpha,3.1,EM,True,,4904,1.0,13.0,12.0,True,0.0,-0.2260094493728167,8.847517295,9.307012071593077,18.40978297666097,16.781693070666527
A3M143,7P2Y,ATP synthase gamma chain,3.1,EM,True,,4904,1.0,13.0,12.0,True,0.0,-0.2260094493728167,8.847517295,9.307012071593077,18.40978297666097,16.781693070666527
O25262,6X6K,Cag pathogenicity island protein (Cag7),3.1,EM,True,,7602,14.0,14.0,0.0,False,0.0,-0.057582687376176,22.731257930000005,25.75734912420053,29.474754903616702,26.89904110653889
A2A259,7D7F,Polycystic kidney disease 2-like 1 protein,3.1,EM,True,,1878,4.0,4.0,0.0,False,0.03,0.0015343347483418,51.47987226999999,40.96943560435848,40.820370785595614,40.480306672528776
Q99500,7EW3,Sphingosine 1-phosphate receptor 3,3.1,EM,True,,1153,1.0,1.0,0.0,False,0.0,-0.0144890193450477,4.740500690000001,12.102758808282184,12.529915687281834,12.283925411235945
A0A0H2V3J7,6S8N,Inner membrane protein yjgQ,3.1,EM,True,,970,2.0,3.0,1.0,True,0.019,0.0415431413673818,13.204127955,21.46897953214029,19.424934304700717,20.501230369205302
C7R5Z1,7W6Y,"Anti sigma-E protein, RseA",3.1,X-ray,True,,411,1.0,1.0,0.0,False,0.0,-0.0207618343975193,6.428274109999999,14.291371067664995,15.00414075493648,14.304486010732116
Q8TD43,6BQV,Transient receptor potential cation channel subfamily M member 4,3.1,EM,True,,3732,4.0,4.0,0.0,False,0.0,-0.0903797801504163,48.35294891,37.77189545174424,46.281689876480655,39.23164751089705
Q9P2D8,7SX3,"UNC79,Protein unc-79 homolog,Protein unc-79 homolog",3.1,EM,True,,4682,1.0,1.0,0.0,False,0.0,-0.0007747415325006,47.048669025,38.23502546256736,38.30698142969583,38.69891016869414
Q9UKL4,7XNH,Gap junction delta-2 protein,3.1,EM,True,,2172,6.0,6.0,0.0,False,0.0,0.0592331975083876,33.89270191,35.79940126662272,31.13007115640862,32.845672602997865
P16035,1GXD,METALLOPROTEINASE INHIBITOR 2,3.1,X-ray,False,no_TM_span,817,0.0,,,,,,,,,
P52870,7KAJ,Protein transport protein SBH1,3.1,EM,True,,1399,2.0,5.0,3.0,True,0.06,0.0462348962824186,19.75671406,26.272303038087205,23.48962122075483,25.07739500786375
Q51397,5AZS,Outer membrane protein OprJ,3.1,X-ray,True,,1311,3.0,3.0,0.0,False,0.015,-0.0757372469336032,8.089057720000001,15.910577764225652,18.82729808188428,16.046267610218003
P14906,7KAH,Protein translocation protein SEC63,3.1,EM,True,,1349,2.0,4.0,2.0,True,0.056,0.0464686806133027,18.9486584,26.046795366748533,23.307834165166952,24.559204585327127
Q2EG98,7D7F,Polycystic kidney disease protein 1-like 3,3.1,EM,True,,1878,4.0,4.0,0.0,False,0.03,0.0015343347483418,51.47987226999999,40.96943560435848,40.820370785595614,40.480306672528776
Q42496,1Q90,Cytochrome b6f complex subunit PETM,3.1,X-ray,True,,1904,2.0,16.0,14.0,True,0.0,0.0018718446972429,3.16009741,4.937358834551028,4.892302448547249,10.029407993031253
P51677,7X9Y,C-C chemokine receptor type 3,3.1,EM,True,,1137,1.0,1.0,0.0,False,0.0,0.032967823622828,4.96809241,12.90512675695585,11.910130570695303,12.57534464568528
P49728,1Q90,Cytochrome B6-F complex iron-sulfur subunit,3.1,X-ray,True,,1904,2.0,16.0,14.0,True,0.0,0.0018718446972429,3.16009741,4.937358834551028,4.892302448547249,10.029407993031253
P01350,7F8W,Gastrin-17,3.1,EM,True,,1087,1.0,1.0,0.0,False,0.0,0.0251677635669985,5.394528665,12.924563926075969,12.133051598325364,13.103937596659051
A0A6L7HHW7,3CQF,Thiol-activated cytolysin,3.1,X-ray,False,no_TM_span,462,0.0,,,,,,,,,
Q85FP8,7BLZ,Photosystem I reaction center subunit XI,3.1,EM,True,,2819,2.0,12.0,10.0,True,0.007,0.0377253213249281,38.18725819,37.20081431269525,34.04414933656276,34.864569132759875
Q8A6W3,5T4Y,SusC homolog,3.1,X-ray,True,,2723,2.0,2.0,0.0,False,0.0,0.0061567129957894,35.84819226499999,34.12418938859004,33.6250534461564,33.77992599128481
Q56224,3I9V,NADH-quinone oxidoreductase subunit 9,3.1,X-ray,False,no_TM_span,2369,0.0,,,,,,,,,
G2Q0E2,7T92,Peroxin-10,3.1,EM,True,,1162,3.0,3.0,0.0,False,0.081,-0.019448651163386,22.887116265000003,26.82236228039165,28.08221950285236,26.99110107681296
Q85FY7,7BLZ,Photosystem I P700 chlorophyll a apoprotein A1,3.1,EM,True,,2819,2.0,12.0,10.0,True,0.007,0.0377253213249281,38.18725819,37.20081431269525,34.04414933656276,34.864569132759875
O30144,2ONK,"Molybdate/tungstate ABC transporter, ATP-binding protein",3.1,X-ray,True,,1295,2.0,2.0,0.0,False,0.0,-0.0162851109204807,10.849443515000004,18.350327561074277,19.07665216823522,18.583554908620464
P0ADW2,6S8N,Lipopolysaccharide export system protein LptC,3.1,EM,True,,970,2.0,3.0,1.0,True,0.019,0.0415431413673818,13.204127955,21.46897953214029,19.424934304700717,20.501230369205302
O30143,2ONK,"Molybdate/tungstate ABC transporter, permease protein",3.1,X-ray,True,,1295,2.0,2.0,0.0,False,0.0,-0.0162851109204807,10.849443515000004,18.350327561074277,19.07665216823522,18.583554908620464
P50369,1Q90,Cytochrome b6f complex subunit petL,3.1,X-ray,True,,1904,2.0,16.0,14.0,True,0.0,0.0018718446972429,3.16009741,4.937358834551028,4.892302448547249,10.029407993031253
P07038,7NXF,Plasma membrane ATPase,3.1,EM,True,,829,1.0,1.0,0.0,False,0.0,0.0017411718937184,7.867312435000001,15.681658972412986,15.615530094696089,15.824801185977572
Q85G51,7BLZ,PSI-K,3.1,EM,True,,2819,2.0,12.0,10.0,True,0.007,0.0377253213249281,38.18725819,37.20081431269525,34.04414933656276,34.864569132759875
Q85G47,7BLZ,Photosystem I iron-sulfur center,3.1,EM,True,,2819,2.0,12.0,10.0,True,0.007,0.0377253213249281,38.18725819,37.20081431269525,34.04414933656276,34.864569132759875
Q85FQ6,7BLZ,Photosystem I reaction center subunit VIII,3.1,EM,True,,2819,2.0,12.0,10.0,True,0.007,0.0377253213249281,38.18725819,37.20081431269525,34.04414933656276,34.864569132759875
Q85FS8,7BLZ,Photosystem I reaction center subunit IX,3.1,EM,True,,2819,2.0,12.0,10.0,True,0.007,0.0377253213249281,38.18725819,37.20081431269525,34.04414933656276,34.864569132759875
Q85FS9,7BLZ,PSI-F,3.1,EM,True,,2819,2.0,12.0,10.0,True,0.007,0.0377253213249281,38.18725819,37.20081431269525,34.04414933656276,34.864569132759875
Q85FY6,7BLZ,Photosystem I P700 chlorophyll a apoprotein A2,3.1,EM,True,,2819,2.0,12.0,10.0,True,0.007,0.0377253213249281,38.18725819,37.20081431269525,34.04414933656276,34.864569132759875
Q56219,3I9V,NADH-quinone oxidoreductase subunit 5,3.1,X-ray,False,no_TM_span,2369,0.0,,,,,,,,,
Q56218,3I9V,NADH-quinone oxidoreductase subunit 6,3.1,X-ray,False,no_TM_span,2369,0.0,,,,,,,,,
Q8BH64,2QPT,EH DOMAIN-CONTAINING PROTEIN-2,3.1,X-ray,False,no_TM_span,954,0.0,,,,,,,,,
Q86UD5,7B4L,Sodium/hydrogen exchanger 9B2,3.1,EM,True,,886,2.0,2.0,0.0,False,0.0,-0.0122665910513104,30.380928420000004,30.69709531002881,31.612600293996863,31.097507725745636
P32915,7KAJ,Protein transport protein SEC61,3.1,EM,True,,1399,2.0,5.0,3.0,True,0.06,0.0462348962824186,19.75671406,26.272303038087205,23.48962122075483,25.07739500786375
Q85FZ1,7BLZ,Photosystem I iron-sulfur center subunit VII,3.1,EM,True,,2819,2.0,12.0,10.0,True,0.007,0.0377253213249281,38.18725819,37.20081431269525,34.04414933656276,34.864569132759875
Q9H255,8F76,Olfactory receptor 51E2,3.1,EM,True,,1038,1.0,1.0,0.0,False,0.0,0.0368705404838708,4.8197450150000005,12.946973094688133,11.850929468814828,12.386171673118142
P14340,7V3F,Small envelope protein M,3.1,EM,True,,1701,3.0,5.0,2.0,True,0.0,0.3730224408109125,22.766799635,44.64076063076776,20.54047123628085,26.92006203667818
P0ABB0,6OQT,ATP synthase subunit alpha,3.1,EM,True,,4851,1.0,13.0,12.0,True,0.0,-0.1715853123785305,7.840516004999999,10.524494983029252,17.030115669312266,15.797828196222856
P0AFA1,6S8N,Lipopolysaccharide export system permease protein LptF,3.1,EM,True,,970,2.0,3.0,1.0,True,0.019,0.0415431413673818,13.204127955,21.46897953214029,19.424934304700717,20.501230369205302
O30142,2ONK,Molybdate/tungstate binding protein,3.1,X-ray,True,,1295,2.0,2.0,0.0,False,0.0,-0.0162851109204807,10.849443515000004,18.350327561074277,19.07665216823522,18.583554908620464
P9WN03,8IF8,Galactan 5-O-arabinofuranosyltransferase,3.1,EM,True,,1220,2.0,2.0,0.0,False,0.018,0.0080226329426704,30.304608955,31.50547770723931,30.907468913942694,31.05842337806337
Q56220,3I9V,NADH-quinone oxidoreductase subunit 4,3.1,X-ray,False,no_TM_span,2369,0.0,,,,,,,,,
P0ABB4,6OQT,ATP synthase subunit beta,3.1,EM,True,,4851,1.0,13.0,12.0,True,0.0,-0.1715853123785305,7.840516004999999,10.524494983029252,17.030115669312266,15.797828196222856
Q56221,3I9V,NADH-quinone oxidoreductase subunit 2,3.1,X-ray,False,no_TM_span,2369,0.0,,,,,,,,,
E9DVV4,6C5W,calcium uniporter,3.10010233314,X-ray,True,,504,1.0,2.0,1.0,True,0.0,-0.0059306138109388,0.709797535,3.457137828634514,3.524793341935029,4.753268060812321
M4GGS2,4IL3,Ste24p,3.102,X-ray,True,,422,1.0,1.0,0.0,False,0.0,-0.0690153131223984,8.514149299999998,14.139867237107945,16.866661671052512,16.462496452952696
Q5TA50,4K8N,Glycolipid transfer protein domain-containing protein 1,3.102,X-ray,False,no_TM_span,207,0.0,,,,,,,,,
Q5N8J1,5CTG,Bidirectional sugar transporter SWEET2b,3.103,X-ray,True,,649,3.0,3.0,0.0,False,0.012,-0.0558193717250239,21.025322100000004,23.15969133888029,26.62540420174881,25.86999784427617
Q56229,6Y11,NADH-quinone oxidoreductase subunit 14,3.109,X-ray,True,,4775,1.0,7.0,6.0,True,0.0,-0.0058103497722391,29.738263399999987,28.852991633692056,29.282030250837305,30.766838053588778
Q56225,6Y11,NADH-quinone oxidoreductase subunit 10,3.109,X-ray,True,,4775,1.0,7.0,6.0,True,0.0,-0.0058103497722391,29.738263399999987,28.852991633692056,29.282030250837305,30.766838053588778
Q56227,6Y11,NADH-quinone oxidoreductase subunit 12,3.109,X-ray,True,,4775,1.0,7.0,6.0,True,0.0,-0.0058103497722391,29.738263399999987,28.852991633692056,29.282030250837305,30.766838053588778
Q56226,6Y11,NADH-quinone oxidoreductase subunit 11,3.109,X-ray,True,,4775,1.0,7.0,6.0,True,0.0,-0.0058103497722391,29.738263399999987,28.852991633692056,29.282030250837305,30.766838053588778
Q60019,6Y11,NADH-quinone oxidoreductase subunit 8,3.109,X-ray,True,,4775,1.0,7.0,6.0,True,0.0,-0.0058103497722391,29.738263399999987,28.852991633692056,29.282030250837305,30.766838053588778
Q56228,6Y11,NADH-quinone oxidoreductase subunit 13,3.109,X-ray,True,,4775,1.0,7.0,6.0,True,0.0,-0.0058103497722391,29.738263399999987,28.852991633692056,29.282030250837305,30.766838053588778
Q56217,6Y11,NADH-quinone oxidoreductase subunit 7,3.109,X-ray,True,,4775,1.0,7.0,6.0,True,0.0,-0.0058103497722391,29.738263399999987,28.852991633692056,29.282030250837305,30.766838053588778
Q9P0L9,6DU8,Polycystic kidney disease 2-like 1 protein,3.11,EM,True,,1684,4.0,4.0,0.0,False,0.0,0.0046522749739413,51.35962078999998,40.50022566918443,40.0487726253501,40.43300019551795
P26435,7VAF,Sodium/bile acid cotransporter,3.11,EM,True,,734,1.0,1.0,0.0,False,0.0,0.0211478204532101,7.210006219999999,15.8178410005786,15.048941215329949,15.149311071044195
Q80QJ9,2I69,Polyprotein,3.11,X-ray,False,no_TM_span,403,0.0,,,,,,,,,
P01303,7YOO,Neuropeptide Y,3.11,EM,True,,1169,1.0,1.0,0.0,False,0.0,0.0272966042031061,4.748419445,12.412596496111586,11.607181956560012,12.294180953161735
C4IXV6,6V1Q,Two pore channel 3,3.11,EM,True,,1076,2.0,2.0,0.0,False,0.0,0.0121626992861753,44.915319545,38.15390626952739,37.05017455550335,37.811361060238944
A0A1E8EBU8,7VLX,PTS mannose family transporter subunit IID,3.12,EM,True,,1635,6.0,6.0,0.0,False,0.094,0.0116731836913863,46.75862070000001,38.84111004686419,37.7602823357428,38.579439126467406
Q01968,4CMN,INOSITOL POLYPHOSPHATE 5-PHOSPHATASE OCRL-1,3.13,X-ray,False,no_TM_span,339,0.0,,,,,,,,,
C0HLU5,8HW1,Far-red light-harvesting complex,3.13,EM,True,,2651,11.0,11.0,0.0,False,0.0,0.0051356689383869,215.11724563500005,83.65428591683145,82.6343545702816,82.74898547670986
Q5XXP3,8DWW,Capsid protein,3.13,EM,True,,4916,8.0,8.0,0.0,False,0.029,0.0066541503726745,52.235284995,40.85339886885794,40.20220410379452,40.77622790491577
Q99835,6XBM,Smoothened homolog,3.14,EM,True,,1170,1.0,1.0,0.0,False,0.0,0.0477460622170668,4.829895264999999,12.892588635593407,11.471756662068454,12.39920728144255
D5UM26,5CBG,Ion transport 2 domain protein,3.14,X-ray,True,,412,4.0,4.0,0.0,False,0.0,-0.0511898836655006,15.964471369999998,18.9701596011506,21.739636322827323,22.542513313224603
Q8HXQ5,6BHU,Multidrug resistance-associated protein 1,3.14,EM,True,,1328,1.0,1.0,0.0,False,0.0,-0.0005703850890548,21.38873681,24.893309444014307,24.92902825859703,26.092616541094827
P11551,3O7Q,L-fucose-proton symporter,3.143,X-ray,True,,414,1.0,1.0,0.0,False,0.0,0.0431222187857584,8.551652379999997,17.339213236958727,15.631706509612078,16.498713573370324
P13866,7SLA,Sodium/glucose cotransporter 1,3.15,EM,True,,702,1.0,1.0,0.0,False,0.0,-0.0007342656160045,15.407161475,21.188722057471374,21.227747767574552,22.145545411035904
P31853,6FKF,"ATP synthase subunit b', chloroplastic",3.15,EM,True,,5198,1.0,17.0,16.0,True,0.0,-0.1923517739791647,7.187637585,8.358423634113999,15.34115905672149,15.125792877107918
Q6CBZ7,7ZKQ,Tafazzin family protein,3.15,EM,True,,1498,1.0,2.0,1.0,True,0.0,0.0057112633372579,13.27368515,19.55763647519729,19.27588626635637,20.555158012858897
Q9UZ55,4CZ8,"NA+/H+ ANTIPORTER, PUTATIVE",3.15,X-ray,True,,845,2.0,2.0,0.0,False,0.001,0.0183635416117092,26.068197294999997,29.6092442471801,28.33969881151078,28.805841272193472
Q07108,8G94,Early activation antigen CD69,3.15,EM,True,,1187,1.0,3.0,2.0,True,0.0,-0.0050201032970955,4.54221603,11.913947770532442,12.058819235483002,12.02427655841086
P00833,6FKF,"ATP synthase epsilon chain, chloroplastic",3.15,EM,True,,5198,1.0,17.0,16.0,True,0.0,-0.1923517739791647,7.187637585,8.358423634113999,15.34115905672149,15.125792877107918
P52948,4OWR,Nuclear pore complex protein Nup98-Nup96,3.15,X-ray,False,no_TM_span,561,0.0,,,,,,,,,
P00825,6FKF,"ATP synthase subunit beta, chloroplastic",3.15,EM,True,,5198,1.0,17.0,16.0,True,0.0,-0.1923517739791647,7.187637585,8.358423634113999,15.34115905672149,15.125792877107918
P31553,3HFX,L-carnitine/gamma-butyrobetaine antiporter,3.15,X-ray,True,,1479,3.0,3.0,0.0,False,0.0,-0.0031683009947351,57.967127405,42.90607989140666,43.23270805461598,42.95522055197348
O67184,5L22,ABC transporter (HlyB subfamily),3.15,X-ray,True,,1079,2.0,2.0,0.0,False,0.001,-0.0249110511302196,10.667917985,16.343382175962454,17.445094461916064,18.42743541468363
P06453,6FKF,"ATP synthase subunit b, chloroplastic",3.15,EM,True,,5198,1.0,17.0,16.0,True,0.0,-0.1923517739791647,7.187637585,8.358423634113999,15.34115905672149,15.125792877107918
P05435,6FKF,"ATP synthase gamma chain, chloroplastic",3.15,EM,True,,5198,1.0,17.0,16.0,True,0.0,-0.1923517739791647,7.187637585,8.358423634113999,15.34115905672149,15.125792877107918
P06450,6FKF,"ATP synthase subunit alpha, chloroplastic",3.15,EM,True,,5198,1.0,17.0,16.0,True,0.0,-0.1923517739791647,7.187637585,8.358423634113999,15.34115905672149,15.125792877107918
Q8RTE4,5T0O,CmeB,3.15,X-ray,True,,3094,3.0,3.0,0.0,False,0.004,-0.0230697722937293,48.40669445999999,38.11674932295793,40.29011261111287,39.25344494957879
P06451,6FKF,"ATP synthase subunit a, chloroplastic",3.15,EM,True,,5198,1.0,17.0,16.0,True,0.0,-0.1923517739791647,7.187637585,8.358423634113999,15.34115905672149,15.125792877107918
P11402,6FKF,"ATP synthase delta chain, chloroplastic",3.15,EM,True,,5198,1.0,17.0,16.0,True,0.0,-0.1923517739791647,7.187637585,8.358423634113999,15.34115905672149,15.125792877107918
Q8B0H7,4OWR,Matrix protein,3.15,X-ray,False,no_TM_span,561,0.0,,,,,,,,,
Q05322,4U2X,Membrane-associated protein VP24,3.153,X-ray,False,no_TM_span,387,0.0,,,,,,,,,
Q8EHE6,4TPH,Proton:oligopeptide symporter POT family,3.155,X-ray,True,,455,1.0,1.0,0.0,False,0.0,-0.0519992288519333,12.881805534999998,18.238533640397467,20.765628694800647,20.24945938460475
O02662,7DH5,Beta-3 adrenergic receptor,3.16,EM,True,,1027,1.0,1.0,0.0,False,0.0,0.0232060956420307,5.25391482,12.308139650217145,11.587895239211525,12.932026246391288
A0A6P3E749,7ZD6,NADH dehydrogenase [ubiquinone] 1 beta subcomplex subunit 9,3.16,EM,True,,8160,1.0,19.0,18.0,True,0.0,-0.0091206495711998,32.40161780500001,30.459847562160046,31.16283153322369,32.11503584877376
Q9VNJ5,6TBU,Protein dispatched,3.16,EM,True,,842,1.0,1.0,0.0,False,0.0,-0.0037523609904957,9.673608745,16.993787763089138,17.151816175392057,17.54766451299851
A0A6P7DQB1,7ZD6,NADH dehydrogenase [ubiquinone] 1 beta subcomplex subunit 3,3.16,EM,True,,8160,1.0,19.0,18.0,True,0.0,-0.0091206495711998,32.40161780500001,30.459847562160046,31.16283153322369,32.11503584877376
A0A836A4Q3,7ZD6,NADH dehydrogenase [ubiquinone] 1 alpha subcomplex subunit 3,3.16,EM,True,,8160,1.0,19.0,18.0,True,0.0,-0.0091206495711998,32.40161780500001,30.459847562160046,31.16283153322369,32.11503584877376
A0A6P3EI17,7ZD6,Complex I-PDSW,3.16,EM,True,,8160,1.0,19.0,18.0,True,0.0,-0.0091206495711998,32.40161780500001,30.459847562160046,31.16283153322369,32.11503584877376
Q03035,2IOU,Pertactin Extracellular Domain,3.16,X-ray,False,no_TM_span,1636,0.0,,,,,,,,,
A0A8N7XJ49,7ZD6,NADH dehydrogenase [ubiquinone] 1 alpha subcomplex subunit 2,3.16,EM,True,,8160,1.0,19.0,18.0,True,0.0,-0.0091206495711998,32.40161780500001,30.459847562160046,31.16283153322369,32.11503584877376
A0A9J4RF63,7ZD6,"NADH-ubiquinone oxidoreductase 75 kDa subunit, mitochondrial",3.16,EM,True,,8160,1.0,19.0,18.0,True,0.0,-0.0091206495711998,32.40161780500001,30.459847562160046,31.16283153322369,32.11503584877376
P0DMC3,7W0P,Apelin receptor early endogenous ligand,3.16,EM,True,,1158,1.0,1.0,0.0,False,0.0,0.0111646632869462,4.969367384999999,12.512863492030672,12.175861484636153,12.576958164535618
A0A8N7XJG2,7ZD6,NADH dehydrogenase [ubiquinone] 1 alpha subcomplex subunit 8,3.16,EM,True,,8160,1.0,19.0,18.0,True,0.0,-0.0091206495711998,32.40161780500001,30.459847562160046,31.16283153322369,32.11503584877376
A0A8N7XJH2,7ZD6,NADH dehydrogenase [ubiquinone] 1 beta subcomplex subunit 7,3.16,EM,True,,8160,1.0,19.0,18.0,True,0.0,-0.0091206495711998,32.40161780500001,30.459847562160046,31.16283153322369,32.11503584877376
A0A8N7XJB4,7ZD6,"NADH dehydrogenase [ubiquinone] 1 beta subcomplex subunit 2, mitochondrial",3.16,EM,True,,8160,1.0,19.0,18.0,True,0.0,-0.0091206495711998,32.40161780500001,30.459847562160046,31.16283153322369,32.11503584877376
A0A8N7XJ91,7ZD6,NADH dehydrogenase [ubiquinone] 1 alpha subcomplex subunit 11,3.16,EM,True,,8160,1.0,19.0,18.0,True,0.0,-0.0091206495711998,32.40161780500001,30.459847562160046,31.16283153322369,32.11503584877376
Q8NRS3,2VQL,UNCHARACTERIZED PROTEIN CGL0972,3.16,X-ray,False,no_TM_span,76,0.0,,,,,,,,,
A0A8N7XJ18,7ZD6,NADH dehydrogenase [ubiquinone] 1 alpha subcomplex subunit 12,3.16,EM,True,,8160,1.0,19.0,18.0,True,0.0,-0.0091206495711998,32.40161780500001,30.459847562160046,31.16283153322369,32.11503584877376
A0A8N7XJ68,7ZD6,"NADH dehydrogenase [ubiquinone] 1 beta subcomplex subunit 5, mitochondrial",3.16,EM,True,,8160,1.0,19.0,18.0,True,0.0,-0.0091206495711998,32.40161780500001,30.459847562160046,31.16283153322369,32.11503584877376
A0A836D7R1,7ZD6,NADH dehydrogenase [ubiquinone] iron-sulfur protein 5,3.16,EM,True,,8160,1.0,19.0,18.0,True,0.0,-0.0091206495711998,32.40161780500001,30.459847562160046,31.16283153322369,32.11503584877376
A0A836CQA7,7ZD6,"NADH dehydrogenase [ubiquinone] 1 beta subcomplex subunit 11, mitochondrial",3.16,EM,True,,8160,1.0,19.0,18.0,True,0.0,-0.0091206495711998,32.40161780500001,30.459847562160046,31.16283153322369,32.11503584877376
A0A836ABR5,7ZD6,NADH dehydrogenase [ubiquinone] 1 alpha subcomplex subunit 5,3.16,EM,True,,8160,1.0,19.0,18.0,True,0.0,-0.0091206495711998,32.40161780500001,30.459847562160046,31.16283153322369,32.11503584877376
P0A0J7,7LO8,Quinolone resistance protein NorA,3.16,EM,True,,816,1.0,1.0,0.0,False,0.0,0.0181468296584433,9.784358475,17.21893423573892,16.450329164048192,17.64782715395484
Q2LKY9,6Q68,Genome polyprotein,3.161,X-ray,False,no_TM_span,124,0.0,,,,,,,,,
F1MRE5,6Q68,Acyl-CoA binding domain containing 3,3.161,X-ray,False,no_TM_span,124,0.0,,,,,,,,,
Q9I4U9,4FRT,Probable porin,3.166,X-ray,True,,370,1.0,1.0,0.0,False,0.0,-0.0114267505468465,10.761761709999998,18.25349212309904,18.761067724302748,18.50830933674704
Q8TAX9,8GTN,Isoform 4 of Gasdermin-B,3.17,EM,True,,5859,27.0,27.0,0.0,False,0.0,0.0621219373465506,223.40333251500005,97.59754781585175,85.02491824018276,84.32762853651774
P0AAW9,6SGR,Multidrug efflux pump accessory protein AcrZ,3.17,EM,True,,3528,3.0,4.0,1.0,True,0.005,-0.0049771678484885,47.50771966999999,38.42285554998086,38.8873715578144,38.887243205206936
Q08BA4,6C08,Sodium-coupled neutral amino acid transporter 9,3.17,X-ray,True,,364,1.0,1.0,0.0,False,0.0,-0.0265595160780054,10.19922796,17.004108194886186,18.152632294569884,18.018088386702225
P00424,6YMX,"Cytochrome c oxidase subunit 5A, mitochondrial",3.17,EM,True,,5762,1.0,21.0,20.0,True,0.0,0.0148044091874686,10.627217240000002,18.258812964443912,17.605325644796906,18.392249210237495
Q8K595,7DYS,Mucolipin-2,3.18,EM,True,,1548,4.0,4.0,0.0,False,0.0,0.0134354399156933,43.679467975,38.24346409491865,37.04112528329172,37.28754011689532
C3V2B5,4Z9G,"Corticotropin-releasing factor receptor 1,Lysozyme,Corticotropin-releasing factor receptor 1",3.183,X-ray,True,,261,1.0,1.0,0.0,False,0.0,0.0472316178887045,5.1638512950000015,13.15226430613831,11.698961904281944,12.82070558893492
P63235,4DJI,Probable glutamate/gamma-aminobutyrate antiporter,3.187,X-ray,True,,493,1.0,1.0,0.0,False,0.0,-0.0112350072112691,10.711869555000003,17.527958122995813,18.0258583205102,18.46535669535702
P01213,8F7W,Dynorphin,3.19,EM,True,,1147,1.0,1.0,0.0,False,0.0,0.0329277060706511,5.2767009,13.21201715030838,12.187830712650932,12.960038822877443
G6FQU3,6PNJ,Photosystem I reaction center subunit IV,3.19,EM,True,,6711,6.0,27.0,21.0,True,0.007,0.0132065893845152,193.68824504000008,79.89460526658777,77.40587051274409,78.51934999337462
F7B113,6Z3Z,Sodium/hydrogen exchanger,3.19,EM,True,,769,2.0,2.0,0.0,False,0.001,0.0305388767778071,26.398256475000004,30.492192567699576,28.367593497960637,28.98762841973756
O43193,8IBV,"Soluble cytochrome b562,Motilin receptor,Soluble cytochrome b562, motilin receptor",3.19,EM,True,,1152,1.0,1.0,0.0,False,0.0,0.0239488094453406,5.355497529999999,12.655435094860476,11.904987888073125,13.056445952983806
P12872,8IBV,Motilin,3.19,EM,True,,1152,1.0,1.0,0.0,False,0.0,0.0239488094453406,5.355497529999999,12.655435094860476,11.904987888073125,13.056445952983806
O95136,7T6B,Sphingosine 1-phosphate receptor 2,3.19,EM,True,,1119,1.0,1.0,0.0,False,0.0,0.0046726031642754,4.624567735,11.889295171175307,11.75323507408439,12.132788753526867
G6FMD2,6PNJ,Photosystem I reaction centre subunit IX / PsaJ,3.19,EM,True,,6711,6.0,27.0,21.0,True,0.007,0.0132065893845152,193.68824504000008,79.89460526658777,77.40587051274409,78.51934999337462
G6FMF0,6PNJ,Photosystem I P700 chlorophyll a apoprotein A2,3.19,EM,True,,6711,6.0,27.0,21.0,True,0.007,0.0132065893845152,193.68824504000008,79.89460526658777,77.40587051274409,78.51934999337462
G6FMF1,6PNJ,Photosystem I reaction center protein subunit XI,3.19,EM,True,,6711,6.0,27.0,21.0,True,0.007,0.0132065893845152,193.68824504000008,79.89460526658777,77.40587051274409,78.51934999337462
G6FSH2,6PNJ,Photosystem one PsaX,3.19,EM,True,,6711,6.0,27.0,21.0,True,0.007,0.0132065893845152,193.68824504000008,79.89460526658777,77.40587051274409,78.51934999337462
I3LZN5,7LQY,Osm-9-like TRP channel 1,3.19,EM,True,,2636,4.0,4.0,0.0,False,0.0,0.0250223853171156,41.24486673999999,38.35325681383503,36.17730153552267,36.23347738994287
G6FV28,6PNJ,photosystem I reaction center subunit PsaK,3.19,EM,True,,6711,6.0,27.0,21.0,True,0.007,0.0132065893845152,193.68824504000008,79.89460526658777,77.40587051274409,78.51934999337462
G6FME9,6PNJ,Photosystem I P700 chlorophyll a apoprotein A1,3.19,EM,True,,6711,6.0,27.0,21.0,True,0.007,0.0132065893845152,193.68824504000008,79.89460526658777,77.40587051274409,78.51934999337462
G6FMD3,6PNJ,Photosystem I reaction center protein PsaF subunit III,3.19,EM,True,,6711,6.0,27.0,21.0,True,0.007,0.0132065893845152,193.68824504000008,79.89460526658777,77.40587051274409,78.51934999337462
Q9Y5Q6,7YJ4,Insulin-like peptide INSL5 B chain,3.19,EM,True,,1154,1.0,1.0,0.0,False,0.0,0.0395820638952456,5.010287239999999,12.74655102846424,11.54686927574662,12.62863397645406
Q9H1J5,7KC4,Protein Wnt-8a,3.19,EM,True,,772,1.0,1.0,0.0,False,0.0,0.034236142954582,6.834069514999999,15.113137299836024,13.901253911465048,14.749074172610849
G6FW50,6PNJ,Photosystem I iron-sulfur center,3.19,EM,True,,6711,6.0,27.0,21.0,True,0.007,0.0132065893845152,193.68824504000008,79.89460526658777,77.40587051274409,78.51934999337462
A0A6I8R0A5,7SI3,P-type Cu(+) transporter,3.19,EM,True,,872,1.0,1.0,0.0,False,0.0,0.0240378059241934,6.1827956250000025,13.610277833130596,12.800951678920184,14.028702618886
G6FWT6,6PNJ,Photosystem I reaction center subunit XII,3.19,EM,True,,6711,6.0,27.0,21.0,True,0.007,0.0132065893845152,193.68824504000008,79.89460526658777,77.40587051274409,78.51934999337462
Q837A3,4Z7F,Folate ECF transporter,3.194,X-ray,True,,164,1.0,1.0,0.0,False,0.0,0.011709423474981,4.193060449999999,10.364322615607794,10.039656189918784,11.552889658441536
W2SDE2,6DNF,Mitochondrial calcium uniporter MCU,3.2,EM,True,,903,4.0,4.0,0.0,False,0.004,-0.063804703911123,9.23356867,15.346272985944491,17.971541891612638,17.143909100371232
P48117,7DR1,Photosystem I reaction center subunit IX,3.2,EM,True,,2114,2.0,7.0,5.0,True,0.023,0.0231888337190756,38.450842615,35.85808615416921,33.91107633194906,34.98468713087413
P45844,7R8D,Isoform 4 of ATP-binding cassette sub-family G member 1,3.2,EM,True,,1090,2.0,2.0,0.0,False,0.0,0.0295722005809862,12.783923495000002,20.69504669605808,19.26334667914137,20.172380208284142
Q9RBW8,3BRY,TbuX,3.2,X-ray,True,,389,1.0,1.0,0.0,False,0.0,-0.0064418631296082,5.60705575,12.959612039827157,13.166157301150678,13.359570642833807
P04839,7U8G,"EGFP, Cytochrome b-245 heavy chain chimera",3.2,EM,True,,621,1.0,2.0,1.0,True,0.0,-0.0391229848692195,4.253540574999999,10.14475443891496,11.237310113415717,11.635910004406124
Q99KD6,7O37,Cox7a2l protein,3.2,EM,True,,5970,1.0,22.0,21.0,True,0.0,0.0064894404408049,10.249852225,18.03265487712983,17.75133374382657,18.062749777208406
O24592,3NPE,"9-cis-epoxycarotenoid dioxygenase 1, chloroplastic",3.2,X-ray,False,no_TM_span,522,0.0,,,,,,,,,
P52757,1XA6,Beta2-chimaerin,3.2,X-ray,False,no_TM_span,399,0.0,,,,,,,,,
P43023,7O37,"Cytochrome c oxidase subunit 6A2, mitochondrial",3.2,EM,True,,5970,1.0,22.0,21.0,True,0.0,0.0064894404408049,10.249852225,18.03265487712983,17.75133374382657,18.062749777208406
P08183,7A69,Multidrug resistance protein 1,3.2,EM,True,,1596,1.0,1.0,0.0,False,0.0,0.0046626720282598,10.066262685,16.905238518163788,16.704927285561357,17.900253991378136
P08011,2H8A,Microsomal glutathione S-transferase 1,3.2,EM,True,,363,3.0,3.0,0.0,False,0.0,-0.0153193785377853,9.365311265,17.01713032177849,17.651932723256962,17.265778762737355
P56393,7O37,"Cytochrome c oxidase subunit 7B, mitochondrial",3.2,EM,True,,5970,1.0,22.0,21.0,True,0.0,0.0064894404408049,10.249852225,18.03265487712983,17.75133374382657,18.062749777208406
P46359,4EPA,Pesticin receptor,3.2,X-ray,True,,633,1.0,1.0,0.0,False,0.0,-0.0056451380617454,14.423054134999996,21.094626156807923,21.384921112898887,21.42662063913603
P02461,2V53,COLLAGEN ALPHA-1(III) CHAIN,3.2,X-ray,False,no_TM_span,314,0.0,,,,,,,,,
P22888,7FIH,Lutropin-choriogonadotropic hormone receptor,3.2,EM,True,,1381,1.0,1.0,0.0,False,0.0,0.0278987651122117,4.570217915,12.70286140189325,11.895273619650409,12.061283283128589
Q68Y26,4UT9,ENVELOPE GLYCOPROTEIN E,3.2,X-ray,False,no_TM_span,377,0.0,,,,,,,,,
A0A1S3U9S5,7JRG,cytochrome b-c1 complex subunit 8,3.2,EM,True,,3983,2.0,12.0,10.0,True,0.0,0.0425121589974383,24.339726575000004,28.871471301346705,26.031543401488943,27.834467115130543
P40136,6UZB,Calmodulin-sensitive adenylate cyclase,3.2,EM,True,,4668,7.0,7.0,0.0,False,0.0,0.0060413564764322,6.335709294999999,13.982798592064425,13.776892882726964,14.201122859073624
O66458,6KLV,Cytochrome c,3.2,EM,True,,1530,2.0,6.0,4.0,True,0.0,0.0455264358951047,22.44051586,29.17712478460819,26.256899373857483,26.726462634067666
Q9EQJ0,6C9A,Two pore calcium channel protein 1,3.2,EM,True,,1446,2.0,2.0,0.0,False,0.0,0.006513783479536,47.475302355,39.17378502147136,38.566065071547406,38.87397341301902
P25025,6LFL,"C-X-C chemokine receptor type 2,GlgA glycogen synthase,C-X-C chemokine receptor type 2",3.2,X-ray,True,,471,1.0,1.0,0.0,False,0.0,0.0451290387776714,4.703449440000001,12.952688035027078,11.627429442519976,12.235826314220116
P24474,5GUW,Nitrite reductase,3.2,X-ray,True,,1668,1.0,2.0,1.0,True,0.0,0.0288313064615744,9.98089011,17.98950966760547,16.75616271574261,17.82418580167695
A0A8I3AZV5,7DD6,Calcium-sensing Receptor,3.2,EM,True,,1591,2.0,2.0,0.0,False,0.001,-0.0138405632883572,15.676336999999998,21.27555470433183,22.01756916057052,22.338158040108738
P56391,7O37,Cytochrome c oxidase subunit 6B1,3.2,EM,True,,5970,1.0,22.0,21.0,True,0.0,0.0064894404408049,10.249852225,18.03265487712983,17.75133374382657,18.062749777208406
Q41387,3JCU,"Photosystem II reaction center W protein, chloroplastic",3.2,EM,True,,7648,4.0,42.0,38.0,True,0.041,0.0081445490508781,102.47169816499998,56.43267505694684,55.31631236235954,57.11195547340407
Q9HC97,8H8J,G-protein coupled receptor 35,3.2,EM,True,,1140,1.0,1.0,0.0,False,0.0,0.0412737702314438,5.129505955000001,13.023710108764025,11.757959290886504,12.777998500215622
Q9H4I9,6WDN,"Essential MCU regulator, mitochondrial",3.2,EM,True,,1540,4.0,8.0,4.0,True,0.035,-0.0800983667557384,8.901881405000003,14.420832070030125,17.65677510772346,16.833172181282865
Q9KAX3,4LZ6,BH2163 protein,3.2,X-ray,True,,446,1.0,1.0,0.0,False,0.0,0.0376865269626445,11.180428184999998,18.41817301874293,16.711887755022474,18.86489020125321
Q02307,6RB9,Epsilon-toxin type B,3.2,EM,True,,1736,7.0,7.0,0.0,False,0.0,-0.0232328402019613,5.985722234999998,12.740957166870093,13.510613576565875,13.80331323759131
Q9CQB4,7O37,Cytochrome b-c1 complex subunit 7,3.2,EM,True,,5970,1.0,22.0,21.0,True,0.0,0.0064894404408049,10.249852225,18.03265487712983,17.75133374382657,18.062749777208406
P0DN86,7FIH,Choriogonadotropin subunit beta 3,3.2,EM,True,,1381,1.0,1.0,0.0,False,0.0,0.0278987651122117,4.570217915,12.70286140189325,11.895273619650409,12.061283283128589
O75751,7ZH0,Solute carrier family 22 member 3,3.2,EM,True,,495,1.0,1.0,0.0,False,0.0,0.0427754999537031,8.367177444999998,17.36886750603979,15.69345833184835,16.31978952130673
Q48473,1OSM,OMPK36,3.2,X-ray,True,,1026,3.0,3.0,0.0,False,0.0,-0.0087664538117887,35.68031083500001,33.014330897540525,33.72337715477411,33.70073542356476
Q48245,6NYF,Vacuolating cytotoxin autotransporter,3.2,EM,False,no_TM_span,4500,0.0,,,,,,,,,
Q9H2X9,6M23,Solute carrier family 12 member 5,3.2,EM,True,,1872,2.0,2.0,0.0,False,0.0,0.0231349774666544,27.9997882,30.594883579553084,28.937272048164537,29.853993694499646
Q8NFT2,7TAI,Metalloreductase STEAP2,3.2,EM,True,,1272,3.0,3.0,0.0,False,0.0,-0.0249128664653012,20.39136237,24.437114311240556,25.960406190220557,25.47699400464492
P57789,4BW5,POTASSIUM CHANNEL SUBFAMILY K MEMBER 10,3.2,X-ray,True,,483,2.0,2.0,0.0,False,0.035,0.0315752971611459,11.448480454999997,19.498225322165705,18.05159462874997,19.089694891769227
P12163,3JCU,Photosystem II reaction center protein K,3.2,EM,True,,7648,4.0,42.0,38.0,True,0.041,0.0081445490508781,102.47169816499998,56.43267505694684,55.31631236235954,57.11195547340407
Q0C3L7,6E9C,Major facilitator family transporter,3.2,X-ray,True,,479,1.0,1.0,0.0,False,0.0,-0.0242064836760528,8.277172635000001,15.644664347310444,16.58765854128334,16.231777103479573
P25929,7VGX,Neuropeptide Y receptor type 1,3.2,EM,True,,1149,1.0,1.0,0.0,False,0.0,0.028606675139275,5.24178851,12.799988472369767,11.913152222657343,12.91709372892216
Q9C0H2,7P5C,Protein tweety homolog 3,3.2,EM,True,,784,2.0,2.0,0.0,False,0.0,0.0165450236963815,8.491883894999999,16.20867331130945,15.555834864749908,16.440956772960067
P06005,3JCU,Photosystem II D2 protein,3.2,EM,True,,7648,4.0,42.0,38.0,True,0.041,0.0081445490508781,102.47169816499998,56.43267505694684,55.31631236235954,57.11195547340407
P06003,3JCU,Photosystem II CP43 reaction center protein,3.2,EM,True,,7648,4.0,42.0,38.0,True,0.041,0.0081445490508781,102.47169816499998,56.43267505694684,55.31631236235954,57.11195547340407
Q4KLV1,8ERO,Cholinephosphotransferase 1,3.2,EM,True,,728,2.0,2.0,0.0,False,0.0,-0.0190252860431157,24.76637902500001,26.53559623814746,27.81762792080611,28.07736328189022
P15389,8F6P,"Sodium channel protein type 5 subunit alpha,Green fluorescent protein",3.2,EM,True,,1091,1.0,1.0,0.0,False,0.0,0.0055581947436098,45.72757530000002,39.335656478090335,38.826725189927615,38.15172248955966
A0A1C3HJ46,6YE4,Biopolymer transport protein ExbB,3.2,EM,True,,1185,5.0,5.0,0.0,False,0.0,-0.0224079618837049,16.75258792,21.49585016891221,22.73773011850477,23.09223755745456
A0A1C3Q001,7NG8,Outer membrane channel protein,3.2,EM,True,,1341,3.0,4.0,1.0,True,0.0,-0.0664832803648569,8.555581429999998,15.553778234775397,18.186915563238053,16.50250329864973
A0A421IFY4,6MIT,LPS export ABC transporter permease LptF,3.2,X-ray,True,,1360,2.0,3.0,1.0,True,0.007,0.0415851668220867,12.9061324,21.37888084155979,19.35598830797342,20.26857058432324
P00405,7O37,Cytochrome c oxidase subunit 2,3.2,EM,True,,5970,1.0,22.0,21.0,True,0.0,0.0064894404408049,10.249852225,18.03265487712983,17.75133374382657,18.062749777208406
P83303,6W6O,Huwentoxin-IV,3.2,EM,True,,1044,4.0,4.0,0.0,False,0.0,0.0228893046402989,47.384040030000016,40.97132203883911,38.83785986147503,38.8365914942049
P0AEH1,7W6X,Regulator of sigma-E protease RseP,3.2,X-ray,True,,447,1.0,1.0,0.0,False,0.0,-0.0539919478768587,5.049164010000001,13.130936984167288,14.773700466607306,12.677534544801652
P00416,7O37,Cytochrome c oxidase subunit 3,3.2,EM,True,,5970,1.0,22.0,21.0,True,0.0,0.0064894404408049,10.249852225,18.03265487712983,17.75133374382657,18.062749777208406
O43612,7L1U,Orexin,3.2,EM,True,,1148,1.0,1.0,0.0,False,0.0,0.0281971890211375,4.88096792,12.545739723262772,11.702220279907133,12.4645912210627
E3PJ88,5ZDH,Type II secretion system lipoprotein,3.2,EM,True,,8715,15.0,15.0,0.0,False,0.0,-0.0954205360752763,135.757491035,50.10779620579304,65.16207861991285,65.73655871731333
P39109,7MPE,Metal resistance protein YCF1,3.2,EM,True,,1428,1.0,1.0,0.0,False,0.0,-0.0482299767561488,19.23547628,22.284105937610583,25.14831576191055,24.744377675297887
Q51056,4AUI,PORIN (PORB),3.2,X-ray,True,,947,3.0,3.0,0.0,False,0.0,-0.0083285641700592,33.63782654000001,31.99908959183736,32.65315383123789,32.72193872223573
P0ADC3,7ARL,Lipoprotein-releasing ABC transporter permease subunit LolC,3.2,EM,True,,1257,2.0,2.0,0.0,False,0.021,0.0759007070486967,5.655487275,14.760094430151518,12.31600472514667,13.417143924170771
A0A1D8S9F5,6S3L,Flagellar biosynthetic protein FliQ,3.2,EM,True,,1768,1.0,4.0,3.0,True,0.0,0.0507458363780308,1.9415255099999995,7.822042387114558,6.864609655037384,7.861340624289384
A0A1D8S9F8,6S3L,Flagellar biosynthetic protein FlhB,3.2,EM,True,,1768,1.0,4.0,3.0,True,0.0,0.0507458363780308,1.9415255099999995,7.822042387114558,6.864609655037384,7.861340624289384
A0A1D8S9I5,6S3L,Flagellar biosynthetic protein FliR,3.2,EM,True,,1768,1.0,4.0,3.0,True,0.0,0.0507458363780308,1.9415255099999995,7.822042387114558,6.864609655037384,7.861340624289384
Q60175,1RH5,Preprotein translocase secY subunit,3.2,X-ray,True,,498,1.0,3.0,2.0,True,0.0,0.0777969657667346,8.716538405,18.23872614859516,15.12865024548255,16.657011579548687
A0A1S3VF71,7JRG,Alpha-MPP,3.2,EM,True,,3983,2.0,12.0,10.0,True,0.0,0.0425121589974383,24.339726575000004,28.871471301346705,26.031543401488943,27.834467115130543
A0A1S3VHC0,7JRG,Cytochrome b-c1 complex subunit 6,3.2,EM,True,,3983,2.0,12.0,10.0,True,0.0,0.0425121589974383,24.339726575000004,28.871471301346705,26.031543401488943,27.834467115130543
A0A1S3W199,7JRG,"cytochrome c1-2, heme protein, mitochondrial",3.2,EM,True,,3983,2.0,12.0,10.0,True,0.0,0.0425121589974383,24.339726575000004,28.871471301346705,26.031543401488943,27.834467115130543
P61840,3JCU,Photosystem II Reaction Center protein Tc,3.2,EM,True,,7648,4.0,42.0,38.0,True,0.041,0.0081445490508781,102.47169816499998,56.43267505694684,55.31631236235954,57.11195547340407
P75958,7ARL,Lipoprotein-releasing system transmembrane protein LolE,3.2,EM,True,,1257,2.0,2.0,0.0,False,0.021,0.0759007070486967,5.655487275,14.760094430151518,12.31600472514667,13.417143924170771
P75957,7ARL,Lipoprotein-releasing system ATP-binding protein LolD,3.2,EM,True,,1257,2.0,2.0,0.0,False,0.021,0.0759007070486967,5.655487275,14.760094430151518,12.31600472514667,13.417143924170771
P0A264,3UPG,Outer membrane protein C,3.2,X-ray,True,,939,3.0,3.0,0.0,False,0.0,-0.0144298118290987,34.26126117000001,32.242335580255705,33.38600009414721,33.02377650047891
Q58439,4EV6,Magnesium transport protein CorA,3.2,X-ray,True,,1582,5.0,5.0,0.0,False,0.006,-0.0201906394205541,9.740836665000003,16.607695365681508,17.46096149955617,17.608533755458023
Q8IYU8,6WDN,"Calcium uptake protein 2, mitochondrial",3.2,EM,True,,1540,4.0,8.0,4.0,True,0.035,-0.0800983667557384,8.901881405000003,14.420832070030125,17.65677510772346,16.833172181282865
P20340,3CWZ,Ras-related protein Rab-6A,3.2,X-ray,False,no_TM_span,476,0.0,,,,,,,,,
P19783,7O37,"Cytochrome c oxidase subunit 4 isoform 1, mitochondrial",3.2,EM,True,,5970,1.0,22.0,21.0,True,0.0,0.0064894404408049,10.249852225,18.03265487712983,17.75133374382657,18.062749777208406
P28223,7WC5,5-hydroxytryptamine receptor 2A,3.2,X-ray,True,,363,1.0,1.0,0.0,False,0.0,0.0371558517070743,5.340965499999999,12.453697510311226,11.29098214267296,13.038719724024109
P00397,7O37,Cytochrome c oxidase subunit 1,3.2,EM,True,,5970,1.0,22.0,21.0,True,0.0,0.0064894404408049,10.249852225,18.03265487712983,17.75133374382657,18.062749777208406
Q9Z2J0,7YTW,Solute carrier family 23 member 1,3.2,EM,True,,1014,2.0,2.0,0.0,False,0.0,0.0230924268433582,25.360896895,29.89745677470585,28.322791733088334,28.412363865342677
P07110,2VQI,OUTER MEMBRANE USHER PROTEIN PAPC,3.2,X-ray,True,,954,1.0,1.0,0.0,False,0.0,0.0221825744264473,22.56859015,27.045236106252123,25.618313338448413,26.802621815738696
P19536,7O37,"Cytochrome c oxidase subunit 5B, mitochondrial",3.2,EM,True,,5970,1.0,22.0,21.0,True,0.0,0.0064894404408049,10.249852225,18.03265487712983,17.75133374382657,18.062749777208406
Q13303,7EJ1,Voltage-gated potassium channel subunit beta-2,3.2,EM,True,,2740,4.0,4.0,0.0,False,0.0,0.0046323205245981,45.21638854,38.77888046788063,38.357103516571065,37.93787486115881
P0AAX1,5NC5,Multidrug efflux pump accessory protein AcrZ,3.2,X-ray,True,,3529,3.0,5.0,2.0,True,0.005,-0.0107979064947045,48.00326577999999,38.36525565328046,39.37825988587704,39.0895306532095
Q9M3M6,3JCU,Photosystem II reaction center protein Z,3.2,EM,True,,7648,4.0,42.0,38.0,True,0.041,0.0081445490508781,102.47169816499998,56.43267505694684,55.31631236235954,57.11195547340407
P09486,2V53,SPARC,3.2,X-ray,False,no_TM_span,314,0.0,,,,,,,,,
Q8NE86,6WDN,"Calcium uniporter protein, mitochondrial",3.2,EM,True,,1540,4.0,8.0,4.0,True,0.035,-0.0800983667557384,8.901881405000003,14.420832070030125,17.65677510772346,16.833172181282865
A0A1S3U9J1,7JRG,Cytochrome b-c1 complex subunit 7,3.2,EM,True,,3983,2.0,12.0,10.0,True,0.0,0.0425121589974383,24.339726575000004,28.871471301346705,26.031543401488943,27.834467115130543
P21439,6S7P,Phosphatidylcholine translocator ABCB4,3.2,EM,True,,1128,1.0,1.0,0.0,False,0.0,-0.0254489866266475,9.53995514,15.960984377551386,17.025323350743975,17.426020873429106
Q9T4W8,7DR1,"Photosystem I reaction center subunit II, cyanelle",3.2,EM,True,,2114,2.0,7.0,5.0,True,0.023,0.0231888337190756,38.450842615,35.85808615416921,33.91107633194906,34.98468713087413
P31173,7DR1,Photosystem I iron-sulfur center,3.2,EM,True,,2114,2.0,7.0,5.0,True,0.023,0.0231888337190756,38.450842615,35.85808615416921,33.91107633194906,34.98468713087413
A0A6P3YN15,7ZL3,Protein transport protein Sec61 subunit alpha,3.2,EM,True,,478,1.0,3.0,2.0,True,0.0,0.0235097327613902,9.37783652,18.52491143726246,17.550066980246722,17.277320612095487
P31382,6P25,Dolichyl-phosphate-mannose--protein mannosyltransferase 2,3.2,EM,True,,1424,2.0,2.0,0.0,False,0.029,-0.0020151138940888,28.903213324999992,29.58501609109352,29.731708948081124,30.331796095560463
A0A1S3TB49,7JRG,"Cytochrome b-c1 complex subunit Rieske, mitochondrial",3.2,EM,True,,3983,2.0,12.0,10.0,True,0.0,0.0425121589974383,24.339726575000004,28.871471301346705,26.031543401488943,27.834467115130543
E3PJ86,5ZDH,Type II secretion system protein D,3.2,EM,True,,8715,15.0,15.0,0.0,False,0.0,-0.0954205360752763,135.757491035,50.10779620579304,65.16207861991285,65.73655871731333
P58353,4YB9,"Solute carrier family 2, facilitated glucose transporter member 5",3.2,X-ray,True,,437,1.0,1.0,0.0,False,0.0,-0.0340737031915101,8.24159547,15.172878588277973,16.49740702981408,16.19685560850792
A0A1S3TQD2,7JRG,cytochrome b-c1 complex subunit 9,3.2,EM,True,,3983,2.0,12.0,10.0,True,0.0,0.0425121589974383,24.339726575000004,28.871471301346705,26.031543401488943,27.834467115130543
D9IA45,3MK7,"Cytochrome c oxidase, cbb3-type, subunit P",3.2,X-ray,True,,998,1.0,4.0,3.0,True,0.0,0.0292386916263804,10.069734099999998,18.167082249685837,16.910753663658035,17.903340233800048
P0A1L5,7BIN,Flagellar biosynthetic protein FliQ,3.2,EM,True,,10887,1.0,5.0,4.0,True,0.0,0.3540008760679879,1.0407449449999997,7.987705318802098,3.097660976781153,5.755687665164827
D9IA43,3MK7,"Cytochrome c oxidase, cbb3-type, subunit N",3.2,X-ray,True,,998,1.0,4.0,3.0,True,0.0,0.0292386916263804,10.069734099999998,18.167082249685837,16.910753663658035,17.903340233800048
D9IA44,3MK7,"Cytochrome c oxidase, cbb3-type, subunit O",3.2,X-ray,True,,998,1.0,4.0,3.0,True,0.0,0.0292386916263804,10.069734099999998,18.167082249685837,16.910753663658035,17.903340233800048
Q1J2S8,5DA0,Sulphate transporter,3.2,X-ray,True,,375,1.0,1.0,0.0,False,0.0,-0.0325225155231901,11.255494510000004,18.3274742861811,19.804890038722665,18.92811447667301
Q8EG32,3PMQ,Decaheme cytochrome c MtrF,3.2,X-ray,False,no_TM_span,594,0.0,,,,,,,,,
P35499,6AGF,Sodium channel protein type 4 subunit alpha,3.2,EM,True,,1311,1.0,2.0,1.0,True,0.0,0.0050595490238176,47.115730015,39.41174364572451,38.941491185947385,38.72648016350164
P69776,7ARL,LPP,3.2,EM,True,,1257,2.0,2.0,0.0,False,0.021,0.0759007070486967,5.655487275,14.760094430151518,12.31600472514667,13.417143924170771
P69560,3JCU,Photosystem II protein D1,3.2,EM,True,,7648,4.0,42.0,38.0,True,0.041,0.0081445490508781,102.47169816499998,56.43267505694684,55.31631236235954,57.11195547340407
P73745,3ND0,Sll0855 protein,3.2,X-ray,True,,850,2.0,2.0,0.0,False,0.0,0.0003469608292088,24.958970575,28.308541950700395,28.28507103211685,28.186321297737365
P48116,7DR1,Photosystem I reaction center subunit VIII,3.2,EM,True,,2114,2.0,7.0,5.0,True,0.023,0.0231888337190756,38.450842615,35.85808615416921,33.91107633194906,34.98468713087413
P62103,3JCU,Protein  Photosystem II reaction center protein I,3.2,EM,True,,7648,4.0,42.0,38.0,True,0.041,0.0081445490508781,102.47169816499998,56.43267505694684,55.31631236235954,57.11195547340407
P60128,3JCU,Cytochrome b559 subunit beta,3.2,EM,True,,7648,4.0,42.0,38.0,True,0.041,0.0081445490508781,102.47169816499998,56.43267505694684,55.31631236235954,57.11195547340407
Q9CPQ1,7O37,Cytochrome c oxidase subunit 6C,3.2,EM,True,,5970,1.0,22.0,21.0,True,0.0,0.0064894404408049,10.249852225,18.03265487712983,17.75133374382657,18.062749777208406
P60460,1RH5,SecBeta,3.2,X-ray,True,,498,1.0,3.0,2.0,True,0.0,0.0777969657667346,8.716538405,18.23872614859516,15.12865024548255,16.657011579548687
P60150,3JCU,Protein Photosystem II reaction center protein L,3.2,EM,True,,7648,4.0,42.0,38.0,True,0.041,0.0081445490508781,102.47169816499998,56.43267505694684,55.31631236235954,57.11195547340407
A0A0H3CR83,6MIT,Lipopolysaccharide export system ATP-binding protein,3.2,X-ray,True,,1360,2.0,3.0,1.0,True,0.007,0.0415851668220867,12.9061324,21.37888084155979,19.35598830797342,20.26857058432324
A0A0H3CU18,6MIT,Lipopolysaccharide export system protein LptC,3.2,X-ray,True,,1360,2.0,3.0,1.0,True,0.007,0.0415851668220867,12.9061324,21.37888084155979,19.35598830797342,20.26857058432324
A0A0H3CQA2,6MIT,Lipopolysaccharide export system permease protein LptG,3.2,X-ray,True,,1360,2.0,3.0,1.0,True,0.007,0.0415851668220867,12.9061324,21.37888084155979,19.35598830797342,20.26857058432324
A0A0H2VG78,4LDS,Glucose transporter GlcP,3.2,X-ray,True,,421,1.0,1.0,0.0,False,0.0,-0.0191049603046353,8.14797422,15.254347108178276,15.992773598443565,16.104597935362
A7NJ87,6LOD,MULTIHEME_CYTC domain-containing protein,3.2,EM,True,,2329,2.0,4.0,2.0,True,0.072,0.0250266487149442,20.591758595,26.23347974902266,24.69572979691981,25.60187558500069
P13569,6MSM,Cystic fibrosis transmembrane conductance regulator,3.2,EM,True,,1198,1.0,1.0,0.0,False,0.0,-0.0389992545562847,10.794215030000002,16.737261842480482,18.47221655900432,18.536195288253367
P35408,5YWY,"Prostaglandin E2 receptor EP4 subtype,Prostaglandin E2 receptor EP4 subtype",3.2,X-ray,True,,280,1.0,1.0,0.0,False,0.0,0.0125942887448282,4.96666638,12.140346487288877,11.760294991914058,12.573539716924028
P01865,1ORQ,6E1 Fab heavy chain,3.2,X-ray,True,,892,4.0,4.0,0.0,False,0.0,-0.2574117307468401,30.549871240000005,18.812251013639788,38.07726515267127,31.183851650067
A7NJ89,6LOD,Polysulphide reductase NrfD,3.2,EM,True,,2329,2.0,4.0,2.0,True,0.072,0.0250266487149442,20.591758595,26.23347974902266,24.69572979691981,25.60187558500069
A7NJ90,6LOD,Uncharacterized protein ActD,3.2,EM,True,,2329,2.0,4.0,2.0,True,0.072,0.0250266487149442,20.591758595,26.23347974902266,24.69572979691981,25.60187558500069
A7NJ91,6LOD,Cytochrome c domain-containing protein,3.2,EM,True,,2329,2.0,4.0,2.0,True,0.072,0.0250266487149442,20.591758595,26.23347974902266,24.69572979691981,25.60187558500069
A7NJ92,6LOD,Uncharacterized protein ActF,3.2,EM,True,,2329,2.0,4.0,2.0,True,0.072,0.0250266487149442,20.591758595,26.23347974902266,24.69572979691981,25.60187558500069
Q15125,6OHT,"3-beta-hydroxysteroid-Delta(8),Delta(7)-isomerase",3.2,X-ray,True,,412,2.0,2.0,0.0,False,0.0,0.0846999458149878,8.190333250000002,18.763812385115557,15.481573213274372,16.14640531082636
Q5F5W8,4K3B,Outer membrane protein assembly factor BamA,3.2,X-ray,True,,772,1.0,1.0,0.0,False,0.0,-0.033351650457041,9.117568910000005,17.155319745604295,18.51893911990142,17.035880728670794
Q57817,1RH5,Preprotein translocase secE subunit,3.2,X-ray,True,,498,1.0,3.0,2.0,True,0.0,0.0777969657667346,8.716538405,18.23872614859516,15.12865024548255,16.657011579548687
P62112,3JCU,Photosystem II reaction center protein M,3.2,EM,True,,7648,4.0,42.0,38.0,True,0.041,0.0081445490508781,102.47169816499998,56.43267505694684,55.31631236235954,57.11195547340407
Q9NW15,5OC9,Anoctamin-10,3.2,X-ray,True,,1230,2.0,2.0,0.0,False,0.008,-0.0303138593087787,25.87088458,26.120289583499,28.208062095206685,28.6966170935422
Q8CCS2,7W7G,Transmembrane protein FAM155A,3.2,EM,True,,4758,1.0,1.0,0.0,False,0.0,-0.0003581687804551,45.102208675,37.74637985535525,37.77895024383017,37.88994445756925
P0A924,5JWY,Phosphatidylglycerophosphatase B,3.2,X-ray,True,,259,1.0,1.0,0.0,False,0.0,0.0377353506806134,4.31770689,11.59607425526918,10.53435113675976,11.723347596701505
O95484,6OV2,Claudin-9,3.2,X-ray,True,,311,1.0,1.0,0.0,False,0.0,0.04501927766781,1.854526315,7.4110107341161235,6.580870758489125,7.683189833997952
Q6D8U4,4ZGV,Ferredoxin receptor,3.2,X-ray,True,,809,1.0,1.0,0.0,False,0.0,-0.0052122781746083,14.86818242,21.535911094909345,21.80805137746737,21.754745353301743
P12787,7O37,"Cytochrome c oxidase subunit 5A, mitochondrial",3.2,EM,True,,5970,1.0,22.0,21.0,True,0.0,0.0064894404408049,10.249852225,18.03265487712983,17.75133374382657,18.062749777208406
P21396,1O5W,Amine oxidase [flavin-containing] A,3.2,X-ray,True,,511,1.0,1.0,0.0,False,0.0,-0.1857740104269089,0.1307677399999999,1.4659342644921414,2.37557849855612,2.040212352572926
P33775,6P25,Dolichyl-phosphate-mannose--protein mannosyltransferase 1,3.2,EM,True,,1424,2.0,2.0,0.0,False,0.029,-0.0020151138940888,28.903213324999992,29.58501609109352,29.731708948081124,30.331796095560463
Q8DKF5,6TJV,NADH dehydrogenase subunit 5,3.2,EM,True,,4274,1.0,8.0,7.0,True,0.0,-0.0012589892673787,29.769305345,29.756256212289497,29.849269004847187,30.78289167076001
Q8DKF4,6TJV,NADH dehydrogenase subunit 4,3.2,EM,True,,4274,1.0,8.0,7.0,True,0.0,-0.0012589892673787,29.769305345,29.756256212289497,29.849269004847187,30.78289167076001
Q9M3L2,3JCU,Photosystem II reaction center protein J,3.2,EM,True,,7648,4.0,42.0,38.0,True,0.041,0.0081445490508781,102.47169816499998,56.43267505694684,55.31631236235954,57.11195547340407
G5EBR3,4TNW,Avermectin-sensitive glutamate-gated chloride channel GluCl alpha,3.2,X-ray,True,,1703,5.0,5.0,0.0,False,0.002,0.0416549587204947,23.081711475,28.023773723853488,25.31397510067071,27.10560265431179
Q86W47,6V22,Calcium-activated potassium channel subunit beta-4,3.2,EM,True,,4388,4.0,8.0,4.0,True,0.0,-0.0435109058973622,54.749772405,39.67502200511842,44.03441066213099,41.74613014738491
Q99653,7X2U,Calcineurin B homologous protein 1,3.2,EM,True,,1451,2.0,2.0,0.0,False,0.001,0.0120029527412129,25.669442215,29.02579317667278,28.2023519297487,28.58467636664449
P04160,3JCU,Photosystem II CP47 reaction center protein,3.2,EM,True,,7648,4.0,42.0,38.0,True,0.041,0.0081445490508781,102.47169816499998,56.43267505694684,55.31631236235954,57.11195547340407
P05030,7VH5,Plasma membrane ATPase 1,3.2,EM,True,,4824,6.0,6.0,0.0,False,0.0,-0.0347081543485635,94.75616648,53.198070092326766,57.77286434277505,54.919782016556766
F1NJ67,7BC6,Proton-coupled folate transporter,3.2,EM,True,,549,1.0,1.0,0.0,False,0.0,0.0106473551402849,8.908466699999998,16.245489392039747,15.815181287339318,16.839397321012083
P69383,3JCU,Cytochrome b559 subunit alpha,3.2,EM,True,,7648,4.0,42.0,38.0,True,0.041,0.0081445490508781,102.47169816499998,56.43267505694684,55.31631236235954,57.11195547340407
Q8BLN6,7W7G,Protein unc-80 homolog,3.2,EM,True,,4758,1.0,1.0,0.0,False,0.0,-0.0003581687804551,45.102208675,37.74637985535525,37.77895024383017,37.88994445756925
Q14573,7T3P,"Inositol 1,4,5-trisphosphate receptor type 3",3.2,EM,True,,8264,4.0,4.0,0.0,False,0.0,0.0322557156237286,52.87676803500001,40.65177106523876,37.47580803795623,41.025843093088966
P48764,7X2U,Sodium/hydrogen exchanger 3,3.2,EM,True,,1451,2.0,2.0,0.0,False,0.001,0.0120029527412129,25.669442215,29.02579317667278,28.2023519297487,28.58467636664449
P48115,7DR1,Photosystem I reaction center subunit III,3.2,EM,True,,2114,2.0,7.0,5.0,True,0.023,0.0231888337190756,38.450842615,35.85808615416921,33.91107633194906,34.98468713087413
P48114,7DR1,Photosystem I reaction center subunit IV,3.2,EM,True,,2114,2.0,7.0,5.0,True,0.023,0.0231888337190756,38.450842615,35.85808615416921,33.91107633194906,34.98468713087413
P48113,7DR1,Photosystem I P700 chlorophyll a apoprotein A2,3.2,EM,True,,2114,2.0,7.0,5.0,True,0.023,0.0231888337190756,38.450842615,35.85808615416921,33.91107633194906,34.98468713087413
P48112,7DR1,Photosystem I P700 chlorophyll a apoprotein A1,3.2,EM,True,,2114,2.0,7.0,5.0,True,0.023,0.0231888337190756,38.450842615,35.85808615416921,33.91107633194906,34.98468713087413
A0A2J9UXT5,6S3L,Flagellar biosynthetic protein FliP,3.2,EM,True,,1768,1.0,4.0,3.0,True,0.0,0.0507458363780308,1.9415255099999995,7.822042387114558,6.864609655037384,7.861340624289384
P05146,3JCU,Photosystem II reaction center protein H,3.2,EM,True,,7648,4.0,42.0,38.0,True,0.041,0.0081445490508781,102.47169816499998,56.43267505694684,55.31631236235954,57.11195547340407
P48772,7O37,"Cytochrome c oxidase subunit 8B, mitochondrial",3.2,EM,True,,5970,1.0,22.0,21.0,True,0.0,0.0064894404408049,10.249852225,18.03265487712983,17.75133374382657,18.062749777208406
P50052,6JOD,Type-2 angiotensin II receptor,3.2,X-ray,True,,314,1.0,1.0,0.0,False,0.0,0.0299439442488886,4.469281884999999,12.3832446705507,11.52608015414556,11.927349278601794
O86021,5OYK,Gram-negative porin family protein,3.2,X-ray,True,,319,1.0,1.0,0.0,False,0.0,-0.0072403697231327,8.991614040000002,16.705499115029898,16.999477823358212,16.917800216579504
Q9CZP5,6UKS,Mitochondrial chaperone BCS1,3.2,EM,False,no_TM_span,2534,0.0,,,,,,,,,
P48185,7DR1,Photosystem I reaction center subunit XII,3.2,EM,True,,2114,2.0,7.0,5.0,True,0.023,0.0231888337190756,38.450842615,35.85808615416921,33.91107633194906,34.98468713087413
P12359,3JCU,"Oxygen-evolving enhancer protein 1, chloroplastic",3.2,EM,True,,7648,4.0,42.0,38.0,True,0.041,0.0081445490508781,102.47169816499998,56.43267505694684,55.31631236235954,57.11195547340407
P13498,7U8G,Cytochrome b-245 light chain,3.2,EM,True,,621,1.0,2.0,1.0,True,0.0,-0.0391229848692195,4.253540574999999,10.14475443891496,11.237310113415717,11.635910004406124
P12302,3JCU,"Oxygen-evolving enhancer protein 2, chloroplastic",3.2,EM,True,,7648,4.0,42.0,38.0,True,0.041,0.0081445490508781,102.47169816499998,56.43267505694684,55.31631236235954,57.11195547340407
P12301,3JCU,"Oxygen-evolving enhancer protein 3, chloroplastic",3.2,EM,True,,7648,4.0,42.0,38.0,True,0.041,0.0081445490508781,102.47169816499998,56.43267505694684,55.31631236235954,57.11195547340407
Q6PAL8,3CWZ,Rab6-interacting protein 1,3.2,X-ray,False,no_TM_span,476,0.0,,,,,,,,,
P18238,4C9Q,"ADP, ATP CARRIER PROTEIN 3",3.2,X-ray,True,,286,1.0,1.0,0.0,False,0.0,0.0980935873720114,5.650987914999999,14.918616034014564,11.761146912953407,13.411805695168814
P54702,7BIN,Flagellar biosynthetic protein FliR,3.2,EM,True,,10887,1.0,5.0,4.0,True,0.0,0.3540008760679879,1.0407449449999997,7.987705318802098,3.097660976781153,5.755687665164827
P54700,7BIN,Flagellar biosynthetic protein FliP,3.2,EM,True,,10887,1.0,5.0,4.0,True,0.0,0.3540008760679879,1.0407449449999997,7.987705318802098,3.097660976781153,5.755687665164827
G1K3Q0,3AM6,rhodopsin-2,3.2,X-ray,True,,224,1.0,1.0,0.0,False,0.0,-0.0095083008117807,4.12808476,10.650395521944557,10.911980934240496,11.46302835254559
P41948,5AEX,AMMONIUM TRANSPORTER MEP2,3.2,X-ray,True,,1368,3.0,3.0,0.0,False,0.0,0.0046483758148062,29.709437569999995,30.70203127998414,30.35895969149484,30.751923015465444
O66460,6KLV,Rieske-I iron sulfur protein,3.2,EM,True,,1530,2.0,6.0,4.0,True,0.0,0.0455264358951047,22.44051586,29.17712478460819,26.256899373857483,26.726462634067666
O66459,6KLV,Cytochrome b,3.2,EM,True,,1530,2.0,6.0,4.0,True,0.0,0.0455264358951047,22.44051586,29.17712478460819,26.256899373857483,26.726462634067666
A9VEV6,3VOU,"Ion transport 2 domain protein, Voltage-gated sodium channel",3.2,X-ray,True,,550,4.0,4.0,0.0,False,0.011,0.0760887814774587,10.095031319999997,19.58034263002036,16.306854504560555,17.92581454353191
Q9JJ59,7V5C,ABC-type oligopeptide transporter ABCB9,3.2,EM,True,,1144,2.0,2.0,0.0,False,0.0,-0.0041596080129441,10.77244551,17.786261891627838,17.971123132760763,18.517494172293365
Q6Q760,7W7G,Sodium leak channel non-selective protein,3.2,EM,True,,4758,1.0,1.0,0.0,False,0.0,-0.0003581687804551,45.102208675,37.74637985535525,37.77895024383017,37.88994445756925
Q39128,7CAL,Potassium channel KAT1,3.2,EM,True,,1776,4.0,4.0,0.0,False,0.0,0.0139148363446008,45.383295995,38.78375128733786,37.51445670886274,38.00783048637969
Q9BPX6,6WDN,"Calcium uptake protein 1, mitochondrial",3.2,EM,True,,1540,4.0,8.0,4.0,True,0.035,-0.0800983667557384,8.901881405000003,14.420832070030125,17.65677510772346,16.833172181282865
P52477,6TA6,MexA family multidrug efflux RND transporter periplasmic adaptor subunit,3.2,EM,True,,6519,3.0,3.0,0.0,False,0.0,0.0043067446536943,50.04091033999999,39.04588686544426,38.63336399644825,39.910545567379394
Q3KSP2,7JHJ,BILF1,3.2,EM,True,,1117,1.0,1.0,0.0,False,0.0,0.0099029449052907,5.1200523,12.596543885910782,12.293128313349069,12.766218174808293
P17665,7O37,"Cytochrome c oxidase subunit 7C, mitochondrial",3.2,EM,True,,5970,1.0,22.0,21.0,True,0.0,0.0064894404408049,10.249852225,18.03265487712983,17.75133374382657,18.062749777208406
Q9KDP2,3WO7,Membrane protein insertase YidC 2,3.201,X-ray,True,,224,1.0,1.0,0.0,False,0.0,0.0643468894574828,3.593061865,11.22779831225626,9.576231258872417,10.694424310356627
G1M6C4,5U1X,P2X purinoceptor,3.201,X-ray,True,,963,3.0,3.0,0.0,False,0.0,-0.0026111525151463,5.276192075000001,11.661526371942491,11.74273998712576,12.959413948466452
Q39583,6BHP,Membrane protein,3.209,X-ray,True,,510,3.0,3.0,0.0,False,0.0,0.0083662694341226,9.605426784999995,17.096612314214436,16.74551582624002,17.4857150459456
A3EXD6,7Y9B,Membrane protein,3.214,X-ray,True,,374,2.0,2.0,0.0,False,0.0,-0.0074694162305475,4.4076818300000005,11.28335720659696,11.495695383871205,11.844866827624791
Q72JC0,6XXD,PilA,3.22,EM,False,empty_slab,2000,1.0,,,,,,,,,
P40107,5OGE,GDP-mannose transporter 1,3.22,X-ray,True,,603,2.0,2.0,0.0,False,0.008,0.0236276873960124,21.029389625,26.998248317896685,25.53111069064124,25.87250010735016
A0A2K1KN29,6L35,"Chlorophyll a-b binding protein, chloroplastic",3.23,EM,True,,3260,2.0,14.0,12.0,True,0.006,0.0425406479566193,39.21546099,37.8560440715409,34.24885365694804,35.330820715590214
Q6P5F7,7RTW,Protein tweety homolog 3,3.23,EM,True,,703,2.0,2.0,0.0,False,0.11,-0.0034589724781768,7.682911899999998,15.264057968768835,15.39387938376651,15.63824418676563
G3IEF0,8DJM,UbiA prenyltransferase domain-containing protein 1,3.23,EM,True,,862,2.0,2.0,0.0,False,0.085,0.0146794530048304,17.037060059999998,23.01172668962426,22.19129296238652,23.287474419964493
Q1LJU1,7TPG,Putative cell surface polysaccharide polymerase/ligase,3.23,EM,True,,626,1.0,1.0,0.0,False,0.0,0.0696025317422798,11.766394205,20.60593405293686,17.37310277300297,19.35293156136084
P00347,8DJM,3-hydroxy-3-methylglutaryl-coenzyme A reductase,3.23,EM,True,,862,2.0,2.0,0.0,False,0.085,0.0146794530048304,17.037060059999998,23.01172668962426,22.19129296238652,23.287474419964493
E5G6G2,6RCP,OmpK36,3.231,X-ray,True,,1050,3.0,3.0,0.0,False,0.0,-0.0175154468632361,33.99421414000001,32.276067501774904,33.658869600541294,32.8948239603297
F1NC51,4U3F,Mitochondrial ubiquinol-cytochrome c reductase 7.2 kda protein,3.2312,X-ray,True,,4064,2.0,10.0,8.0,True,0.0,0.0346361906134152,23.05781349,28.54221544311321,26.290178620159843,27.09156693077935
P09866,3UAJ,envelope protein,3.232,X-ray,False,no_TM_span,371,0.0,,,,,,,,,
Q03SM0,4RFS,Substrate binding pritein S,3.232,X-ray,True,,982,1.0,2.0,1.0,True,0.0,-0.195205120464641,3.4194014850000007,6.243653013506983,11.13133069857276,10.432781496355778
Q9BXJ8,7N7P,Ion channel TACAN,3.24,EM,True,,626,2.0,2.0,0.0,False,0.0,-0.0576614608521369,12.575795114999998,17.149095641626193,19.917883443761127,20.00749837367561
Q6LX42,6CSE,Sodium/alanine symporter AgcS,3.24,X-ray,True,,428,1.0,1.0,0.0,False,0.0,0.0212423780980967,9.604480504999998,17.894346329064962,17.002938632116418,17.484853720866486
Q9R186,5WO7,Transient receptor potential cation channel subfamily V member 6,3.246,X-ray,True,,597,1.0,1.0,0.0,False,0.0,0.0493310243712754,7.404330115,15.9038315137627,14.086227279680193,15.352105641158362
Q96QZ0,7XL6,Pannexin-3,3.25,EM,True,,2576,7.0,7.0,0.0,False,0.0,-0.0334766512588551,46.914366575,36.64213349931478,39.74691642887043,38.64363684343502
P23819,7LEP,Glutamate receptor 2,3.25,EM,True,,2222,4.0,8.0,4.0,True,0.0,-0.0449060827581945,16.963143080000005,20.571067832771227,23.07541561841484,23.236901994702645
Q9SHE8,7WFD,"Photosystem I reaction center subunit III, chloroplastic",3.25,EM,True,,3231,2.0,13.0,11.0,True,0.005,0.0127535554527511,37.38306714499999,35.46431820968191,34.40846135048528,34.49550673366888
Q9SY97,7WFD,"Photosystem I chlorophyll a/b-binding protein 3-1, chloroplastic",3.25,EM,True,,3231,2.0,13.0,11.0,True,0.005,0.0127535554527511,37.38306714499999,35.46431820968191,34.40846135048528,34.49550673366888
O35089,7LEP,Protein cornichon homolog 2,3.25,EM,True,,2222,4.0,8.0,4.0,True,0.0,-0.0449060827581945,16.963143080000005,20.571067832771227,23.07541561841484,23.236901994702645
Q5SIT6,6QUM,V-type ATP synthase subunit I,3.25,EM,True,,5874,1.0,13.0,12.0,True,0.0,-0.0318498502464374,8.956306414999998,14.56566268365646,15.856311750431278,16.884551742897422
Q5SIT7,6QUM,"V-type ATP synthase, subunit K",3.25,EM,True,,5874,1.0,13.0,12.0,True,0.0,-0.0318498502464374,8.956306414999998,14.56566268365646,15.856311750431278,16.884551742897422
Q9C639,7WFE,"Photosystem I chlorophyll a/b-binding protein 5, chloroplastic",3.25,EM,True,,3216,2.0,13.0,11.0,True,0.006,0.0170751168565625,37.36113414,34.96389781197142,33.55067702919006,34.48538582617387
P62090,7WFD,Photosystem I iron-sulfur center,3.25,EM,True,,3231,2.0,13.0,11.0,True,0.005,0.0127535554527511,37.38306714499999,35.46431820968191,34.40846135048528,34.49550673366888
Q7TN37,6BCQ,Transient receptor potential cation channel subfamily M member 4,3.25,EM,True,,3932,4.0,4.0,0.0,False,0.0,-0.0706195048722014,49.16763121,38.8392032586046,45.54423157657878,39.56076730092794
Q9SUI6,7WFD,"Photosystem I reaction center subunit VI-2, chloroplastic",3.25,EM,True,,3231,2.0,13.0,11.0,True,0.005,0.0127535554527511,37.38306714499999,35.46431820968191,34.40846135048528,34.49550673366888
P56766,7WFD,Photosystem I P700 chlorophyll a apoprotein A1,3.25,EM,True,,3231,2.0,13.0,11.0,True,0.005,0.0127535554527511,37.38306714499999,35.46431820968191,34.40846135048528,34.49550673366888
P14672,7WSM,"Solute carrier family 2, facilitated glucose transporter member 4",3.25,EM,True,,464,1.0,1.0,0.0,False,0.0,-0.0251598324494171,8.304834275,15.323401720740636,16.305171218864185,16.258877122515237
Q9SYW8,7WFE,"Photosystem I chlorophyll a/b-binding protein 2, chloroplastic",3.25,EM,True,,3216,2.0,13.0,11.0,True,0.006,0.0170751168565625,37.36113414,34.96389781197142,33.55067702919006,34.48538582617387
Q8LCQ4,7WFD,"Photosystem I chlorophyll a/b-binding protein 6, chloroplastic",3.25,EM,True,,3231,2.0,13.0,11.0,True,0.005,0.0127535554527511,37.38306714499999,35.46431820968191,34.40846135048528,34.49550673366888
O00767,4ZYO,Acyl-CoA desaturase,3.25,X-ray,True,,298,1.0,1.0,0.0,False,0.0,-0.3060976825374462,2.6090248800000007,6.446634746184367,13.141401599900163,9.11305883116903
Q9SUI4,7WFD,"Photosystem I reaction center subunit XI, chloroplastic",3.25,EM,True,,3231,2.0,13.0,11.0,True,0.005,0.0127535554527511,37.38306714499999,35.46431820968191,34.40846135048528,34.49550673366888
Q9SUI5,7WFD,"Photosystem I reaction center subunit psaK, chloroplastic",3.25,EM,True,,3231,2.0,13.0,11.0,True,0.005,0.0127535554527511,37.38306714499999,35.46431820968191,34.40846135048528,34.49550673366888
Q8VHW2,7LEP,Voltage-dependent calcium channel gamma-8 subunit,3.25,EM,True,,2222,4.0,8.0,4.0,True,0.0,-0.0449060827581945,16.963143080000005,20.571067832771227,23.07541561841484,23.236901994702645
P27521,7WFD,"Chlorophyll a-b binding protein 4, chloroplastic",3.25,EM,True,,3231,2.0,13.0,11.0,True,0.005,0.0127535554527511,37.38306714499999,35.46431820968191,34.40846135048528,34.49550673366888
Q05085,4OH3,Nitrate transporter 1.1,3.25,X-ray,True,,1049,2.0,2.0,0.0,False,0.024,-0.0212178452804501,26.355601529999998,27.63057908825764,29.105518056746803,28.964199494064456
P56769,7WFD,Photosystem I reaction center subunit IX,3.25,EM,True,,3231,2.0,13.0,11.0,True,0.005,0.0127535554527511,37.38306714499999,35.46431820968191,34.40846135048528,34.49550673366888
Q9SA56,7WFD,"Photosystem I reaction center subunit II-2, chloroplastic",3.25,EM,True,,3231,2.0,13.0,11.0,True,0.005,0.0127535554527511,37.38306714499999,35.46431820968191,34.40846135048528,34.49550673366888
Q9S831,7WFD,"Photosystem I reaction center subunit IV A, chloroplastic",3.25,EM,True,,3231,2.0,13.0,11.0,True,0.005,0.0127535554527511,37.38306714499999,35.46431820968191,34.40846135048528,34.49550673366888
P43003,7AWM,"Excitatory amino acid transporter 1,Neutral amino acid transporter B(0),Excitatory amino acid transporter 1",3.25,X-ray,True,,1239,3.0,3.0,0.0,False,0.0,0.0469993338733007,46.084663345,39.78726118402362,35.46703765689852,38.30039679189402
Q9R155,7WL2,Pendrin,3.25,EM,True,,1330,2.0,2.0,0.0,False,0.0,-0.0912122132613435,37.746909639999984,23.439938559828526,31.027985348136724,34.66296945055087
P56768,7WFD,Photosystem I reaction center subunit VIII,3.25,EM,True,,3231,2.0,13.0,11.0,True,0.005,0.0127535554527511,37.38306714499999,35.46431820968191,34.40846135048528,34.49550673366888
P56767,7WFD,Photosystem I P700 chlorophyll a apoprotein A2,3.25,EM,True,,3231,2.0,13.0,11.0,True,0.005,0.0127535554527511,37.38306714499999,35.46431820968191,34.40846135048528,34.49550673366888
Q73372,6X58,"gp41 MPER peptide,Putative fluoride ion transporter CrcB",3.26,X-ray,True,,1153,2.0,2.0,0.0,False,0.004,0.0220499482077105,5.038197794999999,13.221202261437549,12.551037657757186,12.66375997363293
A0A1G8XA46,7M1T,"Hemolysin, contains CBS domains",3.26,X-ray,True,,644,2.0,2.0,0.0,False,0.009,-0.0987387624430492,3.553017635,9.113220968407468,11.63334935659918,10.63466331862862
C5I2D9,3QLB,Enantio-pyochelin receptor,3.26,X-ray,True,,673,1.0,1.0,0.0,False,0.0,-0.0058725281722559,14.41049515,21.206098047776955,21.50795477986981,21.41728991037047
P45779,5WQ8,Type II secretion system protein D,3.26,EM,True,,7440,15.0,15.0,0.0,False,0.0,-0.0743070329684893,127.75838756,52.0450971312284,63.417727837072704,63.77049302243806
P07550,7DHI,Beta-2 adrenergic receptor,3.26,EM,True,,1019,1.0,1.0,0.0,False,0.0,0.0469658012853476,4.79423942,13.135199187291107,11.742754665569633,12.353355026542555
P16154,4R04,Toxin A,3.26,X-ray,False,no_TM_span,1793,0.0,,,,,,,,,
Q5M4V4,6BUG,D-alanyl transfer protein DltB,3.27,X-ray,True,,493,1.0,1.0,0.0,False,0.0,-0.0927360149161942,11.692119909999995,16.764008518338322,21.05770523520648,19.291753050978368
P0ABC3,7VHQ,Modulator of FtsH protease HflC,3.27,EM,True,,2076,6.0,6.0,0.0,False,0.057,0.0516789580114256,21.845091095,27.322272220883097,24.05167559840814,26.36950598726489
P43427,4YBQ,"Solute carrier family 2, facilitated glucose transporter member 5",3.27,X-ray,True,,452,1.0,1.0,0.0,False,0.0,0.0397775128778347,8.922371964999998,17.38607810352457,15.777233520143596,16.852534541334116
Q9NWC5,7OQZ,Transmembrane protein 45A,3.27,EM,True,,948,4.0,4.0,0.0,False,0.0,0.0194272195087758,30.308434089999995,30.882017124250147,29.433816594332125,31.06038345802708
P0ABC7,7VHQ,Protein HflK,3.27,EM,True,,2076,6.0,6.0,0.0,False,0.057,0.0516789580114256,21.845091095,27.322272220883097,24.05167559840814,26.36950598726489
Q94519,8B9Z,"Acyl carrier protein, mitochondrial",3.28,EM,True,,8178,1.0,19.0,18.0,True,0.0,0.0108270028639892,27.341570215,29.813643236268238,29.04706535650424,29.50100354771473
Q9VWI0,8B9Z,"NADH dehydrogenase [ubiquinone] iron-sulfur protein 4, mitochondrial",3.28,EM,True,,8178,1.0,19.0,18.0,True,0.0,0.0108270028639892,27.341570215,29.813643236268238,29.04706535650424,29.50100354771473
A8DYC5,8B9Z,NADH dehydrogenase [ubiquinone] 1 alpha subcomplex subunit 1,3.28,EM,True,,8178,1.0,19.0,18.0,True,0.0,0.0108270028639892,27.341570215,29.813643236268238,29.04706535650424,29.50100354771473
P18929,8B9Z,NADH-ubiquinone oxidoreductase chain 1,3.28,EM,True,,8178,1.0,19.0,18.0,True,0.0,0.0108270028639892,27.341570215,29.813643236268238,29.04706535650424,29.50100354771473
Q9V3L7,8B9Z,"NADH dehydrogenase [ubiquinone] 1 beta subcomplex subunit 11, mitochondrial",3.28,EM,True,,8178,1.0,19.0,18.0,True,0.0,0.0108270028639892,27.341570215,29.813643236268238,29.04706535650424,29.50100354771473
P91929,8B9Z,"NADH dehydrogenase [ubiquinone] 1 alpha subcomplex subunit 10, mitochondrial",3.28,EM,True,,8178,1.0,19.0,18.0,True,0.0,0.0108270028639892,27.341570215,29.813643236268238,29.04706535650424,29.50100354771473
Q7K1C0,8B9Z,NADH dehydrogenase [ubiquinone] iron-sulfur protein 5,3.28,EM,True,,8178,1.0,19.0,18.0,True,0.0,0.0108270028639892,27.341570215,29.813643236268238,29.04706535650424,29.50100354771473
O97418,8B9Z,NADH dehydrogenase [ubiquinone] 1 alpha subcomplex subunit 7,3.28,EM,True,,8178,1.0,19.0,18.0,True,0.0,0.0108270028639892,27.341570215,29.813643236268238,29.04706535650424,29.50100354771473
Q7JYH3,8B9Z,NADH dehydrogenase [ubiquinone] 1 alpha subcomplex subunit 11,3.28,EM,True,,8178,1.0,19.0,18.0,True,0.0,0.0108270028639892,27.341570215,29.813643236268238,29.04706535650424,29.50100354771473
P18934,8B9Z,NADH-ubiquinone oxidoreductase chain 4L,3.28,EM,True,,8178,1.0,19.0,18.0,True,0.0,0.0108270028639892,27.341570215,29.813643236268238,29.04706535650424,29.50100354771473
Q94511,8B9Z,"NADH-ubiquinone oxidoreductase 75 kDa subunit, mitochondrial",3.28,EM,True,,8178,1.0,19.0,18.0,True,0.0,0.0108270028639892,27.341570215,29.813643236268238,29.04706535650424,29.50100354771473
P18933,8B9Z,NADH-ubiquinone oxidoreductase chain 6,3.28,EM,True,,8178,1.0,19.0,18.0,True,0.0,0.0108270028639892,27.341570215,29.813643236268238,29.04706535650424,29.50100354771473
Q7PL91,8B9Z,GEO11417p1,3.28,EM,True,,8178,1.0,19.0,18.0,True,0.0,0.0108270028639892,27.341570215,29.813643236268238,29.04706535650424,29.50100354771473
Q7JZK1,8B9Z,NADH dehydrogenase [ubiquinone] 1 alpha subcomplex subunit 6,3.28,EM,True,,8178,1.0,19.0,18.0,True,0.0,0.0108270028639892,27.341570215,29.813643236268238,29.04706535650424,29.50100354771473
P18931,8B9Z,NADH-ubiquinone oxidoreductase chain 4,3.28,EM,True,,8178,1.0,19.0,18.0,True,0.0,0.0108270028639892,27.341570215,29.813643236268238,29.04706535650424,29.50100354771473
Q9W125,8B9Z,NADH dehydrogenase [ubiquinone] 1 alpha subcomplex subunit 8,3.28,EM,True,,8178,1.0,19.0,18.0,True,0.0,0.0108270028639892,27.341570215,29.813643236268238,29.04706535650424,29.50100354771473
Q9W402,8B9Z,NADH dehydrogenase [ubiquinone] 1 alpha subcomplex subunit 13,3.28,EM,True,,8178,1.0,19.0,18.0,True,0.0,0.0108270028639892,27.341570215,29.813643236268238,29.04706535650424,29.50100354771473
Q9W380,8B9Z,RH45008p,3.28,EM,True,,8178,1.0,19.0,18.0,True,0.0,0.0108270028639892,27.341570215,29.813643236268238,29.04706535650424,29.50100354771473
Q9W3N7,8B9Z,NADH dehydrogenase [ubiquinone] 1 beta subcomplex subunit 1,3.28,EM,True,,8178,1.0,19.0,18.0,True,0.0,0.0108270028639892,27.341570215,29.813643236268238,29.04706535650424,29.50100354771473
Q9W3X7,8B9Z,"NADH dehydrogenase [ubiquinone] 1 beta subcomplex subunit 8, mitochondrial",3.28,EM,True,,8178,1.0,19.0,18.0,True,0.0,0.0108270028639892,27.341570215,29.813643236268238,29.04706535650424,29.50100354771473
Q6IDF5,8B9Z,NADH dehydrogenase [ubiquinone] 1 beta subcomplex subunit 4,3.28,EM,True,,8178,1.0,19.0,18.0,True,0.0,0.0108270028639892,27.341570215,29.813643236268238,29.04706535650424,29.50100354771473
Q9VXZ0,8B9Z,NADH dehydrogenase [ubiquinone] 1 beta subcomplex subunit 7,3.28,EM,True,,8178,1.0,19.0,18.0,True,0.0,0.0108270028639892,27.341570215,29.813643236268238,29.04706535650424,29.50100354771473
Q9W2E8,8B9Z,NADH dehydrogenase [ubiquinone] 1 beta subcomplex subunit 3,3.28,EM,True,,8178,1.0,19.0,18.0,True,0.0,0.0108270028639892,27.341570215,29.813643236268238,29.04706535650424,29.50100354771473
Q9VZU4,8B9Z,"NADH dehydrogenase [ubiquinone] iron-sulfur protein 3, mitochondrial",3.28,EM,True,,8178,1.0,19.0,18.0,True,0.0,0.0108270028639892,27.341570215,29.813643236268238,29.04706535650424,29.50100354771473
Q13519,8F7X,Nociceptin,3.28,EM,True,,1145,1.0,1.0,0.0,False,0.0,0.0353449590855816,5.371922394999998,12.967974463600749,11.858726465362016,13.076452141695796
Q9VMU0,8B9Z,"NADH dehydrogenase [ubiquinone] iron-sulfur protein 6, mitochondrial",3.28,EM,True,,8178,1.0,19.0,18.0,True,0.0,0.0108270028639892,27.341570215,29.813643236268238,29.04706535650424,29.50100354771473
Q9VQR2,8B9Z,NADH dehydrogenase [ubiquinone] 1 beta subcomplex subunit 10,3.28,EM,True,,8178,1.0,19.0,18.0,True,0.0,0.0108270028639892,27.341570215,29.813643236268238,29.04706535650424,29.50100354771473
Q9VQD7,8B9Z,NADH dehydrogenase [ubiquinone] 1 alpha subcomplex subunit 12,3.28,EM,True,,8178,1.0,19.0,18.0,True,0.0,0.0108270028639892,27.341570215,29.813643236268238,29.04706535650424,29.50100354771473
Q9VQM2,8B9Z,NADH dehydrogenase [ubiquinone] 1 subunit C2,3.28,EM,True,,8178,1.0,19.0,18.0,True,0.0,0.0108270028639892,27.341570215,29.813643236268238,29.04706535650424,29.50100354771473
Q9VTB4,8B9Z,NADH dehydrogenase (Ubiquinone) 13 kDa B subunit,3.28,EM,True,,8178,1.0,19.0,18.0,True,0.0,0.0108270028639892,27.341570215,29.813643236268238,29.04706535650424,29.50100354771473
P41146,8F7X,Nociceptin receptor,3.28,EM,True,,1145,1.0,1.0,0.0,False,0.0,0.0353449590855816,5.371922394999998,12.967974463600749,11.858726465362016,13.076452141695796
Q9VTU2,8B9Z,"NADH dehydrogenase [ubiquinone] 1 beta subcomplex subunit 5, mitochondrial",3.28,EM,True,,8178,1.0,19.0,18.0,True,0.0,0.0108270028639892,27.341570215,29.813643236268238,29.04706535650424,29.50100354771473
Q9QUQ5,5Z96,Short transient receptor potential channel 4,3.28,EM,True,,2665,4.0,4.0,0.0,False,0.003,-0.051439442665653,46.27469050500001,38.22744201306431,42.96554309018288,38.37928017542368
Q9VMI3,8B9Z,"NADH dehydrogenase [ubiquinone] flavoprotein 1, mitochondrial",3.28,EM,True,,8178,1.0,19.0,18.0,True,0.0,0.0108270028639892,27.341570215,29.813643236268238,29.04706535650424,29.50100354771473
Q9VJZ4,8B9Z,NADH dehydrogenase [ubiquinone] 1 beta subcomplex subunit 9,3.28,EM,True,,8178,1.0,19.0,18.0,True,0.0,0.0108270028639892,27.341570215,29.813643236268238,29.04706535650424,29.50100354771473
Q9BXS9,8OPQ,Solute carrier family 26 member 6,3.28,EM,True,,1296,2.0,2.0,0.0,False,0.0,0.0074925867969092,29.697589114999992,31.237255158077105,30.684377952184708,30.74579029904521
P03896,8B9Z,NADH-ubiquinone oxidoreductase chain 2,3.28,EM,True,,8178,1.0,19.0,18.0,True,0.0,0.0108270028639892,27.341570215,29.813643236268238,29.04706535650424,29.50100354771473
P18930,8B9Z,NADH-ubiquinone oxidoreductase chain 3,3.28,EM,True,,8178,1.0,19.0,18.0,True,0.0,0.0108270028639892,27.341570215,29.813643236268238,29.04706535650424,29.50100354771473
P18932,8B9Z,NADH-ubiquinone oxidoreductase chain 5,3.28,EM,True,,8178,1.0,19.0,18.0,True,0.0,0.0108270028639892,27.341570215,29.813643236268238,29.04706535650424,29.50100354771473
Q9VF27,8B9Z,NADH dehydrogenase (ubiquinone) 23 kDa subunit,3.28,EM,True,,8178,1.0,19.0,18.0,True,0.0,0.0108270028639892,27.341570215,29.813643236268238,29.04706535650424,29.50100354771473
A0QWG5,5F34,Phosphatidylinositol mannoside acyltransferase,3.281,X-ray,False,no_TM_span,253,0.0,,,,,,,,,
P01096,6Z1R,"ATPase inhibitor, mitochondrial",3.29,EM,True,,4278,8.0,8.0,0.0,False,0.004,-0.0099300695855791,9.448448755,17.25330083863637,17.666604119883473,17.342245090579908
P05630,6Z1R,"ATP synthase subunit delta, mitochondrial",3.29,EM,True,,4278,8.0,8.0,0.0,False,0.004,-0.0099300695855791,9.448448755,17.25330083863637,17.666604119883473,17.342245090579908
P05631,6Z1R,"ATP synthase subunit gamma, mitochondrial",3.29,EM,True,,4278,8.0,8.0,0.0,False,0.004,-0.0099300695855791,9.448448755,17.25330083863637,17.666604119883473,17.342245090579908
Q00361,6ZQM,"ATP synthase subunit e, mitochondrial",3.29,EM,True,,5155,1.0,14.0,13.0,True,0.0,-0.1712111007473208,11.947023590000004,10.219472290780608,18.23252658511534,19.500912079100207
P19483,6Z1R,"ATP synthase subunit alpha, mitochondrial",3.29,EM,True,,4278,8.0,8.0,0.0,False,0.004,-0.0099300695855791,9.448448755,17.25330083863637,17.666604119883473,17.342245090579908
Q28851,6ZQM,"ATP synthase subunit f, mitochondrial",3.29,EM,True,,5155,1.0,14.0,13.0,True,0.0,-0.1712111007473208,11.947023590000004,10.219472290780608,18.23252658511534,19.500912079100207
Q28852,6ZQM,"ATP synthase subunit g, mitochondrial",3.29,EM,True,,5155,1.0,14.0,13.0,True,0.0,-0.1712111007473208,11.947023590000004,10.219472290780608,18.23252658511534,19.500912079100207
P14790,6ZQM,"ATP synthase subunit ATP5MPL, mitochondrial",3.29,EM,True,,5155,1.0,14.0,13.0,True,0.0,-0.1712111007473208,11.947023590000004,10.219472290780608,18.23252658511534,19.500912079100207
P13621,6Z1R,"ATP synthase subunit O, mitochondrial",3.29,EM,True,,4278,8.0,8.0,0.0,False,0.004,-0.0099300695855791,9.448448755,17.25330083863637,17.666604119883473,17.342245090579908
P13620,6ZQM,"ATP synthase subunit d, mitochondrial",3.29,EM,True,,5155,1.0,14.0,13.0,True,0.0,-0.1712111007473208,11.947023590000004,10.219472290780608,18.23252658511534,19.500912079100207
P13619,6Z1R,"ATP synthase F(0) complex subunit B1, mitochondrial",3.29,EM,True,,4278,8.0,8.0,0.0,False,0.004,-0.0099300695855791,9.448448755,17.25330083863637,17.666604119883473,17.342245090579908
P03929,6ZQM,ATP synthase protein 8,3.29,EM,True,,5155,1.0,14.0,13.0,True,0.0,-0.1712111007473208,11.947023590000004,10.219472290780608,18.23252658511534,19.500912079100207
P00829,6Z1R,"ATP synthase subunit beta, mitochondrial",3.29,EM,True,,4278,8.0,8.0,0.0,False,0.004,-0.0099300695855791,9.448448755,17.25330083863637,17.666604119883473,17.342245090579908
P00847,6ZQM,ATP synthase subunit a,3.29,EM,True,,5155,1.0,14.0,13.0,True,0.0,-0.1712111007473208,11.947023590000004,10.219472290780608,18.23252658511534,19.500912079100207
Q3ZBI7,6ZQM,"ATP synthase membrane subunit DAPIT, mitochondrial",3.29,EM,True,,5155,1.0,14.0,13.0,True,0.0,-0.1712111007473208,11.947023590000004,10.219472290780608,18.23252658511534,19.500912079100207
P05632,6Z1R,"ATP synthase subunit epsilon, mitochondrial",3.29,EM,True,,4278,8.0,8.0,0.0,False,0.004,-0.0099300695855791,9.448448755,17.25330083863637,17.666604119883473,17.342245090579908
P02721,6Z1R,"ATP synthase-coupling factor 6, mitochondrial",3.29,EM,True,,4278,8.0,8.0,0.0,False,0.004,-0.0099300695855791,9.448448755,17.25330083863637,17.666604119883473,17.342245090579908
P07926,6Z1R,"ATP synthase F(0) complex subunit C2, mitochondrial",3.29,EM,True,,4278,8.0,8.0,0.0,False,0.004,-0.0099300695855791,9.448448755,17.25330083863637,17.666604119883473,17.342245090579908
Q51006,4MT0,MtrE protein,3.292,X-ray,True,,1335,3.0,3.0,0.0,False,0.0,-0.0912413255991688,7.540689655000001,16.26241130550185,19.655017301545527,15.49282435784495
Q72XQ0,3QNQ,"PTS system, cellobiose-specific IIC component",3.295,X-ray,True,,864,2.0,2.0,0.0,False,0.0,0.0108138284192707,25.38535584,27.6273907207174,26.889643796456124,28.426061507295422
K9UJK2,5VRE,Putative integral membrane protein,3.299,X-ray,True,,752,4.0,4.0,0.0,False,0.0,-0.0378538106840463,24.78447811500001,24.652756316992058,27.204492667494332,28.08762077483656
Q99MB1,7C77,Toll-like receptor 3,3.3,EM,False,nan_radius,1183,1.0,,,,,,,,,
O65101,5ZJI,"Photosystem I reaction center subunit VI, chloroplastic",3.3,EM,True,,4087,2.0,17.0,15.0,True,0.006,0.0230983415071636,37.91870054,36.75709878153732,34.83115402235678,34.741757660090606
Q9JXP2,7MC0,"ABC transporter, ATP-binding protein",3.3,EM,True,,931,2.0,2.0,0.0,False,0.0,0.0238725545418735,8.303990800000001,17.27909103175966,16.347600104340682,16.258051440499397
P15917,7KXR,Lethal factor,3.3,EM,True,,4168,7.0,8.0,1.0,True,0.0,-0.014189853563222,6.165810839999999,13.01250876730002,13.489608658447022,14.009420211811705
Q8IZF6,7WUJ,"Adhesion G-protein coupled receptor G4,Uncharacterized protein",3.3,EM,True,,1209,1.0,1.0,0.0,False,0.0,0.0543341792629199,4.67593229,13.3172154002944,11.72631304977664,12.199981455039232
Q8IWT1,7DTD,Sodium channel subunit beta-4,3.3,EM,True,,1254,1.0,1.0,0.0,False,0.0,-0.0008764093616849,47.228127055,40.01747849081823,40.09903219185813,38.772644670631706
Q8IZF4,7EQ1,Adhesion G-protein coupled receptor G5,3.3,EM,True,,1150,1.0,1.0,0.0,False,0.0,0.0643838731889225,4.741885080000001,13.42968027509573,11.531275065582472,12.285718945635276
Q8DQF7,5XU1,ABC transporter permeae,3.3,X-ray,True,,1215,2.0,2.0,0.0,False,0.016,0.0480245697455758,5.30010626,13.30278237472542,11.805712482120082,12.988749825840038
P35670,7XUK,Copper-transporting ATPase 2,3.3,EM,True,,816,1.0,1.0,0.0,False,0.0,-0.0032789172500724,6.223533930000001,13.07543575523637,13.186196353454315,14.07484414449858
E1C7U0,8IK0,"Stimulator of interferon genes protein,Immune protein Tsi3",3.3,EM,True,,2556,4.0,4.0,0.0,False,0.002,0.0175875860270832,24.72002957,27.5524656997947,26.36842390364698,28.051078052165195
D6WIX5,6XQN,Calcium uniporter protein,3.3,EM,True,,1291,4.0,5.0,1.0,True,0.009,-0.0364184698172942,7.605639755000001,14.246482924255398,15.606442110952184,15.55940334578728
D6X268,6XQN,"Protein EMRE homolog, mitochondrial-like Protein",3.3,EM,True,,1291,4.0,5.0,1.0,True,0.009,-0.0364184698172942,7.605639755000001,14.246482924255398,15.606442110952184,15.55940334578728
Q8TCY5,8GY7,Melanocortin-2 receptor accessory protein,3.3,EM,True,,969,1.0,2.0,1.0,True,0.0,0.0011347314453056,4.66051794,12.089764204693742,12.056594127099828,12.17985605431737
Q8VCW4,7C77,Protein unc-93 homolog B1,3.3,EM,False,nan_radius,1183,1.0,,,,,,,,,
A0A172FJJ4,5ZJI,photosystem I subunit VII,3.3,EM,True,,4087,2.0,17.0,15.0,True,0.006,0.0230983415071636,37.91870054,36.75709878153732,34.83115402235678,34.741757660090606
P19634,7DSW,Sodium/hydrogen exchanger 1,3.3,EM,True,,840,2.0,2.0,0.0,False,0.0,0.0054294338801368,25.861128614999995,29.31687482923196,28.943010017555714,28.691205806004422
Q9U6B8,7KR5,Calcium release-activated calcium channel protein 1,3.3,EM,True,,1439,6.0,6.0,0.0,False,0.003,-0.0552124457302966,24.308704055,26.02573836562843,29.711728715983977,27.81672306549156
P39986,6XMU,P5A-type ATPase,3.3,EM,True,,1110,1.0,1.0,0.0,False,0.0,-0.001101245307355,14.43838525,20.176378765635743,20.233039172529168,21.43800542402493
Q09428,7S5V,ATP-binding cassette sub-family C member 8,3.3,EM,True,,1397,1.0,1.0,0.0,False,0.0,-0.0511768841894671,18.61880152,21.56720248420818,24.557304512973698,24.34450367682568
D5ANZ2,6XI0,Ubiquinol-cytochrome c reductase iron-sulfur subunit,3.3,EM,True,,1678,2.0,6.0,4.0,True,0.0,0.0797465956665249,24.15212876000001,32.36747458721917,27.060754685436606,27.726992907078586
D5ANZ3,6XI0,Cytochrome b,3.3,EM,True,,1678,2.0,6.0,4.0,True,0.0,0.0797465956665249,24.15212876000001,32.36747458721917,27.060754685436606,27.726992907078586
B6T892,5ZJI,"Chlorophyll a-b binding protein, chloroplastic",3.3,EM,True,,4087,2.0,17.0,15.0,True,0.006,0.0230983415071636,37.91870054,36.75709878153732,34.83115402235678,34.741757660090606
B3DH80,4R1Z,Cyp17a1 protein,3.3,X-ray,False,no_TM_span,417,0.0,,,,,,,,,
P08194,1PW4,Glycerol-3-phosphate transporter,3.3,X-ray,True,,431,1.0,1.0,0.0,False,0.0,-0.021447326920781,8.18405921,15.459787186760384,16.29058215685297,16.140219811565466
B6TXS5,5ZJI,Photosystem I reaction center subunit N,3.3,EM,True,,4087,2.0,17.0,15.0,True,0.006,0.0230983415071636,37.91870054,36.75709878153732,34.83115402235678,34.741757660090606
B6TR16,5ZJI,Photosystem I reaction center subunit psaK,3.3,EM,True,,4087,2.0,17.0,15.0,True,0.006,0.0230983415071636,37.91870054,36.75709878153732,34.83115402235678,34.741757660090606
O75027,7VGF,"Iron-sulfur clusters transporter ABCB7, mitochondrial",3.3,EM,True,,1100,2.0,2.0,0.0,False,0.0,-0.0441494642234413,10.099175805,16.08730094587187,17.987087060474714,17.92949386078604
P01871,7XQ8,Chimera of Heavy chain of VRC01 antibody Fab and Isoform 2 of Immunoglobulin heavy constant mu,3.3,EM,True,,1019,2.0,4.0,2.0,True,0.0,0.022864217868159,0.5352665449999999,3.097608817395663,2.871103863352692,4.127718898095422
A0R2C0,7CAF,"ABC transporter, ATP-binding protein SugC",3.3,EM,True,,1767,2.0,2.0,0.0,False,0.022,0.0418665706934408,10.95106873,19.934047882660906,18.05805171518829,18.670386822551823
P35367,7DFL,Histamine H1 receptor,3.3,EM,True,,1134,1.0,1.0,0.0,False,0.0,0.0380303141181882,5.177056205,12.761643670760629,11.589967336905184,12.837087564477534
P35498,7DTD,Sodium channel protein type 1 subunit alpha,3.3,EM,True,,1254,1.0,1.0,0.0,False,0.0,-0.0008764093616849,47.228127055,40.01747849081823,40.09903219185813,38.772644670631706
D5ANZ4,6XI0,Cytochrome c1,3.3,EM,True,,1678,2.0,6.0,4.0,True,0.0,0.0797465956665249,24.15212876000001,32.36747458721917,27.060754685436606,27.726992907078586
Q9NY46,7W77,Sodium channel protein type 3 subunit alpha,3.3,EM,True,,1428,1.0,2.0,1.0,True,0.0,-2.3574237062063144e-05,46.023527140000006,38.617689173083136,38.61985470157103,38.27498358681556
Q9NA75,5EGI,Uncharacterized protein Y57A10A.10,3.3,X-ray,True,,698,3.0,3.0,0.0,False,0.004,-0.0008427404366336,26.539197269999995,31.096539151652124,31.155325167792743,29.06490815816019
A0R0M4,6HWH,Cytochrome c oxidase subunit 1,3.3,EM,True,,5304,4.0,20.0,16.0,True,0.013,0.0627593575805054,70.70841008500001,52.26002799793933,45.11423665309224,47.44173897149339
P08669,7PUY,Glycoprotein G2,3.3,EM,True,,1224,6.0,6.0,0.0,False,0.074,0.1667085711038336,4.432211095,15.44335493818237,10.691048328396011,11.877780134317964
P0ABV2,6TYI,Biopolymer transport protein ExbD,3.3,EM,True,,1186,5.0,7.0,2.0,True,0.003,-0.0260788305223927,17.140597219999997,22.03644469334809,23.498411096002435,23.358128243119992
P0AFS5,7NB6,AI-2 transport protein TqsA,3.3,EM,True,,1700,5.0,5.0,0.0,False,0.0,-0.0090640720235939,68.42685340000001,46.43444521212824,47.44969507125454,46.6700588361199
P11836,6VJA,B-lymphocyte antigen CD20,3.3,EM,True,,1204,2.0,2.0,0.0,False,0.0,-0.0063058531616778,5.6238189850000015,12.272871734827056,12.475358119214556,13.379526079176316
P11607,5MPM,Sarcoplasmic/endoplasmic reticulum calcium ATPase 2,3.3,X-ray,True,,992,1.0,1.0,0.0,False,0.0,0.000657776707118,8.88167547,16.105644126669407,16.079100378651155,16.814056940480086
A0A1D6HY75,5ZJI,Photosystem I reaction center subunit IV A,3.3,EM,True,,4087,2.0,17.0,15.0,True,0.006,0.0230983415071636,37.91870054,36.75709878153732,34.83115402235678,34.741757660090606
Q9GZQ4,7XK8,Neuromedin-U receptor 2,3.3,EM,True,,923,1.0,1.0,0.0,False,0.0,0.0249173440481662,4.976288215,12.799669844946372,12.047023742444228,12.585713072108346
P96589,8B70,Potassium transporter KimA,3.3,EM,True,,1144,2.0,2.0,0.0,False,0.0,-0.0251505778924145,28.438352455,26.62105547865068,28.437141811025683,30.08688872782557
P30980,5ZJI,Photosystem I reaction center subunit VIII,3.3,EM,True,,4087,2.0,17.0,15.0,True,0.006,0.0230983415071636,37.91870054,36.75709878153732,34.83115402235678,34.741757660090606
P92960,7XUF,Potassium channel KAT3,3.3,EM,True,,1864,4.0,4.0,0.0,False,0.021,-0.0057160685771697,51.94254423999999,40.32292251090347,40.88074413402385,40.66180682794471
E4KPW4,5M87,Divalent metal cation transporter MntH,3.3,X-ray,True,,494,1.0,1.0,0.0,False,0.0,0.0568123016007383,10.715127724999997,19.89598899992949,17.377863532155196,18.46816473445461
Q57837,3B4R,Putative zinc metalloprotease MJ0392,3.3,X-ray,True,,216,1.0,1.0,0.0,False,0.0,-0.0034862203833154,5.186465045,11.008789957873963,11.116294514102393,12.848747402646527
P62596,5ZJI,Photosystem I reaction center subunit IX,3.3,EM,True,,4087,2.0,17.0,15.0,True,0.006,0.0230983415071636,37.91870054,36.75709878153732,34.83115402235678,34.741757660090606
G2QNH0,6GCI,mitochondrial ADP/ATP carrier,3.3,X-ray,True,,292,1.0,1.0,0.0,False,0.0,-0.0347535369137717,4.3372431250000005,11.554301213501931,12.53433759676543,11.749839851973212
G3V9C5,7YFI,Glutamate receptor,3.3,EM,True,,2980,4.0,4.0,0.0,False,0.008,-0.105187367347097,12.616490830000002,16.636158088134735,21.69521050522964,20.03984471031684
Q9JXP3,7MC0,"ABC transporter, permease protein",3.3,EM,True,,931,2.0,2.0,0.0,False,0.0,0.0238725545418735,8.303990800000001,17.27909103175966,16.347600104340682,16.258051440499397
P12329,5ZJI,"Chlorophyll a-b binding protein 1, chloroplastic",3.3,EM,True,,4087,2.0,17.0,15.0,True,0.006,0.0230983415071636,37.91870054,36.75709878153732,34.83115402235678,34.741757660090606
B6SQZ7,5ZJI,16kDa membrane protein,3.3,EM,True,,4087,2.0,17.0,15.0,True,0.006,0.0230983415071636,37.91870054,36.75709878153732,34.83115402235678,34.741757660090606
B6SSN3,5ZJI,"Chlorophyll a-b binding protein, chloroplastic",3.3,EM,True,,4087,2.0,17.0,15.0,True,0.006,0.0230983415071636,37.91870054,36.75709878153732,34.83115402235678,34.741757660090606
Q69ZK9,3BL8,Neuroligin-2,3.3,X-ray,False,no_TM_span,556,0.0,,,,,,,,,
B6U534,5ZJI,Photosystem I reaction center subunit V,3.3,EM,True,,4087,2.0,17.0,15.0,True,0.006,0.0230983415071636,37.91870054,36.75709878153732,34.83115402235678,34.741757660090606
B6SUC4,5ZJI,"Chlorophyll a-b binding protein, chloroplastic",3.3,EM,True,,4087,2.0,17.0,15.0,True,0.006,0.0230983415071636,37.91870054,36.75709878153732,34.83115402235678,34.741757660090606
B6STT2,5ZJI,Photosystem I reaction center subunit XI,3.3,EM,True,,4087,2.0,17.0,15.0,True,0.006,0.0230983415071636,37.91870054,36.75709878153732,34.83115402235678,34.741757660090606
B6SZT9,5ZJI,"Chlorophyll a-b binding protein, chloroplastic",3.3,EM,True,,4087,2.0,17.0,15.0,True,0.006,0.0230983415071636,37.91870054,36.75709878153732,34.83115402235678,34.741757660090606
B6SZR1,5ZJI,"Chlorophyll a-b binding protein, chloroplastic",3.3,EM,True,,4087,2.0,17.0,15.0,True,0.006,0.0230983415071636,37.91870054,36.75709878153732,34.83115402235678,34.741757660090606
A0A0R4IMY7,6DRJ,"Transient receptor potential cation channel, subfamily M, member 2",3.3,EM,True,,5068,4.0,4.0,0.0,False,0.0,-0.0733818550336901,57.37859347500002,41.9635732410359,49.49019238235752,42.736604402330855
Q00961,7YFI,"Glutamate receptor ionotropic, NMDA 2C",3.3,EM,True,,2980,4.0,4.0,0.0,False,0.008,-0.105187367347097,12.616490830000002,16.636158088134735,21.69521050522964,20.03984471031684
P25106,7SK8,Atypical chemokine receptor 3,3.3,EM,True,,836,1.0,1.0,0.0,False,0.0,0.0385070619413749,5.107335065,12.851624676974986,11.673275876120364,12.750353890157848
P11229,6OIJ,Muscarinic acetylcholine receptor M1,3.3,EM,True,,1152,1.0,1.0,0.0,False,0.0,0.0617343619155562,5.450487384999999,13.627849979390868,11.676294336521517,13.171727370263692
P75831,5NIK,Macrolide export ATP-binding/permease protein MacB,3.3,EM,True,,4582,2.0,2.0,0.0,False,0.0,-0.0891029488792759,6.743750315000001,11.728309968164083,14.861445081876118,14.65128798167435
A0R050,6HWH,Cytochrome bc1 complex cytochrome c subunit,3.3,EM,True,,5304,4.0,20.0,16.0,True,0.013,0.0627593575805054,70.70841008500001,52.26002799793933,45.11423665309224,47.44173897149339
A0R2C2,7CAF,"ABC sugar transporter, permease component",3.3,EM,True,,1767,2.0,2.0,0.0,False,0.022,0.0418665706934408,10.95106873,19.934047882660906,18.05805171518829,18.670386822551823
A0R2C3,7CAF,Bacterial extracellular solute-binding protein,3.3,EM,True,,1767,2.0,2.0,0.0,False,0.022,0.0418665706934408,10.95106873,19.934047882660906,18.05805171518829,18.670386822551823
A0R051,6HWH,Ubiquinol-cytochrome c reductase iron-sulfur subunit,3.3,EM,True,,5304,4.0,20.0,16.0,True,0.013,0.0627593575805054,70.70841008500001,52.26002799793933,45.11423665309224,47.44173897149339
A0R2C1,7CAF,"ABC transporter, permease protein SugB",3.3,EM,True,,1767,2.0,2.0,0.0,False,0.022,0.0418665706934408,10.95106873,19.934047882660906,18.05805171518829,18.670386822551823
D7PC76,7S8X,Prestin,3.3,EM,True,,1350,2.0,2.0,0.0,False,0.0,0.0009534749326738,30.494813504999996,31.7066703352138,31.63537541687017,31.15573882284365
A0A3B3ITX3,6OIJ,"Guanine nucleotide-binding protein G(i) subunit alpha-1,Guanine nucleotide-binding protein subunit alpha-11",3.3,EM,True,,1152,1.0,1.0,0.0,False,0.0,0.0617343619155562,5.450487384999999,13.627849979390868,11.676294336521517,13.171727370263692
A0A0U5BC76,6VRH,"8B6 antibody, light chain",3.3,EM,True,,764,1.0,1.0,0.0,False,0.0,0.0502554772783456,11.385189265000005,20.07305117884304,17.776956275695927,19.03685451728585
A0A0V8ETW8,7AHC,ABC transporter permease subunit,3.3,EM,True,,1064,2.0,2.0,0.0,False,0.0,0.0253896433727073,13.974984194999998,22.600453430587123,21.31525978733616,21.09117262868692
P06881,6E3Y,Calcitonin gene-related peptide 1,3.3,EM,True,,1068,1.0,2.0,1.0,True,0.0,0.0370940497970103,4.928902005,12.951424049090978,11.836319345056042,12.525646634895171
P01834,7XQ8,"Light chain of Fab fragments of the VRC01 antibody,Immunoglobulin kappa constant",3.3,EM,True,,1019,2.0,4.0,2.0,True,0.0,0.022864217868159,0.5352665449999999,3.097608817395663,2.871103863352692,4.127718898095422
P04966,5ZJI,Photosystem I P700 chlorophyll a apoprotein A1,3.3,EM,True,,4087,2.0,17.0,15.0,True,0.006,0.0230983415071636,37.91870054,36.75709878153732,34.83115402235678,34.741757660090606
Q6J8X0,8G2J,Cellulose synthase,3.3,EM,True,,2157,3.0,3.0,0.0,False,0.001,-0.0427920673770365,31.96723566,29.95855857358744,33.2346205971265,31.89903939704927
A0A059Q6U2,5ZJI,Photosystem I P700 chlorophyll a apoprotein A2,3.3,EM,True,,4087,2.0,17.0,15.0,True,0.006,0.0230983415071636,37.91870054,36.75709878153732,34.83115402235678,34.741757660090606
P75830,5NIK,Macrolide export protein MacA,3.3,EM,True,,4582,2.0,2.0,0.0,False,0.0,-0.0891029488792759,6.743750315000001,11.728309968164083,14.861445081876118,14.65128798167435
P18852,7AD3,Guanine nucleotide-binding protein subunit gamma,3.3,EM,True,,1202,2.0,2.0,0.0,False,0.0,0.0239766026250732,12.30094369,20.018984417788467,18.88032677331853,19.787652680187
P48061,7SK8,Stromal cell-derived factor 1,3.3,EM,True,,836,1.0,1.0,0.0,False,0.0,0.0385070619413749,5.107335065,12.851624676974986,11.673275876120364,12.750353890157848
Q14524,6LQA,Sodium channel protein type 5 subunit alpha,3.3,EM,True,,1151,1.0,1.0,0.0,False,0.0,0.0132756120456468,47.95186111499997,40.382955686080976,39.1381728488718,39.06859538531758
B7UI37,5W68,Putative type II secretion protein,3.3,EM,True,,5250,15.0,15.0,0.0,False,0.0,-0.0648202987363502,134.98668303,55.00584762313398,65.20332607906172,65.54967254808122
C7Z7K1,4WIS,lipid scramblase,3.3,X-ray,True,,1312,2.0,2.0,0.0,False,0.0,-0.0567647174089016,26.02786447,24.24747355946112,28.168809535875344,28.78354838627932
C7DZL4,8ESW,NADH-ubiquinone oxidoreductase chain 5,3.3,EM,True,,8063,1.0,19.0,18.0,True,0.0,0.0020676929228845,27.682051995,29.092071313006088,28.94476495686532,29.684121714920632
C7DZL9,8ESW,NADH-ubiquinone oxidoreductase chain 1,3.3,EM,True,,8063,1.0,19.0,18.0,True,0.0,0.0020676929228845,27.682051995,29.092071313006088,28.94476495686532,29.684121714920632
Q9MDK5,8ESW,NADH-ubiquinone oxidoreductase chain 4,3.3,EM,True,,8063,1.0,19.0,18.0,True,0.0,0.0020676929228845,27.682051995,29.092071313006088,28.94476495686532,29.684121714920632
Q9BSA4,7P54,Protein tweety homolog 2,3.3,EM,True,,794,2.0,2.0,0.0,False,0.0,0.0116007924809334,7.7382312450000015,15.42483762045381,14.987874468701124,15.694443306023324
Q9WVE8,3LLL,Protein kinase C and casein kinase substrate in neurons protein 2,3.3,X-ray,False,no_TM_span,576,0.0,,,,,,,,,
P49407,6TKO,Beta-arrestin-1,3.3,EM,True,,1052,1.0,1.0,0.0,False,0.0,0.0313594184098353,5.152700575,12.77758713693182,11.813709824264702,12.806855717026732
A8DYC4,8ESW,NADH dehydrogenase [ubiquinone] 1 alpha subcomplex subunit 1,3.3,EM,True,,8063,1.0,19.0,18.0,True,0.0,0.0020676929228845,27.682051995,29.092071313006088,28.94476495686532,29.684121714920632
O94759,6PUO,Transient receptor potential cation channel subfamily M member 2,3.3,EM,True,,5208,4.0,4.0,0.0,False,0.0,-0.0740314231671897,51.213883365,39.07228549894337,46.246035827837375,40.37559335160671
Q9TV66,7NP4,"Potassium/sodium hyperpolarization-activated cyclic nucleotide-gated channel 4,Potassium/sodium hyperpolarization-activated cyclic nucleotide-gated channel 4",3.3,EM,True,,2004,4.0,4.0,0.0,False,0.0,0.0227916852231215,45.06670558,39.82679509887635,37.75502934699888,37.875028612330055
Q86WV6,8IK3,"Stimulator of interferon genes protein,Immune protein Tsi3",3.3,EM,True,,2611,8.0,8.0,0.0,False,0.002,-0.0179945977661433,47.045430215,36.43199096226567,38.103224609732365,38.69757813766143
P69539,1IFI,INOVIRUS,3.3,X-ray,True,,2750,5.0,5.0,0.0,False,0.0,0.0805642251477626,11.577035450000004,19.39143936850475,15.679702152354528,19.19657478936076
Q99758,7W02,Phospholipid-transporting ATPase ABCA3,3.3,EM,True,,1566,1.0,1.0,0.0,False,0.0,0.0069925746743909,11.390423150000004,19.535558479484227,19.216005149607163,19.04122973040795
W7FI62,6UKJ,Chloroquine resistance transporter,3.3,EM,True,,582,1.0,1.0,0.0,False,0.0,-0.0022567181756157,8.6406787,16.19686769398472,16.28669069487443,16.584370514275495
Q9P0X4,7WLI,Voltage-dependent T-type calcium channel subunit alpha-1I,3.3,EM,True,,1138,1.0,1.0,0.0,False,0.0,0.0154569985229323,45.173869025,39.39725437091563,37.99054262120292,37.92003310630045
P08539,7AD3,"Guanine nucleotide-binding protein alpha-1 subunit,Guanine nucleotide-binding protein alpha-1 subunit",3.3,EM,True,,1202,2.0,2.0,0.0,False,0.0,0.0239766026250732,12.30094369,20.018984417788467,18.88032677331853,19.787652680187
Q2FZP8,6S7V,MFS transporter,3.301,X-ray,True,,378,1.0,1.0,0.0,False,0.0,0.0217245839012818,9.582188205,17.44802496157213,16.537440739955446,17.464550486414506
Q9Y2T5,6LI3,G-protein coupled receptor 52,3.32,EM,True,,1045,1.0,1.0,0.0,False,0.0,0.0452195435126952,5.630439749999999,13.574010266726326,12.121117247807437,13.387399433748104
A3CWV0,4HYG,Putative uncharacterized protein,3.32,X-ray,True,,986,4.0,4.0,0.0,False,0.002,0.0298823145967658,46.52988918000002,40.248752323104696,37.488704875159726,38.48496294532476
A4IJH4,7XHB,Protein translocase subunit SecE,3.33,EM,True,,1273,1.0,3.0,2.0,True,0.0,0.0325304094685293,10.29806605,18.29416453695487,16.880638958249023,18.105182220261295
Q9U6P4,6SP2,Membrane protein TMS1d,3.33,EM,True,,2196,6.0,6.0,0.0,False,0.0,0.0040740856378118,97.640740395,55.850727452225655,55.305620161077165,55.74945108432325
A4IJK8,7XHB,Protein translocase subunit SecY,3.33,EM,True,,1273,1.0,3.0,2.0,True,0.0,0.0325304094685293,10.29806605,18.29416453695487,16.880638958249023,18.105182220261295
P0AG96,5GAE,Protein translocase subunit SecE,3.33,EM,True,,3911,1.0,3.0,2.0,True,0.0,0.0366004869015034,9.556268770000004,17.67655602529738,16.14452575545471,17.44091403717252
P0AGA2,5GAE,Protein translocase subunit SecY,3.33,EM,True,,3911,1.0,3.0,2.0,True,0.0,0.0366004869015034,9.556268770000004,17.67655602529738,16.14452575545471,17.44091403717252
Q9Z2T2,7SK0,Potassium channel subfamily K member 1,3.33,EM,True,,514,2.0,2.0,0.0,False,0.0,0.0583125286716815,10.877758655000004,20.539443110212467,17.93528175744669,18.607789012689807
Q9CMQ1,5ZOV,PTS ascorbate-specific subunit IIBC,3.333,X-ray,True,,800,2.0,2.0,0.0,False,0.0,-0.010225618824066,27.905674414999996,30.815976798892837,31.547405783821876,29.803778362685104
P78556,6WWZ,C-C motif chemokine 20,3.34,EM,True,,1211,1.0,1.0,0.0,False,0.0,0.0338411050684773,5.320646880000002,12.876709683913228,11.819738712519737,13.01389450855101
A0A287B4I0,6J5I,"ATP synthase subunit d, mitochondrial",3.34,EM,True,,5213,2.0,14.0,12.0,True,0.032,-0.1733257009025999,13.687727469999995,14.230976820641793,22.913879738054543,20.873281900770767
Q5HYA8,7FH1,Meckelin,3.34,EM,True,,1748,2.0,2.0,0.0,False,0.0,-0.0834104354507039,14.699674205,18.83247013098386,23.162695983521186,21.63111560491588
P80021,6J5I,"ATP synthase subunit alpha, mitochondrial",3.34,EM,True,,5213,2.0,14.0,12.0,True,0.032,-0.1733257009025999,13.687727469999995,14.230976820641793,22.913879738054543,20.873281900770767
K7GLT8,6J5I,ATP synthase subunit beta,3.34,EM,True,,5213,2.0,14.0,12.0,True,0.032,-0.1733257009025999,13.687727469999995,14.230976820641793,22.913879738054543,20.873281900770767
P32297,6PV7,Fusion protein of Neuronal acetylcholine receptor subunit alpha-3 and Soluble cytochrome b562,3.34,EM,True,,2379,5.0,5.0,0.0,False,0.003,0.0689172870070686,21.47620401999999,27.281408204989912,22.956835144563087,26.145913748167352
Q35915,6J5I,ATP synthase subunit a,3.34,EM,True,,5213,2.0,14.0,12.0,True,0.032,-0.1733257009025999,13.687727469999995,14.230976820641793,22.913879738054543,20.873281900770767
A5GFX4,6J5I,ATP synthase F1 subunit epsilon,3.34,EM,True,,5213,2.0,14.0,12.0,True,0.032,-0.1733257009025999,13.687727469999995,14.230976820641793,22.913879738054543,20.873281900770767
Q29307,6J5I,"ATPase inhibitor, mitochondrial",3.34,EM,True,,5213,2.0,14.0,12.0,True,0.032,-0.1733257009025999,13.687727469999995,14.230976820641793,22.913879738054543,20.873281900770767
Q35914,6J5I,ATP synthase protein 8,3.34,EM,True,,5213,2.0,14.0,12.0,True,0.032,-0.1733257009025999,13.687727469999995,14.230976820641793,22.913879738054543,20.873281900770767
Q2EN81,6J5I,"ATP synthase subunit O, mitochondrial",3.34,EM,True,,5213,2.0,14.0,12.0,True,0.032,-0.1733257009025999,13.687727469999995,14.230976820641793,22.913879738054543,20.873281900770767
A0A4X1TQQ5,6J5I,ATP synthase membrane subunit DAPIT,3.34,EM,True,,5213,2.0,14.0,12.0,True,0.032,-0.1733257009025999,13.687727469999995,14.230976820641793,22.913879738054543,20.873281900770767
Q95339,6J5I,"ATP synthase subunit f, mitochondrial",3.34,EM,True,,5213,2.0,14.0,12.0,True,0.032,-0.1733257009025999,13.687727469999995,14.230976820641793,22.913879738054543,20.873281900770767
P13618,6J5I,"ATP synthase-coupling factor 6, mitochondrial",3.34,EM,True,,5213,2.0,14.0,12.0,True,0.032,-0.1733257009025999,13.687727469999995,14.230976820641793,22.913879738054543,20.873281900770767
P28307,6L7C,Major curlin subunit CsgA,3.34,EM,True,,2655,9.0,18.0,9.0,True,0.0,-0.0280704182324436,27.53237104,27.2718669762693,29.266242775696632,29.60375971411789
A0A8D0MI69,6J5I,ATP synthase peripheral stalk-membrane subunit b,3.34,EM,True,,5213,2.0,14.0,12.0,True,0.032,-0.1733257009025999,13.687727469999995,14.230976820641793,22.913879738054543,20.873281900770767
Q4VT52,6J5I,Mitochondrial H+ transporting ATP synthase subunit c isoform 1,3.34,EM,True,,5213,2.0,14.0,12.0,True,0.032,-0.1733257009025999,13.687727469999995,14.230976820641793,22.913879738054543,20.873281900770767
P30926,6PV7,Fusion protein of Neuronal acetylcholine receptor subunit beta-4 and Soluble cytochrome b562,3.34,EM,True,,2379,5.0,5.0,0.0,False,0.003,0.0689172870070686,21.47620401999999,27.281408204989912,22.956835144563087,26.145913748167352
A0A286ZYL7,6J5I,"ATP synthase subunit delta, mitochondrial",3.34,EM,True,,5213,2.0,14.0,12.0,True,0.032,-0.1733257009025999,13.687727469999995,14.230976820641793,22.913879738054543,20.873281900770767
A3DCU1,6V9Z,ABC-type bacteriocin transporter,3.35,EM,True,,1472,2.0,2.0,0.0,False,0.0,-0.0730924509287149,11.436052469999996,16.21892901718767,19.565861102099028,19.079330596531832
Q51368,6I97,Protein TonB,3.35,X-ray,True,,1702,1.0,1.0,0.0,False,0.0,0.0007143320148011,14.219937770000003,21.319526486780333,21.28305232937661,21.275212744199028
Q2EHL8,5LIL,Macrolide export ATP-binding/permease protein MacB,3.35,X-ray,True,,1219,2.0,2.0,0.0,False,0.009,0.0495334066835839,4.94147481,12.89555270671068,11.404603679121024,12.541611875477445
Q9I117,7ABW,PepSY domain-containing protein,3.35,X-ray,True,,360,1.0,1.0,0.0,False,0.0,0.1022905765227853,2.77397395,11.673845305316028,9.36697530709922,9.396719280159964
Q05785,5ON7,Epsin-2,3.35,X-ray,False,no_TM_span,147,0.0,,,,,,,,,
P0ADC1,4RHB,LPS-assembly lipoprotein LptE,3.355,X-ray,True,,712,1.0,2.0,1.0,True,0.0,-0.020237033904367,19.55053308,24.34304569066896,25.554654623238584,24.94619802600636
P31554,4RHB,LPS-assembly protein LptD,3.355,X-ray,True,,712,1.0,2.0,1.0,True,0.0,-0.020237033904367,19.55053308,24.34304569066896,25.554654623238584,24.94619802600636
P35523,6COY,Chloride channel protein 1,3.36,EM,True,,930,2.0,2.0,0.0,False,0.0,-0.0027781336134798,24.949002405,28.00047166657233,28.18836701422586,28.180692177330688
O94705,8C8Q,"Cytochrome c oxidase subunit 9, mitochondrial",3.36,EM,True,,1825,1.0,9.0,8.0,True,0.0,0.0072909326715231,11.148712365000002,18.35086824477608,18.02123443602148,18.83811392894461
P07657,8C8Q,Cytochrome c oxidase subunit 1,3.36,EM,True,,1825,1.0,9.0,8.0,True,0.0,0.0072909326715231,11.148712365000002,18.35086824477608,18.02123443602148,18.83811392894461
P79010,8C8Q,"Cytochrome c oxidase subunit 4, mitochondrial",3.36,EM,True,,1825,1.0,9.0,8.0,True,0.0,0.0072909326715231,11.148712365000002,18.35086824477608,18.02123443602148,18.83811392894461
P21534,8C8Q,Cytochrome c oxidase subunit 2,3.36,EM,True,,1825,1.0,9.0,8.0,True,0.0,0.0072909326715231,11.148712365000002,18.35086824477608,18.02123443602148,18.83811392894461
P14575,8C8Q,Cytochrome c oxidase subunit 3,3.36,EM,True,,1825,1.0,9.0,8.0,True,0.0,0.0072909326715231,11.148712365000002,18.35086824477608,18.02123443602148,18.83811392894461
O74988,8C8Q,"Cytochrome c oxidase polypeptide 5, mitochondrial",3.36,EM,True,,1825,1.0,9.0,8.0,True,0.0,0.0072909326715231,11.148712365000002,18.35086824477608,18.02123443602148,18.83811392894461
O94581,8C8Q,"Cytochrome c oxidase subunit 12, mitochondrial",3.36,EM,True,,1825,1.0,9.0,8.0,True,0.0,0.0072909326715231,11.148712365000002,18.35086824477608,18.02123443602148,18.83811392894461
Q9UTF6,8C8Q,"Cytochrome c oxidase subunit 6, mitochondrial",3.36,EM,True,,1825,1.0,9.0,8.0,True,0.0,0.0072909326715231,11.148712365000002,18.35086824477608,18.02123443602148,18.83811392894461
Q9P4W1,8C8Q,"Cytochrome c oxidase polypeptide VIII, mitochondrial",3.36,EM,True,,1825,1.0,9.0,8.0,True,0.0,0.0072909326715231,11.148712365000002,18.35086824477608,18.02123443602148,18.83811392894461
G2TRP5,8C8Q,Cytochrome c oxidase subunit 7,3.36,EM,True,,1825,1.0,9.0,8.0,True,0.0,0.0072909326715231,11.148712365000002,18.35086824477608,18.02123443602148,18.83811392894461
O74471,8C8Q,"Cytochrome c oxidase subunit 13, mitochondrial",3.36,EM,True,,1825,1.0,9.0,8.0,True,0.0,0.0072909326715231,11.148712365000002,18.35086824477608,18.02123443602148,18.83811392894461
Q9P3B2,8C8Q,Respiratory supercomplex factor 2 homolog C1565.01,3.36,EM,True,,1825,1.0,9.0,8.0,True,0.0,0.0072909326715231,11.148712365000002,18.35086824477608,18.02123443602148,18.83811392894461
P23219,6Y3C,Prostaglandin G/H synthase 1,3.361,X-ray,False,no_TM_span,1120,0.0,,,,,,,,,
Q29466,6XBW,V-type proton ATPase subunit a,3.37,EM,True,,8186,1.0,15.0,14.0,True,0.0,0.02941298141838,9.355793244999996,17.458229197348434,16.24003742544745,17.257002877020756
P11019,6XBW,V-type proton ATPase subunit E 1,3.37,EM,True,,8186,1.0,15.0,14.0,True,0.0,0.02941298141838,9.355793244999996,17.458229197348434,16.24003742544745,17.257002877020756
P39942,6XBW,V-type proton ATPase subunit D,3.37,EM,True,,8186,1.0,15.0,14.0,True,0.0,0.02941298141838,9.355793244999996,17.458229197348434,16.24003742544745,17.257002877020756
P61420,6XBW,V-type proton ATPase subunit d 1,3.37,EM,True,,8186,1.0,15.0,14.0,True,0.0,0.02941298141838,9.355793244999996,17.458229197348434,16.24003742544745,17.257002877020756
Q2KIB5,6XBW,V-type proton ATPase subunit e 2,3.37,EM,True,,8186,1.0,15.0,14.0,True,0.0,0.02941298141838,9.355793244999996,17.458229197348434,16.24003742544745,17.257002877020756
Q0VCV6,6XBW,V-type proton ATPase subunit G,3.37,EM,True,,8186,1.0,15.0,14.0,True,0.0,0.02941298141838,9.355793244999996,17.458229197348434,16.24003742544745,17.257002877020756
Q15758,7BCT,Neutral amino acid transporter B(0),3.37,EM,True,,1326,3.0,3.0,0.0,False,0.0,0.0470206180662087,41.913880615,38.89576807160599,34.7738099526427,36.52615852793945
Q3ZC23,6XBW,Ribonuclease kappa,3.37,EM,True,,8186,1.0,15.0,14.0,True,0.0,0.02941298141838,9.355793244999996,17.458229197348434,16.24003742544745,17.257002877020756
P21282,6XBW,V-type proton ATPase subunit C 1,3.37,EM,True,,8186,1.0,15.0,14.0,True,0.0,0.02941298141838,9.355793244999996,17.458229197348434,16.24003742544745,17.257002877020756
O14493,7KP4,Claudin-4,3.37,X-ray,True,,316,1.0,1.0,0.0,False,0.0,0.0428574407264581,1.6305806599999997,7.110034276549497,6.369007874068561,7.204373285013001
Q38162,8A60,Lytic conversion lipoprotein,3.37,X-ray,True,,739,1.0,1.0,0.0,False,0.0,0.0011571556986428,13.99673037,21.054933451745363,20.996314047265013,21.107576011991306
Q1LX78,5W81,Cystic fibrosis transmembrane conductance regulator,3.37,EM,True,,1173,1.0,1.0,0.0,False,0.0,-0.0533569292093135,11.194344665,16.728951122665872,19.14622840036245,18.87662728407348
P81134,6XBW,Renin receptor,3.37,EM,True,,8186,1.0,15.0,14.0,True,0.0,0.02941298141838,9.355793244999996,17.458229197348434,16.24003742544745,17.257002877020756
O46563,6XBW,V-type proton ATPase subunit H,3.37,EM,True,,8186,1.0,15.0,14.0,True,0.0,0.02941298141838,9.355793244999996,17.458229197348434,16.24003742544745,17.257002877020756
Q28029,6XBW,V-type proton ATPase subunit F,3.37,EM,True,,8186,1.0,15.0,14.0,True,0.0,0.02941298141838,9.355793244999996,17.458229197348434,16.24003742544745,17.257002877020756
Q2TA24,6XBW,V-type proton ATPase 21 kDa proteolipid subunit,3.37,EM,True,,8186,1.0,15.0,14.0,True,0.0,0.02941298141838,9.355793244999996,17.458229197348434,16.24003742544745,17.257002877020756
P31404,6XBW,V-type proton ATPase catalytic subunit A,3.37,EM,True,,8186,1.0,15.0,14.0,True,0.0,0.02941298141838,9.355793244999996,17.458229197348434,16.24003742544745,17.257002877020756
P31408,6XBW,"V-type proton ATPase subunit B, brain isoform",3.37,EM,True,,8186,1.0,15.0,14.0,True,0.0,0.02941298141838,9.355793244999996,17.458229197348434,16.24003742544745,17.257002877020756
P40682,6XBW,V-type proton ATPase subunit S1,3.37,EM,True,,8186,1.0,15.0,14.0,True,0.0,0.02941298141838,9.355793244999996,17.458229197348434,16.24003742544745,17.257002877020756
P23956,6XBW,V-type proton ATPase 16 kDa proteolipid subunit,3.37,EM,True,,8186,1.0,15.0,14.0,True,0.0,0.02941298141838,9.355793244999996,17.458229197348434,16.24003742544745,17.257002877020756
P43115,7WU9,Prostaglandin E2 receptor EP3 subtype,3.375,EM,True,,1031,1.0,1.0,0.0,False,0.0,0.0312081619480247,5.114678715000001,13.031802263498964,12.07611967121496,12.759517230829337
Q05586,8E96,"Glutamate receptor ionotropic, NMDA 1",3.38,EM,True,,2838,4.0,4.0,0.0,False,0.031,-0.0618616974169214,10.24304682,15.246684547061154,17.927535792969415,18.056752386432724
O15399,8E96,"Glutamate receptor ionotropic, NMDA 2D",3.38,EM,True,,2838,4.0,4.0,0.0,False,0.031,-0.0618616974169214,10.24304682,15.246684547061154,17.927535792969415,18.056752386432724
Q3MIR4,7VGH,Cell cycle control protein 50B,3.39,EM,True,,1521,1.0,2.0,1.0,True,0.0,-0.003698382646382,9.49267165,16.726630753640844,16.88092238731548,17.382782379387933
Q15006,7ADO,ER membrane protein complex subunit 2,3.39,EM,True,,2086,1.0,5.0,4.0,True,0.0,1.515884085457993,0.0975230249999999,7.850651658859416,1.4406833722442458,1.7618894116274428
Q5UCC4,7ADO,ER membrane protein complex subunit 10,3.39,EM,True,,2086,1.0,5.0,4.0,True,0.0,1.515884085457993,0.0975230249999999,7.850651658859416,1.4406833722442458,1.7618894116274428
Q8N766,7ADO,ER membrane protein complex subunit 1,3.39,EM,True,,2086,1.0,5.0,4.0,True,0.0,1.515884085457993,0.0975230249999999,7.850651658859416,1.4406833722442458,1.7618894116274428
Q5J8M3,7ADO,ER membrane protein complex subunit 4,3.39,EM,True,,2086,1.0,5.0,4.0,True,0.0,1.515884085457993,0.0975230249999999,7.850651658859416,1.4406833722442458,1.7618894116274428
O43402,7ADO,ER membrane protein complex subunit 8,3.39,EM,True,,2086,1.0,5.0,4.0,True,0.0,1.515884085457993,0.0975230249999999,7.850651658859416,1.4406833722442458,1.7618894116274428
Q9NPA0,7ADO,ER membrane protein complex subunit 7,3.39,EM,True,,2086,1.0,5.0,4.0,True,0.0,1.515884085457993,0.0975230249999999,7.850651658859416,1.4406833722442458,1.7618894116274428
Q8N4V1,7ADO,Membrane magnesium transporter 1,3.39,EM,True,,2086,1.0,5.0,4.0,True,0.0,1.515884085457993,0.0975230249999999,7.850651658859416,1.4406833722442458,1.7618894116274428
Q9BV81,7ADO,ER membrane protein complex subunit 6,3.39,EM,True,,2086,1.0,5.0,4.0,True,0.0,1.515884085457993,0.0975230249999999,7.850651658859416,1.4406833722442458,1.7618894116274428
Q9P0I2,7ADO,ER membrane protein complex subunit 3,3.39,EM,True,,2086,1.0,5.0,4.0,True,0.0,1.515884085457993,0.0975230249999999,7.850651658859416,1.4406833722442458,1.7618894116274428
A0A0D8G707,5GKO,Macrolide export ATP-binding/permease protein MacB,3.393,X-ray,True,,1300,2.0,2.0,0.0,False,0.0,0.0577803952912977,5.357040469999999,13.735004094953611,11.924167436875878,13.058326624371364
Q5T848,7SHF,G-protein coupled receptor 158,3.4,EM,True,,1327,2.0,2.0,0.0,False,0.021,-0.0171364608719627,14.597428094999998,19.379476634730903,20.26601107403528,21.55575485919136
O14957,5XTE,Cytochrome b-c1 complex subunit 10,3.4,EM,True,,4222,2.0,12.0,10.0,True,0.0,0.0461432182493107,23.32504414,29.47220671784305,26.45465012716081,27.24810478810461
P22695,5XTE,"Cytochrome b-c1 complex subunit 2, mitochondrial",3.4,EM,True,,4222,2.0,12.0,10.0,True,0.0,0.0461432182493107,23.32504414,29.47220671784305,26.45465012716081,27.24810478810461
O14949,5XTE,Cytochrome b-c1 complex subunit 8,3.4,EM,True,,4222,2.0,12.0,10.0,True,0.0,0.0461432182493107,23.32504414,29.47220671784305,26.45465012716081,27.24810478810461
Q9SDM1,7EW6,Chlorophyll a-b binding protein Lhca1,3.4,EM,True,,3108,2.0,12.0,10.0,True,0.006,0.0203500480055981,39.65084843,36.03831700928061,34.30320312215087,35.52640855876658
Q1RAG3,6P6J,ABC transporter protein,3.4,EM,True,,1140,2.0,2.0,0.0,False,0.002,-0.0338898360798149,8.88161915,15.362270598408672,16.72984778290373,16.81400363020145
P49675,3P0L,"Steroidogenic acute regulatory protein, mitochondrial",3.4,X-ray,False,no_TM_span,210,0.0,,,,,,,,,
P48067,6ZBV,"Sodium- and chloride-dependent glycine transporter 1,Sodium- and chloride-dependent glycine transporter 1",3.4,X-ray,True,,659,1.0,1.0,0.0,False,0.0,0.0185897426077388,11.256107254999996,19.46824476670197,18.623736717475204,18.92862968947195
Q1RAG2,6P6J,inner membrane ABC-transporter,3.4,EM,True,,1140,2.0,2.0,0.0,False,0.002,-0.0338898360798149,8.88161915,15.362270598408672,16.72984778290373,16.81400363020145
P07822,7LB8,Iron(3+)-hydroxamate-binding protein FhuD,3.4,EM,True,,1405,1.0,1.0,0.0,False,0.0,-0.0143266258309293,19.925547980000005,23.38397699706005,24.249912131142807,25.184318354212927
A0A6I8WFU2,6QPH,PsaE,3.4,X-ray,True,,2791,2.0,8.0,6.0,True,0.003,0.0108186973368715,38.799848865000016,36.13244326016159,35.2199570845894,35.14310099602258
P47985,5XTE,"Cytochrome b-c1 complex subunit Rieske, mitochondrial",3.4,EM,True,,4222,2.0,12.0,10.0,True,0.0,0.0461432182493107,23.32504414,29.47220671784305,26.45465012716081,27.24810478810461
P03620,6A7F,major coat protein p8,3.4,EM,True,,1410,10.0,10.0,0.0,False,0.0,0.0984123544940297,13.324438275,21.74212995134603,16.877941611305214,20.5944177649629
A1E9J0,7EW6,Photosystem I P700 chlorophyll a apoprotein A2,3.4,EM,True,,3108,2.0,12.0,10.0,True,0.006,0.0203500480055981,39.65084843,36.03831700928061,34.30320312215087,35.52640855876658
Q63664,7MIT,ATP-sensitive inward rectifier potassium channel 8,3.4,EM,True,,2818,1.0,5.0,4.0,True,0.0,-0.0545952910271676,20.064208855,21.83983401261304,25.151164370549157,25.27179462761372
P31930,5XTE,"Cytochrome b-c1 complex subunit 1, mitochondrial",3.4,EM,True,,4222,2.0,12.0,10.0,True,0.0,0.0461432182493107,23.32504414,29.47220671784305,26.45465012716081,27.24810478810461
F2DAN8,7EW6,"Chlorophyll a-b binding protein, chloroplastic",3.4,EM,True,,3108,2.0,12.0,10.0,True,0.006,0.0203500480055981,39.65084843,36.03831700928061,34.30320312215087,35.52640855876658
P75742,4Q65,Dipeptide permease D,3.4,X-ray,True,,437,1.0,1.0,0.0,False,0.0,-0.0807333815491502,12.250239054999998,17.190603926881053,21.01675162421302,19.746828098004187
A0A6I8WFU0,6QPH,Lhc4,3.4,X-ray,True,,2791,2.0,8.0,6.0,True,0.003,0.0108186973368715,38.799848865000016,36.13244326016159,35.2199570845894,35.14310099602258
P23993,7EW6,"Photosystem I reaction center subunit XI, chloroplastic",3.4,EM,True,,3108,2.0,12.0,10.0,True,0.006,0.0203500480055981,39.65084843,36.03831700928061,34.30320312215087,35.52640855876658
O15455,7C76,Toll-like receptor 3,3.4,EM,False,nan_radius,1174,1.0,,,,,,,,,
P38405,8IW1,"Guanine nucleotide-binding protein G(i) subunit alpha-1,Guanine nucleotide-binding protein G(olf) subunit alpha",3.4,EM,True,,1107,1.0,1.0,0.0,False,0.0,0.0247872920572275,4.827843385,12.800026997392404,12.062561042624438,12.39657322969746
P38631,7XE4,"1,3-beta-glucan synthase component FKS1",3.4,EM,True,,1503,1.0,1.0,0.0,False,0.0,-0.1320100203086755,26.475818040000007,22.18139084043053,31.3788506141096,29.030181926634828
Q8NHX9,6NQ2,Two pore calcium channel protein 2,3.4,EM,True,,1242,2.0,2.0,0.0,False,0.0,0.0144872804021268,48.11844652,39.79267227223427,38.4319203066626,39.13639895943675
Q8NCM2,7YIE,Potassium voltage-gated channel subfamily H member 5,3.4,EM,True,,2640,4.0,4.0,0.0,False,0.0,0.0051906120409203,46.436717425,38.21555873741458,37.73661375111523,38.44641236617612
P00156,5XTE,Cytochrome b,3.4,EM,True,,4222,2.0,12.0,10.0,True,0.0,0.0461432182493107,23.32504414,29.47220671784305,26.45465012716081,27.24810478810461
Q9H1C4,7C76,Protein unc-93 homolog B1,3.4,EM,False,nan_radius,1174,1.0,,,,,,,,,
P69051,1UAZ,archaerhodopsin-1,3.4,X-ray,True,,236,1.0,1.0,0.0,False,0.0,-0.0068121241308097,4.050141139999999,10.856459429076027,11.04209189651557,11.354294188991618
Q13635,6RMG,"Protein patched homolog 1,GFP-like fluorescent chromoprotein FP506, related",3.4,EM,True,,1176,1.0,1.0,0.0,False,0.0,-0.0269507757050619,10.364997105,16.649204126947176,17.824080493132467,18.163923168709644
Q869C3,5X61,Acetylcholinesterase,3.4,X-ray,False,no_TM_span,537,0.0,,,,,,,,,
G4CRQ5,5L26,Nucleoside permease,3.4,X-ray,True,,1240,3.0,3.0,0.0,False,0.013,0.0440358166416579,42.328006405,39.965241079872,36.08591516883676,36.70616147346698
P69416,7EW6,Photosystem I iron-sulfur center,3.4,EM,True,,3108,2.0,12.0,10.0,True,0.006,0.0203500480055981,39.65084843,36.03831700928061,34.30320312215087,35.52640855876658
P32839,6SH3,Mitochondrial chaperone BCS1,3.4,EM,True,,2632,7.0,7.0,0.0,False,0.0,-0.1908969372021515,6.208650675,10.939626999479556,17.380338979550096,14.058004444849791
P34712,4F4C,Multidrug resistance protein pgp-1,3.4,X-ray,True,,1252,1.0,1.0,0.0,False,0.0,-0.0247222691953748,11.40222081,16.965868952365582,18.096235665424448,19.05108817961208
P49802,7SHF,Isoform 2 of Regulator of G-protein signaling 7,3.4,EM,True,,1327,2.0,2.0,0.0,False,0.021,-0.0171364608719627,14.597428094999998,19.379476634730903,20.26601107403528,21.55575485919136
Q9LVM1,7N58,"ABC transporter B family member 25, mitochondrial",3.4,EM,True,,1200,2.0,2.0,0.0,False,0.0,-0.0465213102419702,11.01963972,16.868043272077646,18.95912949693832,18.728748663644293
Q9X1H2,6Y86,Membrane protein insertase YidC,3.4,X-ray,True,,425,1.0,1.0,0.0,False,0.0,0.0006353752733839,4.05188709,9.969105057591864,9.95178715540664,11.35674125111368
A5FJE2,6BTM,Alternative Complex III subunit F,3.4,EM,True,,2363,2.0,4.0,2.0,True,0.064,0.014776112842301,21.69019393,26.4221632515087,25.490351416953946,26.275850435642703
A5FJF1,6BTM,Alternative Complex III subunit A,3.4,EM,True,,2363,2.0,4.0,2.0,True,0.064,0.014776112842301,21.69019393,26.4221632515087,25.490351416953946,26.275850435642703
P14927,5XTE,Cytochrome b-c1 complex subunit 7,3.4,EM,True,,4222,2.0,12.0,10.0,True,0.0,0.0461432182493107,23.32504414,29.47220671784305,26.45465012716081,27.24810478810461
Q9NUT2,5OCH,"ATP-binding cassette sub-family B member 8, mitochondrial",3.4,X-ray,True,,1125,2.0,2.0,0.0,False,0.019,-0.0008182877769173,10.856812134999998,18.18794823728971,18.22445669870998,18.58986453692077
A5FJF3,6BTM,Alternative Complex III subunit C,3.4,EM,True,,2363,2.0,4.0,2.0,True,0.064,0.014776112842301,21.69019393,26.4221632515087,25.490351416953946,26.275850435642703
Q9H228,7EW1,Sphingosine 1-phosphate receptor 5,3.4,EM,True,,1129,1.0,1.0,0.0,False,0.0,0.029455081420258,4.87764117,12.418591098942606,11.53774211689942,12.460342714661069
P13165,7EW6,Photosystem I reaction center subunit VIII,3.4,EM,True,,3108,2.0,12.0,10.0,True,0.006,0.0203500480055981,39.65084843,36.03831700928061,34.30320312215087,35.52640855876658
Q9NRA2,8DWI,Sialin,3.4,EM,True,,424,1.0,1.0,0.0,False,0.0,-0.0190237972852264,8.344093205,15.234546163815246,15.978632086426176,16.297261605528984
Q5F651,7OMM,LPS-assembly protein LptD,3.4,EM,True,,1794,1.0,3.0,2.0,True,0.0,-0.0471637284303159,20.827482175000004,24.930654847566277,27.845146535897054,25.747996971840703
Q5F9V6,7OMM,LPS-assembly lipoprotein LptE,3.4,EM,True,,1794,1.0,3.0,2.0,True,0.0,-0.0471637284303159,20.827482175000004,24.930654847566277,27.845146535897054,25.747996971840703
P62881,7SHF,Guanine nucleotide-binding protein subunit beta-5,3.4,EM,True,,1327,2.0,2.0,0.0,False,0.021,-0.0171364608719627,14.597428094999998,19.379476634730903,20.26601107403528,21.55575485919136
Q9NP58,7DNY,"ATP-binding cassette sub-family B member 6, mitochondrial",3.4,EM,True,,1146,2.0,2.0,0.0,False,0.003,-0.0721525543498047,11.02080225,16.456620063360283,19.699976064732667,18.729736543399547
Q61115,7K65,Protein patched homolog 1,3.4,EM,True,,1120,1.0,1.0,0.0,False,0.0,-0.0322728436277004,10.298456415000002,16.65443025654525,18.05679055031665,18.10552537024921
O00180,3UKM,Potassium channel subfamily K member 1,3.4,X-ray,True,,504,2.0,2.0,0.0,False,0.0,0.0424440579983802,10.277833589999997,19.287278722316664,17.444793575365374,18.0873879823728
O15554,6CNM,Intermediate conductance calcium-activated potassium channel protein 4,3.4,EM,True,,1700,4.0,4.0,0.0,False,0.0,-0.0098784078883165,45.46390471999999,37.00651471338647,37.9084110573196,38.04156981105525
Q6RVG2,7RTM,Electroneutral sodium bicarbonate exchanger 1,3.4,EM,True,,1142,2.0,2.0,0.0,False,0.0,-0.0029475097157419,33.58604921499999,31.94504394939718,32.17634148774968,32.69674525543764
O32591,7RI4,EspPbeta9-12,3.4,EM,True,,1578,1.0,2.0,1.0,True,0.0,0.0139558307918326,10.652584995,18.928994000610047,18.312229307303102,18.414187783667263
P20143,7EW6,"Photosystem I reaction center subunit VI, chloroplastic",3.4,EM,True,,3108,2.0,12.0,10.0,True,0.006,0.0203500480055981,39.65084843,36.03831700928061,34.30320312215087,35.52640855876658
E1BM79,6R3Q,Adenylate cyclase 9,3.4,EM,True,,1182,1.0,1.0,0.0,False,0.0,0.0051925331645527,9.681638125,16.94508264234419,16.72631151372173,17.554945541474627
Q1G7W0,6FNP,Membrane protein,3.4,X-ray,True,,980,1.0,1.0,0.0,False,0.0,-0.08019185545715,3.54675406,9.258136302264353,11.303083529099066,10.6252853192773
P60881,3HD7,Synaptosomal-associated protein 25,3.4,X-ray,True,,327,2.0,2.0,0.0,False,0.037,0.1333643368886323,0.407016755,3.6062667765391136,2.454188045493197,3.599409075931018
A1E9J1,7EW6,Photosystem I P700 chlorophyll a apoprotein A1,3.4,EM,True,,3108,2.0,12.0,10.0,True,0.006,0.0203500480055981,39.65084843,36.03831700928061,34.30320312215087,35.52640855876658
Q16611,7K02,Bcl-2 homologous antagonist/killer,3.4,X-ray,False,no_TM_span,222,0.0,,,,,,,,,
Q9UPY5,7EPZ,Cystine/glutamate transporter,3.4,EM,True,,921,2.0,2.0,0.0,False,0.016,-0.0476008692264458,12.269500380000004,18.53221486507032,20.78990652095038,19.762346190393934
Q43485,7EW6,"Chlorophyll a-b binding protein, chloroplastic",3.4,EM,True,,3108,2.0,12.0,10.0,True,0.006,0.0203500480055981,39.65084843,36.03831700928061,34.30320312215087,35.52640855876658
P36213,7EW6,"Photosystem I reaction center subunit II, chloroplastic",3.4,EM,True,,3108,2.0,12.0,10.0,True,0.006,0.0203500480055981,39.65084843,36.03831700928061,34.30320312215087,35.52640855876658
P13194,7EW6,"Photosystem I reaction center subunit IV, chloroplastic",3.4,EM,True,,3108,2.0,12.0,10.0,True,0.006,0.0203500480055981,39.65084843,36.03831700928061,34.30320312215087,35.52640855876658
A1E9L0,7EW6,Photosystem I reaction center subunit IX,3.4,EM,True,,3108,2.0,12.0,10.0,True,0.006,0.0203500480055981,39.65084843,36.03831700928061,34.30320312215087,35.52640855876658
Q9UDW1,5XTE,Cytochrome b-c1 complex subunit 9,3.4,EM,True,,4222,2.0,12.0,10.0,True,0.0,0.0461432182493107,23.32504414,29.47220671784305,26.45465012716081,27.24810478810461
F0NG73,8CWM,Flagellin,3.4,EM,True,,17220,4.0,4.0,0.0,False,0.0,0.1465653926901315,3.72492189,11.966206890163669,8.135963900203299,10.888890957528275
P08574,5XTE,"Cytochrome c1, heme protein, mitochondrial",3.4,EM,True,,4222,2.0,12.0,10.0,True,0.0,0.0461432182493107,23.32504414,29.47220671784305,26.45465012716081,27.24810478810461
Q9H0Q3,8D3V,FXYD domain-containing ion transport regulator 6,3.4,EM,True,,1280,1.0,3.0,2.0,True,0.0,0.0101060903569102,7.989756894999999,15.99403803664358,15.607238215279398,15.947471924676986
Q8TMG0,4A2N,ISOPRENYLCYSTEINE CARBOXYL METHYLTRANSFERASE,3.4,X-ray,True,,194,1.0,1.0,0.0,False,0.0,-0.0822944656539525,3.12018757,8.140309172611712,10.108636337553994,9.96587452398824
G0S196,6LCR,Phospholipid-transporting ATPase,3.4,EM,True,,1421,1.0,2.0,1.0,True,0.0,-0.0040729599653707,7.261146914999999,14.34135085850522,14.489961209048955,15.202943294235602
G0SDN0,6LCR,Cdc50,3.4,EM,True,,1421,1.0,2.0,1.0,True,0.0,-0.0040729599653707,7.261146914999999,14.34135085850522,14.489961209048955,15.202943294235602
Q9X1B7,4Q2G,Phosphatidate cytidylyltransferase,3.4,X-ray,True,,530,2.0,2.0,0.0,False,0.015,-0.0960937932155368,16.699205819999996,18.46213034598496,23.779288169562957,23.055416508759706
A5FJF5,6BTM,Alternative Complex III subunit E,3.4,EM,True,,2363,2.0,4.0,2.0,True,0.064,0.014776112842301,21.69019393,26.4221632515087,25.490351416953946,26.275850435642703
A5FJF4,6BTM,Alternative Complex III subunit D,3.4,EM,True,,2363,2.0,4.0,2.0,True,0.064,0.014776112842301,21.69019393,26.4221632515087,25.490351416953946,26.275850435642703
G0LWX8,7DEG,Cytochrome oxidase subunit IIa,3.4,EM,True,,1520,2.0,6.0,4.0,True,0.0,0.0082954177256529,31.749318165000005,32.057007037513635,31.42409731499375,31.790127164756843
P36886,7EW6,"Photosystem I reaction center subunit psaK, chloroplastic",3.4,EM,True,,3108,2.0,12.0,10.0,True,0.006,0.0203500480055981,39.65084843,36.03831700928061,34.30320312215087,35.52640855876658
Q03135,7SC0,Caveolin-1,3.4,EM,False,no_TM_span,1419,0.0,,,,,,,,,
P13637,8D3V,Sodium/potassium-transporting ATPase subunit alpha-3,3.4,EM,True,,1280,1.0,3.0,2.0,True,0.0,0.0101060903569102,7.989756894999999,15.99403803664358,15.607238215279398,15.947471924676986
P13192,7EW6,"Photosystem I reaction center subunit III, chloroplastic",3.4,EM,True,,3108,2.0,12.0,10.0,True,0.006,0.0203500480055981,39.65084843,36.03831700928061,34.30320312215087,35.52640855876658
P43004,7XR6,Excitatory amino acid transporter 2,3.4,EM,True,,1272,3.0,3.0,0.0,False,0.0,-0.0255914199651986,45.65969284,35.979770966525486,38.32128724815706,38.1233939085796
P07919,5XTE,"Cytochrome b-c1 complex subunit 6, mitochondrial",3.4,EM,True,,4222,2.0,12.0,10.0,True,0.0,0.0461432182493107,23.32504414,29.47220671784305,26.45465012716081,27.24810478810461
P06972,7LB8,Iron(3+)-hydroxamate import system permease protein FhuB,3.4,EM,True,,1405,1.0,1.0,0.0,False,0.0,-0.0143266258309293,19.925547980000005,23.38397699706005,24.249912131142807,25.184318354212927
P07821,7LB8,Iron(3+)-hydroxamate import ATP-binding protein FhuC,3.4,EM,True,,1405,1.0,1.0,0.0,False,0.0,-0.0143266258309293,19.925547980000005,23.38397699706005,24.249912131142807,25.184318354212927
A0A157T322,6W8X,pilin,3.4,EM,True,,4356,3.0,3.0,0.0,False,0.0,0.1510912670467174,3.900281530000001,11.60442374342687,7.564030401680483,11.142253676429384
Q8IWT6,8DXN,"Volume-regulated anion channel subunit LRRC8C,Volume-regulated anion channel subunit LRRC8A",3.4,EM,True,,2101,7.0,7.0,0.0,False,0.004,-0.0320307940754641,50.61388163999998,38.239199466260544,41.32479383550629,40.138384252667976
Q32ZE1,7JYI,M protein,3.4,EM,True,,1152,2.0,4.0,2.0,True,0.0,0.8556314296969786,3.299067065,31.102577510586336,10.059046877651614,10.247563915257334
O67122,8GQY,Motility protein A,3.4,EM,True,,1265,5.0,5.0,0.0,False,0.0,0.0339023509922347,20.598337410000003,26.29861413855613,24.215168347418825,25.605965001445306
O67937,7DEG,Cytochrome c oxidase subunit I,3.4,EM,True,,1520,2.0,6.0,4.0,True,0.0,0.0082954177256529,31.749318165000005,32.057007037513635,31.42409731499375,31.790127164756843
B7UCZ6,7FBS,"Sodium channel protein type 5 subunit alpha,Sodium channel protein type 5 subunit alpha,Sodium channel protein type 5 subunit alpha,G protein/GFP fusion protein",3.4,EM,True,,1118,1.0,1.0,0.0,False,0.0,0.0001882615409329,45.98783821999999,39.74336317737991,39.72607618614055,38.26014055077004
Q9Y3Q4,6GYO,Potassium/sodium hyperpolarization-activated cyclic nucleotide-gated channel 4,3.4,EM,True,,2004,4.0,4.0,0.0,False,0.0,0.0329509947692963,44.376951795,39.6583695163724,36.68613160474168,37.58406906529682
P23818,7LDD,Glutamate receptor 1,3.4,EM,True,,4990,4.0,8.0,4.0,True,0.001,-0.0449473422994844,17.440755775,21.017289330396743,23.558981629166105,23.561759241829844
A0A1V9IL35,6YSF,Chemotaxis motB protein,3.4,EM,True,,1327,5.0,7.0,2.0,True,0.008,-0.0258122714080556,20.942041085,24.09827773600564,25.697732758232,25.818711653029123
P08212,3V3C,"ATP synthase subunit c, chloroplastic",3.402,X-ray,True,,1104,14.0,14.0,0.0,False,0.007,0.02630856711943,19.52541239,26.26154926708101,24.68744459435327,24.930166055508888
Q3HKN0,5H36,Uncharacterized protein TRIC,3.409,X-ray,True,,582,3.0,3.0,0.0,False,0.0,0.0095670800293403,19.832159664999995,25.13746302147001,24.5605627845053,25.125231313850453
Q09427,7TYS,ATP-binding cassette sub-family C member 8,3.41,EM,True,,2794,1.0,5.0,4.0,True,0.0,-0.0529698642404857,20.109000005,21.832735046494005,25.049063570831777,25.299987159801876
P70673,7TYS,ATP-sensitive inward rectifier potassium channel 11,3.41,EM,True,,2794,1.0,5.0,4.0,True,0.0,-0.0529698642404857,20.109000005,21.832735046494005,25.049063570831777,25.299987159801876
Q04641,8AXL,Outer membrane protein MxiD,3.42,EM,True,,4800,15.0,15.0,0.0,False,0.0,-0.0873597396965092,141.77425047,48.39201587205831,62.47667421642603,67.177485462689
Q8E919,7KZZ,Cadmium and zinc efflux pump FieF,3.42,EM,True,,1364,2.0,2.0,0.0,False,0.0,-0.0668556230332126,9.649399474999996,14.53291382421069,17.34497256781274,17.525693277668587
A8J264,7D0J,"Chlorophyll a-b binding protein, chloroplastic",3.42,EM,True,,5923,2.0,26.0,24.0,True,0.004,-0.0107871916471701,39.40067743499999,34.50416395718333,35.421010273403304,35.41415698544736
A0A401HBH5,8DFU,Pilin protein,3.44,EM,True,,2520,1.0,1.0,0.0,False,0.0,-0.0019167709545214,0.939628165,3.626003007718774,3.6511614957927225,5.468938967077929
Q96RD6,7XLB,Pannexin-2,3.44,EM,True,,2352,7.0,7.0,0.0,False,0.0,-0.0422296409551096,51.58372607,37.21579271414189,41.32265414013538,40.52111791927456
A0A8V6WEB9,7ZDM,NADH:ubiquinone oxidoreductase core subunit S1,3.44,EM,True,,8227,1.0,20.0,19.0,True,0.0,-0.0160394765794062,33.50540847999999,30.644350956350703,31.901491855109896,32.65746891571699
Q06058,7RSL,Seipin,3.45,EM,True,,2350,5.0,5.0,0.0,False,0.0,0.0750750494548821,68.15577868000001,50.01333491932881,41.62099097453854,46.577524788677245
Q9JK62,6WLV,Potassium channel TASK2,3.45,EM,True,,512,2.0,2.0,0.0,False,0.0,0.067213228433761,11.313904175000005,20.613786750513174,17.552547242467185,18.97716404060039
O15245,8ET8,OCT1,3.45,EM,True,,532,1.0,1.0,0.0,False,0.0,0.0300452422957253,8.932798470000002,17.287948186802087,16.07202599709419,16.862378433330335
Q0Z852,6PW5,TRP-like ion channel,3.45,EM,True,,3032,4.0,4.0,0.0,False,0.032,-0.1342155220948471,60.382449745,37.93234231542904,52.0542840324046,43.84099760022508
Q3U2S8,3WKV,Ion channel,3.453,X-ray,True,,140,1.0,1.0,0.0,False,0.0,-0.0623965395804158,2.1715072300000005,6.800790561145391,8.045813778322968,8.31391736324447
Q8R6L9,3T9N,Small-conductance mechanosensitive channel,3.456,X-ray,False,no_TM_span,1851,0.0,,,,,,,,,
Q03723,7OCI,Dolichyl-diphosphooligosaccharide--protein glycosyltransferase subunit OST6,3.46,EM,True,,2095,1.0,8.0,7.0,True,0.0,-0.0275993424830016,11.285602495,16.910578219222984,18.16602242241881,18.95341353344815
A0A452EI29,7ZDH,NADH:ubiquinone oxidoreductase subunit A6,3.46,EM,True,,8227,1.0,19.0,18.0,True,0.0,-0.0199051902723432,33.605375895,30.12897932419556,31.691432522966508,32.70615137294658
P49286,7VH0,Melatonin receptor type 1B,3.46,EM,True,,1109,1.0,1.0,0.0,False,0.0,0.0613081639512371,5.093850495,13.09244413089026,11.218840529112756,12.733510793574158
A0A4Z2BWB0,7JI3,Proton-activated chloride channel,3.46,EM,True,,777,3.0,3.0,0.0,False,0.0,-0.1218744096735039,6.2346217100000025,10.880357549139262,15.000895175495192,14.087376359383216
E2JF22,7WLT,Piezo-type mechanosensitive ion channel component 1,3.46,EM,True,,4062,3.0,3.0,0.0,False,0.0,-0.0156012890714417,211.11069124499997,75.71488960541504,78.784278398433,81.97476447198693
Q9HVV6,5X5Y,Probable ATP-binding component of ABC transporter,3.465,X-ray,True,,1180,2.0,2.0,0.0,False,0.0,0.0395802118287686,12.79673873,20.74430833100788,18.827123116236667,20.182488569723027
Q9HXH5,5X5Y,Uncharacterized protein,3.465,X-ray,True,,1180,2.0,2.0,0.0,False,0.0,0.0395802118287686,12.79673873,20.74430833100788,18.827123116236667,20.182488569723027
Q9HXH4,5X5Y,Uncharacterized protein,3.465,X-ray,True,,1180,2.0,2.0,0.0,False,0.0,0.0395802118287686,12.79673873,20.74430833100788,18.827123116236667,20.182488569723027
A0A1G7HYD7,5X41,Uncharacterized protein CbiQ,3.47,X-ray,True,,988,2.0,2.0,0.0,False,0.082,-0.2317656793161389,6.9138224500000005,9.023865566461362,17.27558667213177,14.834884688309636
P31602,5XAS,Citrate-sodium symporter,3.47,X-ray,True,,818,2.0,2.0,0.0,False,0.002,0.0061258368761397,25.662016975,30.259630998253154,29.83943962952333,28.58054181179698
A0A0Q0R232,5X41,Cobalt transport protein CbiM,3.47,X-ray,True,,988,2.0,2.0,0.0,False,0.082,-0.2317656793161389,6.9138224500000005,9.023865566461362,17.27558667213177,14.834884688309636
Q9KRU4,7PHP,Multidrug resistance protein NorM,3.47,EM,True,,1136,1.0,1.0,0.0,False,0.0,0.0443288530150125,11.318539975,18.629767456640018,16.610387672793323,18.98105152832407
A0A1G7HZ57,5X41,Cobalt ABC transporter ATP-binding protein,3.47,X-ray,True,,988,2.0,2.0,0.0,False,0.082,-0.2317656793161389,6.9138224500000005,9.023865566461362,17.27558667213177,14.834884688309636
P72712,6NWA,Photosystem I reaction center subunit PsaK 1,3.48,EM,True,,12669,6.0,42.0,36.0,True,0.007,0.0199410914246132,193.49017117,81.33036986588866,77.57446412654329,78.47919110363262
Q55274,6NWA,Iron stress-induced chlorophyll-binding protein,3.48,EM,True,,12669,6.0,42.0,36.0,True,0.007,0.0199410914246132,193.49017117,81.33036986588866,77.57446412654329,78.47919110363262
A0A4V8H005,6IGZ,PsaC,3.49,EM,True,,4518,2.0,20.0,18.0,True,0.005,0.0515494692796063,38.50178703499999,38.76154502196138,34.43041773321948,35.00785547414094
Q72GL2,6XXE,Uncharacterized protein,3.49,EM,False,empty_slab,1776,1.0,,,,,,,,,
A0A4V8H009,6IGZ,PsaH,3.49,EM,True,,4518,2.0,20.0,18.0,True,0.005,0.0515494692796063,38.50178703499999,38.76154502196138,34.43041773321948,35.00785547414094
A0A0D6E2L8,6IGZ,Photosystem I reaction center subunit XII,3.49,EM,True,,4518,2.0,20.0,18.0,True,0.005,0.0515494692796063,38.50178703499999,38.76154502196138,34.43041773321948,35.00785547414094
A0A4V8GZZ9,6IGZ,Lhca-b,3.49,EM,True,,4518,2.0,20.0,18.0,True,0.005,0.0515494692796063,38.50178703499999,38.76154502196138,34.43041773321948,35.00785547414094
A0A4V8H003,6IGZ,PsaB,3.49,EM,True,,4518,2.0,20.0,18.0,True,0.005,0.0515494692796063,38.50178703499999,38.76154502196138,34.43041773321948,35.00785547414094
A0A4V8H007,6IGZ,PsaE,3.49,EM,True,,4518,2.0,20.0,18.0,True,0.005,0.0515494692796063,38.50178703499999,38.76154502196138,34.43041773321948,35.00785547414094
A0A4V8GZZ5,6IGZ,PsaL,3.49,EM,True,,4518,2.0,20.0,18.0,True,0.005,0.0515494692796063,38.50178703499999,38.76154502196138,34.43041773321948,35.00785547414094
A0A4V8GZZ2,6IGZ,PsaA,3.49,EM,True,,4518,2.0,20.0,18.0,True,0.005,0.0515494692796063,38.50178703499999,38.76154502196138,34.43041773321948,35.00785547414094
A0A4V8H010,6IGZ,PsaI,3.49,EM,True,,4518,2.0,20.0,18.0,True,0.005,0.0515494692796063,38.50178703499999,38.76154502196138,34.43041773321948,35.00785547414094
A0A4V8GZZ3,6IGZ,PsaJ,3.49,EM,True,,4518,2.0,20.0,18.0,True,0.005,0.0515494692796063,38.50178703499999,38.76154502196138,34.43041773321948,35.00785547414094
A0A4V8GZZ4,6IGZ,PsaK,3.49,EM,True,,4518,2.0,20.0,18.0,True,0.005,0.0515494692796063,38.50178703499999,38.76154502196138,34.43041773321948,35.00785547414094
P46059,7PMX,Solute carrier family 15 member 1,3.5,EM,True,,659,1.0,1.0,0.0,False,0.0,0.013996550888298,9.18279516,17.156233516761823,16.58192562888828,17.096708695619352
P17255,7TMR,H(+)-transporting two-sector ATPase,3.5,EM,True,,8224,1.0,14.0,13.0,True,0.0,0.0066469157390322,9.52472574,16.560645565730592,16.28287724173915,17.41210603640818
U6KL66,6AJ5,"Dihydroorotate dehydrogenase (quinone), mitochondrial",3.5,X-ray,False,no_TM_span,359,0.0,,,,,,,,,
Q6C338,5FL7,"ATP SYNTHASE SUBUNIT GAMMA CHAIN, MITOCHONDRIAL",3.5,X-ray,True,,3996,10.0,10.0,0.0,False,0.015,-0.0107415839095799,12.891206290000005,19.63952527125025,20.16174275739169,20.25684676088968
K9IWA3,7U8O,ATPase H+ transporting accessory protein 1,3.5,EM,True,,9348,1.0,15.0,14.0,True,0.0,0.0184473989818396,8.560450464999997,16.207551288177143,15.476715585191943,16.50719846974685
P04843,6S7T,Dolichyl-diphosphooligosaccharide--protein glycosyltransferase subunit 1,3.5,EM,True,,2164,1.0,9.0,8.0,True,0.0,-0.0260662563053411,12.48089169,18.211979166476077,19.45889682067529,19.93186196348981
P04844,6S7T,Dolichyl-diphosphooligosaccharide--protein glycosyltransferase subunit 2,3.5,EM,True,,2164,1.0,9.0,8.0,True,0.0,-0.0260662563053411,12.48089169,18.211979166476077,19.45889682067529,19.93186196348981
A0A287AJK1,7U8O,ATPase H(+)-transporting lysosomal accessory protein 2,3.5,EM,True,,9348,1.0,15.0,14.0,True,0.0,0.0184473989818396,8.560450464999997,16.207551288177143,15.476715585191943,16.50719846974685
Q9BT56,7XJL,spexin,3.5,EM,True,,1137,1.0,1.0,0.0,False,0.0,0.0357074821942511,4.890651869999999,12.8169156042641,11.74766646705186,12.476950108517077
A0A480L8C4,7U8O,Ribonuclease kappa,3.5,EM,True,,9348,1.0,15.0,14.0,True,0.0,0.0184473989818396,8.560450464999997,16.207551288177143,15.476715585191943,16.50719846974685
A0A480L444,7U8O,V-type proton ATPase 21 kDa proteolipid subunit isoform 1,3.5,EM,True,,9348,1.0,15.0,14.0,True,0.0,0.0184473989818396,8.560450464999997,16.207551288177143,15.476715585191943,16.50719846974685
P46977,6S7O,Dolichyl-diphosphooligosaccharide--protein glycosyltransferase subunit STT3A,3.5,EM,True,,2197,2.0,8.0,6.0,True,0.079,0.0347448381206221,14.452001505000004,22.320841573222445,20.532334767749717,21.44811169819973
O06967,7OW8,Multidrug resistance ABC transporter ATP-binding/permease protein BmrA,3.5,EM,True,,1154,2.0,2.0,0.0,False,0.0,0.0311609259575014,11.918320544999998,19.645739308898232,18.18909273869896,19.4774722594614
Q582T1,8APG,ATPTB11,3.5,EM,True,,7873,4.0,23.0,19.0,True,0.089,-0.2617945507759266,27.323290720000003,15.600931506110436,34.13041908734169,29.4911402954342
A5U127,2OAR,Large-conductance mechanosensitive channel,3.5,X-ray,True,,625,5.0,5.0,0.0,False,0.0,0.0209851561257752,10.177237130000002,18.377192466630632,17.470701549606183,17.998653262163113
P0A1L3,6R6B,Surface presentation of antigens protein SpaP,3.5,EM,True,,1452,4.0,4.0,0.0,False,0.0,0.1925855183424431,8.477890880000004,20.33363175313005,12.740798832516852,16.427405397966528
A0A4X1U843,7U8O,V-type proton ATPase subunit,3.5,EM,True,,9348,1.0,15.0,14.0,True,0.0,0.0184473989818396,8.560450464999997,16.207551288177143,15.476715585191943,16.50719846974685
A0A4X1U3K4,7U8O,V-type proton ATPase subunit a,3.5,EM,True,,9348,1.0,15.0,14.0,True,0.0,0.0184473989818396,8.560450464999997,16.207551288177143,15.476715585191943,16.50719846974685
Q585K5,8APG,subunit-8,3.5,EM,True,,7873,4.0,23.0,19.0,True,0.089,-0.2617945507759266,27.323290720000003,15.600931506110436,34.13041908734169,29.4911402954342
Q58584,4Y7K,"Large conductance mechanosensitive channel protein,Riboflavin synthase",3.5,X-ray,True,,1216,5.0,5.0,0.0,False,0.014,0.1094440263730486,10.102282435,21.401504916653263,16.691318230739,17.93225131454876
P19456,5KSD,"ATPase 2, plasma membrane-type",3.5,X-ray,True,,833,1.0,1.0,0.0,False,0.0,0.0260259047992479,7.92057873,15.537859688074183,14.54606769050932,15.87828238209679
Q586H1,8APG,"ATP synthase, epsilon chain, putative",3.5,EM,True,,7873,4.0,23.0,19.0,True,0.089,-0.2617945507759266,27.323290720000003,15.600931506110436,34.13041908734169,29.4911402954342
P0A1M4,6R6B,Surface presentation of antigens protein SpaQ,3.5,EM,True,,1452,4.0,4.0,0.0,False,0.0,0.1925855183424431,8.477890880000004,20.33363175313005,12.740798832516852,16.427405397966528
Q8N695,7SL9,Sodium-coupled monocarboxylate transporter 1,3.5,EM,True,,619,1.0,1.0,0.0,False,0.0,0.004612461342665,11.823660680000003,19.038065381351046,18.82330952117067,19.399969292054465
P61165,6S7T,Transmembrane protein 258,3.5,EM,True,,2164,1.0,9.0,8.0,True,0.0,-0.0260662563053411,12.48089169,18.211979166476077,19.45889682067529,19.93186196348981
Q9NRP0,6S7O,Oligosaccharyltransferase complex subunit OSTC,3.5,EM,True,,2197,2.0,8.0,6.0,True,0.079,0.0347448381206221,14.452001505000004,22.320841573222445,20.532334767749717,21.44811169819973
Q5I6C7,6H3I,Protein involved in gliding motility SprA,3.5,EM,True,,2597,1.0,2.0,1.0,True,0.0,-0.0166155429007902,40.692836680000006,36.12293802570663,37.558129428507385,35.99018228921102
Q5SJ23,6PL5,Penicillin-binding protein 2/cell division protein FtsI,3.5,X-ray,True,,924,1.0,2.0,1.0,True,0.0,0.0101616826181009,0.1541545249999999,1.4808066828301918,1.42678351207447,2.215150317867081
A5FJM7,6H3I,PorV,3.5,EM,True,,2597,1.0,2.0,1.0,True,0.0,-0.0166155429007902,40.692836680000006,36.12293802570663,37.558129428507385,35.99018228921102
G0S7G9,7OP8,Cation-transporting ATPase,3.5,EM,True,,1118,1.0,1.0,0.0,False,0.0,-0.0861141938021507,12.18633255,15.742031889139318,19.812530005562863,19.695253557617185
O95342,6LR0,Bile salt export pump,3.5,EM,True,,1232,1.0,1.0,0.0,False,0.0,-0.0168139362785525,11.269629605,17.066212576799384,17.830506706283174,18.9399960847436
P61803,6S7T,Dolichyl-diphosphooligosaccharide--protein glycosyltransferase subunit DAD1,3.5,EM,True,,2164,1.0,9.0,8.0,True,0.0,-0.0260662563053411,12.48089169,18.211979166476077,19.45889682067529,19.93186196348981
Q9GPE9,8APG,"ATP synthase subunit beta, mitochondrial",3.5,EM,True,,7873,4.0,23.0,19.0,True,0.089,-0.2617945507759266,27.323290720000003,15.600931506110436,34.13041908734169,29.4911402954342
O32080,4J7C,Ktr system potassium uptake protein A,3.5,X-ray,True,,2590,2.0,2.0,0.0,False,0.0,0.0691092405897574,24.43578748,29.759697236703616,25.13391061473075,27.889339776283872
P48836,7TMR,V-type proton ATPase subunit G,3.5,EM,True,,8224,1.0,14.0,13.0,True,0.0,0.0066469157390322,9.52472574,16.560645565730592,16.28287724173915,17.41210603640818
A0A4X1VUN6,7U8O,V-type proton ATPase proteolipid subunit,3.5,EM,True,,9348,1.0,15.0,14.0,True,0.0,0.0184473989818396,8.560450464999997,16.207551288177143,15.476715585191943,16.50719846974685
C9ZLR9,8APG,subunit-b,3.5,EM,True,,7873,4.0,23.0,19.0,True,0.089,-0.2617945507759266,27.323290720000003,15.600931506110436,34.13041908734169,29.4911402954342
A0A161CM65,8APG,ATP synthase gamma subunit,3.5,EM,True,,7873,4.0,23.0,19.0,True,0.089,-0.2617945507759266,27.323290720000003,15.600931506110436,34.13041908734169,29.4911402954342
C8WJ67,7QIA,Divalent metal cation transporter,3.5,EM,True,,639,1.0,1.0,0.0,False,0.0,-0.0162721090158292,8.998138639999999,17.778228993060207,18.43916055371273,16.92393714938805
D0A5R7,8APG,ATPTB6,3.5,EM,True,,7873,4.0,23.0,19.0,True,0.089,-0.2617945507759266,27.323290720000003,15.600931506110436,34.13041908734169,29.4911402954342
O32081,4J7C,Ktr system potassium uptake protein B,3.5,X-ray,True,,2590,2.0,2.0,0.0,False,0.0,0.0691092405897574,24.43578748,29.759697236703616,25.13391061473075,27.889339776283872
Q9TVC1,7U8O,V-type proton ATPase subunit H,3.5,EM,True,,9348,1.0,15.0,14.0,True,0.0,0.0184473989818396,8.560450464999997,16.207551288177143,15.476715585191943,16.50719846974685
P0A1M6,6R6B,Surface presentation of antigens protein SpaR,3.5,EM,True,,1452,4.0,4.0,0.0,False,0.0,0.1925855183424431,8.477890880000004,20.33363175313005,12.740798832516852,16.427405397966528
Q48GF5,6S3R,Flagellar biosynthetic protein FliP,3.5,EM,True,,1669,4.0,4.0,0.0,False,0.082,0.1913585493251538,9.05073779,20.56721049003243,12.772030151633842,16.973330008617147
Q29048,7U8O,V-type proton ATPase catalytic subunit A,3.5,EM,True,,9348,1.0,15.0,14.0,True,0.0,0.0184473989818396,8.560450464999997,16.207551288177143,15.476715585191943,16.50719846974685
P32610,7TMR,V-type proton ATPase subunit D,3.5,EM,True,,8224,1.0,14.0,13.0,True,0.0,0.0066469157390322,9.52472574,16.560645565730592,16.28287724173915,17.41210603640818
P69411,7V8L,Outer membrane lipoprotein RcsF,3.5,EM,True,,1278,2.0,2.0,0.0,False,0.015,0.0535893184005385,5.165783059999999,13.271788839649712,11.622553544365626,12.82310343824284
P69333,5WB2,"Envelope protein US28, nanobody 7 fusion protein",3.5,X-ray,True,,621,1.0,1.0,0.0,False,0.0,0.0412306518421262,4.919296074999999,12.750141490903456,11.511892487089952,12.513435074900968
Q63372,3BIW,Neurexin-1-beta,3.5,X-ray,False,no_TM_span,712,0.0,,,,,,,,,
Q63424,7NQK,Solute carrier family 15 member 2,3.5,EM,True,,781,1.0,1.0,0.0,False,0.0,0.0285398601750636,9.11295973,17.770858315290866,16.604269328934965,17.031574132926668
Q9DA75,7N98,Sodium-dependent lysophosphatidylcholine symporter 1,3.5,EM,True,,473,1.0,1.0,0.0,False,0.0,-0.0055383934317477,9.88211084,16.59305998664394,16.828806332240756,17.73576493060281
Q62765,3BIW,Neuroligin-1,3.5,X-ray,False,no_TM_span,712,0.0,,,,,,,,,
P31442,2GFP,Multidrug resistance protein D,3.5,X-ray,True,,375,1.0,1.0,0.0,False,0.0,-0.0013208057562346,9.496148975,16.285594057093704,16.340706418275435,17.38596589038576
O78752,6TT7,ATP synthase subunit a,3.5,EM,True,,5162,9.0,10.0,1.0,True,0.014,-0.0600388283852169,18.81355561,20.293672251690012,23.819848004898724,24.471495142168
O78751,6TT7,ATP synthase protein 8,3.5,EM,True,,5162,9.0,10.0,1.0,True,0.014,-0.0600388283852169,18.81355561,20.293672251690012,23.819848004898724,24.471495142168
Q8NEU8,4H8S,DCC-interacting protein 13-beta,3.5,X-ray,False,no_TM_span,752,0.0,,,,,,,,,
I1J9K0,7W6K,GmALMT12/QUAC1,3.5,EM,True,,820,2.0,2.0,0.0,False,0.0,-0.0039065893686892,10.684985535000004,17.71479700739454,17.8877073767517,18.442170505451088
P31412,7TMR,V-type proton ATPase subunit C,3.5,EM,True,,8224,1.0,14.0,13.0,True,0.0,0.0066469157390322,9.52472574,16.560645565730592,16.28287724173915,17.41210603640818
Q12200,6R4L,NPC intracellular cholesterol transporter 1-related protein 1,3.5,X-ray,True,,1096,1.0,1.0,0.0,False,0.0,-0.0092038124223867,12.040759105,19.086158178339197,19.51860329594859,19.577264007718217
Q12879,7EU7,"Glutamate receptor ionotropic, NMDA 2A",3.5,EM,True,,3134,4.0,4.0,0.0,False,0.002,-0.040964772627493,18.890286455,21.856799811861816,24.26762725142833,24.521347702502517
Q14165,6S7T,Malectin,3.5,EM,True,,2164,1.0,9.0,8.0,True,0.0,-0.0260662563053411,12.48089169,18.211979166476077,19.45889682067529,19.93186196348981
L7NUA2,7D5K,Cellulose synthase,3.5,EM,True,,2181,3.0,3.0,0.0,False,0.0,-0.0410048939083425,33.75584674499999,30.772572824381804,33.99844014669526,32.77929184018232
Q9HVW2,7CH9,Probable permease of ABC transporter,3.5,EM,True,,2126,2.0,8.0,6.0,True,0.002,-0.0311962419069672,6.853803569999999,14.95746963838556,16.0633404907127,14.77035353095097
C6KEI3,2XI1,NEF,3.5,X-ray,False,no_TM_span,101,0.0,,,,,,,,,
P24499,8APG,ATP synthase subunit a,3.5,EM,True,,7873,4.0,23.0,19.0,True,0.089,-0.2617945507759266,27.323290720000003,15.600931506110436,34.13041908734169,29.4911402954342
P0DPG3,8APG,"ATP synthase subunit epsilon, mitochondrial",3.5,EM,True,,7873,4.0,23.0,19.0,True,0.089,-0.2617945507759266,27.323290720000003,15.600931506110436,34.13041908734169,29.4911402954342
P0DPG4,8APG,"ATP synthase subunit p18, mitochondrial",3.5,EM,True,,7873,4.0,23.0,19.0,True,0.089,-0.2617945507759266,27.323290720000003,15.600931506110436,34.13041908734169,29.4911402954342
P10145,6LFM,Interleukin-8,3.5,EM,True,,1302,1.0,1.0,0.0,False,0.0,0.0293418534617334,5.204637315000002,12.859735389156125,11.95333708409608,12.871237358411042
P23415,4X5T,"Proton-gated ion channel,GLRA1 protein,GLRA1 protein",3.5,X-ray,True,,1537,5.0,5.0,0.0,False,0.006,0.0693822572402996,23.86344014499999,28.84339458873876,24.254043783703214,27.56078539611789
Q689G3,3G7T,Envelope protein,3.5,X-ray,False,no_TM_span,1137,0.0,,,,,,,,,
F7IVA8,7PGF,Ion transporter,3.5,X-ray,True,,264,2.0,2.0,0.0,False,0.015,0.0525437637636979,3.925725304999999,11.773526132938851,10.363856197123972,11.178538254277152
O67305,4B4A,SEC-INDEPENDENT PROTEIN TRANSLOCASE PROTEIN TATC,3.5,X-ray,True,,225,1.0,1.0,0.0,False,0.0,-0.0560187909486765,4.553480759999999,9.883503349376817,11.502111748013505,12.039177473796457
Q8TCJ2,6S7T,Dolichyl-diphosphooligosaccharide--protein glycosyltransferase subunit STT3B,3.5,EM,True,,2164,1.0,9.0,8.0,True,0.0,-0.0260662563053411,12.48089169,18.211979166476077,19.45889682067529,19.93186196348981
Q9H0U3,6S7T,Magnesium transporter protein 1,3.5,EM,True,,2164,1.0,9.0,8.0,True,0.0,-0.0260662563053411,12.48089169,18.211979166476077,19.45889682067529,19.93186196348981
P16140,7TMR,Vacuolar proton pump subunit B,3.5,EM,True,,8224,1.0,14.0,13.0,True,0.0,0.0066469157390322,9.52472574,16.560645565730592,16.28287724173915,17.41210603640818
E9Q401,7VMP,Ryanodine receptor 2,3.5,EM,True,,16396,4.0,4.0,0.0,False,0.0,0.0033044802713005,46.57769904999999,38.01057188982957,37.70520040277732,38.50472968780375
P27915,1UZG,MAJOR ENVELOPE PROTEIN E,3.5,X-ray,False,no_TM_span,392,0.0,,,,,,,,,
Q6T3U3,6V3H,NPC1-like intracellular cholesterol transporter 1,3.5,EM,True,,1232,1.0,1.0,0.0,False,0.0,-0.0504737321998592,11.369219780000003,17.25545395044699,19.55990270814624,19.023498769075847
P0C6T2,6S7T,Dolichyl-diphosphooligosaccharide--protein glycosyltransferase subunit 4,3.5,EM,True,,2164,1.0,9.0,8.0,True,0.0,-0.0260662563053411,12.48089169,18.211979166476077,19.45889682067529,19.93186196348981
Q6C326,5FL7,ATP SYNTHASE SUBUNIT ALPHA,3.5,X-ray,True,,3996,10.0,10.0,0.0,False,0.015,-0.0107415839095799,12.891206290000005,19.63952527125025,20.16174275739169,20.25684676088968
Q48GF6,6S3R,Flagellar biosynthetic protein FliQ,3.5,EM,True,,1669,4.0,4.0,0.0,False,0.082,0.1913585493251538,9.05073779,20.56721049003243,12.772030151633842,16.973330008617147
P28612,6YSL,Motility protein B,3.5,EM,True,,1324,5.0,7.0,2.0,True,0.002,-0.0258887721876595,20.388476975,24.15985850932852,25.74270993518577,25.47519143279023
P0ADZ7,2RDD,UPF0092 membrane protein yajC,3.5,X-ray,True,,3165,3.0,6.0,3.0,True,0.0,-0.0109188850739611,48.34295966,38.28684138576134,39.31481322584366,39.22759486275214
Q6CFT7,5FL7,ATP SYNTHASE SUBUNIT BETA,3.5,X-ray,True,,3996,10.0,10.0,0.0,False,0.015,-0.0107415839095799,12.891206290000005,19.63952527125025,20.16174275739169,20.25684676088968
Q60362,4CZB,NA(+)/H(+) ANTIPORTER 1,3.5,X-ray,True,,834,2.0,2.0,0.0,False,0.005,0.0169016243833152,24.962033325,28.96364442795155,27.820227202476023,28.18805063603501
Q9GS23,8APG,"ATP synthase subunit alpha, mitochondrial",3.5,EM,True,,7873,4.0,23.0,19.0,True,0.089,-0.2617945507759266,27.323290720000003,15.600931506110436,34.13041908734169,29.4911402954342
P9WQI9,6TQF,ABC transporter ATP-binding protein/permease,3.5,EM,True,,1268,2.0,2.0,0.0,False,0.0,-0.0199806503594832,17.895363319999998,21.680575763113133,22.825076787087276,23.86686209288264
P28611,6YSL,Motility protein A,3.5,EM,True,,1324,5.0,7.0,2.0,True,0.002,-0.0258887721876595,20.388476975,24.15985850932852,25.74270993518577,25.47519143279023
P18962,3KL4,Signal peptide of yeast dipeptidyl aminopeptidase B,3.5,X-ray,False,no_TM_span,432,0.0,,,,,,,,,
P22203,7TMR,V-type proton ATPase subunit E,3.5,EM,True,,8224,1.0,14.0,13.0,True,0.0,0.0066469157390322,9.52472574,16.560645565730592,16.28287724173915,17.41210603640818
B0FAQ4,6C70,Odorant receptor,3.5,EM,True,,1552,4.0,4.0,0.0,False,0.0,0.011492654356449,47.18306942499999,38.74042823099396,37.67149705006224,38.75414488602947
P39656,6S7T,Dolichyl-diphosphooligosaccharide--protein glycosyltransferase 48 kDa subunit,3.5,EM,True,,2164,1.0,9.0,8.0,True,0.0,-0.0260662563053411,12.48089169,18.211979166476077,19.45889682067529,19.93186196348981
Q6C877,5FL7,"ATP SYNTHASE DELTA CHAIN, MITOCHONDRIAL",3.5,X-ray,True,,3996,10.0,10.0,0.0,False,0.015,-0.0107415839095799,12.891206290000005,19.63952527125025,20.16174275739169,20.25684676088968
P17605,6TT7,"ATP synthase F(0) complex subunit C1, mitochondrial",3.5,EM,True,,5162,9.0,10.0,1.0,True,0.014,-0.0600388283852169,18.81355561,20.293672251690012,23.819848004898724,24.471495142168
P17792,8EXH,Protein virB2,3.5,EM,False,no_TM_span,2760,0.0,,,,,,,,,
P41807,7TMR,V-type proton ATPase subunit H,3.5,EM,True,,8224,1.0,14.0,13.0,True,0.0,0.0066469157390322,9.52472574,16.560645565730592,16.28287724173915,17.41210603640818
A3KDM5,7DQK,Protein DETOXIFICATION,3.5,X-ray,True,,476,1.0,1.0,0.0,False,0.0,0.044882224280406,11.388366095000002,18.871634221046666,16.820748852089423,19.03951027605172
P51788,7XJA,Chloride channel protein 2,3.5,EM,True,,944,2.0,2.0,0.0,False,0.0,0.010189569293586,25.3820532,28.89302816101933,28.19791500628028,28.424212328933443
Q38AG1,8APG,OSCP,3.5,EM,True,,7873,4.0,23.0,19.0,True,0.089,-0.2617945507759266,27.323290720000003,15.600931506110436,34.13041908734169,29.4911402954342
Q38C84,8APG,"ATPase subunit 9, putative",3.5,EM,True,,7873,4.0,23.0,19.0,True,0.089,-0.2617945507759266,27.323290720000003,15.600931506110436,34.13041908734169,29.4911402954342
Q3TH73,7RTT,Protein tweety homolog 2,3.5,EM,True,,793,2.0,2.0,0.0,False,0.001,0.012933423262723,8.977572610000003,16.85806527132037,16.333343288284503,16.90458551901175
Q37695,5FL7,"ATP SYNTHASE SUBUNIT 9, MITOCHONDRIAL",3.5,X-ray,True,,3996,10.0,10.0,0.0,False,0.015,-0.0107415839095799,12.891206290000005,19.63952527125025,20.16174275739169,20.25684676088968
Q38CI8,8APG,ATPTB1,3.5,EM,True,,7873,4.0,23.0,19.0,True,0.089,-0.2617945507759266,27.323290720000003,15.600931506110436,34.13041908734169,29.4911402954342
Q2YQ73,7ZO9,Beta-(1-->2)glucan export ATP-binding/permease protein NdvA,3.5,EM,True,,1116,2.0,2.0,0.0,False,0.0,-0.0353898667813372,10.429297349999995,16.830214276261014,18.377757393615656,18.220176871960955
P40748,3HN8,Synaptotagmin-3,3.5,X-ray,False,no_TM_span,285,0.0,,,,,,,,,
Q57904,5C8J,Protein MJ0480,3.502,X-ray,True,,134,1.0,1.0,0.0,False,0.0,-0.1770239014024621,6.444479745000002,7.98714038667059,14.072162274849218,14.322505416807129
P0CB20,4U5B,Con-ikot-ikot,3.5037,X-ray,True,,3139,4.0,4.0,0.0,False,0.005,-0.0340212527674397,15.325424950000002,19.8523405656971,21.655743906329405,22.08672513423556
A0A803VFM3,8E4Q,Transient receptor potential cation channel subfamily M member 8,3.51,EM,True,,3576,4.0,4.0,0.0,False,0.0,-0.0579555951291655,39.576176555,36.87958586918293,41.81642064441407,35.492940502037385
P0CY47,1ZRT,Cytochrome b,3.51,X-ray,True,,1720,2.0,6.0,4.0,True,0.0,0.0784341755909195,23.006521105,31.788568340772457,26.69447242784246,27.061417395283502
P0CY48,1ZRT,Ubiquinol-cytochrome c reductase iron-sulfur subunit,3.51,X-ray,True,,1720,2.0,6.0,4.0,True,0.0,0.0784341755909195,23.006521105,31.788568340772457,26.69447242784246,27.061417395283502
P0CY49,1ZRT,Cytochrome c1,3.51,X-ray,True,,1720,2.0,6.0,4.0,True,0.0,0.0784341755909195,23.006521105,31.788568340772457,26.69447242784246,27.061417395283502
P31644,6A96,"Gamma-aminobutyric acid receptor subunit alpha-5,Gamma-aminobutyric acid receptor subunit alpha-5",3.51,EM,True,,2044,5.0,5.0,0.0,False,0.005,0.0403837130359117,26.395037635000005,29.425670341766832,26.61633427149123,28.98586107986741
Q9XEA1,6JPF,Protein OSCA1,3.52,EM,True,,1220,2.0,2.0,0.0,False,0.0,-0.0254603115505432,27.13635153,28.04081176538053,29.836685287307706,29.390081604101805
A3DD30,1WZX,COG3291: FOG: PKD repeat,3.52,X-ray,False,no_TM_span,175,0.0,,,,,,,,,
Q03NM0,4HZU,Predicted membrane protein,3.53,X-ray,True,,961,1.0,1.0,0.0,False,0.0,-0.1232218524687364,3.517986865,8.518796118914405,11.648268662961254,10.58210753391885
P54826,7RHQ,Growth arrest-specific protein 1,3.53,EM,True,,1308,1.0,1.0,0.0,False,0.0,-0.0245920593597173,10.5281521,16.96346814270349,18.043924624156887,18.30632376168584
O07550,7M33,Probable multidrug resistance ABC transporter ATP-binding/permease protein YheI,3.55,EM,True,,1237,2.0,2.0,0.0,False,0.074,-0.0451000762887597,10.512142705,16.26891808015262,18.248890796598943,18.292399919027343
E0A9E1,5VKQ,No mechanoreceptor potential C isoform L,3.55,EM,True,,5996,4.0,4.0,0.0,False,0.0,-0.0432875469403923,53.473955795,40.92539507043262,45.211575383698445,41.25686462021018
Q2KJ85,7VAE,"Solute carrier family 10 (Sodium/bile acid cotransporter family), member 1",3.55,EM,True,,736,1.0,1.0,0.0,False,0.0,0.0151932597389113,7.496250809999999,15.43415795668826,14.87089742315965,15.44710569050477
Q0PBE4,5LQ3,CmeB,3.55,X-ray,True,,3101,3.0,3.0,0.0,False,0.001,-0.0183526819390092,49.43086379999999,38.73698806133697,40.48415717390935,39.66652572402133
O07549,7M33,Probable multidrug resistance ABC transporter ATP-binding/permease protein YheH,3.55,EM,True,,1237,2.0,2.0,0.0,False,0.074,-0.0451000762887597,10.512142705,16.26891808015262,18.248890796598943,18.292399919027343
Q9YBM8,4OD5,4-hydroxybenzoate octaprenyltransferase,3.557,X-ray,True,,274,1.0,1.0,0.0,False,0.0,-0.0197962700756156,6.300013935000002,13.010510714135291,13.683317604550684,14.1610618196735
Q7VHG9,7S9Y,Cytochrome c biogenesis protein,3.56,EM,True,,901,1.0,1.0,0.0,False,0.0,0.013177112213753,13.683809704999998,20.83003735887636,20.17001284989839,20.870294463086044
P35818,5WLN,Type II secretion system protein D,3.57,EM,True,,5940,15.0,15.0,0.0,False,0.0,-0.0905887499275242,98.87618645000002,54.73699446780645,66.9340900156796,56.10104068124474
Q8GXJ4,7LZH,Glutamate receptor 3.4,3.57,EM,True,,3176,4.0,4.0,0.0,False,0.006,-0.0495899304296975,15.883242579999996,20.420186455427974,23.096268282336958,22.48509092236306
P9WQ35,7YZK,Adenylate cyclase,3.57,EM,True,,996,2.0,2.0,0.0,False,0.0,0.0022906445467061,9.85794915,16.94679986715405,16.849415937685905,17.714069752437176
Q94AQ8,7WFF,"Photosynthetic NDH subunit of subcomplex B 2, chloroplastic",3.59,EM,True,,4065,1.0,9.0,8.0,True,0.0,-0.1478328408993663,22.26466456,18.904663931008933,28.349954142413345,26.621537975883133
Q9LU21,7WFF,"Photosynthetic NDH subunit of subcomplex B 3, chloroplastic",3.59,EM,True,,4065,1.0,9.0,8.0,True,0.0,-0.1478328408993663,22.26466456,18.904663931008933,28.349954142413345,26.621537975883133
P26289,7WFF,"NAD(P)H-quinone oxidoreductase subunit 4L, chloroplastic",3.59,EM,True,,4065,1.0,9.0,8.0,True,0.0,-0.1478328408993663,22.26466456,18.904663931008933,28.349954142413345,26.621537975883133
P26288,7WFF,"NAD(P)H-quinone oxidoreductase chain 4, chloroplastic",3.59,EM,True,,4065,1.0,9.0,8.0,True,0.0,-0.1478328408993663,22.26466456,18.904663931008933,28.349954142413345,26.621537975883133
P56752,7WFF,"NAD(P)H-quinone oxidoreductase subunit 5, chloroplastic",3.59,EM,True,,4065,1.0,9.0,8.0,True,0.0,-0.1478328408993663,22.26466456,18.904663931008933,28.349954142413345,26.621537975883133
B3H6Z4,7WFF,NDH dependent flow 6,3.59,EM,True,,4065,1.0,9.0,8.0,True,0.0,-0.1478328408993663,22.26466456,18.904663931008933,28.349954142413345,26.621537975883133
P56751,7WFF,"NAD(P)H-quinone oxidoreductase subunit 3, chloroplastic",3.59,EM,True,,4065,1.0,9.0,8.0,True,0.0,-0.1478328408993663,22.26466456,18.904663931008933,28.349954142413345,26.621537975883133
A0A1B1W4Z4,7WFF,"NAD(P)H-quinone oxidoreductase subunit 2, chloroplastic",3.59,EM,True,,4065,1.0,9.0,8.0,True,0.0,-0.1478328408993663,22.26466456,18.904663931008933,28.349954142413345,26.621537975883133
O80634,7WFF,"Photosynthetic NDH subunit of lumenal location 1, chloroplastic",3.59,EM,True,,4065,1.0,9.0,8.0,True,0.0,-0.1478328408993663,22.26466456,18.904663931008933,28.349954142413345,26.621537975883133
P0AFY6,7P34,Peptide antibiotic transporter SbmA,3.59,EM,True,,782,2.0,2.0,0.0,False,0.0,0.0131096826249217,19.99069667,25.160855027430795,24.367180489236738,25.22545615397744
Q37165,7WFF,"NAD(P)H-quinone oxidoreductase subunit 1, chloroplastic",3.59,EM,True,,4065,1.0,9.0,8.0,True,0.0,-0.1478328408993663,22.26466456,18.904663931008933,28.349954142413345,26.621537975883133
Q9SGH4,7WFF,"Photosynthetic NDH subunit of lumenal location 3, chloroplastic",3.59,EM,True,,4065,1.0,9.0,8.0,True,0.0,-0.1478328408993663,22.26466456,18.904663931008933,28.349954142413345,26.621537975883133
Q9SCY3,7WFF,"Photosynthetic NDH subunit of lumenal location 4, chloroplastic",3.59,EM,True,,4065,1.0,9.0,8.0,True,0.0,-0.1478328408993663,22.26466456,18.904663931008933,28.349954142413345,26.621537975883133
Q9ASS6,7WFF,"Isoform 2 of Photosynthetic NDH subunit of lumenal location 5, chloroplastic",3.59,EM,True,,4065,1.0,9.0,8.0,True,0.0,-0.1478328408993663,22.26466456,18.904663931008933,28.349954142413345,26.621537975883133
Q9XI73,7WFF,"Photosynthetic NDH subunit of lumenal location 2, chloroplastic",3.59,EM,True,,4065,1.0,9.0,8.0,True,0.0,-0.1478328408993663,22.26466456,18.904663931008933,28.349954142413345,26.621537975883133
Q95695,7WFF,"NAD(P)H-quinone oxidoreductase subunit 6, chloroplastic",3.59,EM,True,,4065,1.0,9.0,8.0,True,0.0,-0.1478328408993663,22.26466456,18.904663931008933,28.349954142413345,26.621537975883133
A0A1I2KHB9,8SBB,Alkane 1-monooxygenase,3.59,EM,True,,499,1.0,1.0,0.0,False,0.0,-0.1815146713088731,4.684988150000001,9.338742127969187,14.658627655315556,12.211789569096366
Q9FG89,7WFF,"Photosynthetic NDH subunit of subcomplex B 5, chloroplastic",3.59,EM,True,,4065,1.0,9.0,8.0,True,0.0,-0.1478328408993663,22.26466456,18.904663931008933,28.349954142413345,26.621537975883133
Q9S9N6,7WFF,"Photosynthetic NDH subunit of subcomplex B 1, chloroplastic",3.59,EM,True,,4065,1.0,9.0,8.0,True,0.0,-0.1478328408993663,22.26466456,18.904663931008933,28.349954142413345,26.621537975883133
O14678,6JBJ,ATP-binding cassette sub-family D member 4,3.6,EM,True,,1130,2.0,2.0,0.0,False,0.0,0.0152408537325308,12.36306972,19.25142382990889,18.525804639918636,19.837558608496835
P40700,7AGX,Surface presentation of antigens protein SpaP,3.6,EM,True,,3031,4.0,4.0,0.0,False,0.054,0.1340402687634962,10.476038514999995,20.17508640742651,14.30059681732149,18.26096007160264
P40701,7AGX,Surface presentation of antigens protein SpaR,3.6,EM,True,,3031,4.0,4.0,0.0,False,0.054,0.1340402687634962,10.476038514999995,20.17508640742651,14.30059681732149,18.26096007160264
E5QVT2,3P5N,Riboflavin uptake protein,3.6,X-ray,True,,168,1.0,1.0,0.0,False,0.0,0.0101620072426241,3.8926341,10.155181582159887,9.883701734466856,11.131324796834123
P40939,6DV2,"Trifunctional enzyme subunit alpha, mitochondrial",3.6,X-ray,False,no_TM_span,2301,0.0,,,,,,,,,
P55084,6DV2,"Trifunctional enzyme subunit beta, mitochondrial",3.6,X-ray,False,no_TM_span,2301,0.0,,,,,,,,,
P00856,6B2Z,ATP synthase protein 8,3.6,EM,True,,2996,2.0,18.0,16.0,True,0.044,0.0320984628660478,11.953185035,17.184916042693384,15.682250381876443,19.50594003893337
P00854,6B2Z,ATP synthase subunit a,3.6,EM,True,,2996,2.0,18.0,16.0,True,0.044,0.0320984628660478,11.953185035,17.184916042693384,15.682250381876443,19.50594003893337
P00395,5Z62,Cytochrome c oxidase subunit 1,3.6,EM,True,,1855,1.0,11.0,10.0,True,0.0,0.0085207157312397,10.840127585000005,18.08262364660965,17.7027583855676,18.575574763110616
Q9U3N4,5H1R,Innexin-6,3.6,EM,True,,5760,8.0,8.0,0.0,False,0.0,-0.0114922354433061,66.16983825,42.06483689630089,43.33065370035336,45.893914283004165
P01239,3JC2,Prolactin,3.6,EM,True,,514,1.0,3.0,2.0,True,0.0,0.0636392892926719,10.23006351,19.607972824808417,16.851835889120075,18.04530507229249
P38606,7U4T,V-type proton ATPase catalytic subunit A,3.6,EM,True,,9610,1.0,15.0,14.0,True,0.0,0.0153910865068122,8.720893114999999,16.788995670041892,16.17355517835105,16.661171912133472
P00403,5Z62,Cytochrome c oxidase subunit 2,3.6,EM,True,,1855,1.0,11.0,10.0,True,0.0,0.0085207157312397,10.840127585000005,18.08262364660965,17.7027583855676,18.575574763110616
P0A1L7,7AGX,Surface presentation of antigens protein SpaQ,3.6,EM,True,,3031,4.0,4.0,0.0,False,0.054,0.1340402687634962,10.476038514999995,20.17508640742651,14.30059681732149,18.26096007160264
Q8NA29,7OIX,Isoform 2 of Sodium-dependent lysophosphatidylcholine symporter 1,3.6,EM,True,,716,1.0,1.0,0.0,False,0.0,0.0235562493079982,9.732098640000002,17.113740561225,16.11868874109765,17.60063410911046
P00414,5Z62,Cytochrome c oxidase subunit 3,3.6,EM,True,,1855,1.0,11.0,10.0,True,0.0,0.0085207157312397,10.840127585000005,18.08262364660965,17.7027583855676,18.575574763110616
P60508,7OIX,Syncytin-2,3.6,EM,True,,716,1.0,1.0,0.0,False,0.0,0.0235562493079982,9.732098640000002,17.113740561225,16.11868874109765,17.60063410911046
P36543,7U4T,V-type proton ATPase subunit E 1,3.6,EM,True,,9610,1.0,15.0,14.0,True,0.0,0.0153910865068122,8.720893114999999,16.788995670041892,16.17355517835105,16.661171912133472
P35105,7ZE8,Light-harvesting protein,3.6,EM,True,,940,18.0,18.0,0.0,False,0.021,0.0340127457012629,35.080171990000004,33.997530393416355,31.269753448661508,33.41611221169318
P09669,5Z62,Cytochrome c oxidase subunit 6C,3.6,EM,True,,1855,1.0,11.0,10.0,True,0.0,0.0085207157312397,10.840127585000005,18.08262364660965,17.7027583855676,18.575574763110616
P35672,5TCQ,Protein InvG,3.6,EM,False,no_TM_span,5040,0.0,,,,,,,,,
Q9Z0G9,6AKE,Claudin-3,3.6,X-ray,True,,296,1.0,1.0,0.0,False,0.0,0.0008870033339623,1.5157176350000006,6.342343835101808,6.327557153910748,6.945990986775138
A0A0H2WZS4,7D5Q,"Drug transporter, putative",3.6,X-ray,True,,534,1.0,1.0,0.0,False,0.0,0.0163714323549369,11.964129309999995,19.29499888634933,18.5282316762667,19.51486776525594
Q8IZY2,8EDW,Phospholipid-transporting ATPase ABCA7,3.6,EM,True,,1804,1.0,1.0,0.0,False,0.0,0.0549807947038912,16.411309089999996,24.415710401328667,21.399796557370426,22.85581310862711
P34956,6KOB,AA3-600 quinol oxidase subunit I,3.6,X-ray,True,,1111,1.0,4.0,3.0,True,0.0,-0.0237537910506594,15.663988075000004,21.050293736187022,22.323270303066767,22.32935794271189
P34957,6KOB,Quinol oxidase subunit 2,3.6,X-ray,True,,1111,1.0,4.0,3.0,True,0.0,-0.0237537910506594,15.663988075000004,21.050293736187022,22.323270303066767,22.32935794271189
P34958,6KOB,AA3-600 quinol oxidase subunit IIII,3.6,X-ray,True,,1111,1.0,4.0,3.0,True,0.0,-0.0237537910506594,15.663988075000004,21.050293736187022,22.323270303066767,22.32935794271189
P61316,7ARM,Outer-membrane lipoprotein carrier protein,3.6,EM,True,,1439,2.0,2.0,0.0,False,0.021,0.0518214465823758,6.031654185,13.888601896718448,12.165289332269529,13.856172477013033
P81451,6B2Z,"ATP synthase subunit k, mitochondrial",3.6,EM,True,,2996,2.0,18.0,16.0,True,0.044,0.0320984628660478,11.953185035,17.184916042693384,15.682250381876443,19.50594003893337
P81450,6B2Z,"ATP synthase subunit j, mitochondrial",3.6,EM,True,,2996,2.0,18.0,16.0,True,0.044,0.0320984628660478,11.953185035,17.184916042693384,15.682250381876443,19.50594003893337
Q9Y5K8,7U4T,V-type proton ATPase subunit D,3.6,EM,True,,9610,1.0,15.0,14.0,True,0.0,0.0153910865068122,8.720893114999999,16.788995670041892,16.17355517835105,16.661171912133472
P34959,6KOB,"AA3-600 quinol oxidase subunit IV,Quinol oxidase subunit 4",3.6,X-ray,True,,1111,1.0,4.0,3.0,True,0.0,-0.0237537910506594,15.663988075000004,21.050293736187022,22.323270303066767,22.32935794271189
P20674,5Z62,"Cytochrome c oxidase subunit 5A, mitochondrial",3.6,EM,True,,1855,1.0,11.0,10.0,True,0.0,0.0085207157312397,10.840127585000005,18.08262364660965,17.7027583855676,18.575574763110616
Q65FG2,6WPY,BlEst2,3.6,X-ray,False,no_TM_span,246,0.0,,,,,,,,,
P12074,5Z62,"Cytochrome c oxidase subunit 6A1, mitochondrial",3.6,EM,True,,1855,1.0,11.0,10.0,True,0.0,0.0085207157312397,10.840127585000005,18.08262364660965,17.7027583855676,18.575574763110616
A9A677,3S0X,"Peptidase A24B, FlaK domain protein",3.6,X-ray,True,,215,1.0,1.0,0.0,False,0.0,-0.0652624659467694,5.57397702,9.88971154123629,11.97603850976862,13.32010507025851
P30902,6B2Z,"ATP synthase subunit d, mitochondrial",3.6,EM,True,,2996,2.0,18.0,16.0,True,0.044,0.0320984628660478,11.953185035,17.184916042693384,15.682250381876443,19.50594003893337
P30659,6M1H,Maxadilan,3.6,EM,True,,1139,1.0,1.0,0.0,False,0.0,0.0095641665850491,4.708603175,13.158712379910856,12.877697392495978,12.242528091529485
Q9UI12,7U4T,V-type proton ATPase subunit H,3.6,EM,True,,9610,1.0,15.0,14.0,True,0.0,0.0153910865068122,8.720893114999999,16.788995670041892,16.17355517835105,16.661171912133472
P98161,6A70,Polycystin-1,3.6,EM,True,,2086,1.0,4.0,3.0,True,0.0,-0.0373162214531895,16.935642999999995,20.86932183824479,22.948706385499097,23.2180589106396
P24311,5Z62,"Cytochrome c oxidase subunit 7B, mitochondrial",3.6,EM,True,,1855,1.0,11.0,10.0,True,0.0,0.0085207157312397,10.840127585000005,18.08262364660965,17.7027583855676,18.575574763110616
Q06405,6B2Z,"ATP synthase subunit f, mitochondrial",3.6,EM,True,,2996,2.0,18.0,16.0,True,0.044,0.0320984628660478,11.953185035,17.184916042693384,15.682250381876443,19.50594003893337
O75348,7U4T,V-type proton ATPase subunit G 1,3.6,EM,True,,9610,1.0,15.0,14.0,True,0.0,0.0153910865068122,8.720893114999999,16.788995670041892,16.17355517835105,16.661171912133472
P05626,6B2Z,ATP synthase subunit b,3.6,EM,True,,2996,2.0,18.0,16.0,True,0.044,0.0320984628660478,11.953185035,17.184916042693384,15.682250381876443,19.50594003893337
P10211,5V2S,Envelope glycoprotein B,3.6,X-ray,True,,2115,3.0,3.0,0.0,False,0.0,0.5465877793645044,2.339510195000001,16.802303340767853,5.48198359261605,8.629537785398869
P10606,5Z62,"Cytochrome c oxidase subunit 5B, mitochondrial",3.6,EM,True,,1855,1.0,11.0,10.0,True,0.0,0.0085207157312397,10.840127585000005,18.08262364660965,17.7027583855676,18.575574763110616
P10176,5Z62,"Cytochrome c oxidase subunit 8A, mitochondrial",3.6,EM,True,,1855,1.0,11.0,10.0,True,0.0,0.0085207157312397,10.840127585000005,18.08262364660965,17.7027583855676,18.575574763110616
Q6P9B6,7U4T,MTOR-associated protein MEAK7,3.6,EM,True,,9610,1.0,15.0,14.0,True,0.0,0.0153910865068122,8.720893114999999,16.788995670041892,16.17355517835105,16.661171912133472
Q6CZE3,8C0E,ECA polysaccharide chain length modulation protein,3.6,EM,False,no_TM_span,2301,0.0,,,,,,,,,
P23416,5BKF,Glycine receptor subunit alpha-2,3.6,EM,True,,1694,5.0,5.0,0.0,False,0.001,0.0624993660609573,23.887140375,28.75148179725937,24.61535352899646,27.57446814359704
P15954,5Z62,"Cytochrome c oxidase subunit 7C, mitochondrial",3.6,EM,True,,1855,1.0,11.0,10.0,True,0.0,0.0085207157312397,10.840127585000005,18.08262364660965,17.7027583855676,18.575574763110616
Q2JJF6,3KP9,VKORC1/thioredoxin domain protein,3.6,X-ray,True,,259,1.0,1.0,0.0,False,0.0,0.0426631455576441,2.786503105,9.442374918895926,8.478059870950103,9.417916362993086
P14854,5Z62,Cytochrome c oxidase subunit 6B1,3.6,EM,True,,1855,1.0,11.0,10.0,True,0.0,0.0085207157312397,10.840127585000005,18.08262364660965,17.7027583855676,18.575574763110616
Q9HAS3,6KSW,Solute carrier family 28 member 3,3.6,EM,True,,1539,3.0,3.0,0.0,False,0.0,-0.0001717996861166,68.17666473999999,46.34561330780024,46.3648210601257,46.5846609881191
Q2FWX0,6XJH,Phenol-soluble modulin export ABC transporter permease subunit PmtD,3.6,EM,True,,940,2.0,2.0,0.0,False,0.0,0.04664532175238,14.45563897,22.84948197678229,20.448090056522258,21.450810696229336
P14406,5Z62,"Cytochrome c oxidase subunit 7A2, mitochondrial",3.6,EM,True,,1855,1.0,11.0,10.0,True,0.0,0.0085207157312397,10.840127585000005,18.08262364660965,17.7027583855676,18.575574763110616
Q18593,6LMV,Calcium homeostasis modulator protein,3.6,EM,True,,2223,9.0,9.0,0.0,False,0.0,-0.0610020337228387,63.149993165000005,40.77970135821856,47.34368172421168,44.83443669419558
Q16864,7U4T,V-type proton ATPase subunit F,3.6,EM,True,,9610,1.0,15.0,14.0,True,0.0,0.0153910865068122,8.720893114999999,16.788995670041892,16.17355517835105,16.661171912133472
A0A1L8F5J9,5UN1,N-methyl-D-aspartate receptor subunit NR1-3a,3.6,X-ray,True,,1636,4.0,4.0,0.0,False,0.019,-0.0769125017287369,17.332821915,19.77194260211371,24.107729020931767,23.488738942326307
A7XY94,5UN1,Ionotropic glutamate receptor subunit NR2B,3.6,X-ray,True,,1636,4.0,4.0,0.0,False,0.019,-0.0769125017287369,17.332821915,19.77194260211371,24.107729020931767,23.488738942326307
O00483,5Z62,Cytochrome c oxidase subunit NDUFA4,3.6,EM,True,,1855,1.0,11.0,10.0,True,0.0,0.0085207157312397,10.840127585000005,18.08262364660965,17.7027583855676,18.575574763110616
P13073,5Z62,"Cytochrome c oxidase subunit 4 isoform 1, mitochondrial",3.6,EM,True,,1855,1.0,11.0,10.0,True,0.0,0.0085207157312397,10.840127585000005,18.08262364660965,17.7027583855676,18.575574763110616
P21283,7U4T,V-type proton ATPase subunit C 1,3.6,EM,True,,9610,1.0,15.0,14.0,True,0.0,0.0153910865068122,8.720893114999999,16.788995670041892,16.17355517835105,16.661171912133472
P21281,7U4T,"V-type proton ATPase subunit B, brain isoform",3.6,EM,True,,9610,1.0,15.0,14.0,True,0.0,0.0153910865068122,8.720893114999999,16.788995670041892,16.17355517835105,16.661171912133472
T2GB49,5XMJ,fumarate reductase flavoprotein subunit,3.6,X-ray,True,,2148,2.0,2.0,0.0,False,0.0,0.0322051513690626,10.20573444,18.31506504841801,16.921960270036262,18.023834686376794
T2GAT5,5XMJ,fumarate reductase respiratory complex,3.6,X-ray,True,,2148,2.0,2.0,0.0,False,0.0,0.0322051513690626,10.20573444,18.31506504841801,16.921960270036262,18.023834686376794
O15244,8ET9,OCT2,3.61,EM,True,,517,1.0,1.0,0.0,False,0.0,0.0155247087214712,8.745319695,16.66925105045017,16.047598655602524,16.684488954583873
P32876,6ZBB,"ATP synthase F(0) complex subunit C1, mitochondrial",3.61,EM,True,,1328,8.0,10.0,2.0,True,0.006,-0.0733384902606935,11.963744885,13.66221337645164,17.09701644739303,19.51455424209392
Q96F81,7E2G,"Protein dispatched homolog 1,Protein dispatched homolog 1",3.61,EM,True,,901,1.0,1.0,0.0,False,0.0,-0.0026047709896972,10.311927185,17.43107712375049,17.544336918576168,18.11736285609163
Q8TDD5,6AYF,Mucolipin-3,3.62,EM,True,,1904,4.0,4.0,0.0,False,0.0,0.0036093447037927,44.01383037499999,38.20172676697253,37.877492248497816,37.429984420486896
Q6PCB8,7YR5,Embigin,3.63,EM,True,,622,1.0,2.0,1.0,True,0.0,-0.0199211289954184,7.99853698,15.15245327515669,15.915332049347942,15.956231998002036
E6K399,8GI1,Accessory protein Csx28,3.65,EM,False,no_TM_span,1152,0.0,,,,,,,,,
A0A0F7J7J8,6R69,Flagellar biosynthetic protein FliQ,3.65,EM,True,,1629,1.0,5.0,4.0,True,0.0,0.3603999866394917,0.902799775,7.01015980575053,2.373376580141621,5.360691127336118
Q9WVL3,6UKN,Solute carrier family 12 member 7,3.65,EM,True,,536,1.0,1.0,0.0,False,0.0,-0.026458225147198,10.624453185,16.66897615397846,17.83672731229955,18.38985721554782
P83698,1P7B,integral membrane channel and cytosolic domains,3.65,X-ray,True,,1032,4.0,4.0,0.0,False,0.0,0.0366789738194511,10.467989430000005,17.48275394975584,15.875867754148278,18.253943475414907
G5QE81,6R69,Flagellar biosynthetic protein FliP,3.65,EM,True,,1629,1.0,5.0,4.0,True,0.0,0.3603999866394917,0.902799775,7.01015980575053,2.373376580141621,5.360691127336118
Q13255,7DGE,Metabotropic glutamate receptor 1,3.65,EM,True,,1814,2.0,2.0,0.0,False,0.0,0.0031219101819106,18.361517075,23.66762552748108,23.486486934513778,24.17571593625508
Q5GH54,7P14,XK-related protein,3.66,EM,True,,455,1.0,1.0,0.0,False,0.0,-0.0529950503770162,7.283982004999999,13.945108665543282,15.881780545749027,15.22682988338784
K3YRE7,8ONT,NRAMP related aluminium transporter,3.66,EM,True,,558,1.0,1.0,0.0,False,0.0,0.0269602867271612,11.639865435,20.01305627018732,18.767581908760445,19.248595382025904
Q63472,6PBY,Potassium voltage-gated channel subfamily H member 1,3.67,EM,True,,3268,4.0,4.0,0.0,False,0.0,-0.0005845730240321,43.59670497499999,36.80934029970128,36.86160421111197,37.252197517167424
Q14832,7WIH,Metabotropic glutamate receptor 3,3.68,EM,True,,1482,2.0,2.0,0.0,False,0.0,0.0191255202638687,17.36872634,23.121833244843938,22.04255468555185,23.51305446861978
A0A0Y0GRS3,7X2Q,Sugiol synthase,3.68,X-ray,False,no_TM_span,467,0.0,,,,,,,,,
P03923,5XTD,NADH-ubiquinone oxidoreductase chain 6,3.7,EM,True,,8191,1.0,20.0,19.0,True,0.0,-0.0131627988168429,31.749890694999998,30.38337212602972,31.38765409668509,31.79041379641549
P03915,5XTD,NADH-ubiquinone oxidoreductase chain 5,3.7,EM,True,,8191,1.0,20.0,19.0,True,0.0,-0.0131627988168429,31.749890694999998,30.38337212602972,31.38765409668509,31.79041379641549
A0A097J792,5X33,"LTB4 receptor,Lysozyme,LTB4 receptor",3.7,X-ray,True,,271,1.0,1.0,0.0,False,0.0,0.010727253198744,4.925814615,12.397691165456378,12.075314299887834,12.52172308216047
A0A097J809,6E67,"Beta-2 adrenergic receptor,Endolysin,Guanine nucleotide-binding protein G(s) subunit alpha isoforms short,Beta-2 adrenergic receptor chimera",3.7,X-ray,True,,476,1.0,1.0,0.0,False,0.0,0.0658769046021621,4.7780337500000005,13.269920118425468,11.32010202363159,12.332458713268862
S5U4U1,7B0N,NADH-ubiquinone oxidoreductase chain 4L,3.7,EM,True,,8092,1.0,20.0,19.0,True,0.0,0.0436655192870742,31.293304475,33.184904429334914,29.877398377210888,31.561001545819103
P03905,5XTD,NADH-ubiquinone oxidoreductase chain 4,3.7,EM,True,,8191,1.0,20.0,19.0,True,0.0,-0.0131627988168429,31.749890694999998,30.38337212602972,31.38765409668509,31.79041379641549
Q8U0Z8,6CFW,Probable membrane-bound hydrogenase subunit mbhJ,3.7,EM,True,,2530,1.0,10.0,9.0,True,0.0,0.0136858832118421,14.642429805,20.008132180987204,19.29901875140792,21.58895589111177
Q8U104,6CFW,MBH subunit,3.7,EM,True,,2530,1.0,10.0,9.0,True,0.0,0.0136858832118421,14.642429805,20.008132180987204,19.29901875140792,21.58895589111177
A0A371CB65,7B0N,Complex I-B14.7,3.7,EM,True,,8092,1.0,20.0,19.0,True,0.0,0.0436655192870742,31.293304475,33.184904429334914,29.877398377210888,31.561001545819103
A0A371C0F2,7B0N,Subunit NB2M of NADH:Ubiquinone Oxidoreductase (Complex I),3.7,EM,True,,8092,1.0,20.0,19.0,True,0.0,0.0436655192870742,31.293304475,33.184904429334914,29.877398377210888,31.561001545819103
A0A371C2D0,7B0N,Subunit NUPM of NADH:Ubiquinone Oxidoreductase (Complex I),3.7,EM,True,,8092,1.0,20.0,19.0,True,0.0,0.0436655192870742,31.293304475,33.184904429334914,29.877398377210888,31.561001545819103
A0A371C5F3,7B0N,Subunit NUFM of NADH:Ubiquinone Oxidoreductase (Complex I),3.7,EM,True,,8092,1.0,20.0,19.0,True,0.0,0.0436655192870742,31.293304475,33.184904429334914,29.877398377210888,31.561001545819103
Q9Y6M9,5XTD,NADH dehydrogenase [ubiquinone] 1 beta subcomplex subunit 9,3.7,EM,True,,8191,1.0,20.0,19.0,True,0.0,-0.0131627988168429,31.749890694999998,30.38337212602972,31.38765409668509,31.79041379641549
Q9Y6K0,8GYX,Choline/ethanolaminephosphotransferase 1,3.7,EM,True,,760,2.0,2.0,0.0,False,0.0,-0.0465422298062585,23.672312285,25.432012380821355,28.498236053421586,27.45019313073316
O96000,5XTD,NADH dehydrogenase [ubiquinone] 1 beta subcomplex subunit 10,3.7,EM,True,,8191,1.0,20.0,19.0,True,0.0,-0.0131627988168429,31.749890694999998,30.38337212602972,31.38765409668509,31.79041379641549
S4Z232,7EU3,"NAD(P)H-quinone oxidoreductase subunit K, chloroplastic",3.7,EM,True,,5399,1.0,10.0,9.0,True,0.0,-0.0428413898738917,32.985097120000006,28.03056046732856,31.36220563181398,32.402904977838766
O95178,5XTD,"NADH dehydrogenase [ubiquinone] 1 beta subcomplex subunit 2, mitochondrial",3.7,EM,True,,8191,1.0,20.0,19.0,True,0.0,-0.0131627988168429,31.749890694999998,30.38337212602972,31.38765409668509,31.79041379641549
O95167,5XTD,NADH dehydrogenase [ubiquinone] 1 alpha subcomplex subunit 3,3.7,EM,True,,8191,1.0,20.0,19.0,True,0.0,-0.0131627988168429,31.749890694999998,30.38337212602972,31.38765409668509,31.79041379641549
O98691,7EU3,"NAD(P)H-quinone oxidoreductase subunit H, chloroplastic",3.7,EM,True,,5399,1.0,10.0,9.0,True,0.0,-0.0428413898738917,32.985097120000006,28.03056046732856,31.36220563181398,32.402904977838766
O98692,7EU3,"NAD(P)H-quinone oxidoreductase subunit I, chloroplastic",3.7,EM,True,,5399,1.0,10.0,9.0,True,0.0,-0.0428413898738917,32.985097120000006,28.03056046732856,31.36220563181398,32.402904977838766
Q9Y5J7,7CGP,Mitochondrial import inner membrane translocase subunit Tim9,3.7,EM,True,,1569,1.0,2.0,1.0,True,0.0,0.1480359134311838,0.1547631100000001,2.2569916105302124,1.4684273003659256,2.2195185948657765
O98693,7EU3,"NAD(P)H-quinone oxidoreductase subunit 6, chloroplastic",3.7,EM,True,,5399,1.0,10.0,9.0,True,0.0,-0.0428413898738917,32.985097120000006,28.03056046732856,31.36220563181398,32.402904977838766
Q9Y5U4,6M49,Insulin-induced gene 2 protein,3.7,EM,True,,420,1.0,2.0,1.0,True,0.0,0.0193789651888076,6.646115845,13.523230331127872,12.846756748409248,14.5448423098576
O95139,5XTD,NADH dehydrogenase [ubiquinone] 1 beta subcomplex subunit 6,3.7,EM,True,,8191,1.0,20.0,19.0,True,0.0,-0.0131627988168429,31.749890694999998,30.38337212602972,31.38765409668509,31.79041379641549
O95298,5XTD,NADH dehydrogenase [ubiquinone] 1 subunit C2,3.7,EM,True,,8191,1.0,20.0,19.0,True,0.0,-0.0131627988168429,31.749890694999998,30.38337212602972,31.38765409668509,31.79041379641549
O95182,5XTD,NADH dehydrogenase [ubiquinone] 1 alpha subcomplex subunit 7,3.7,EM,True,,8191,1.0,20.0,19.0,True,0.0,-0.0131627988168429,31.749890694999998,30.38337212602972,31.38765409668509,31.79041379641549
O95168,5XTD,NADH dehydrogenase [ubiquinone] 1 beta subcomplex subunit 4,3.7,EM,True,,8191,1.0,20.0,19.0,True,0.0,-0.0131627988168429,31.749890694999998,30.38337212602972,31.38765409668509,31.79041379641549
O95169,5XTD,"NADH dehydrogenase [ubiquinone] 1 beta subcomplex subunit 8, mitochondrial",3.7,EM,True,,8191,1.0,20.0,19.0,True,0.0,-0.0131627988168429,31.749890694999998,30.38337212602972,31.38765409668509,31.79041379641549
O95299,5XTD,"NADH dehydrogenase [ubiquinone] 1 alpha subcomplex subunit 10, mitochondrial",3.7,EM,True,,8191,1.0,20.0,19.0,True,0.0,-0.0131627988168429,31.749890694999998,30.38337212602972,31.38765409668509,31.79041379641549
Q86Y39,5XTD,NADH dehydrogenase [ubiquinone] 1 alpha subcomplex subunit 11,3.7,EM,True,,8191,1.0,20.0,19.0,True,0.0,-0.0131627988168429,31.749890694999998,30.38337212602972,31.38765409668509,31.79041379641549
Q9BSF4,7CGP,Mitochondrial import inner membrane translocase subunit Tim29,3.7,EM,True,,1569,1.0,2.0,1.0,True,0.0,0.1480359134311838,0.1547631100000001,2.2569916105302124,1.4684273003659256,2.2195185948657765
P0A855,7NST,Tol-Pal system protein TolB,3.7,EM,True,,1715,4.0,4.0,0.0,False,0.066,-0.006032024942683,33.93130752500001,32.562983558279555,33.03875649188972,32.8643737751839
O50330,7OIU,TrwK protein,3.7,EM,True,,1683,3.0,3.0,0.0,False,0.095,-0.0100142427347545,1.534982545,5.944292487796452,6.112291272487767,6.9899936995183
O50335,7OIU,TrwG protein,3.7,EM,True,,1683,3.0,3.0,0.0,False,0.095,-0.0100142427347545,1.534982545,5.944292487796452,6.112291272487767,6.9899936995183
O43674,5XTD,"NADH dehydrogenase [ubiquinone] 1 beta subcomplex subunit 5, mitochondrial",3.7,EM,True,,8191,1.0,20.0,19.0,True,0.0,-0.0131627988168429,31.749890694999998,30.38337212602972,31.38765409668509,31.79041379641549
Q9Y584,7CGP,Mitochondrial import inner membrane translocase subunit Tim22,3.7,EM,True,,1569,1.0,2.0,1.0,True,0.0,0.1480359134311838,0.1547631100000001,2.2569916105302124,1.4684273003659256,2.2195185948657765
Q7S4I4,6DT0,Mitochondrial calcium uniporter,3.7,EM,True,,945,4.0,4.0,0.0,False,0.002,-0.0792706121762233,8.797932345,14.129088666082698,17.312837701920916,16.734601409623238
Q9Y5J6,7CGP,Mitochondrial import inner membrane translocase subunit Tim10 B,3.7,EM,True,,1569,1.0,2.0,1.0,True,0.0,0.1480359134311838,0.1547631100000001,2.2569916105302124,1.4684273003659256,2.2195185948657765
O75251,5XTD,"NADH dehydrogenase [ubiquinone] iron-sulfur protein 7, mitochondrial",3.7,EM,True,,8191,1.0,20.0,19.0,True,0.0,-0.0131627988168429,31.749890694999998,30.38337212602972,31.38765409668509,31.79041379641549
Q7GT16,7EU3,NAD(P)H-quinone oxidoreductase subunit J,3.7,EM,True,,5399,1.0,10.0,9.0,True,0.0,-0.0428413898738917,32.985097120000006,28.03056046732856,31.36220563181398,32.402904977838766
O75438,5XTD,NADH dehydrogenase [ubiquinone] 1 beta subcomplex subunit 1,3.7,EM,True,,8191,1.0,20.0,19.0,True,0.0,-0.0131627988168429,31.749890694999998,30.38337212602972,31.38765409668509,31.79041379641549
P0CC72,7EU3,"NAD(P)H-quinone oxidoreductase subunit 2, chloroplastic",3.7,EM,True,,5399,1.0,10.0,9.0,True,0.0,-0.0428413898738917,32.985097120000006,28.03056046732856,31.36220563181398,32.402904977838766
O75306,5XTD,"NADH dehydrogenase [ubiquinone] iron-sulfur protein 2, mitochondrial",3.7,EM,True,,8191,1.0,20.0,19.0,True,0.0,-0.0131627988168429,31.749890694999998,30.38337212602972,31.38765409668509,31.79041379641549
O75380,5XTD,"NADH dehydrogenase [ubiquinone] iron-sulfur protein 6, mitochondrial",3.7,EM,True,,8191,1.0,20.0,19.0,True,0.0,-0.0131627988168429,31.749890694999998,30.38337212602972,31.38765409668509,31.79041379641549
O75489,5XTD,"NADH dehydrogenase [ubiquinone] iron-sulfur protein 3, mitochondrial",3.7,EM,True,,8191,1.0,20.0,19.0,True,0.0,-0.0131627988168429,31.749890694999998,30.38337212602972,31.38765409668509,31.79041379641549
O34741,7TCH,Bacitracin export permease protein BceB,3.7,EM,True,,1135,1.0,1.0,0.0,False,0.0,-0.0162778553752255,9.055959560000002,15.730401823852189,16.39368766721229,16.978225634113276
Q9UUU2,7B0N,Subunit NUBM of NADH:Ubiquinone Oxidoreductase (Complex I),3.7,EM,True,,8092,1.0,20.0,19.0,True,0.0,0.0436655192870742,31.293304475,33.184904429334914,29.877398377210888,31.561001545819103
O43181,5XTD,"NADH dehydrogenase [ubiquinone] iron-sulfur protein 4, mitochondrial",3.7,EM,True,,8191,1.0,20.0,19.0,True,0.0,-0.0131627988168429,31.749890694999998,30.38337212602972,31.38765409668509,31.79041379641549
P19404,5XTD,"NADH dehydrogenase [ubiquinone] flavoprotein 2, mitochondrial",3.7,EM,True,,8191,1.0,20.0,19.0,True,0.0,-0.0131627988168429,31.749890694999998,30.38337212602972,31.38765409668509,31.79041379641549
P17568,5XTD,NADH dehydrogenase [ubiquinone] 1 beta subcomplex subunit 7,3.7,EM,True,,8191,1.0,20.0,19.0,True,0.0,-0.0131627988168429,31.749890694999998,30.38337212602972,31.38765409668509,31.79041379641549
A0A7T7JN26,7EU3,NAD(P)H-quinone oxidoreductase subunit F,3.7,EM,True,,5399,1.0,10.0,9.0,True,0.0,-0.0428413898738917,32.985097120000006,28.03056046732856,31.36220563181398,32.402904977838766
O43676,5XTD,NADH dehydrogenase [ubiquinone] 1 beta subcomplex subunit 3,3.7,EM,True,,8191,1.0,20.0,19.0,True,0.0,-0.0131627988168429,31.749890694999998,30.38337212602972,31.38765409668509,31.79041379641549
O43677,5XTD,"NADH dehydrogenase [ubiquinone] 1 subunit C1, mitochondrial",3.7,EM,True,,8191,1.0,20.0,19.0,True,0.0,-0.0131627988168429,31.749890694999998,30.38337212602972,31.38765409668509,31.79041379641549
O43678,5XTD,NADH dehydrogenase [ubiquinone] 1 alpha subcomplex subunit 2,3.7,EM,True,,8191,1.0,20.0,19.0,True,0.0,-0.0131627988168429,31.749890694999998,30.38337212602972,31.38765409668509,31.79041379641549
O43920,5XTD,NADH dehydrogenase [ubiquinone] iron-sulfur protein 5,3.7,EM,True,,8191,1.0,20.0,19.0,True,0.0,-0.0131627988168429,31.749890694999998,30.38337212602972,31.38765409668509,31.79041379641549
O50329,7OIU,TrwM protein,3.7,EM,True,,1683,3.0,3.0,0.0,False,0.095,-0.0100142427347545,1.534982545,5.944292487796452,6.112291272487767,6.9899936995183
P17787,6CNJ,Neuronal acetylcholine receptor subunit beta-2,3.7,EM,True,,1814,5.0,5.0,0.0,False,0.016,0.0459887884791102,24.249960004999995,27.915112213495483,24.848606434742763,27.78309199702766
Q6ZY24,7B0N,Subunit NB5M of NADH:Ubiquinone Oxidoreductase (Complex I),3.7,EM,True,,8092,1.0,20.0,19.0,True,0.0,0.0436655192870742,31.293304475,33.184904429334914,29.877398377210888,31.561001545819103
O03060,7EU3,"NAD(P)H-quinone oxidoreductase chain 4, chloroplastic",3.7,EM,True,,5399,1.0,10.0,9.0,True,0.0,-0.0428413898738917,32.985097120000006,28.03056046732856,31.36220563181398,32.402904977838766
O00217,5XTD,"NADH dehydrogenase [ubiquinone] iron-sulfur protein 8, mitochondrial",3.7,EM,True,,8191,1.0,20.0,19.0,True,0.0,-0.0131627988168429,31.749890694999998,30.38337212602972,31.38765409668509,31.79041379641549
P23942,7ZW1,Peripherin-2,3.7,EM,True,,760,2.0,2.0,0.0,False,0.002,-0.018378277856215,7.566844035,14.80310087606392,15.487640370638305,15.519669015643812
P15319,6CD2,Chaperone protein PapD,3.7,X-ray,True,,1258,1.0,1.0,0.0,False,0.0,-0.0161076736351918,15.863827835,22.194877276652186,23.063583876367066,22.471344491592177
O15239,5XTD,NADH dehydrogenase [ubiquinone] 1 alpha subcomplex subunit 1,3.7,EM,True,,8191,1.0,20.0,19.0,True,0.0,-0.0131627988168429,31.749890694999998,30.38337212602972,31.38765409668509,31.79041379641549
O14561,5XTD,"Acyl carrier protein, mitochondrial",3.7,EM,True,,8191,1.0,20.0,19.0,True,0.0,-0.0131627988168429,31.749890694999998,30.38337212602972,31.38765409668509,31.79041379641549
A5FJ36,6H3J,Plug,3.7,EM,True,,2511,1.0,2.0,1.0,True,0.0,-0.0193009929965745,41.10976111499999,36.71381239222613,38.3894821632284,36.17408379151913
P62072,7CGP,Mitochondrial import inner membrane translocase subunit Tim10,3.7,EM,True,,1569,1.0,2.0,1.0,True,0.0,0.1480359134311838,0.1547631100000001,2.2569916105302124,1.4684273003659256,2.2195185948657765
Q9P0J0,5XTD,NADH dehydrogenase [ubiquinone] 1 alpha subcomplex subunit 13,3.7,EM,True,,8191,1.0,20.0,19.0,True,0.0,-0.0131627988168429,31.749890694999998,30.38337212602972,31.38765409668509,31.79041379641549
P51970,5XTD,NADH dehydrogenase [ubiquinone] 1 alpha subcomplex subunit 8,3.7,EM,True,,8191,1.0,20.0,19.0,True,0.0,-0.0131627988168429,31.749890694999998,30.38337212602972,31.38765409668509,31.79041379641549
P49821,5XTD,"NADH dehydrogenase [ubiquinone] flavoprotein 1, mitochondrial",3.7,EM,True,,8191,1.0,20.0,19.0,True,0.0,-0.0131627988168429,31.749890694999998,30.38337212602972,31.38765409668509,31.79041379641549
F2CTW7,7EU3,Photosynthetic NDH subunit of subcomplex L2,3.7,EM,True,,5399,1.0,10.0,9.0,True,0.0,-0.0428413898738917,32.985097120000006,28.03056046732856,31.36220563181398,32.402904977838766
I6U847,6CFW,MBH subunit,3.7,EM,True,,2530,1.0,10.0,9.0,True,0.0,0.0136858832118421,14.642429805,20.008132180987204,19.29901875140792,21.58895589111177
I6U851,6CFW,NADH-plastoquinone oxidoreductase subunit,3.7,EM,True,,2530,1.0,10.0,9.0,True,0.0,0.0136858832118421,14.642429805,20.008132180987204,19.29901875140792,21.58895589111177
I6UQL1,6CFW,Monovalent cation/H+ antiporter subunit G,3.7,EM,True,,2530,1.0,10.0,9.0,True,0.0,0.0136858832118421,14.642429805,20.008132180987204,19.29901875140792,21.58895589111177
I6UQL5,6CFW,Monovalent cation/H+ antiporter subunit D,3.7,EM,True,,2530,1.0,10.0,9.0,True,0.0,0.0136858832118421,14.642429805,20.008132180987204,19.29901875140792,21.58895589111177
I6UQM0,6CFW,Mbh13 NADH dehydrogenase subunit,3.7,EM,True,,2530,1.0,10.0,9.0,True,0.0,0.0136858832118421,14.642429805,20.008132180987204,19.29901875140792,21.58895589111177
I6UZT7,6CFW,Monovalent cation/H+ antiporter subunit F,3.7,EM,True,,2530,1.0,10.0,9.0,True,0.0,0.0136858832118421,14.642429805,20.008132180987204,19.29901875140792,21.58895589111177
I6UZU1,6CFW,Monovalent cation/H+ antiporter subunit C,3.7,EM,True,,2530,1.0,10.0,9.0,True,0.0,0.0136858832118421,14.642429805,20.008132180987204,19.29901875140792,21.58895589111177
I6V287,6CFW,MBH subunit,3.7,EM,True,,2530,1.0,10.0,9.0,True,0.0,0.0136858832118421,14.642429805,20.008132180987204,19.29901875140792,21.58895589111177
Q9ET38,3X29,Claudin-19,3.7,X-ray,True,,283,1.0,1.0,0.0,False,0.0,0.030774570291923,1.785716355,7.287425857199851,6.730580579441093,7.539304806920752
Q9FF53,6QIM,Probable aquaporin PIP2-4,3.7,X-ray,True,,974,4.0,4.0,0.0,False,0.002,-0.0160928506919886,26.579577465000003,27.89748836132013,29.02091139407689,29.08701132412438
P31780,6I1X,Type II secretion system protein D,3.7,EM,True,,7290,15.0,15.0,0.0,False,0.0,-0.0706800759597433,93.815775425,54.912689232090806,64.1825081230959,54.64658159279116
I6TXN1,6CFW,Monovalent cation/H+ antiporter subunit E,3.7,EM,True,,2530,1.0,10.0,9.0,True,0.0,0.0136858832118421,14.642429805,20.008132180987204,19.29901875140792,21.58895589111177
I6TXN5,6CFW,Monovalent cation/H+ antiporter subunit B,3.7,EM,True,,2530,1.0,10.0,9.0,True,0.0,0.0136858832118421,14.642429805,20.008132180987204,19.29901875140792,21.58895589111177
P29992,7TRY,Guanine nucleotide-binding protein subunit alpha-11,3.7,EM,True,,1211,1.0,1.0,0.0,False,0.0,0.0287931712202787,5.353888110000001,13.06764913908857,12.165537158558577,13.054483961209844
Q9UI09,5XTD,NADH dehydrogenase [ubiquinone] 1 alpha subcomplex subunit 12,3.7,EM,True,,8191,1.0,20.0,19.0,True,0.0,-0.0131627988168429,31.749890694999998,30.38337212602972,31.38765409668509,31.79041379641549
P28331,5XTD,"NADH-ubiquinone oxidoreductase 75 kDa subunit, mitochondrial",3.7,EM,True,,8191,1.0,20.0,19.0,True,0.0,-0.0131627988168429,31.749890694999998,30.38337212602972,31.38765409668509,31.79041379641549
A0QQ39,6LAR,ESX-3 secretion system ATPase EccB3,3.7,EM,True,,3020,4.0,8.0,4.0,True,0.017,0.0017089213875215,72.10478342,48.03489975835885,47.83840976914082,47.90789643026197
A0QQ40,6LAR,ESX-3 secretion system protein EccC3,3.7,EM,True,,3020,4.0,8.0,4.0,True,0.017,0.0017089213875215,72.10478342,48.03489975835885,47.83840976914082,47.90789643026197
F2DWH9,7EU3,Photosynthetic NDH subunit of subcomplex B5,3.7,EM,True,,5399,1.0,10.0,9.0,True,0.0,-0.0428413898738917,32.985097120000006,28.03056046732856,31.36220563181398,32.402904977838766
A0QQ46,6LAR,ESX-3 secretion system protein EccD3,3.7,EM,True,,3020,4.0,8.0,4.0,True,0.017,0.0017089213875215,72.10478342,48.03489975835885,47.83840976914082,47.90789643026197
A0QQ48,6LAR,ESX-3 secretion system protein EccE3,3.7,EM,True,,3020,4.0,8.0,4.0,True,0.017,0.0017089213875215,72.10478342,48.03489975835885,47.83840976914082,47.90789643026197
P42027,7A23,PSST,3.7,EM,True,,7354,3.0,15.0,12.0,True,0.107,0.0072107808551348,68.21716867500001,44.72383726476716,43.91740954521224,46.5984969679492
A0A161CFW5,8AP9,ATP synthase gamma subunit,3.7,EM,True,,1285,10.0,10.0,0.0,False,0.0,-0.0252149117201631,14.298007639999998,20.274002722753668,21.565018410897025,21.333535066986364
F2D138,7EU3,NAD(P)H-quinone oxidoreductase subunit M,3.7,EM,True,,5399,1.0,10.0,9.0,True,0.0,-0.0428413898738917,32.985097120000006,28.03056046732856,31.36220563181398,32.402904977838766
F6SG69,7S8U,Solute carrier family 15 member 1,3.7,EM,True,,667,1.0,1.0,0.0,False,0.0,-0.0319611389976577,9.03963894,15.974971415960445,17.27614157716097,16.962919684222886
P43681,6CNJ,Neuronal acetylcholine receptor subunit alpha-4,3.7,EM,True,,1814,5.0,5.0,0.0,False,0.016,0.0459887884791102,24.249960004999995,27.915112213495483,24.848606434742763,27.78309199702766
Q9M9B4,7A23,PDSW,3.7,EM,True,,7354,3.0,15.0,12.0,True,0.107,0.0072107808551348,68.21716867500001,44.72383726476716,43.91740954521224,46.5984969679492
P69378,7EU3,"NAD(P)H-quinone oxidoreductase subunit 4L, chloroplastic",3.7,EM,True,,5399,1.0,10.0,9.0,True,0.0,-0.0428413898738917,32.985097120000006,28.03056046732856,31.36220563181398,32.402904977838766
A0A1D8ND94,7B0N,Subunit NIAM of NADH:Ubiquinone Oxidoreductase (Complex I),3.7,EM,True,,8092,1.0,20.0,19.0,True,0.0,0.0436655192870742,31.293304475,33.184904429334914,29.877398377210888,31.561001545819103
A0A1D8NDL1,7B0N,Subunit NI2M of NADH:Ubiquinone Oxidoreductase (Complex I),3.7,EM,True,,8092,1.0,20.0,19.0,True,0.0,0.0436655192870742,31.293304475,33.184904429334914,29.877398377210888,31.561001545819103
A0A1D8NKB4,7B0N,Subunit NUXM of NADH:Ubiquinone Oxidoreductase (Complex I),3.7,EM,True,,8092,1.0,20.0,19.0,True,0.0,0.0436655192870742,31.293304475,33.184904429334914,29.877398377210888,31.561001545819103
A0A1D8NJR0,7B0N,subunit NI9M of protein NADH:Ubiquinone Oxidoreductase (Complex I),3.7,EM,True,,8092,1.0,20.0,19.0,True,0.0,0.0436655192870742,31.293304475,33.184904429334914,29.877398377210888,31.561001545819103
F2CUR7,7EU3,NAD(P)H-quinone oxidoreductase subunit L,3.7,EM,True,,5399,1.0,10.0,9.0,True,0.0,-0.0428413898738917,32.985097120000006,28.03056046732856,31.36220563181398,32.402904977838766
Q9FMV1,7A23,CAL1,3.7,EM,True,,7354,3.0,15.0,12.0,True,0.107,0.0072107808551348,68.21716867500001,44.72383726476716,43.91740954521224,46.5984969679492
A0A1D8N3C8,7B0N,Subunit NB4M of protein NADH:Ubiquinone Oxidoreductase (Complex I),3.7,EM,True,,8092,1.0,20.0,19.0,True,0.0,0.0436655192870742,31.293304475,33.184904429334914,29.877398377210888,31.561001545819103
Q9FX83,7A23,TYKY,3.7,EM,True,,7354,3.0,15.0,12.0,True,0.107,0.0072107808551348,68.21716867500001,44.72383726476716,43.91740954521224,46.5984969679492
Q53H12,7CGP,"Acylglycerol kinase, mitochondrial",3.7,EM,True,,1569,1.0,2.0,1.0,True,0.0,0.1480359134311838,0.1547631100000001,2.2569916105302124,1.4684273003659256,2.2195185948657765
P56556,5XTD,NADH dehydrogenase [ubiquinone] 1 alpha subcomplex subunit 6,3.7,EM,True,,8191,1.0,20.0,19.0,True,0.0,-0.0131627988168429,31.749890694999998,30.38337212602972,31.38765409668509,31.79041379641549
A0A1D8N596,7B0N,Subunit NIDM of NADH:Ubiquinone Oxidoreductase (Complex I),3.7,EM,True,,8092,1.0,20.0,19.0,True,0.0,0.0436655192870742,31.293304475,33.184904429334914,29.877398377210888,31.561001545819103
P56181,5XTD,"NADH dehydrogenase [ubiquinone] flavoprotein 3, mitochondrial",3.7,EM,True,,8191,1.0,20.0,19.0,True,0.0,-0.0131627988168429,31.749890694999998,30.38337212602972,31.38765409668509,31.79041379641549
A0A1D8N5V2,7B0N,Subunit N7BM of NADH:Ubiquinone Oxidoreductase (Complex I),3.7,EM,True,,8092,1.0,20.0,19.0,True,0.0,0.0436655192870742,31.293304475,33.184904429334914,29.877398377210888,31.561001545819103
Q9NX14,5XTD,"NADH dehydrogenase [ubiquinone] 1 beta subcomplex subunit 11, mitochondrial",3.7,EM,True,,8191,1.0,20.0,19.0,True,0.0,-0.0131627988168429,31.749890694999998,30.38337212602972,31.38765409668509,31.79041379641549
Q9M9R9,7A23,B12-1,3.7,EM,True,,7354,3.0,15.0,12.0,True,0.107,0.0072107808551348,68.21716867500001,44.72383726476716,43.91740954521224,46.5984969679492
P92432,7EU3,"NAD(P)H-quinone oxidoreductase subunit 1, chloroplastic",3.7,EM,True,,5399,1.0,10.0,9.0,True,0.0,-0.0428413898738917,32.985097120000006,28.03056046732856,31.36220563181398,32.402904977838766
Q47450,6CD2,PapGII adhesin protein,3.7,X-ray,True,,1258,1.0,1.0,0.0,False,0.0,-0.0161076736351918,15.863827835,22.194877276652186,23.063583876367066,22.471344491592177
A1E9J6,7EU3,"NAD(P)H-quinone oxidoreductase subunit 3, chloroplastic",3.7,EM,True,,5399,1.0,10.0,9.0,True,0.0,-0.0428413898738917,32.985097120000006,28.03056046732856,31.36220563181398,32.402904977838766
A0A1D8NNZ0,7B0N,Subunit NIPM of NADH:Ubiquinone Oxidoreductase (Complex I),3.7,EM,True,,8092,1.0,20.0,19.0,True,0.0,0.0436655192870742,31.293304475,33.184904429334914,29.877398377210888,31.561001545819103
P70057,5VMS,Potassium voltage-gated channel subfamily KQT member 1,3.7,EM,True,,1948,4.0,4.0,0.0,False,0.0,0.0214987062935983,44.278331555,38.398833310276586,36.461768034599686,37.54228373138773
Q16795,5XTD,"NADH dehydrogenase [ubiquinone] 1 alpha subcomplex subunit 9, mitochondrial",3.7,EM,True,,8191,1.0,20.0,19.0,True,0.0,-0.0131627988168429,31.749890694999998,30.38337212602972,31.38765409668509,31.79041379641549
Q8U0Z6,6CFW,Membrane-bound hydrogenase subunit alpha,3.7,EM,True,,2530,1.0,10.0,9.0,True,0.0,0.0136858832118421,14.642429805,20.008132180987204,19.29901875140792,21.58895589111177
Q16718,5XTD,NADH dehydrogenase [ubiquinone] 1 alpha subcomplex subunit 5,3.7,EM,True,,8191,1.0,20.0,19.0,True,0.0,-0.0131627988168429,31.749890694999998,30.38337212602972,31.38765409668509,31.79041379641549
Q03395,7ZW1,Rod outer segment membrane protein 1,3.7,EM,True,,760,2.0,2.0,0.0,False,0.002,-0.018378277856215,7.566844035,14.80310087606392,15.487640370638305,15.519669015643812
Q07307,5I6C,Uric acid-xanthine permease,3.7,X-ray,True,,948,2.0,2.0,0.0,False,0.013,0.0071444152940736,25.878335354999997,29.384217769331496,28.89209759958521,28.700749086872307
A0A1H6PPE5,7B0N,GRIM-19,3.7,EM,True,,8092,1.0,20.0,19.0,True,0.0,0.0436655192870742,31.293304475,33.184904429334914,29.877398377210888,31.561001545819103
A0A1H6PKH9,7B0N,Subunit NB8M of NADH:Ubiquinone Oxidoreductase (Complex I),3.7,EM,True,,8092,1.0,20.0,19.0,True,0.0,0.0436655192870742,31.293304475,33.184904429334914,29.877398377210888,31.561001545819103
A0A1H6PJS3,7B0N,Subunit NI8M of NADH:Ubiquinone Oxidoreductase (Complex I),3.7,EM,True,,8092,1.0,20.0,19.0,True,0.0,0.0436655192870742,31.293304475,33.184904429334914,29.877398377210888,31.561001545819103
A0A1D8NC63,7B0N,NADH dehydrogenase [ubiquinone] 1 alpha subcomplex subunit 1,3.7,EM,True,,8092,1.0,20.0,19.0,True,0.0,0.0436655192870742,31.293304475,33.184904429334914,29.877398377210888,31.561001545819103
A0A1D8N7X0,7B0N,Subunit NUYM of NADH:Ubiquinone Oxidoreductase (Complex I),3.7,EM,True,,8092,1.0,20.0,19.0,True,0.0,0.0436655192870742,31.293304475,33.184904429334914,29.877398377210888,31.561001545819103
P03897,5XTD,NADH-ubiquinone oxidoreductase chain 3,3.7,EM,True,,8191,1.0,20.0,19.0,True,0.0,-0.0131627988168429,31.749890694999998,30.38337212602972,31.38765409668509,31.79041379641549
P03901,5XTD,NADH-ubiquinone oxidoreductase chain 4L,3.7,EM,True,,8191,1.0,20.0,19.0,True,0.0,-0.0131627988168429,31.749890694999998,30.38337212602972,31.38765409668509,31.79041379641549
S5U4R9,7B0N,NADH dehydrogenase subunit 2,3.7,EM,True,,8092,1.0,20.0,19.0,True,0.0,0.0436655192870742,31.293304475,33.184904429334914,29.877398377210888,31.561001545819103
S5TMS4,7B0N,NADH-ubiquinone oxidoreductase chain 3,3.7,EM,True,,8092,1.0,20.0,19.0,True,0.0,0.0436655192870742,31.293304475,33.184904429334914,29.877398377210888,31.561001545819103
S5U3V2,7B0N,NADH-ubiquinone oxidoreductase chain 1,3.7,EM,True,,8092,1.0,20.0,19.0,True,0.0,0.0436655192870742,31.293304475,33.184904429334914,29.877398377210888,31.561001545819103
S5U3X7,7B0N,NADH-ubiquinone oxidoreductase chain 6,3.7,EM,True,,8092,1.0,20.0,19.0,True,0.0,0.0436655192870742,31.293304475,33.184904429334914,29.877398377210888,31.561001545819103
P03886,5XTD,NADH-ubiquinone oxidoreductase chain 1,3.7,EM,True,,8191,1.0,20.0,19.0,True,0.0,-0.0131627988168429,31.749890694999998,30.38337212602972,31.38765409668509,31.79041379641549
P03891,5XTD,NADH-ubiquinone oxidoreductase chain 2,3.7,EM,True,,8191,1.0,20.0,19.0,True,0.0,-0.0131627988168429,31.749890694999998,30.38337212602972,31.38765409668509,31.79041379641549
Q12809,5VA1,Potassium voltage-gated channel subfamily H member 2,3.7,EM,True,,2240,4.0,4.0,0.0,False,0.0,0.0112035712913175,45.753081835,39.20537694318527,38.17924557553804,38.16236139372996
S5TMP9,7B0N,NADH-ubiquinone oxidoreductase chain 4,3.7,EM,True,,8092,1.0,20.0,19.0,True,0.0,0.0436655192870742,31.293304475,33.184904429334914,29.877398377210888,31.561001545819103
A8DS70,6O2N,ADP-ribosyltransferase binding component,3.7,EM,True,,4613,7.0,7.0,0.0,False,0.0,0.0120701447471526,6.113780445,13.396184895799276,12.992071075749958,13.950185509879914
Q12770,6M49,"Sterol regulatory element-binding protein cleavage-activating protein,Sterol regulatory element-binding protein cleavage-activating protein",3.7,EM,True,,420,1.0,2.0,1.0,True,0.0,0.0193789651888076,6.646115845,13.523230331127872,12.846756748409248,14.5448423098576
S5TF58,7B0N,NADH-ubiquinone oxidoreductase chain 5,3.7,EM,True,,8092,1.0,20.0,19.0,True,0.0,0.0436655192870742,31.293304475,33.184904429334914,29.877398377210888,31.561001545819103
Q8U0Z7,6CFW,Membrane-bound hydrogenase subunit beta,3.7,EM,True,,2530,1.0,10.0,9.0,True,0.0,0.0136858832118421,14.642429805,20.008132180987204,19.29901875140792,21.58895589111177
W8L932,6Q53,Light-harvesting protein B:800-850 subunit beta,3.701,X-ray,True,,197,2.0,4.0,2.0,True,0.027,0.034445098176287,0.6691823400000001,2.811503661918464,2.429967270422045,4.615271979868606
A0A5S8WF94,6Q53,light-harvesting protein subunit alpha,3.701,X-ray,True,,197,2.0,4.0,2.0,True,0.027,0.034445098176287,0.6691823400000001,2.811503661918464,2.429967270422045,4.615271979868606
Q14957,8E93,"Glutamate receptor ionotropic, NMDA 2C",3.71,EM,True,,2320,2.0,4.0,2.0,True,0.055,-0.1060430507031613,7.225174740000001,12.27673334792319,16.136336888076265,15.16523837315919
Q1LCD8,4K0E,Heavy metal cation tricomponent efflux pump ZneA(CzcA-like),3.713,X-ray,True,,2876,3.0,3.0,0.0,False,0.015,-0.0163725250554757,51.20551825,39.15540623952809,40.741797658625885,40.37229580558866
O82238,7AR7,NADH dehydrogenase [ubiquinone] iron-sulfur protein 5-A,3.72,EM,True,,7595,1.0,19.0,18.0,True,0.0,-0.1196222605850149,12.454931594999998,19.55304761296536,25.269399878762965,19.911122164336565
Q5XHB4,7Y5H,Zinc transporter 8,3.72,EM,True,,600,2.0,2.0,0.0,False,0.0,0.0333430365365236,14.712595805,20.92247465510317,19.190721029224576,21.640620823251968
P50443,7XLM,Sulfate transporter,3.73,EM,True,,1190,2.0,2.0,0.0,False,0.0,-0.0026492976595097,33.786905684999994,32.78630821637671,32.99482512177016,32.79436857616688
A0A0H2UQH5,7PAF,LicB protein,3.75,EM,True,,780,2.0,2.0,0.0,False,0.0,0.0586907159052962,19.841598824999995,27.043268132992267,23.503343264643,25.13120980711073
Q98SW5,6D32,"Smoothened,Soluble cytochrome b562,Smoothened",3.751,X-ray,True,,573,1.0,1.0,0.0,False,0.0,0.0296572680272929,4.728882229999999,12.74181048584622,11.868544194062356,12.268862882956393
A0A0H3KP92,5KHS,Putative RND superfamily efflux pump membrane protein,3.758,X-ray,True,,1705,2.0,2.0,0.0,False,0.001,-0.0398476272170569,23.17251810500001,26.730848232813557,29.32816779359994,27.158868902431085
Q8QFV0,5U76,Potassium channel subfamily T member 1,3.76,EM,True,,3512,4.0,4.0,0.0,False,0.0,0.0358838169324191,43.43601388500001,39.18189111762268,35.97960657234164,37.18348105814181
E1B792,5TQQ,Chloride channel protein,3.76,EM,True,,1206,2.0,2.0,0.0,False,0.0,0.0161970366322124,26.539574555000005,29.146921998467334,28.01707705037572,29.065114752858413
P28222,6G79,5-hydroxytryptamine receptor 1B,3.78,EM,True,,860,1.0,1.0,0.0,False,0.0,0.0696411317041105,4.740914485,13.097148053928994,11.043938926420934,12.2844615271791
P19573,7QBA,Nitrous-oxide reductase,3.78,EM,True,,2698,2.0,2.0,0.0,False,0.032,0.1147712644681041,12.022162710000003,22.74480859445321,17.356396868851572,19.562140076952502
P04578,7AEJ,"Envelope glycoprotein gp160,Envelope glycoprotein gp160",3.8,X-ray,True,,551,2.0,2.0,0.0,False,0.037,0.2626368617926119,1.8172259849999997,8.277198628429884,3.483216011518886,7.605530858891947
Q12349,6CP3,"ATP synthase subunit H, mitochondrial",3.8,EM,True,,5104,1.0,14.0,13.0,True,0.0,-0.2435539737766077,10.25480192,6.8989531278203735,17.45971288679136,18.067110538192093
Q9HW00,8BH1,Probable peptidoglycan glycosyltransferase FtsW,3.8,EM,True,,1195,1.0,4.0,3.0,True,0.0,0.0028108537695787,0.12884382,1.4861998521991866,1.4725381015555836,2.0251484310954795
Q9HVZ6,8BH1,Cell division protein FtsL,3.8,EM,True,,1195,1.0,4.0,3.0,True,0.0,0.0028108537695787,0.12884382,1.4861998521991866,1.4725381015555836,2.0251484310954795
P09457,6CP3,"ATP synthase subunit 5, mitochondrial",3.8,EM,True,,5104,1.0,14.0,13.0,True,0.0,-0.2435539737766077,10.25480192,6.8989531278203735,17.45971288679136,18.067110538192093
Q9HXZ6,8BH1,Cell division protein FtsB,3.8,EM,True,,1195,1.0,4.0,3.0,True,0.0,0.0028108537695787,0.12884382,1.4861998521991866,1.4725381015555836,2.0251484310954795
P08190,4J3O,Protein FimG,3.8,X-ray,True,,1554,1.0,2.0,1.0,True,0.0,-0.0293990083809186,17.175397864999994,22.65160030424955,24.3013664619698,23.381828285165103
Q9BUN8,7CZB,Derlin-1,3.8,EM,True,,776,4.0,4.0,0.0,False,0.0,-0.1385134341651439,31.115263935,29.127503034527702,39.58950860317276,31.471091690197937
P0C247,3J5Q,Kappa-theraphotoxin-Cg1a 1,3.8,EM,True,,2492,4.0,4.0,0.0,False,0.0,0.0179483870113165,40.70012517,38.0587994653114,36.50834290409623,35.99340524391758
P08189,4J3O,Protein FimF,3.8,X-ray,True,,1554,1.0,2.0,1.0,True,0.0,-0.0293990083809186,17.175397864999994,22.65160030424955,24.3013664619698,23.381828285165103
Q8CD54,6KG7,Piezo-type mechanosensitive ion channel component 2,3.8,EM,True,,5454,3.0,3.0,0.0,False,0.0,0.033217777674099,320.30592339,97.5040389513794,89.45415972799887,100.97353218456055
Q74D23,6VK9,Geopilin domain 1 protein,3.8,EM,False,no_TM_span,2640,0.0,,,,,,,,,
A0A1S3TZB2,7JRP,Cytochrome c oxidase subunit 2,3.8,EM,True,,5472,1.0,20.0,19.0,True,0.0,-0.0041199470597608,10.548444474999998,17.969216367330816,18.150401330254176,18.323957433516608
Q16348,7PMY,Solute carrier family 15 member 2,3.8,EM,True,,659,1.0,1.0,0.0,False,0.0,-0.0199073334823546,8.600267810000002,15.663669110754212,16.45417550043576,16.5455440156896
P11151,6U7M,Lipoprotein lipase,3.8,EM,False,no_TM_span,417,0.0,,,,,,,,,
O60669,7BP3,Monocarboxylate transporter 2,3.8,EM,True,,788,2.0,2.0,0.0,False,0.0,-0.0035623638503096,21.66783702,25.555474496310325,25.780008624180727,26.26230518382788
P21306,6CP3,"ATP synthase subunit epsilon, mitochondrial",3.8,EM,True,,5104,1.0,14.0,13.0,True,0.0,-0.2435539737766077,10.25480192,6.8989531278203735,17.45971288679136,18.067110538192093
P15391,7JIC,B-lymphocyte antigen CD19,3.8,EM,True,,842,2.0,2.0,0.0,False,0.056,0.0607981741202257,2.7439194750000007,9.704450041073343,8.340769877367801,9.345676517966671
P18508,6DW0,Gamma-aminobutyric acid receptor subunit gamma-2,3.8,EM,True,,1532,5.0,5.0,0.0,False,0.036,0.0479120730110288,17.688308350000003,24.54183972821542,21.8133368423401,23.728386834490657
P18357,8EXR,Beta-lactam sensor/signal transducer BlaR1,3.8,EM,True,,590,2.0,3.0,1.0,True,0.101,-0.0679614099935881,12.13301336,17.434206426929425,20.639612267031225,19.65211973729046
Q74D22,6VK9,Geopilin domain 2 protein,3.8,EM,False,no_TM_span,2640,0.0,,,,,,,,,
A0A1S3TUX2,7JRP,COX7a,3.8,EM,True,,5472,1.0,20.0,19.0,True,0.0,-0.0041199470597608,10.548444474999998,17.969216367330816,18.150401330254176,18.323957433516608
P15431,6DW0,"Gamma-aminobutyric acid receptor subunit beta-1,Gamma-aminobutyric acid receptor subunit beta-1",3.8,EM,True,,1532,5.0,5.0,0.0,False,0.036,0.0479120730110288,17.688308350000003,24.54183972821542,21.8133368423401,23.728386834490657
A1CWT6,6D7W,Mitochondrial calcium uniporter,3.8,EM,True,,1088,4.0,4.0,0.0,False,0.011,-0.0651859104818556,8.985594709999997,14.675570561717144,17.32140980900082,16.9121365576138
Q9SU56,7A24,GLDH,3.8,EM,True,,6253,1.0,11.0,10.0,True,0.0,0.0042901169920659,12.586733990000004,18.64370430209105,18.437611906286214,20.01619809999529
Q5Y388,7WCO,Capsid protein,3.8,EM,True,,1195,5.0,10.0,5.0,True,0.0,-0.091738446019076,37.36024076,28.235259767320716,35.82789468264019,34.48497351617748
A0A1S3V319,7JRP,Cytochrome c oxidase subunit 5C,3.8,EM,True,,5472,1.0,20.0,19.0,True,0.0,-0.0041199470597608,10.548444474999998,17.969216367330816,18.150401330254176,18.323957433516608
G3XDA7,8BH1,Cell division protein FtsQ,3.8,EM,True,,1195,1.0,4.0,3.0,True,0.0,0.0028108537695787,0.12884382,1.4861998521991866,1.4725381015555836,2.0251484310954795
P41783,6PEP,Protein PrgH,3.8,EM,True,,5729,1.0,4.0,3.0,True,0.0,0.3974085216837878,0.4438814449999999,6.002196443476239,2.4170493698325344,3.758880847234274
P41594,7FD8,Metabotropic glutamate receptor 5,3.8,EM,True,,1528,2.0,2.0,0.0,False,0.0,0.0028576410689358,13.93970024,20.89842185629649,20.75395417530108,21.06453036939243
G3XD46,8BH1,"Peptidoglycan D,D-transpeptidase FtsI",3.8,EM,True,,1195,1.0,4.0,3.0,True,0.0,0.0028108537695787,0.12884382,1.4861998521991866,1.4725381015555836,2.0251484310954795
A0A1S3V7C2,7JRP,COX7c,3.8,EM,True,,5472,1.0,20.0,19.0,True,0.0,-0.0041199470597608,10.548444474999998,17.969216367330816,18.150401330254176,18.323957433516608
B3LH69,7TMT,H(+)-transporting two-sector ATPase,3.8,EM,True,,8221,1.0,14.0,13.0,True,0.0,0.0315713104000776,8.609240984999998,16.48336059396746,15.22903193336814,16.554173244424426
C6K2K4,7F57,Neuropilin and tolloid-like protein 2,3.8,EM,True,,3468,4.0,5.0,1.0,True,0.009,-0.0443415117122791,18.122006650000003,20.995082006233524,23.551017819636964,24.017522507917835
D6QZ20,7ZEB,NADH dehydrogenase [ubiquinone] 1 beta subcomplex subunit 6,3.8,EM,True,,8195,1.0,20.0,19.0,True,0.0,-0.0045883000394918,31.474614205,30.7934751970918,31.142027793983523,31.652299861577628
A0A1S3UMA0,7JRP,"cytochrome c oxidase subunit 6a, mitochondrial",3.8,EM,True,,5472,1.0,20.0,19.0,True,0.0,-0.0041199470597608,10.548444474999998,17.969216367330816,18.150401330254176,18.323957433516608
A4WH64,6W8U,pilin,3.8,EM,True,,5740,3.0,3.0,0.0,False,0.0,0.0962945152030963,3.693073080000001,10.54635317156378,8.040637395823929,10.8422399519805
A0A1S3TNX9,7JRP,COX4,3.8,EM,True,,5472,1.0,20.0,19.0,True,0.0,-0.0041199470597608,10.548444474999998,17.969216367330816,18.150401330254176,18.323957433516608
A0A0E7XN74,7B0K,Drug/metabolite transporter (DMT) superfamily permease,3.8,X-ray,True,,255,1.0,1.0,0.0,False,0.0,0.0206505274371646,6.861064164999998,14.895834854373325,14.163409796083313,14.778174966689338
Q96G97,6DS5,Seipin,3.8,EM,False,no_TM_span,1760,0.0,,,,,,,,,
Q91V14,7D14,Solute carrier family 12 member 5,3.8,EM,True,,1700,2.0,2.0,0.0,False,0.0,0.0032040338811865,28.3175267,29.19777544430972,28.96690886689337,30.022905756910763
A0A097PBL3,7DR2,Photosystem I P700 chlorophyll a apoprotein A1,3.8,EM,True,,8588,8.0,30.0,22.0,True,0.023,0.0116530173500713,303.9955496149999,100.49753779437415,97.7464255405024,98.36909514594994
Q8IWU4,6XPD,Zinc transporter 8,3.8,EM,True,,606,2.0,2.0,0.0,False,0.0,0.0414389347959334,12.003885210000004,19.75093567740354,17.80689295221586,19.547264092343944
P62813,6DW0,"Gamma-aminobutyric acid receptor subunit alpha-1,Gamma-aminobutyric acid receptor subunit alpha-1",3.8,EM,True,,1532,5.0,5.0,0.0,False,0.036,0.0479120730110288,17.688308350000003,24.54183972821542,21.8133368423401,23.728386834490657
P62532,7LHG,Fimbrial adapter PapK,3.8,EM,True,,1492,1.0,2.0,1.0,True,0.0,-0.0166448044962121,17.386570584999994,23.06562314672487,24.00539399232453,23.5251297638032
P9WNP9,7NPR,ESX-5 secretion system protein EccD5,3.82,EM,True,,9802,22.0,22.0,0.0,False,0.085,0.0051704986235978,260.06506970500004,90.8588403564248,89.72979927519081,90.98421991652076
P9WNA5,7NPR,ESX-5 secretion system protein EccC5,3.82,EM,True,,9802,22.0,22.0,0.0,False,0.085,0.0051704986235978,260.06506970500004,90.8588403564248,89.72979927519081,90.98421991652076
O53945,7NPR,Mycosin-5,3.82,EM,True,,9802,22.0,22.0,0.0,False,0.085,0.0051704986235978,260.06506970500004,90.8588403564248,89.72979927519081,90.98421991652076
Q5JW98,6YTL,Calcium homeostasis modulator protein 4,3.82,EM,True,,5874,11.0,11.0,0.0,False,0.0,0.0213209304403907,109.4189843,57.49968140485758,54.47980757759556,59.01622187066789
P68806,3HZQ,Large-conductance mechanosensitive channel,3.82,X-ray,True,,376,4.0,4.0,0.0,False,0.0,0.0273627383769302,10.57135208,23.935800217535004,22.7311495321296,18.34384331974513
P9WNQ9,7NPR,ESX-5 secretion system ATPase EccB5,3.82,EM,True,,9802,22.0,22.0,0.0,False,0.085,0.0051704986235978,260.06506970500004,90.8588403564248,89.72979927519081,90.98421991652076
Q08749,6LO8,Mitochondrial import inner membrane translocase subunit TIM18,3.83,EM,True,,997,1.0,4.0,3.0,True,0.0,0.6277240488815093,0.0974077099999997,4.0903294119343245,1.4375463285377037,1.7608474403969128
P47045,6LO8,Mitochondrial import inner membrane translocase subunit TIM54,3.83,EM,True,,997,1.0,4.0,3.0,True,0.0,0.6277240488815093,0.0974077099999997,4.0903294119343245,1.4375463285377037,1.7608474403969128
P33421,6LO8,"Succinate dehydrogenase [ubiquinone] cytochrome b subunit, mitochondrial",3.83,EM,True,,997,1.0,4.0,3.0,True,0.0,0.6277240488815093,0.0974077099999997,4.0903294119343245,1.4375463285377037,1.7608474403969128
P32830,6LO8,Mitochondrial import inner membrane translocase subunit TIM12,3.83,EM,True,,997,1.0,4.0,3.0,True,0.0,0.6277240488815093,0.0974077099999997,4.0903294119343245,1.4375463285377037,1.7608474403969128
P87108,6LO8,Mitochondrial import inner membrane translocase subunit TIM10,3.83,EM,True,,997,1.0,4.0,3.0,True,0.0,0.6277240488815093,0.0974077099999997,4.0903294119343245,1.4375463285377037,1.7608474403969128
O74700,6LO8,Mitochondrial import inner membrane translocase subunit TIM9,3.83,EM,True,,997,1.0,4.0,3.0,True,0.0,0.6277240488815093,0.0974077099999997,4.0903294119343245,1.4375463285377037,1.7608474403969128
Q12328,6LO8,Mitochondrial import inner membrane translocase subunit TIM22,3.83,EM,True,,997,1.0,4.0,3.0,True,0.0,0.6277240488815093,0.0974077099999997,4.0903294119343245,1.4375463285377037,1.7608474403969128
P77338,7UW5,Mechanosensitive channel MscK,3.84,EM,True,,5061,7.0,7.0,0.0,False,0.0,0.0048451910479142,172.890661215,73.15321021122216,72.290563483738,74.18409984193848
A0A2X3II39,7EFO,Lipopolysaccharide export system ATP-binding protein LptB,3.85,EM,True,,916,2.0,2.0,0.0,False,0.014,0.0288098600025164,11.279051369999998,19.79238607864337,18.48225804210332,18.94791164705448
Q9Z218,7W6T,Dipeptidyl aminopeptidase-like protein 6,3.85,EM,True,,3934,2.0,6.0,4.0,True,0.0,-0.1109218660117154,3.0104028300000025,6.757292748696735,9.363240951237865,9.788978405250786
A0A1Y0Q3P9,7EFO,Lipopolysaccharide export system permease protein LptF,3.85,EM,True,,916,2.0,2.0,0.0,False,0.014,0.0288098600025164,11.279051369999998,19.79238607864337,18.48225804210332,18.94791164705448
A0A1Y0Q3C0,7EFO,LPS export ABC transporter permease LptG,3.85,EM,True,,916,2.0,2.0,0.0,False,0.014,0.0288098600025164,11.279051369999998,19.79238607864337,18.48225804210332,18.94791164705448
Q8WWI5,7WWB,Choline transporter-like protein 1,3.86,EM,True,,666,2.0,2.0,0.0,False,0.0,0.0551409806192767,40.83739597999999,36.562573564448655,31.79123964767396,36.05405229157492
M4NKV9,6OQ5,Toxin B,3.87,X-ray,False,no_TM_span,2346,0.0,,,,,,,,,
O75908,7N6Q,Sterol O-acyltransferase 2,3.87,EM,True,,1500,4.0,4.0,0.0,False,0.0,0.0806438035323456,73.21940323500002,51.091862868942286,41.74813028044491,48.276764504446575
D0MDD4,6F0K,Cytochrome c family protein,3.87,EM,True,,2504,2.0,4.0,2.0,True,0.076,0.0228503172735025,20.688028710000008,26.54277194263817,25.135467382114506,25.66165244883325
D0MDD6,6F0K,Polysulphide reductase NrfD,3.87,EM,True,,2504,2.0,4.0,2.0,True,0.076,0.0228503172735025,20.688028710000008,26.54277194263817,25.135467382114506,25.66165244883325
D0MDD7,6F0K,ActD,3.87,EM,True,,2504,2.0,4.0,2.0,True,0.076,0.0228503172735025,20.688028710000008,26.54277194263817,25.135467382114506,25.66165244883325
D0MDD9,6F0K,ActF,3.87,EM,True,,2504,2.0,4.0,2.0,True,0.076,0.0228503172735025,20.688028710000008,26.54277194263817,25.135467382114506,25.66165244883325
Q9LKC7,7EWK,"Chlorophyll a-b binding protein, chloroplastic",3.88,EM,True,,3110,2.0,12.0,10.0,True,0.006,0.0161059208926364,39.97573889499999,36.05997260823569,34.68111278672141,35.671659476088834
Q2V2S7,7WG5,"NAD(P)H-quinone oxidoreductase subunit M, chloroplastic",3.89,EM,True,,11881,7.0,35.0,28.0,True,0.058,0.0116992205551955,331.324894625,105.6523122211255,102.76881014759697,102.69566178663058
Q9CAC5,7WG5,"NAD(P)H-quinone oxidoreductase subunit L, chloroplastic",3.89,EM,True,,11881,7.0,35.0,28.0,True,0.058,0.0116992205551955,331.324894625,105.6523122211255,102.76881014759697,102.69566178663058
Q9LVM2,7WG5,"NAD(P)H-quinone oxidoreductase subunit N, chloroplastic",3.89,EM,True,,11881,7.0,35.0,28.0,True,0.058,0.0116992205551955,331.324894625,105.6523122211255,102.76881014759697,102.69566178663058
P56753,7WG5,"NAD(P)H-quinone oxidoreductase subunit H, chloroplastic",3.89,EM,True,,11881,7.0,35.0,28.0,True,0.058,0.0116992205551955,331.324894625,105.6523122211255,102.76881014759697,102.69566178663058
P56754,7WG5,"NAD(P)H-quinone oxidoreductase subunit J, chloroplastic",3.89,EM,True,,11881,7.0,35.0,28.0,True,0.058,0.0116992205551955,331.324894625,105.6523122211255,102.76881014759697,102.69566178663058
P56755,7WG5,"NAD(P)H-quinone oxidoreductase subunit I, chloroplastic",3.89,EM,True,,11881,7.0,35.0,28.0,True,0.058,0.0116992205551955,331.324894625,105.6523122211255,102.76881014759697,102.69566178663058
P56756,7WG5,"NAD(P)H-quinone oxidoreductase subunit K, chloroplastic",3.89,EM,True,,11881,7.0,35.0,28.0,True,0.058,0.0116992205551955,331.324894625,105.6523122211255,102.76881014759697,102.69566178663058
A0A178WB24,7WG5,NdhO,3.89,EM,True,,11881,7.0,35.0,28.0,True,0.058,0.0116992205551955,331.324894625,105.6523122211255,102.76881014759697,102.69566178663058
A0A1B1W4Z0,7WG5,"NAD(P)H-quinone oxidoreductase chain 4, chloroplastic",3.89,EM,True,,11881,7.0,35.0,28.0,True,0.058,0.0116992205551955,331.324894625,105.6523122211255,102.76881014759697,102.69566178663058
P09732,4FG0,Polyprotein,3.899,X-ray,False,no_TM_span,1158,0.0,,,,,,,,,
V9JN72,5XTH,NADH-ubiquinone oxidoreductase chain 4L,3.9,EM,True,,20734,2.0,33.0,31.0,True,0.08,-0.0974246427676555,69.06175944000002,35.90937872414675,46.87224070667381,46.88607553101319
A0A1S3UYW0,6X89,NADH dehydrogenase [ubiquinone] 1 alpha subcomplex subunit 13-A,3.9,EM,True,,5732,1.0,12.0,11.0,True,0.0,0.0125736538715351,13.155599805,19.54920547905884,18.93168248569746,20.463522366907046
A0A1S3UIW7,6X89,"NADH dehydrogenase [ubiquinone] iron-sulfur protein 4, mitochondrial",3.9,EM,True,,5732,1.0,12.0,11.0,True,0.0,0.0125736538715351,13.155599805,19.54920547905884,18.93168248569746,20.463522366907046
P02748,6DLW,Complement component C9,3.9,EM,False,no_TM_span,10120,0.0,,,,,,,,,
A0A1S3TQ85,6X89,"NADH dehydrogenase [ubiquinone] iron-sulfur protein 1, mitochondrial",3.9,EM,True,,5732,1.0,12.0,11.0,True,0.0,0.0125736538715351,13.155599805,19.54920547905884,18.93168248569746,20.463522366907046
Q9Y6R1,6CAA,Electrogenic sodium bicarbonate cotransporter 1,3.9,EM,True,,954,2.0,2.0,0.0,False,0.0,-0.0116073423766124,33.5419148,31.585540973463893,32.49579587439762,32.67525528955268
A0A1S3TCK0,6X89,uncharacterized protein LOC106754061,3.9,EM,True,,5732,1.0,12.0,11.0,True,0.0,0.0125736538715351,13.155599805,19.54920547905884,18.93168248569746,20.463522366907046
A0A1S3TGE7,6X89,"Protein At2g27730, mitochondrial",3.9,EM,True,,5732,1.0,12.0,11.0,True,0.0,0.0125736538715351,13.155599805,19.54920547905884,18.93168248569746,20.463522366907046
P62815,6VQ6,"V-type proton ATPase subunit B, brain isoform",3.9,EM,True,,8454,1.0,15.0,14.0,True,0.0,0.0199855311549781,8.993936470000003,16.868046130056246,16.056474404630997,16.919984911665686
P62942,7EPD,"Metabotropic glutamate receptor 2,Peptidylprolyl isomerase",3.9,EM,True,,1569,2.0,2.0,0.0,False,0.01,0.0190477521481487,13.329727874999998,21.17564018581561,20.23398765402398,20.59850519516441
D3ZIM6,6VQ6,Ribonuclease K,3.9,EM,True,,8454,1.0,15.0,14.0,True,0.0,0.0199855311549781,8.993936470000003,16.868046130056246,16.056474404630997,16.919984911665686
P63081,6VQ6,V-type proton ATPase 16 kDa proteolipid subunit,3.9,EM,True,,8454,1.0,15.0,14.0,True,0.0,0.0199855311549781,8.993936470000003,16.868046130056246,16.056474404630997,16.919984911665686
P01730,6MEO,T-cell surface glycoprotein CD4,3.9,EM,True,,887,1.0,1.0,0.0,False,0.0,0.0096278690342064,5.0483192950000015,12.185628519758293,11.892714683323844,12.67647403740837
Q8HAX7,5XTH,NADH-ubiquinone oxidoreductase chain 6,3.9,EM,True,,20734,2.0,33.0,31.0,True,0.08,-0.0974246427676555,69.06175944000002,35.90937872414675,46.87224070667381,46.88607553101319
P0AB58,7T6D,Lipopolysaccharide assembly protein B,3.9,EM,False,empty_slab,1184,1.0,,,,,,,,,
P57764,6VFE,"Gasdermin-D, N-terminal",3.9,EM,True,,7887,33.0,33.0,0.0,False,0.0,-0.0153350602503534,349.432133925,106.45273912770152,110.3342714966469,105.46454512234234
P63246,3J7R,Ribosomal protein RACK1,3.9,EM,False,empty_slab,11986,3.0,,,,,,,,,
F1RAX4,5SY1,STRA6,3.9,EM,True,,1466,2.0,2.0,0.0,False,0.0,0.0511706472852754,30.396064254999995,33.966408119976464,30.14638586600705,31.105253179236843
Q84V02,7UWB,"V-type proton ATPase subunit c""",3.9,EM,True,,7683,1.0,12.0,11.0,True,0.0,-0.0105823544514585,9.098736274999998,15.285752506768016,15.717976775249356,17.01827755124348
A0A4X1TV07,3J7R,Sec61 alpha subunit,3.9,EM,False,empty_slab,11986,3.0,,,,,,,,,
Q5EB76,6VQ6,V-type proton ATPase subunit e 2,3.9,EM,True,,8454,1.0,15.0,14.0,True,0.0,0.0199855311549781,8.993936470000003,16.868046130056246,16.056474404630997,16.919984911665686
Q03032,6IWW,Probable oxaloacetate decarboxylase gamma chain,3.9,EM,True,,1386,3.0,6.0,3.0,True,0.0,0.0056696515612609,35.59436522499999,33.316823554955945,32.85880475885168,33.66012231640584
B2RLE9,7SAT,Por secretion system protein porL/gldL,3.9,EM,True,,822,2.0,7.0,5.0,True,0.002,-0.0300362925035853,0.64329383,3.5389587876244093,3.865161316326528,4.525116416292898
C3TPJ2,7OJF,Outer membrane protein assembly factor BamA,3.9,EM,True,,2332,1.0,14.0,13.0,True,0.0,0.0352464719768387,9.233926479999996,17.6813455416039,16.231087894923743,17.144241268945937
P42345,7EPD,Isoform 3 of Metabotropic glutamate receptor 7,3.9,EM,True,,1569,2.0,2.0,0.0,False,0.01,0.0190477521481487,13.329727874999998,21.17564018581561,20.23398765402398,20.59850519516441
Q9KX51,3CHX,PmoC,3.9,X-ray,True,,2415,3.0,12.0,9.0,True,0.0,0.0176570531976477,34.25830555,33.094462740246186,31.695076916342654,33.02235203687046
Q9KX50,3CHX,PmoB,3.9,X-ray,True,,2415,3.0,12.0,9.0,True,0.0,0.0176570531976477,34.25830555,33.094462740246186,31.695076916342654,33.02235203687046
P50408,6VQ6,V-type proton ATPase subunit F,3.9,EM,True,,8454,1.0,15.0,14.0,True,0.0,0.0199855311549781,8.993936470000003,16.868046130056246,16.056474404630997,16.919984911665686
B9EE38,5XTH,NADH-ubiquinone oxidoreductase chain 3,3.9,EM,True,,20734,2.0,33.0,31.0,True,0.08,-0.0974246427676555,69.06175944000002,35.90937872414675,46.87224070667381,46.88607553101319
Q5FVI6,6VQ6,V-type proton ATPase subunit C 1,3.9,EM,True,,8454,1.0,15.0,14.0,True,0.0,0.0199855311549781,8.993936470000003,16.868046130056246,16.056474404630997,16.919984911665686
Q4GWZ2,3J7R,Ribosomal protein uS2,3.9,EM,False,empty_slab,11986,3.0,,,,,,,,,
Q50541,3CHX,PmoA,3.9,X-ray,True,,2415,3.0,12.0,9.0,True,0.0,0.0176570531976477,34.25830555,33.094462740246186,31.695076916342654,33.02235203687046
P0DH92,7UWB,V-type proton ATPase subunit c,3.9,EM,True,,7683,1.0,12.0,11.0,True,0.0,-0.0105823544514585,9.098736274999998,15.285752506768016,15.717976775249356,17.01827755124348
H9PGF0,5XTH,NADH-ubiquinone oxidoreductase chain 1,3.9,EM,True,,20734,2.0,33.0,31.0,True,0.08,-0.0974246427676555,69.06175944000002,35.90937872414675,46.87224070667381,46.88607553101319
A0A1S3VNK7,6X89,NADH dehydrogenase [ubiquinone] 1 alpha subcomplex subunit 12,3.9,EM,True,,5732,1.0,12.0,11.0,True,0.0,0.0125736538715351,13.155599805,19.54920547905884,18.93168248569746,20.463522366907046
A6TIG0,7JSV,Pilin,3.9,EM,False,no_TM_span,2706,0.0,,,,,,,,,
A0A1S3TU57,6X89,NADH dehydrogenase [ubiquinone] 1 alpha subcomplex subunit 1,3.9,EM,True,,5732,1.0,12.0,11.0,True,0.0,0.0125736538715351,13.155599805,19.54920547905884,18.93168248569746,20.463522366907046
A0A1S3TVC7,6X89,NADH dehydrogenase [ubiquinone] 1 alpha subcomplex subunit 2,3.9,EM,True,,5732,1.0,12.0,11.0,True,0.0,0.0125736538715351,13.155599805,19.54920547905884,18.93168248569746,20.463522366907046
Q05787,5V7V,ERAD-associated E3 ubiquitin-protein ligase component HRD3,3.9,EM,False,no_TM_span,613,0.0,,,,,,,,,
A0A1S3W1K8,6X89,NADH dehydrogenase [ubiquinone] 1 alpha subcomplex subunit 6,3.9,EM,True,,5732,1.0,12.0,11.0,True,0.0,0.0125736538715351,13.155599805,19.54920547905884,18.93168248569746,20.463522366907046
A0A1S3U023,6X89,"NADH dehydrogenase [ubiquinone] 1 alpha subcomplex subunit 5, mitochondrial",3.9,EM,True,,5732,1.0,12.0,11.0,True,0.0,0.0125736538715351,13.155599805,19.54920547905884,18.93168248569746,20.463522366907046
Q6AXS4,6VQ8,Renin receptor,3.9,EM,True,,8451,1.0,15.0,14.0,True,0.0,0.0280727937105383,7.685507635000002,15.980413561827874,14.926613502093058,15.640885718403242
A0A1S3VI15,6X89,NDUX1,3.9,EM,True,,5732,1.0,12.0,11.0,True,0.0,0.0125736538715351,13.155599805,19.54920547905884,18.93168248569746,20.463522366907046
B0K022,6VQ8,"ATPase, H+ transporting, V0 subunit B (Predicted), isoform CRA_a",3.9,EM,True,,8451,1.0,15.0,14.0,True,0.0,0.0280727937105383,7.685507635000002,15.980413561827874,14.926613502093058,15.640885718403242
Q08109,6VK1,ERAD-associated E3 ubiquitin-protein ligase HRD1,3.9,EM,True,,882,1.0,1.0,0.0,False,0.0,-0.0364323378105796,8.574641255,15.5380093735005,16.98255520412009,16.52087492218825
Q0Z8U2,3J7R,Ribosomal protein uS3,3.9,EM,False,empty_slab,11986,3.0,,,,,,,,,
Q0P9C4,5NBD,WlaB protein,3.9,X-ray,True,,1128,2.0,2.0,0.0,False,0.0,-0.048314215100633,11.308529474999998,16.43891202781358,18.638869578843035,18.97265592924009
Q8ZRY4,6IWW,Oxaloacetate decarboxylase beta chain,3.9,EM,True,,1386,3.0,6.0,3.0,True,0.0,0.0056696515612609,35.59436522499999,33.316823554955945,32.85880475885168,33.66012231640584
Q8R2H0,6VQ6,V-type proton ATPase subunit G,3.9,EM,True,,8454,1.0,15.0,14.0,True,0.0,0.0199855311549781,8.993936470000003,16.868046130056246,16.056474404630997,16.919984911665686
V4UBK8,7UWB,V-type proton ATPase subunit a3,3.9,EM,True,,7683,1.0,12.0,11.0,True,0.0,-0.0105823544514585,9.098736274999998,15.285752506768016,15.717976775249356,17.01827755124348
A0A067F7P5,7UWB,V-type proton ATPase subunit e1,3.9,EM,True,,7683,1.0,12.0,11.0,True,0.0,-0.0105823544514585,9.098736274999998,15.285752506768016,15.717976775249356,17.01827755124348
P25286,6VQ6,V-type proton ATPase 116 kDa subunit a isoform 1,3.9,EM,True,,8454,1.0,15.0,14.0,True,0.0,0.0199855311549781,8.993936470000003,16.868046130056246,16.056474404630997,16.919984911665686
Q6PCU2,6VQ6,V-type proton ATPase subunit E 1,3.9,EM,True,,8454,1.0,15.0,14.0,True,0.0,0.0199855311549781,8.993936470000003,16.868046130056246,16.056474404630997,16.919984911665686
Q6P503,6VQ8,ATPase H+-transporting V1 subunit D,3.9,EM,True,,8451,1.0,15.0,14.0,True,0.0,0.0280727937105383,7.685507635000002,15.980413561827874,14.926613502093058,15.640885718403242
Q70145,6MEO,Envelope glycoprotein gp160,3.9,EM,True,,887,1.0,1.0,0.0,False,0.0,0.0096278690342064,5.0483192950000015,12.185628519758293,11.892714683323844,12.67647403740837
O54715,6VQ6,V-type proton ATPase subunit S1,3.9,EM,True,,8454,1.0,15.0,14.0,True,0.0,0.0199855311549781,8.993936470000003,16.868046130056246,16.056474404630997,16.919984911665686
P24959,6Q9E,Cytochrome b,3.9,EM,True,,3988,2.0,10.0,8.0,True,0.0,0.0505759652299217,23.92782137,29.59099367658009,26.241091968865007,27.597938504371616
A0A1S3V7V2,6X89,"NADH dehydrogenase [ubiquinone] flavoprotein 1, mitochondrial",3.9,EM,True,,5732,1.0,12.0,11.0,True,0.0,0.0125736538715351,13.155599805,19.54920547905884,18.93168248569746,20.463522366907046
Q5EGM4,6YS8,GldL,3.9,EM,True,,737,2.0,7.0,5.0,True,0.002,-0.0729250894214066,0.5825326149999998,2.880572302382291,3.634228714677509,4.306110662523618
Q5EGM3,6YS8,GldM,3.9,EM,True,,737,2.0,7.0,5.0,True,0.002,-0.0729250894214066,0.5825326149999998,2.880572302382291,3.634228714677509,4.306110662523618
Q08DA1,4XE5,Sodium/potassium-transporting ATPase subunit alpha-1,3.901,X-ray,True,,1308,1.0,3.0,2.0,True,0.0,0.0086039500774332,8.449425375000002,15.843092781879438,15.504445359351989,16.39980374710223
G3MWR4,4XE5,Sodium/potassium-transporting ATPase subunit beta,3.901,X-ray,True,,1308,1.0,3.0,2.0,True,0.0,0.0086039500774332,8.449425375000002,15.843092781879438,15.504445359351989,16.39980374710223
Q04645,4XE5,Sodium/potassium-transporting ATPase subunit gamma,3.901,X-ray,True,,1308,1.0,3.0,2.0,True,0.0,0.0086039500774332,8.449425375000002,15.843092781879438,15.504445359351989,16.39980374710223
A9JTM7,6O84,"LOC100127796 protein,LOC100127796 protein,OTOP3,LOC100127796 protein,LOC100127796 protein",3.92,EM,True,,830,2.0,2.0,0.0,False,0.0,-0.0163566831623279,27.906312719999995,28.206857787931668,29.37684947202487,29.804119221531224
A0A6I8WFL6,6JBH,TarH,3.94,EM,True,,1062,2.0,2.0,0.0,False,0.0,0.0583085947036757,17.050938285,24.256156164178343,20.995965336551578,23.296957365341058
A0A6I8WFL7,6JBH,TarG,3.94,EM,True,,1062,2.0,2.0,0.0,False,0.0,0.0583085947036757,17.050938285,24.256156164178343,20.995965336551578,23.296957365341058
Q9RNX2,4R1I,Aminobenzoyl-glutamate transporter,3.959,X-ray,True,,1013,2.0,2.0,0.0,False,0.001,0.0230934980633063,27.51923086,30.679641241082063,29.039262344972837,29.59669448251284
Q8BU91,6RTC,"Solute carrier family 26 member 9,Solute carrier family 26 member 9",3.96,EM,True,,1242,2.0,2.0,0.0,False,0.0,0.0121026072246116,29.970082004999995,30.846871572707805,29.949733660336346,30.886523585425444
Q03519,5U1D,Antigen peptide transporter 2,3.97,EM,True,,1168,2.0,2.0,0.0,False,0.008,-0.046727631328682,12.692344215,17.766231846394106,20.020372402981675,20.099996623089627
Q03518,5U1D,Antigen peptide transporter 1,3.97,EM,True,,1168,2.0,2.0,0.0,False,0.008,-0.046727631328682,12.692344215,17.766231846394106,20.020372402981675,20.099996623089627
A0A0B9X4I2,7MET,ATP-dependent lipid A-core flippase,3.97,EM,True,,1019,2.0,2.0,0.0,False,0.107,-0.0076570235494364,8.37672295,16.18214623310759,16.482223685523888,16.32909589906204
A1B8N8,5DN6,ATP synthase subunit alpha,3.98,X-ray,True,,4682,1.0,13.0,12.0,True,0.0,-0.0397321633634714,4.859998010000001,5.665410241092994,6.8514426692297015,12.437786834547977
A1B619,5DN6,"ATP synthase subunit a,ATP synthase subunit a,ATP synthase subunit a,ATP synthase subunit a",3.98,X-ray,True,,4682,1.0,13.0,12.0,True,0.0,-0.0397321633634714,4.859998010000001,5.665410241092994,6.8514426692297015,12.437786834547977
A1B618,5DN6,ATP synthase F0 subcomplex C subunit,3.98,X-ray,True,,4682,1.0,13.0,12.0,True,0.0,-0.0397321633634714,4.859998010000001,5.665410241092994,6.8514426692297015,12.437786834547977
A1B8N7,5DN6,ATP synthase subunit delta,3.98,X-ray,True,,4682,1.0,13.0,12.0,True,0.0,-0.0397321633634714,4.859998010000001,5.665410241092994,6.8514426692297015,12.437786834547977
A1B8N9,5DN6,ATP synthase gamma chain,3.98,X-ray,True,,4682,1.0,13.0,12.0,True,0.0,-0.0397321633634714,4.859998010000001,5.665410241092994,6.8514426692297015,12.437786834547977
A1B8P0,5DN6,ATP synthase subunit beta,3.98,X-ray,True,,4682,1.0,13.0,12.0,True,0.0,-0.0397321633634714,4.859998010000001,5.665410241092994,6.8514426692297015,12.437786834547977
A1B8P1,5DN6,ATP synthase epsilon chain,3.98,X-ray,True,,4682,1.0,13.0,12.0,True,0.0,-0.0397321633634714,4.859998010000001,5.665410241092994,6.8514426692297015,12.437786834547977
Q9H313,7P5J,Protein tweety homolog 1,4.0,EM,True,,798,2.0,2.0,0.0,False,0.0,0.0022139235796523,8.772817540000002,16.232191406852618,16.14340050245842,16.710698826406283
F1SJ34,5GUP,"Cytochrome c oxidase subunit 5A, mitochondrial",4.0,EM,True,,13920,3.0,44.0,41.0,True,0.079,-0.0016333718682521,76.51890468500001,47.73104998108958,47.9245164696206,49.35253168905389
A0A0B4J1U3,6MID,monoclonal antibody ZIKV-195 light chain,4.0,EM,True,,1965,3.0,4.0,1.0,True,0.0,0.4236359692363138,14.366378525,40.3978810120607,18.655716120522136,21.38448108597916
P0ADC6,6MHU,Lipopolysaccharide export system permease protein LptG,4.0,EM,True,,1112,2.0,2.0,0.0,False,0.046,0.0133418857869882,12.200990525,19.7837798654672,19.15274832210586,19.707094928837837
P15530,8E4C,B-cell antigen receptor complex-associated protein beta chain,4.0,EM,True,,805,2.0,4.0,2.0,True,0.0,0.026999336690599,0.5592255249999998,2.999515491827136,2.7261253231002844,4.219087735681975
Q6LWP3,5Z1L,Flagellin,4.0,EM,True,,3582,4.0,4.0,0.0,False,0.0,0.1338401461335528,4.499032345000001,12.493343134969953,8.64935299301853,11.96698154788476
Q6S3H9,2BG9,"ACETYLCHOLINE RECEPTOR PROTEIN, GAMMA CHAIN",4.0,EM,True,,1849,5.0,5.0,0.0,False,0.001,0.05307457212268,25.767022525,30.01862430181952,26.370623496147736,28.638955999176925
Q1HBG9,5GUP,Cytochrome b,4.0,EM,True,,13920,3.0,44.0,41.0,True,0.079,-0.0016333718682521,76.51890468500001,47.73104998108958,47.9245164696206,49.35253168905389
P29066,6U1N,Beta-arrestin-1,4.0,EM,True,,864,1.0,1.0,0.0,False,0.0,0.0384517930666195,5.997005905000001,13.41024684715697,12.135217620201344,13.81631740755861
P28327,7MTB,Rhodopsin kinase GRK1,4.0,EM,True,,6654,6.0,6.0,0.0,False,0.0,0.0456594019830017,4.726627830000002,13.08903591086384,11.74490295831977,12.265938066859942
F1SDI2,5GUP,Cytochrome b-c1 complex subunit 10,4.0,EM,True,,13920,3.0,44.0,41.0,True,0.079,-0.0016333718682521,76.51890468500001,47.73104998108958,47.9245164696206,49.35253168905389
I6UQN5,6U8Y,Monovalent cation/H+ antiporter subunit E,4.0,EM,True,,6140,4.0,18.0,14.0,True,0.106,-0.0355301438158674,101.88661527500004,52.55183340219614,57.40798055314617,56.94867593881084
I6V2A1,6U8Y,NADH dehydrogenase subunit,4.0,EM,True,,6140,4.0,18.0,14.0,True,0.106,-0.0355301438158674,101.88661527500004,52.55183340219614,57.40798055314617,56.94867593881084
I6UZW2,6U8Y,Monovalent cation/H+ antiporter subunit F,4.0,EM,True,,6140,4.0,18.0,14.0,True,0.106,-0.0355301438158674,101.88661527500004,52.55183340219614,57.40798055314617,56.94867593881084
V5YUQ0,7AJQ,Biopolymer transport protein ExbD,4.0,EM,True,,1222,5.0,6.0,1.0,True,0.01,-0.0185988190260325,17.83637264,22.898291699279778,23.96188340652458,23.827491989233945
A8AAA0,5KYH,Iho670,4.0,EM,True,,5082,3.0,3.0,0.0,False,0.0,0.1199858238389885,2.4113791449999997,7.63478138921609,5.111887450144825,8.761083387292443
Q14831,7EPC,Isoform 3 of Metabotropic glutamate receptor 7,4.0,EM,True,,1564,2.0,2.0,0.0,False,0.0,0.0169428857713338,15.565451419999995,21.933848109088068,21.028731470784543,22.259014061497695
Q14833,7E9H,Metabotropic glutamate receptor 4,4.0,EM,True,,2309,2.0,2.0,0.0,False,0.003,-0.0058916628869528,14.089184629999998,20.555192832083563,20.85463787265139,21.17717345633669
G8IFA6,5GUP,"NADH dehydrogenase [ubiquinone] iron-sulfur protein 4, mitochondrial",4.0,EM,True,,13920,3.0,44.0,41.0,True,0.079,-0.0016333718682521,76.51890468500001,47.73104998108958,47.9245164696206,49.35253168905389
A0PK00,7F73,"MCherry fluorescent protein,Transmembrane protein 120B",4.0,EM,True,,586,2.0,2.0,0.0,False,0.0,-0.0411793374196311,13.55256514,18.212975966766464,20.265680358787503,20.7699674222465
I6U860,6U8Y,Monovalent cation/H+ antiporter subunit B,4.0,EM,True,,6140,4.0,18.0,14.0,True,0.106,-0.0355301438158674,101.88661527500004,52.55183340219614,57.40798055314617,56.94867593881084
P11911,8E4C,"B-cell antigen receptor complex-associated protein alpha chain,Yellow fluorescent protein",4.0,EM,True,,805,2.0,4.0,2.0,True,0.0,0.026999336690599,0.5592255249999998,2.999515491827136,2.7261253231002844,4.219087735681975
I6V2A4,6U8Y,DUF4040 domain-containing protein,4.0,EM,True,,6140,4.0,18.0,14.0,True,0.106,-0.0355301438158674,101.88661527500004,52.55183340219614,57.40798055314617,56.94867593881084
Q6S3I0,2BG9,"ACETYLCHOLINE RECEPTOR PROTEIN, BETA CHAIN",4.0,EM,True,,1849,5.0,5.0,0.0,False,0.001,0.05307457212268,25.767022525,30.01862430181952,26.370623496147736,28.638955999176925
Q6S3H8,2BG9,"ACETYLCHOLINE RECEPTOR PROTEIN, DELTA CHAIN",4.0,EM,True,,1849,5.0,5.0,0.0,False,0.001,0.05307457212268,25.767022525,30.01862430181952,26.370623496147736,28.638955999176925
I6U853,6U8Y,NADH dehydrogenase subunit I,4.0,EM,True,,6140,4.0,18.0,14.0,True,0.106,-0.0355301438158674,101.88661527500004,52.55183340219614,57.40798055314617,56.94867593881084
Q9V3X4,6MLU,Seipin,4.0,EM,False,no_TM_span,306,0.0,,,,,,,,,
V9HW68,6U1N,Fab30 heavy chain,4.0,EM,True,,864,1.0,1.0,0.0,False,0.0,0.0384517930666195,5.997005905000001,13.41024684715697,12.135217620201344,13.81631740755861
F1SKM0,5GUP,"Cytochrome b-c1 complex subunit 1, mitochondrial",4.0,EM,True,,13920,3.0,44.0,41.0,True,0.079,-0.0016333718682521,76.51890468500001,47.73104998108958,47.9245164696206,49.35253168905389
F1SL07,5GUP,"NADH dehydrogenase [ubiquinone] 1 alpha subcomplex subunit 9, mitochondrial",4.0,EM,True,,13920,3.0,44.0,41.0,True,0.079,-0.0016333718682521,76.51890468500001,47.73104998108958,47.9245164696206,49.35253168905389
F1S3W0,5GUP,"Cytochrome b-c1 complex subunit 6, mitochondrial",4.0,EM,True,,13920,3.0,44.0,41.0,True,0.079,-0.0016333718682521,76.51890468500001,47.73104998108958,47.9245164696206,49.35253168905389
F2DMH9,8DQK,Cellulose synthase-like CslF6,4.0,EM,True,,733,1.0,1.0,0.0,False,0.0,-0.0945228910815738,7.043415305,13.552599393104233,16.94936007825801,14.973271933948569
I6TXQ5,6U8Y,Monovalent cation/H+ antiporter subunit G,4.0,EM,True,,6140,4.0,18.0,14.0,True,0.106,-0.0355301438158674,101.88661527500004,52.55183340219614,57.40798055314617,56.94867593881084
I6TXQ1,6U8Y,NADH dehydrogenase subunit M,4.0,EM,True,,6140,4.0,18.0,14.0,True,0.106,-0.0355301438158674,101.88661527500004,52.55183340219614,57.40798055314617,56.94867593881084
A0A1L3MZ94,5XSY,Voltage-gated sodium channel beta subunit 1,4.0,EM,True,,1312,1.0,2.0,1.0,True,0.0,-0.0078866515508335,46.001828664999984,38.8410276410508,39.56532434122994,38.26595986853379
P0AF98,6MHU,Lipopolysaccharide export system permease protein LptF,4.0,EM,True,,1112,2.0,2.0,0.0,False,0.046,0.0133418857869882,12.200990525,19.7837798654672,19.15274832210586,19.707094928837837
P0A9V1,6MHU,Lipopolysaccharide export system ATP-binding protein LptB,4.0,EM,True,,1112,2.0,2.0,0.0,False,0.046,0.0133418857869882,12.200990525,19.7837798654672,19.15274832210586,19.707094928837837
F1RRC9,5GUP,"NADH dehydrogenase [ubiquinone] 1 subunit C1, mitochondrial",4.0,EM,True,,13920,3.0,44.0,41.0,True,0.079,-0.0016333718682521,76.51890468500001,47.73104998108958,47.9245164696206,49.35253168905389
A0A4X1UYT9,5GUP,Cytochrome b-c1 complex subunit 8,4.0,EM,True,,13920,3.0,44.0,41.0,True,0.079,-0.0016333718682521,76.51890468500001,47.73104998108958,47.9245164696206,49.35253168905389
A0A4X1UIV8,5GUP,NADH dehydrogenase [ubiquinone] 1 beta subcomplex subunit 6,4.0,EM,True,,13920,3.0,44.0,41.0,True,0.079,-0.0016333718682521,76.51890468500001,47.73104998108958,47.9245164696206,49.35253168905389
F1RNZ1,5GUP,"Cytochrome b-c1 complex subunit Rieske transit peptide, mitochondrial",4.0,EM,True,,13920,3.0,44.0,41.0,True,0.079,-0.0016333718682521,76.51890468500001,47.73104998108958,47.9245164696206,49.35253168905389
P01872,8E4C,Isoform 2 of Immunoglobulin heavy constant mu,4.0,EM,True,,805,2.0,4.0,2.0,True,0.0,0.026999336690599,0.5592255249999998,2.999515491827136,2.7261253231002844,4.219087735681975
A0A4X1VBN1,5GUP,NADH dehydrogenase [ubiquinone] 1 beta subcomplex subunit 3,4.0,EM,True,,13920,3.0,44.0,41.0,True,0.079,-0.0016333718682521,76.51890468500001,47.73104998108958,47.9245164696206,49.35253168905389
D0FY02,7PIW,Photosystem II reaction center protein H,4.0,EM,True,,14863,3.0,47.0,44.0,True,0.035,0.0028668995481047,24.7394117,27.09844856684639,26.90536582136016,28.062072843040195
D0FXW2,7PIW,Photosystem II reaction center protein J,4.0,EM,True,,14863,3.0,47.0,44.0,True,0.035,0.0028668995481047,24.7394117,27.09844856684639,26.90536582136016,28.062072843040195
D0FXW8,7PIW,Photosystem II D2 protein,4.0,EM,True,,14863,3.0,47.0,44.0,True,0.035,0.0028668995481047,24.7394117,27.09844856684639,26.90536582136016,28.062072843040195
P02719,5XSY,Sodium channel protein,4.0,EM,True,,1312,1.0,2.0,1.0,True,0.0,-0.0078866515508335,46.001828664999984,38.8410276410508,39.56532434122994,38.26595986853379
P02711,2BG9,"ACETYLCHOLINE RECEPTOR PROTEIN, ALPHA CHAIN",4.0,EM,True,,1849,5.0,5.0,0.0,False,0.001,0.05307457212268,25.767022525,30.01862430181952,26.370623496147736,28.638955999176925
Q2EN79,5GUP,Cytochrome b-c1 complex subunit 9,4.0,EM,True,,13920,3.0,44.0,41.0,True,0.079,-0.0016333718682521,76.51890468500001,47.73104998108958,47.9245164696206,49.35253168905389
D3VB22,6GY6,XaxA,4.0,EM,True,,9139,13.0,13.0,0.0,False,0.0,0.0706597247103663,51.60735123999998,44.08093546909124,37.20765555108237,40.5303961237135
I6UQN0,6U8Y,Monovalent cation/H+ antiporter subunit C,4.0,EM,True,,6140,4.0,18.0,14.0,True,0.106,-0.0355301438158674,101.88661527500004,52.55183340219614,57.40798055314617,56.94867593881084
I6UZV7,6U8Y,NADH dehydrogenase subunit N,4.0,EM,True,,6140,4.0,18.0,14.0,True,0.106,-0.0355301438158674,101.88661527500004,52.55183340219614,57.40798055314617,56.94867593881084
