uniprot,entity,pdb,name,resolution,method
O57385,1MC2_1,1MC2,Acutohaemonlysin,0.85,X-ray
W8FKE7,7R25_1,7R25,Lipase,0.87,X-ray
P01559,1ETN_1,1ETN,5-BETA-MERCAPTOPROPIONATE HEAT-STABLE ENTEROTOXIN,0.89,X-ray
P01270,1ET1_1,1ET1,PARATHYROID HORMONE,0.9,X-ray
P49913,5NMN_1,5NMN,Cathelicidin antimicrobial peptide,0.95,X-ray
P01484,1AHO_1,1AHO,TOXIN II,0.96,X-ray
P00593,1G4I_1,1G4I,PHOSPHOLIPASE A2,0.97,X-ray
Q38PT6,2PNE_1,2PNE,6.5 kDa glycine-rich antifreeze protein,0.98,X-ray
P31749,1UNQ_1,1UNQ,RAC-ALPHA SERINE/THREONINE KINASE,0.98,X-ray
P22364,1SFD_1,1SFD,Amicyanin,0.99,X-ray
P03332,1MN8_1,1MN8,Core protein p15,1.0,X-ray
Q53I06,3E7R_1,3E7R,Plectasin,1.0,X-ray
P79073,1R2M_1,1R2M,Hydrophobin II,1.0,X-ray
Q53UJ4,5XQP_1,5XQP,Ice-structuring protein,1.0,X-ray
P21707,1TJX_1,1TJX,similar to synaptotagminI/p65,1.04,X-ray
Q2PAY4,6CNU_2,6CNU,JzTx-V,1.05,X-ray
Q874E9,2CZQ_1,2CZQ,cutinase-like protein,1.05,X-ray
P17728,2YEO_1,2YEO,ALPHA-INSECT TOXIN LQHAIT,1.08,X-ray
A0A1Y1BQV9,7COF_1,7COF,Alpha/beta hydrolase,1.084,X-ray
S5DM51,7AVP_1,7AVP,Bacteriorhodopsin,1.09,X-ray
P50985,1AKG_1,1AKG,ALPHA-CONOTOXIN PNIB,1.1,X-ray
P56638,1A0M_1,1A0M,ALPHA-CONOTOXIN [TYR15]-EPI,1.1,X-ray
P01275,6PHI_1,6PHI,Glucagon,1.1,X-ray
P09215,7LF3_1,7LF3,Protein kinase C delta type,1.13,X-ray
P58242,5KAR_1,5KAR,Acid sphingomyelinase-like phosphodiesterase 3b,1.142,X-ray
F2QVG4,2W2E_1,2W2E,AQUAPORIN PIP2-7 7,1.15,X-ray
P40343,1VFY_1,1VFY,PHOSPHATIDYLINOSITOL-3-PHOSPHATE BINDING FYVE DOMAIN OF PROTEIN VPS27,1.15,X-ray
P44741,3M73_1,3M73,Tellurite resistance protein tehA homolog,1.15,X-ray
Q99685,7ZPG_1,7ZPG,Monoglyceride lipase,1.16,X-ray
P15226,1NPI_1,1NPI,Toxin VII,1.16,X-ray
P14598,1KQ6_1,1KQ6,neutrophil cytosol factor 1,1.18,X-ray
Q41951,5I32_1,5I32,Aquaporin TIP2-1,1.18,X-ray
P60022,1IJV_1,1IJV,Beta-defensin 1,1.2,X-ray
P05067,3JQL_2,3JQL,Amyloid Beta Peptide,1.2,X-ray
P07360,1LF7_1,1LF7,Complement Protein C8gamma,1.2,X-ray
Q26292,2I61_1,2I61,Insect toxin 2,1.2,X-ray
Q1K8B6,5TKG_1,5TKG,Lytic polysaccharide monooxygenase,1.2,X-ray
Q7A1I3,2W5Q_1,2W5Q,PROCESSED GLYCEROL PHOSPHATE LIPOTEICHOIC ACID SYNTHASE,1.2,X-ray
P01175,1XY2_1,1XY2,OXYTOCIN,1.2,X-ray
P01494,2SN3_1,2SN3,SCORPION NEUROTOXIN (VARIANT 3),1.2,X-ray
P45697,1DJT_1,1DJT,ALPHA-LIKE NEUROTOXIN BMK M1,1.2,X-ray
Q5U780,4FKB_1,4FKB,Thermostable organic solvent tolerant lipase,1.22,X-ray
B3A043,3H4X_1,3H4X,Phosphatidylinositol-specific phospholipase C1,1.23,X-ray
P51151,1WMS_1,1WMS,Ras-related protein Rab-9A,1.25,X-ray
P81030,3NEQ_1,3NEQ,Three-finger muscarinic toxin 7,1.25,X-ray
O75747,2WWE_1,2WWE,"PHOSPHOINOSITIDE-3-KINASE, CLASS 2, GAMMA POLYPEPTIDE",1.25,X-ray
Q52369,1M70_1,1M70,Cytochrome c4,1.25,X-ray
C4N147,3PPT_1,3PPT,ReP1-NCXSQ,1.28,X-ray
P47709,2CM5_1,2CM5,RABPHILIN-3A,1.28,X-ray
Q7LST4,3G7N_1,3G7N,Lipase,1.3,X-ray
P00428,7COH_6,7COH,Cytochrome c oxidase subunit 5B,1.3,X-ray
P13183,7COH_11,7COH,Cytochrome c oxidase subunit 7B,1.3,X-ray
P00430,7COH_12,7COH,"Cytochrome c oxidase subunit 7C, mitochondrial",1.3,X-ray
P00426,7COH_5,7COH,Cytochrome c oxidase subunit 5A,1.3,X-ray
P07470,7COH_10,7COH,Cytochrome c oxidase subunit 7A1,1.3,X-ray
P00429,7COH_8,7COH,Cytochrome c oxidase subunit 6B1,1.3,X-ray
P07471,7COH_7,7COH,"Cytochrome c oxidase subunit 6A2, mitochondrial",1.3,X-ray
P10175,7COH_13,7COH,Cytochrome c oxidase subunit 8B,1.3,X-ray
P37957,1ISP_1,1ISP,lipase,1.3,X-ray
P00415,7COH_3,7COH,Cytochrome c oxidase subunit 3,1.3,X-ray
O95750,1PWA_1,1PWA,Fibroblast growth factor-19,1.3,X-ray
P00423,7COH_4,7COH,Cytochrome c oxidase subunit 4 isoform 1,1.3,X-ray
P68530,7COH_2,7COH,Cytochrome c oxidase subunit 2,1.3,X-ray
P00396,7COH_1,7COH,Cytochrome c oxidase subunit 1,1.3,X-ray
A0A0H2UNQ9,2WTS_1,2WTS,PUTATIVE SORTASE,1.3,X-ray
P04038,7COH_9,7COH,Cytochrome c oxidase subunit 6C,1.3,X-ray
P96787,6GUX_1,6GUX,Archaerhodopsin-3,1.3,X-ray
Q9H7P6,3TOW_1,3TOW,Multivesicular body subunit 12B,1.34,X-ray
J3KQA0,7TX9_1,7TX9,Synaptotagmin,1.34,X-ray
P11407,3G8H_1,3G8H,"Phospholipase A2, ammodytoxin C",1.35,X-ray
P21579,7TUA_1,7TUA,Synaptotagmin,1.35,X-ray
Q9SPD4,3GNZ_1,3GNZ,25 kDa protein elicitor,1.35,X-ray
P55260,2ZHJ_1,2ZHJ,Annexin A4,1.35,X-ray
Q96N21,5WFB_1,5WFB,AP-4 complex accessory subunit Tepsin,1.382,X-ray
Q9H7X0,5HGZ_1,5HGZ,N-alpha-acetyltransferase 60,1.383,X-ray
P70158,5FC1_1,5FC1,Acid sphingomyelinase-like phosphodiesterase 3a,1.389,X-ray
Q8QGR0,2VLW_1,2VLW,MUSCARINIC M1-TOXIN1,1.39,X-ray
Q2FXB0,7P8X_1,7P8X,Leucotoxin LukEv,1.4,X-ray
Q9HB21,1EAZ_1,1EAZ,TANDEM PH DOMAIN CONTAINING PROTEIN-1,1.4,X-ray
P41222,3O22_1,3O22,Prostaglandin-H2 D-isomerase,1.4,X-ray
P69681,1U7G_1,1U7G,Probable ammonium transporter,1.4,X-ray
P41597,7P8X_2,7P8X,C-C chemokine receptor type 2,1.4,X-ray
Q9BV40,4WY4_1,4WY4,Vesicle-associated membrane protein 8,1.4,X-ray
P9WQN9,4QDU_1,4QDU,Diacylglycerol acyltransferase/mycolyltransferase Ag85C,1.4,X-ray
P04849,1SVF_2,1SVF,PROTEIN (FUSION GLYCOPROTEIN),1.4,X-ray
P37001,3GP6_1,3GP6,Protein pagP,1.4,X-ray
O95721,4WY4_4,4WY4,Synaptosomal-associated protein 29,1.4,X-ray
Q9I596,2ZWS_1,2ZWS,Neutral ceramidase,1.4,X-ray
Q90VW1,3EBX_1,3EBX,ERABUTOXIN B,1.4,X-ray
P56962,4WY4_2,4WY4,Syntaxin-17,1.4,X-ray
Q9JIS1,2BWQ_1,2BWQ,REGULATING SYNAPTIC MEMBRANE EXOCYTOSIS PROTEIN 2,1.41,X-ray
P16442,2RJ6_1,2RJ6,Glycoprotein-fucosylgalactoside alpha-galactosyltransferase,1.41,X-ray
Q8IYS0,6GN5_1,6GN5,GRAM domain-containing protein 1C,1.41,X-ray
O14684,4YL3_1,4YL3,Prostaglandin E synthase,1.41,X-ray
Q81HW2,7OPH_1,7OPH,Potassium channel protein,1.42,X-ray
Q6ZUM4,3PP2_1,3PP2,Rho GTPase-activating protein 27,1.421,X-ray
P0DOF5,4QKM_1,4QKM,influenza M2 monomer,1.44,X-ray
Q9R0N7,3N5A_1,3N5A,Synaptotagmin-7,1.441,X-ray
B3DUR4,5YKA_1,5YKA,Uncharacterized protein KdoO,1.448,X-ray
P28907,3F6Y_1,3F6Y,ADP-ribosyl cyclase 1,1.45,X-ray
O15530,1W1G_1,1W1G,3-PHOSPHOINOSITIDE DEPENDENT PROTEIN KINASE-1,1.45,X-ray
O27564,3LDC_1,3LDC,Calcium-gated potassium channel mthK,1.45,X-ray
N0DKS8,4XTL_1,4XTL,Sodium pumping rhodopsin,1.45,X-ray
Q9I754,4B62_1,4B62,TSSL1,1.45,X-ray
P43488,2HEW_1,2HEW,Tumor necrosis factor ligand superfamily member 4,1.45,X-ray
Q93K99,5FVN_1,5FVN,OMPC PORIN,1.45,X-ray
Q96JA3,5KDI_1,5KDI,Pleckstrin homology domain-containing family A member 8,1.45,X-ray
P24305,2FGQ_1,2FGQ,Outer membrane porin protein 32,1.45,X-ray
Q0HD59,5UM1_1,5UM1,Matrix protein 2,1.451,X-ray
Q47765,1O82_1,1O82,PEPTIDE ANTIBIOTIC AS-48,1.46,X-ray
Q9Y243,2X18_1,2X18,RAC-GAMMA SERINE/THREONINE-PROTEIN KINASE,1.46,X-ray
B1H267,3HPC_1,3HPC,Snx5 protein,1.47,X-ray
P02945,1M0L_1,1M0L,BACTERIORHODOPSIN,1.47,X-ray
P01123,2BCG_2,2BCG,GTP-binding protein YPT1,1.48,X-ray
Q90249,3I03_1,3I03,Phospholipase A2 homolog bothropstoxin-1,1.48,X-ray
Q9I4G8,5IR4_1,5IR4,Arachidonate 15-lipoxygenase,1.48,X-ray
O66905,5XJ5_1,5XJ5,Glycerol-3-phosphate acyltransferase,1.481,X-ray
Q9HYC5,4M5E_1,4M5E,Uncharacterized protein,1.49,X-ray
P41365,3ICV_1,3ICV,Lipase B,1.49,X-ray
D6QLY2,7PZF_1,7PZF,OmpK36,1.499,X-ray
A0A093VKV7,5FB7_1,5FB7,Envelope glycoprotein,1.5,X-ray
P04002,1WFB_1,1WFB,ANTIFREEZE PROTEIN ISOFORM HPLC6,1.5,X-ray
P14555,1N28_1,1N28,"Phospholipase A2, membrane associated",1.5,X-ray
Q13093,3D59_1,3D59,Platelet-activating factor acetylhydrolase,1.5,X-ray
P12676,1B4V_1,1B4V,PROTEIN (CHOLESTEROL OXIDASE),1.5,X-ray
P18068,2PLT_1,2PLT,PLASTOCYANIN,1.5,X-ray
P00446,1OAL_1,1OAL,SUPEROXIDE DISMUTASE,1.5,X-ray
Q9LS02,2BRJ_1,2BRJ,"ARABIDOPSIS THALIANA GENOMIC DNA, CHROMOSOME 3,",1.5,X-ray
P00451,1D7P_1,1D7P,COAGULATION FACTOR VIII PRECURSOR,1.5,X-ray
P9WIP1,1LMI_1,1LMI,Immunogenic protein MPT63/MPB63,1.5,X-ray
O75608,1FJ2_1,1FJ2,PROTEIN (ACYL PROTEIN THIOESTERASE 1),1.5,X-ray
P0AAI3,1LV7_1,1LV7,FtsH,1.5,X-ray
Q2FXB1,6U2S_1,6U2S,Bi-component leukocidin LukED subunit D,1.5,X-ray
P38713,4IC4_1,4IC4,Oxysterol-binding protein homolog 3,1.5,X-ray
Q388M5,7A1R_1,7A1R,Synaptotagmin,1.5,X-ray
P35844,1ZHX_1,1ZHX,KES1 protein,1.5,X-ray
O60200,5JQM_1,5JQM,"Protein UPS1, mitochondrial,Mitochondrial distribution and morphology protein 35",1.5,X-ray
A0A1P8FCM7,5O77_1,5O77,OmpK35,1.5,X-ray
P25740,2IW1_1,2IW1,LIPOPOLYSACCHARIDE CORE BIOSYNTHESIS PROTEIN RFAG,1.5,X-ray
P11006,5CGO_1,5CGO,ACPC-13 derivative of Ala-Magainin 2,1.5,X-ray
A0A2R4S913,6SU3_1,6SU3,48C12 heliorhodopsin,1.5,X-ray
P00598,1POA_1,1POA,PHOSPHOLIPASE A2,1.5,X-ray
Q8R183,2OR7_1,2OR7,T-cell immunoglobulin and mucin domain-containing protein 2,1.5,X-ray
P38800,5YQJ_1,5YQJ,Membrane-anchored lipid-binding protein LAM4,1.5,X-ray
P04171,1PMY_1,1PMY,PSEUDOAZURIN,1.5,X-ray
P02877,1Q9B_1,1Q9B,Hevein,1.5,X-ray
P16218,2VI0_1,2VI0,Endoglucanase H,1.51,X-ray
W8W3V2,6HHE_1,6HHE,Odorant binding protein OBP69a,1.516,X-ray
P32977,4RJW_1,4RJW,Porin O,1.52,X-ray
G3CEP6,5AX0_1,5AX0,Rhodopsin I,1.521,X-ray
Q9Y6X5,4LQY_1,4LQY,Bis(5'-adenosyl)-triphosphatase ENPP4,1.54,X-ray
P36969,6HKQ_1,6HKQ,Phospholipid hydroperoxide glutathione peroxidase,1.54,X-ray
O43521,4A1U_2,4A1U,ALPHA-BETA-FOLDAMER 2C,1.54,X-ray
Q07817,4A1U_1,4A1U,BCL-2-LIKE PROTEIN 1,1.54,X-ray
Q6H3D7,4H0S_1,4H0S,Basic phospholipase A2 homolog CTs-R6,1.55,X-ray
Q16570,7P93_2,7P93,Atypical chemokine receptor 1,1.55,X-ray
A5F934,6EHB_1,6EHB,Outer membrane protein U,1.55,X-ray
Q96242,3DSK_1,3DSK,"Cytochrome P450 74A, chloroplast",1.55,X-ray
P01468,1TGX_1,1TGX,GAMMA-CARDIOTOXIN,1.55,X-ray
P04054,3ELO_1,3ELO,Phospholipase A2,1.55,X-ray
P59665,3GNY_1,3GNY,Neutrophil defensin 1,1.56,X-ray
Q9EPH0,3LLO_1,3LLO,Prestin,1.57,X-ray
A0A9X9ZA75,7ZOU_1,7ZOU,Synechocystis halorhodopsin,1.58,X-ray
W8VZW3,5B2N_1,5B2N,Chloride pumping rhodopsin,1.581,X-ray
P43155,1NM8_1,1NM8,Carnitine O-acetyltransferase,1.6,X-ray
P0AAJ3,1KQF_2,1KQF,"FORMATE DEHYDROGENASE, NITRATE-INDUCIBLE, IRON-SULFUR SUBUNIT",1.6,X-ray
P30122,2BCE_1,2BCE,CHOLESTEROL ESTERASE,1.6,X-ray
Q8WTQ1,5KI9_1,5KI9,Beta-defensin 104,1.6,X-ray
A0AA82WPB4,7ZN3_1,7ZN3,xenorhodopsin,1.6,X-ray
A6T9G8,5BOV_1,5BOV,Putative epoxide hydrolase protein,1.6,X-ray
P12473,2B4H_1,2B4H,Outer capsid protein VP4,1.6,X-ray
P24183,1KQF_1,1KQF,"FORMATE DEHYDROGENASE, NITRATE-INDUCIBLE, MAJOR SUBUNIT",1.6,X-ray
Q6UV28,1KP4_1,1KP4,phospholipase A2,1.6,X-ray
P27338,1S3E_1,1S3E,Amine oxidase [flavin-containing] B,1.6,X-ray
P00178,1PO5_1,1PO5,Cytochrome P450 2B4,1.6,X-ray
P00083,1CO6_1,1CO6,PROTEIN (CYTOCHROME C2),1.6,X-ray
P0DOE7,2VQP_1,2VQP,MATRIX PROTEIN,1.6,X-ray
P00099,451C_1,451C,CYTOCHROME C551,1.6,X-ray
Q9UNN8,1LQV_1,1LQV,Endothelial protein C receptor,1.6,X-ray
Q9Y6A2,3MDM_1,3MDM,Cholesterol 24-hydroxylase,1.6,X-ray
B9W5G6,4TSQ_1,4TSQ,Fragaceatoxin C,1.6,X-ray
P04070,1LQV_2,1LQV,Vitamin-K dependent protein C,1.6,X-ray
P12838,1ZMM_1,1ZMM,Neutrophil defensin 4,1.6,X-ray
O43426,2VJ0_2,2VJ0,SYNAPTOJANIN-1,1.6,X-ray
Q16832,2WUH_1,2WUH,DISCOIDIN DOMAIN RECEPTOR 2,1.6,X-ray
P60955,5AZB_1,5AZB,Prolipoprotein diacylglyceryl transferase,1.6,X-ray
Q8GTM0,4CQK_1,4CQK,FLOWER-SPECIFIC DEFENSIN,1.6,X-ray
P60623,1RC9_1,1RC9,cysteine-rich secretory protein,1.6,X-ray
Q8MTC1,1OW4_1,1OW4,pheromone binding protein,1.6,X-ray
Q9Y5W9,4IKD_1,4IKD,Sorting nexin-11,1.6,X-ray
Q81BL7,4RYO_1,4RYO,Integral membrane protein,1.6,X-ray
Q7M9V0,4DGF_1,4DGF,SULFATE TRANSPORTER SULFATE TRANSPORTER FAMILY PROTEIN,1.6,X-ray
Q08169,1FCQ_1,1FCQ,HYALURONOGLUCOSAMINIDASE,1.6,X-ray
Q06681,5YQI_1,5YQI,Membrane-anchored lipid-binding protein YSP2,1.6,X-ray
P0C1A2,1PE9_1,1PE9,Pectate lyase A,1.6,X-ray
P0AEK7,1KQF_3,1KQF,"FORMATE DEHYDROGENASE, NITRATE-INDUCIBLE, CYTOCHROME B556(FDN) SUBUNIT",1.6,X-ray
A0A0M3G7Q5,6OM5_1,6OM5,haemophore,1.6,X-ray
P80245,1UG4_1,1UG4,Cytotoxin 6,1.6,X-ray
P17427,2VJ0_1,2VJ0,AP-2 COMPLEX SUBUNIT ALPHA-2,1.6,X-ray
P13794,4RLC_1,4RLC,Outer membrane porin F,1.6,X-ray
O08838,2VJ0_3,2VJ0,AMPHIPHYSIN,1.6,X-ray
A0A6L8PZR0,1RZ2_1,1RZ2,conserved hypothetical protein BA4783,1.6,X-ray
P49121,1S8I_1,1S8I,Phospholipase A2 homolog,1.609,X-ray
Q16647,3B6H_1,3B6H,Prostacyclin synthase,1.62,X-ray
Q06135,2W61_1,2W61,GLYCOLIPID-ANCHORED SURFACE PROTEIN 2,1.62,X-ray
P61869,5CH8_1,5CH8,Mono- and diacylglycerol lipase,1.62,X-ray
Q6K209,6LCQ_1,6LCQ,Defensin-like protein CAL1,1.62,X-ray
Q6YWF1,4RJ9_1,4RJ9,C2 domain-containing protein-like,1.63,X-ray
Q65HR4,6NKC_1,6NKC,"Lipase, Lip_vut1",1.631,X-ray
Q02111,4FKD_1,4FKD,Protein kinase C theta type,1.633,X-ray
Q59UP8,5AF1_1,5AF1,MEP2,1.639,X-ray
Q9I2V0,5B49_1,5B49,"UDP-2,3-diacylglucosamine hydrolase",1.65,X-ray
P27485,1AQB_1,1AQB,RETINOL-BINDING PROTEIN,1.65,X-ray
D6QLY0,5O79_1,5O79,OmpK36,1.65,X-ray
P0AD27,5I5H_1,5I5H,Inner membrane protein YejM,1.65,X-ray
Q3IUY6,3OIZ_1,3OIZ,"Antisigma-factor antagonist, STAS",1.65,X-ray
O67854,2A65_1,2A65,Na(+):neurotransmitter symporter (Snf family),1.65,X-ray
P0A910,1QJP_1,1QJP,OUTER MEMBRANE PROTEIN A,1.65,X-ray
Q01523,1ZMP_1,1ZMP,Defensin 5,1.65,X-ray
Q9FHP6,5A52_1,5A52,CALCIUM-DEPENDENT LIPID-BINDING DOMAIN-CONTAINING PROTEIN,1.65,X-ray
O70632,3LBW_1,3LBW,M2 protein,1.65,X-ray
P39301,4RP9_1,4RP9,Ascorbate-specific permease IIC component UlaA,1.651,X-ray
P22629,1MM9_1,1MM9,Streptavidin,1.66,X-ray
E2FYL5,3W57_1,3W57,C2 domain protein,1.662,X-ray
Q95114,3BN6_1,3BN6,Lactadherin,1.67,X-ray
O00443,6BTY_1,6BTY,Phosphatidylinositol 4-phosphate 3-kinase C2 domain-containing subunit alpha,1.678,X-ray
P61586,3LXR_1,3LXR,Transforming protein RhoA,1.68,X-ray
Q9C4Z5,2F2B_1,2F2B,Aquaporin aqpM,1.68,X-ray
P40485,4A6F_2,4A6F,"PHOSPHATIDYLINOSITOL 4,5-BISPHOSPHATE-BINDING PROTEIN SLM1",1.68,X-ray
Q9I0Y7,5AZP_1,5AZP,Multidrug efflux outer membrane protein OprN,1.69,X-ray
P60061,7O82_1,7O82,Arginine/agmatine antiporter,1.69,X-ray
Q8TDQ0,7M3Y_1,7M3Y,Hepatitis A virus cellular receptor 2,1.69,X-ray
P78583,5XK2_1,5XK2,Diacylglycerol lipase,1.695,X-ray
F9RBV9,4QND_1,4QND,Chemical transport protein,1.698,X-ray
S4UX02,5YLW_1,5YLW,Ferruginol synthase,1.7,X-ray
D5F6K1,6US8_1,6US8,Matrix protein 2,1.7,X-ray
Q15080,1H6H_1,1H6H,NEUTROPHIL CYTOSOL FACTOR 4,1.7,X-ray
Q05655,1YRK_1,1YRK,"Protein kinase C, delta type",1.7,X-ray
P09527,1VG8_1,1VG8,Ras-related protein Rab-7,1.7,X-ray
P10384,3PGU_1,3PGU,Long-chain fatty acid transport protein,1.7,X-ray
P09391,2XTV_1,2XTV,RHOMBOID PROTEASE GLPG,1.7,X-ray
P09216,1GMI_1,1GMI,"PROTEIN KINASE C, EPSILON TYPE",1.7,X-ray
P24605,1Y4L_1,1Y4L,Phospholipase A2 homolog 2,1.7,X-ray
Q8I2X3,3TGH_1,3TGH,Glideosome-associated protein 50,1.7,X-ray
P32916,1NRJ_1,1NRJ,Signal recognition particle receptor alpha subunit homolog,1.7,X-ray
P28472,7A5V_1,7A5V,"Gamma-aminobutyric acid receptor subunit beta-3,Gamma-aminobutyric acid receptor subunit beta-3",1.7,EM
P00626,3G8G_1,3G8G,"Phospholipase A2, ammodytoxin A",1.7,X-ray
O88339,1H0A_1,1H0A,EPSIN,1.7,X-ray
P36057,1NRJ_2,1NRJ,Signal recognition particle receptor beta subunit,1.7,X-ray
Q94IP1,6VBY_1,6VBY,Cinnamic acid 4-hydroxylase,1.7,X-ray
Q9WUL7,1FZQ_1,1FZQ,ADP-RIBOSYLATION FACTOR-LIKE PROTEIN 3,1.7,X-ray
P04273,3NVE_1,3NVE,Major prion protein,1.7,X-ray
A0A0H2WX25,4Q7G_1,4Q7G,Leucotoxin LukDv,1.7,X-ray
P79345,1NEP_1,1NEP,Epididymal secretory protein E1,1.7,X-ray
Q40128,4UJ0_1,4UJ0,FLOWER-SPECIFIC GAMMA-THIONIN-LIKE PROTEIN/ACIDIC PROTEIN,1.7,X-ray
Q5T8D3,3FLV_1,3FLV,Acyl-CoA-binding domain-containing protein 5,1.7,X-ray
A2AR50,2DTC_1,2DTC,RAL GUANINE NUCLEOTIDE EXCHANGE FACTOR RALGPS1A,1.7,X-ray
Q48EL2,3Q34_1,3Q34,YceI-like family protein,1.7,X-ray
Q86WV1,1U5D_1,1U5D,Src Kinase-associated Phosphoprotein of 55 kDa,1.7,X-ray
Q9P8F7,3O0D_1,3O0D,Triacylglycerol lipase,1.7,X-ray
P01543,1BHP_1,1BHP,BETA-PUROTHIONIN,1.7,X-ray
Q9SWS1,4O6Y_1,4O6Y,Probable transmembrane ascorbate ferrireductase 2,1.7,X-ray
Q93VK5,6L8I_1,6L8I,"Protein LUTEIN DEFICIENT 5, chloroplastic",1.7,X-ray
P12263,4MO3_1,4MO3,Coagulation factor VIII,1.702,X-ray
Q48391,4D5B_1,4D5B,CYMA,1.702,X-ray
Q93MW7,5MAL_1,5MAL,Lipase,1.708,X-ray
P9WQN7,1R88_1,1R88,MPT51/MPB51 antigen,1.71,X-ray
B4F366,7B1Z_1,7B1Z,Virulence associated protein VapB,1.71,X-ray
P07845,1GWY_1,1GWY,STICHOLYSIN II,1.71,X-ray
P0CE80,3RLH_1,3RLH,Dermonecrotic toxin LiSicTox-alphaIA1a,1.72,X-ray
O29285,2B2F_1,2B2F,ammonium transporter,1.72,X-ray
O53581,5W95_1,5W95,Conserved membrane protein of uncharacterised function,1.723,X-ray
P0C0Y7,7P0Q_1,7P0Q,Reaction center protein H chain,1.73,X-ray
P0C0Y8,7P0Q_2,7P0Q,Reaction center protein L chain,1.73,X-ray
P0C0Y9,7P0Q_3,7P0Q,Reaction center protein M chain,1.73,X-ray
A6T5R0,7SS7_1,7SS7,"UDP-2,3-diacylglucosamine hydrolase",1.73,X-ray
Q5ZIS0,2H88_4,2H88,"Succinate dehydrogenase cytochrome B, small subunit",1.74,X-ray
Q9YHT2,2H88_2,2H88,Succinate dehydrogenase Ip subunit,1.74,X-ray
Q9YHT1,2H88_1,2H88,SUCCINATE DEHYDROGENASE FLAVOPROTEIN SUBUNIT,1.74,X-ray
Q96L92,4HAS_1,4HAS,Sorting nexin-27,1.74,X-ray
D0VWW3,2H88_3,2H88,"SUCCINATE DEHYDROGENASE CYTOCHROME B, LARGE SUBUNIT",1.74,X-ray
A0A0D5YKR4,5DL7_1,5DL7,Porin,1.75,X-ray
P52956,3GBS_1,3GBS,Cutinase 1,1.75,X-ray
P0A901,1QWD_1,1QWD,Outer membrane lipoprotein blc,1.75,X-ray
P19835,6H1A_1,6H1A,Bile salt-activated lipase,1.75,X-ray
P01538,1OKH_1,1OKH,VISCOTOXIN A3,1.75,X-ray
O35298,5W7D_1,5W7D,Acyloxyacyl hydrolase,1.75,X-ray
Q8I914,1XX1_1,1XX1,Sphingomyelinase I,1.75,X-ray
Q8RNT4,4G32_1,4G32,15S-LIPOXYGENASE,1.75,X-ray
K0J3J2,4HYQ_1,4HYQ,phospholipase A1,1.75,X-ray
P82114,7LYE_1,7LYE,Basic phospholipase A2 homolog BomoTx,1.758,X-ray
P05880,2FX7_3,2FX7,Fragment of HIV glycoprotein (GP41),1.76,X-ray
P24280,7ZG9_1,7ZG9,SEC14 cytosolic factor,1.764,X-ray
Q9HYC4,4LUQ_2,4LUQ,Uncharacterized protein,1.77,X-ray
O43914,4WOL_1,4WOL,TYRO protein tyrosine kinase-binding protein,1.77,X-ray
Q3KK31,3PJV_1,3PJV,Cyclic dimeric GMP binding protein,1.7727,X-ray
P17596,2BS2_2,2BS2,QUINOL-FUMARATE REDUCTASE IRON-SULFUR SUBUNIT B,1.78,X-ray
P17413,2BS2_3,2BS2,QUINOL-FUMARATE REDUCTASE DIHEME CYTOCHROME B SUBUNIT C,1.78,X-ray
Q62768,2CJS_1,2CJS,UNC-13 HOMOLOG A,1.78,X-ray
Q5FBD2,6U3F_1,6U3F,Panton-Valentine Leucocidin F,1.78,X-ray
Q8NFU1,8D1E_1,8D1E,Bestrophin-2,1.78,EM
P17412,2BS2_1,2BS2,QUINOL-FUMARATE REDUCTASE FLAVOPROTEIN SUBUNIT A,1.78,X-ray
Q99P87,1RGX_1,1RGX,Resistin,1.787,X-ray
O34349,6FMX_1,6FMX,Phosphatidylglycerophosphatase B,1.79,X-ray
O64989,6A15_1,6A15,Cytochrome P450 90B1,1.79,X-ray
Q8AXY1,1UMV_1,1UMV,HYPOTENSIVE PHOSPHOLIPASE A2,1.79,X-ray
O00299,1RK4_1,1RK4,CHLORIDE INTRACELLULAR CHANNEL PROTEIN 1,1.792,X-ray
P9WK45,3MH9_1,3MH9,Lipoprotein lprG,1.794,X-ray
B7JBP8,3SX6_1,3SX6,Sulfide-quinone reductase,1.7955,X-ray
Q13393,6U8Z_1,6U8Z,"Phospholipase D1,Phospholipase D1",1.799,X-ray
W6Q990,6L7N_1,6L7N,"Lipase, class 3",1.8,X-ray
P04058,1EA5_1,1EA5,ACETYLCHOLINESTERASE,1.8,X-ray
P9WQP1,1F0N_1,1F0N,ANTIGEN 85B,1.8,X-ray
P9WPG7,6H59_1,6H59,CDP-diacylglycerol--inositol 3-phosphatidyltransferase,1.8,X-ray
P17900,2AG4_1,2AG4,Ganglioside GM2 activator,1.8,X-ray
P77774,3PRW_1,3PRW,Lipoprotein yfgL,1.8,X-ray
B7IE18,6NC9_1,6NC9,Lipid II flippase MurJ,1.8,X-ray
B7FRW2,6A2W_1,6A2W,Protein fucoxanthin chlorophyl a/c protein,1.8,X-ray
P82543,3S8G_3,3S8G,Cytochrome c oxidase polypeptide 2A,1.8,X-ray
P69856,2WJR_1,2WJR,PROBABLE N-ACETYLNEURAMINIC ACID OUTER MEMBRANE CHANNEL PROTEIN NANC,1.8,X-ray
Q9RFC8,4UC1_1,4UC1,Translocator protein TspO,1.8,X-ray
A8ULG6,4I0N_1,4I0N,Necrotic enteritis toxin B,1.8,X-ray
Q0TV31,2WXU_1,2WXU,PHOSPHOLIPASE C,1.8,X-ray
Q9KS51,1YC9_1,1YC9,multidrug resistance protein,1.8,X-ray
Q9N0J9,7MWS_1,7MWS,CD81 protein,1.8,X-ray
A7LAI8,3I48_1,3I48,Beta-hemolysin,1.8,X-ray
A6KYC4,3MYV_1,3MYV,SusD superfamily protein,1.8,X-ray
A4Y035,2FX5_1,2FX5,lipase,1.8,X-ray
P55020,1BXV_1,1BXV,PLASTOCYANIN,1.8,X-ray
P54318,1BU8_1,1BU8,PROTEIN (PANCREATIC LIPASE RELATED PROTEIN 2),1.8,X-ray
P56219,6ATL_1,6ATL,Potassium channel toxin alpha-KTx 4.2,1.8,X-ray
P19619,1HM6_1,1HM6,ANNEXIN 1,1.8,X-ray
O00294,3C5N_1,3C5N,Tubby-related protein 1,1.8,X-ray
P22637,1COY_1,1COY,CHOLESTEROL OXIDASE,1.8,X-ray
Q3TCN2,3FGR_2,3FGR,Putative phospholipase B-like 2 40 kDa form,1.8,X-ray
P55087,3GD8_1,3GD8,Aquaporin-4,1.8,X-ray
Q9BUD6,3D34_1,3D34,Spondin-2,1.8,X-ray
P46934,3B7Y_1,3B7Y,E3 ubiquitin-protein ligase NEDD4,1.8,X-ray
P47934,1NDB_1,1NDB,Carnitine Acetyltransferase,1.8,X-ray
P46925,1LF2_1,1LF2,Plasmepsin 2,1.8,X-ray
P0ABE7,4N6H_1,4N6H,"Soluble cytochrome b562, Delta-type opioid receptor chimeric protein",1.8,X-ray
O70325,5L71_1,5L71,"Phospholipid hydroperoxide glutathione peroxidase, mitochondrial",1.8,X-ray
Q02127,1D3H_1,1D3H,DIHYDROOROTATE DEHYDROGENASE,1.8,X-ray
Q96J02,2NQ3_1,2NQ3,Itchy homolog E3 ubiquitin protein ligase,1.8,X-ray
Q96D42,5F70_1,5F70,Hepatitis A virus cellular receptor 1,1.8,X-ray
P41266,5J81_1,5J81,Envelopment polyprotein,1.8,X-ray
Q5SJ79,3S8G_1,3S8G,Cytochrome c oxidase subunit 1,1.8,X-ray
P0CJ17,6ATY_1,6ATY,Venom protein 51.1,1.8,X-ray
Q6Z2T3,7CJS_1,7CJS,Aquaporin NIP2-1,1.8,X-ray
A0A7G6KN55,7T9Q_1,7T9Q,CpoBD13,1.8,X-ray
P37268,3V66_1,3V66,Squalene synthase,1.8,X-ray
Q5SJ80,3S8G_2,3S8G,Cytochrome c oxidase subunit 2,1.8,X-ray
Q5ZK43,6IYX_1,6IYX,Trimeric intracellular cation channel type A,1.8,X-ray
P0DMH7,1E12_1,1E12,HALORHODOPSIN,1.8,X-ray
P31243,2POR_1,2POR,PORIN,1.8,X-ray
P28845,1XU7_1,1XU7,"Corticosteroid 11-beta-dehydrogenase, isozyme 1",1.8,X-ray
Q8TED1,3KIJ_1,3KIJ,Probable glutathione peroxidase 8,1.8,X-ray
O59952,5AP9_1,5AP9,LIPASE,1.8,X-ray
P02699,7ZBC_1,7ZBC,Rhodopsin,1.8,X-ray
P11889,2DDT_1,2DDT,Sphingomyelin phosphodiesterase,1.8,X-ray
Q61420,6XBO_1,6XBO,CMP-sialic acid transporter,1.8,X-ray
P25871,1AUN_1,1AUN,PR-5D,1.8,X-ray
P22394,1THG_1,1THG,Lipase 2,1.8,X-ray
Q6XLL6,6AVD_1,6AVD,Potassium channel toxin alpha-KTx 6.9,1.8,X-ray
P04156,3NVF_1,3NVF,Major prion protein,1.8,X-ray
P05090,2HZQ_1,2HZQ,Apolipoprotein D,1.8,X-ray
Q9UN19,1FAO_1,1FAO,DUAL ADAPTOR OF PHOSPHOTYROSINE AND 3-PHOSPHOINOSITIDES,1.8,X-ray
P02753,2WR6_1,2WR6,RETINOL-BINDING PROTEIN 4,1.8,X-ray
Q38882,6KZ9_1,6KZ9,Phospholipase D alpha 1,1.801,X-ray
Q8D0Z7,3QRA_1,3QRA,Attachment invasion locus protein,1.801,X-ray
Q8L7J2,3GNR_1,3GNR,Os03g0212800 protein,1.81,X-ray
Q9LT15,7AAQ_1,7AAQ,Sugar transport protein 10,1.81,X-ray
P02784,1H8P_1,1H8P,SEMINAL PLASMA PROTEIN PDC-109,1.82,X-ray
P46096,5VFG_1,5VFG,Synaptotagmin-1,1.82,X-ray
O76090,8D1I_1,8D1I,Bestrophin-1,1.82,EM
A8ALU5,5YS3_1,5YS3,Succinate-Acetate Permease,1.823,X-ray
Q76HJ9,6HCP_1,6HCP,BauA,1.83,X-ray
P08325,2W2R_1,2W2R,MATRIX PROTEIN,1.83,X-ray
P08254,1C3I_1,1C3I,STROMELYSIN-1,1.83,X-ray
Q5ZSQ3,4MXP_1,4MXP,Defects in Rab1 recruitment protein A,1.83,X-ray
Q00855,1XWV_1,1XWV,Der f II,1.83,X-ray
Q9FDJ9,2XBT_1,2XBT,CELLULOSOMAL SCAFFOLDIN,1.832,X-ray
Q8R9C0,4M5B_1,4M5B,Cobalamin biosynthesis protein CbiM,1.833,X-ray
Q8NCC3,4X90_1,4X90,Group XV phospholipase A2,1.84,X-ray
Q1AUE6,6KFQ_1,6KFQ,Rhodopsin,1.84,X-ray
P40709,5I5F_1,5I5F,Inner membrane protein YejM,1.84,X-ray
Q9NY59,5UVG_1,5UVG,"Sphingomyelin phosphodiesterase 3,Sphingomyelin phosphodiesterase 3",1.849,X-ray
Q9I116,6I96_1,6I96,Metal-pseudopaline receptor CntO,1.85,X-ray
Q58609,7B1L_1,7B1L,CDP-diacylglycerol--serine O-phosphatidyltransferase,1.85,X-ray
Q18DH8,4QI1_1,4QI1,Bacteriorhodopsin-I,1.85,X-ray
P17811,2X55_1,2X55,COAGULASE/FIBRINOLYSIN,1.85,X-ray
O15263,6CS9_1,6CS9,Beta-defensin 4A,1.85,X-ray
Q82X47,3B9Y_1,3B9Y,Ammonium transporter family Rh-like protein,1.85,X-ray
P75733,7VU0_1,7VU0,Chitoporin,1.85,X-ray
P30438,1PUO_1,1PUO,"Major allergen I polypeptide, fused chain 2, chain 1",1.85,X-ray
P0DUB8,2ES4_1,2ES4,Lipase,1.85,X-ray
P18895,7ACG_1,7ACG,Alginate biosynthesis protein AlgE,1.85,X-ray
G2WWV6,5XMZ_1,5XMZ,Effector protein PevD1,1.85,X-ray
Q05490,2ES4_2,2ES4,Lipase chaperone,1.85,X-ray
Q03103,3M31_1,3M31,Endoplasmic oxidoreductin-1,1.85,X-ray
U5U6L7,7CZ9_1,7CZ9,Efflux pump membrane transporter,1.85,X-ray
P37650,6TZK_1,6TZK,Cellulose synthase operon protein C,1.852,X-ray
P43261,4E1S_1,4E1S,Intimin,1.855,X-ray
Q6T179,1YXH_1,1YXH,phospholipase A2,1.86,X-ray
P02820,4MZZ_1,4MZZ,Osteocalcin,1.88,X-ray
P50405,6VZD_1,6VZD,Pulmonary surfactant-associated protein B,1.88,X-ray
Q9F1L5,7RF1_15,7RF1,Photosystem II 12 kDa extrinsic protein,1.89,X-ray
Q9F1K9,7RF1_10,7RF1,Photosystem II reaction center protein K,1.89,X-ray
Q8DIQ1,7RF1_2,7RF1,Photosystem II CP47 reaction center protein,1.89,X-ray
P09616,7AHL_1,7AHL,ALPHA-HEMOLYSIN,1.89,X-ray
B3FIS6,6AV8_1,6AV8,U5-theraphotoxin-Hs1b 1,1.89,X-ray
Q8DJI1,7RF1_17,7RF1,Photosystem II reaction center protein Ycf12,1.89,X-ray
Q9XCU0,1DUW_1,1DUW,NONAHEME CYTOCHROME C,1.89,X-ray
Q8DJ43,7RF1_7,7RF1,Photosystem II reaction center protein H,1.89,X-ray
Q6WJ03,1V3E_1,1V3E,hemagglutinin-neuraminidase glycoprotein,1.89,X-ray
Q8DKM3,7RF1_20,7RF1,Photosystem II protein Y,1.89,X-ray
Q8DJZ6,7RF1_8,7RF1,Photosystem II reaction center protein I,1.89,X-ray
P81172,3H0T_3,3H0T,Hepcidin,1.89,X-ray
Q8DIQ0,7RF1_14,7RF1,Photosystem II reaction center protein T,1.89,X-ray
Q8DIP0,7RF1_5,7RF1,Cytochrome b559 subunit alpha,1.89,X-ray
Q8DIN9,7RF1_6,7RF1,Cytochrome b559 subunit beta,1.89,X-ray
Q8DIN8,7RF1_11,7RF1,Photosystem II reaction center protein L,1.89,X-ray
Q8DIF8,7RF1_3,7RF1,Photosystem II CP43 reaction center protein,1.89,X-ray
P0A431,7RF1_13,7RF1,Photosystem II manganese-stabilizing polypeptide,1.89,X-ray
P59087,7RF1_9,7RF1,Photosystem II reaction center protein J,1.89,X-ray
P0A386,7RF1_16,7RF1,Cytochrome c-550,1.89,X-ray
Q9F1R6,7RF1_18,7RF1,Photosystem II reaction center X protein,1.89,X-ray
P0A444,7RF1_1,7RF1,Photosystem II protein D1 1,1.89,X-ray
Q8DHA7,7RF1_12,7RF1,Photosystem II reaction center protein M,1.89,X-ray
Q8CM25,7RF1_4,7RF1,Photosystem II D2 protein,1.89,X-ray
Q8DHJ2,7RF1_19,7RF1,Photosystem II reaction center protein Z,1.89,X-ray
P16469,3RDE_1,3RDE,"Arachidonate 12-lipoxygenase, 12S-type",1.892,X-ray
O14520,6QZI_1,6QZI,Aquaporin-7,1.9,X-ray
P17443,1F0K_1,1F0K,UDP-N-ACETYLGLUCOSAMINE-N-ACETYLMURAMYL-(PENTAPEPTIDE) PYROPHOSPHORYL-UNDECAPRENOL N-ACETYLGLUCOSAMINE TRANSFERASE,1.9,X-ray
Q8DIV4,7YQ7_1,7YQ7,Photosystem II protein D1 3,1.9,X-ray
Q8AVA3,2DDB_1,2DDB,Pseudecin,1.9,X-ray
O16025,3FG3_1,3FG3,Allene oxide synthase-lipoxygenase protein,1.9,X-ray
P75409,4TLV_1,4TLV,ADP-ribosylating toxin CARDS,1.9,X-ray
P01495,2YC1_3,2YC1,BETA-MAMMAL TOXIN CN2,1.9,X-ray
P01869,1ORS_2,1ORS,33H1 Fab heavy chain,1.9,X-ray
P10688,1MAI_1,1MAI,PHOSPHOLIPASE C DELTA-1,1.9,X-ray
P02754,3NQ9_1,3NQ9,Beta-lactoglobulin,1.9,X-ray
P19515,3TGL_1,3TGL,TRIACYL-GLYCEROL ACYLHYDROLASE,1.9,X-ray
Q6B9W9,3RFI_1,3RFI,Asp,1.9,X-ray
Q9TU17,7JKC_1,7JKC,Gap junction alpha-3 protein,1.9,EM
P02749,3OP8_1,3OP8,Beta-2-glycoprotein 1,1.9,X-ray
A0A0U3H1E6,5WUD_1,5WUD,Uncharacterized protein,1.9,X-ray
Q91062,1LSH_2,1LSH,LIPOVITELLIN (LV-2),1.9,X-ray
P39767,3PRN_1,3PRN,PORIN,1.9,X-ray
Q5KYD1,4IKV_1,4IKV,Di-tripeptide ABC transporter (Permease),1.9,X-ray
Q57556,3V5U_1,3V5U,Uncharacterized membrane protein MJ0091,1.9,X-ray
P0A917,1QJ8_1,1QJ8,OUTER MEMBRANE PROTEIN X,1.9,X-ray
P42259,5JJE_2,5JJE,Sensory rhodopsin II transducer,1.9,X-ray
P31100,1OQS_1,1OQS,Phospholipase A2 RV-7,1.9,X-ray
G3XDA5,4FRX_1,4FRX,Anaerobically-induced outer membrane porin OprE,1.9,X-ray
P19957,1FLE_2,1FLE,ELAFIN,1.9,X-ray
P0C216,1GYG_1,1GYG,PHOSPHOLIPASE C,1.9,X-ray
G3XCY8,5FOK_1,5FOK,IRON TRANSPORT OUTER MEMBRANE RECEPTOR,1.9,X-ray
Q8ZPT3,3FID_1,3FID,Putative outer membrane protein (LpxR),1.9,X-ray
Q96AC1,4F7H_1,4F7H,Fermitin family homolog 2,1.9,X-ray
Q2S2F8,3DDL_1,3DDL,Xanthorhodopsin,1.9,X-ray
P12239,3WU2_6,3WU2,Cytochrome b559 subunit beta,1.9,X-ray
P27896,5JEQ_1,5JEQ,Nitrate/nitrite sensor protein NarQ,1.9,X-ray
P12238,3WU2_5,3WU2,Cytochrome b559 subunit alpha,1.9,X-ray
P00128,3CX5_7,3CX5,Cytochrome b-c1 complex subunit 7,1.9,X-ray
P00127,3CX5_6,3CX5,Cytochrome b-c1 complex subunit 6,1.9,X-ray
P00163,3CX5_3,3CX5,CYTOCHROME B,1.9,X-ray
P12241,3WU2_11,3WU2,Photosystem II reaction center protein L,1.9,X-ray
P09681,2QKH_1,2QKH,Glucose-dependent insulinotropic polypeptide,1.9,X-ray
Q9I5I9,2CFU_1,2CFU,SDSA1,1.9,X-ray
O00445,5H4Y_1,5H4Y,Synaptotagmin-5,1.9,X-ray
P26662,3P8N_2,3P8N,HCV non-structural protein 4A,1.9,X-ray
P12259,1CZS_1,1CZS,PROTEIN (COAGULATION FACTOR V),1.9,X-ray
M1K561,7W7S_1,7W7S,Aquaporin 1,1.9,X-ray
M1VAN7,6A6M_1,6A6M,"ATP-binding cassette, sub-family B, member 1",1.9,X-ray
P21742,1WUW_1,1WUW,Beta-hordothionin,1.9,X-ray
Q7DGD4,3WU2_9,3WU2,Photosystem II reaction center protein J,1.9,X-ray
L0RVU0,5MDR_1,5MDR,Chitoporin,1.9,X-ray
P0A077,3LKF_1,3LKF,LEUKOCIDIN F SUBUNIT,1.9,X-ray
P50586,1C8Z_1,1C8Z,TUBBY PROTEIN,1.9,X-ray
P42196,5JJE_1,5JJE,Sensory rhodopsin-2,1.9,X-ray
P0A8K1,7CNW_2,7CNW,Phosphatidylserine decarboxylase alpha chain,1.9,X-ray
A0A6P3CW41,6K6I_1,6K6I,Cyanobacterial chloride importer,1.9,X-ray
P48546,2QKH_2,2QKH,Glucose-dependent insulinotropic polypeptide receptor,1.9,X-ray
P0A387,3WU2_16,3WU2,Cytochrome c-550,1.9,X-ray
P0A334,1R3J_3,1R3J,Voltage-gated potassium channel,1.9,X-ray
P51765,3WU2_1,3WU2,Photosystem Q(B) protein,1.9,X-ray
P50336,3NKS_1,3NKS,Protoporphyrinogen oxidase,1.9,X-ray
P12312,3WU2_12,3WU2,Photosystem II reaction center protein M,1.9,X-ray
P12313,3WU2_14,3WU2,Photosystem II reaction center protein T,1.9,X-ray
P11349,1Q16_2,1Q16,Respiratory nitrate reductase 1 beta chain,1.9,X-ray
P11350,1Q16_3,1Q16,Respiratory nitrate reductase 1 gamma chain,1.9,X-ray
P11373,3DCN_1,3DCN,Cutinase,1.9,X-ray
P11509,1Z10_1,1Z10,"cytochrome P450, family 2, subfamily A, polypeptide 6",1.9,X-ray
P31224,4DX5_1,4DX5,Acriflavine resistance protein B,1.9,X-ray
P29033,7QEQ_1,7QEQ,Gap junction beta-2 protein,1.9,EM
P12240,3WU2_8,3WU2,Photosystem II reaction center protein I,1.9,X-ray
P56152,3WU2_15,3WU2,Photosystem II 12 kDa extrinsic protein,1.9,X-ray
Q9KQW0,6MLT_1,6MLT,Hemolysin-related protein,1.9,X-ray
Q1XA76,2QTS_1,2QTS,Acid-sensing ion channel,1.9,X-ray
Q9KN88,4DGH_1,4DGH,Sulfate permease family protein,1.9,X-ray
D2Z0P1,5Y5S_6,5Y5S,LH1 beta polypeptide,1.9,X-ray
D0VWR7,3WU2_3,3WU2,Photosystem II 44 kDa reaction center protein,1.9,X-ray
D0VWR8,3WU2_4,3WU2,Photosystem II D2 protein,1.9,X-ray
P08067,3CX5_5,3CX5,"Cytochrome b-c1 complex subunit Rieske, mitochondrial",1.9,X-ray
P07602,4DDJ_1,4DDJ,Saposin-A,1.9,X-ray
D0VWR5,3WU2_19,3WU2,Photosystem II reaction center protein Z,1.9,X-ray
P07143,3CX5_4,3CX5,"Cytochrome c1, heme protein, mitochondrial",1.9,X-ray
Q02471,1OQS_2,1OQS,Phospholipase A2 RV-4,1.9,X-ray
D0VWR3,3WU2_17,3WU2,Photosystem II reaction center protein Ycf12,1.9,X-ray
D0VWR2,3WU2_13,3WU2,Photosystem II manganese-stabilizing polypeptide,1.9,X-ray
D2Z0P9,5Y5S_4,5Y5S,Photosynthetic reaction center H subunit,1.9,X-ray
P08525,3CX5_8,3CX5,Cytochrome b-c1 complex subunit 8,1.9,X-ray
P09152,1Q16_1,1Q16,Respiratory nitrate reductase 1 alpha chain,1.9,X-ray
Q9P4F6,4AUP_1,4AUP,PHOSPHOLIPASE A2 GROUP XIII,1.9,X-ray
Q9RLV9,1ZWX_1,1ZWX,sphingomyelinase-c,1.9,X-ray
P00772,1FLE_1,1FLE,ELASTASE,1.9,X-ray
P06907,1NEU_1,1NEU,MYELIN P0 PROTEIN,1.9,X-ray
X0BTD8,5AJH_1,5AJH,CUTINASE,1.9,X-ray
Q9YDF8,1ORS_3,1ORS,potassium channel,1.9,X-ray
P18886,2H4T_1,2H4T,"Carnitine O-palmitoyltransferase II, mitochondrial",1.9,X-ray
P19052,3WU2_7,3WU2,Photosystem II reaction center protein H,1.9,X-ray
O18823,5W7B_2,5W7B,Acyloxyacyl hydrolase large subunit,1.9,X-ray
P19054,3WU2_10,3WU2,Photosystem II reaction center protein K,1.9,X-ray
Q9WMX2,3FQM_1,3FQM,Non-structural protein 5A,1.9,X-ray
D0VWR1,3WU2_2,3WU2,Photosystem II CP47 chlorophyll apoprotein,1.9,X-ray
Q8GR64,1KV9_1,1KV9,TYPE II QUINOHEMOPROTEIN ALCOHOL DEHYDROGENASE,1.9,X-ray
D0VWR4,3WU2_18,3WU2,Photosystem II reaction center protein X,1.9,X-ray
P07257,3CX5_2,3CX5,"Cytochrome b-c1 complex subunit 2, mitochondrial",1.9,X-ray
P07256,3CX5_1,3CX5,"Cytochrome b-c1 complex subunit 1, mitochondrial",1.9,X-ray
D2Z0P3,5Y5S_2,5Y5S,Photosynthetic reaction center L subunit,1.9,X-ray
P63000,2P2L_1,2P2L,Ras-related C3 botulinum toxin substrate 1,1.9,X-ray
D2Z0P2,5Y5S_5,5Y5S,LH1 alpha polypeptide,1.9,X-ray
P59938,6AU7_1,6AU7,Potassium channel toxin gamma-KTx 2.2,1.9,X-ray
P61829,4F4S_1,4F4S,"ATP synthase subunit 9, mitochondrial",1.9,X-ray
P60301,1H0J_1,1H0J,CARDIOTOXIN-3,1.9,X-ray
A8ASG6,5Y5S_3,5Y5S,Photosynthetic reaction center M subunit,1.9,X-ray
D2Z0P5,5Y5S_1,5Y5S,Photosynthetic reaction center cytochrome c subunit,1.9,X-ray
P61914,1IAZ_1,1IAZ,EQUINATOXIN II,1.9,X-ray
P60844,2O9G_1,2O9G,Aquaporin Z,1.9,X-ray
P59666,1DFN_1,1DFN,DEFENSIN HNP-3,1.9,X-ray
P22289,3CX5_9,3CX5,Cytochrome b-c1 complex subunit 9,1.9,X-ray
Q6J8I9,2B6O_1,2B6O,Lens fiber major intrinsic protein,1.9,EM
A1T557,4XU4_1,4XU4,Uncharacterized protein,1.901,X-ray
O27985,4O6M_1,4O6M,"AF2299, a CDP-alcohol phosphotransferase",1.901,X-ray
O75923,4CAH_1,4CAH,DYSFERLIN,1.901,X-ray
Q5Y4Y6,5B5R_1,5B5R,Gasdermin-A3,1.902,X-ray
Q96BM9,2H18_1,2H18,ADP-ribosylation factor-like protein 8A,1.902,X-ray
Q9UBW5,4AVM_1,4AVM,BRIDGING INTEGRATOR 2,1.91,X-ray
P04062,6Q6K_1,6Q6K,Glucosylceramidase,1.92,X-ray
Q6GHN9,6RYO_1,6RYO,Lipoprotein signal peptidase,1.924,X-ray
Q55438,7N8O_20,7N8O,Photosystem II reaction center protein Ycf12,1.93,EM
P10549,7N8O_13,7N8O,Photosystem II manganese-stabilizing polypeptide,1.93,EM
P74787,7N8O_16,7N8O,Photosystem II reaction center protein T,1.93,EM
P16033,7N8O_1,7N8O,Photosystem II protein D1 2,1.93,EM
A6LAN0,3P94_1,3P94,GDSL-like Lipase,1.93,X-ray
E1BF86,8D1N_1,8D1N,Bestrophin,1.93,EM
Q55354,7N8O_11,7N8O,Photosystem II reaction center protein L,1.93,EM
Q54697,7N8O_8,7N8O,Photosystem II reaction center protein I,1.93,EM
Q55013,7N8O_18,7N8O,Cytochrome c-550,1.93,EM
P09193,7N8O_3,7N8O,Photosystem II CP43 reaction center protein,1.93,EM
P09190,7N8O_5,7N8O,Cytochrome b559 subunit alpha,1.93,EM
P09191,7N8O_6,7N8O,Cytochrome b559 subunit beta,1.93,EM
Q9NZM1,6EEL_1,6EEL,Myoferlin,1.93,X-ray
P05429,7N8O_2,7N8O,Photosystem II CP47 reaction center protein,1.93,EM
P15819,7N8O_10,7N8O,Photosystem II reaction center protein K,1.93,EM
P9WN23,2QRW_1,2QRW,Hemoglobin-like protein HbO,1.93,X-ray
P72575,7N8O_19,7N8O,Photosystem II reaction center X protein,1.93,EM
P73070,7N8O_9,7N8O,Photosystem II reaction center protein J,1.93,EM
P09192,7N8O_4,7N8O,Photosystem II D2 protein,1.93,EM
P14835,7N8O_7,7N8O,Photosystem II reaction center protein H,1.93,EM
Q55332,7N8O_17,7N8O,Photosystem II 12 kDa extrinsic protein,1.93,EM
Q934G3,4FQE_1,4FQE,Oligogalacturonate-specific porin kdgM,1.93,X-ray
P73048,7N8O_14,7N8O,Sll1638 protein,1.93,EM
P72701,7N8O_12,7N8O,Photosystem II reaction center protein M,1.93,EM
P73676,7N8O_15,7N8O,Photosystem II protein Y,1.93,EM
P73528,7N8O_21,7N8O,Photosystem II reaction center protein Z,1.93,EM
Q813T3,7B0P_1,7B0P,Hypothetical Membrane Spanning Protein,1.935,X-ray
P0A940,6QGW_1,6QGW,Outer membrane protein assembly factor BamA,1.938,X-ray
Q6IYF9,6RNK_1,6RNK,Succinate receptor 1,1.94,X-ray
D0CAH3,5FP1_1,5FP1,TONB-DEPENDENT SIDEROPHORE RECEPTOR,1.94,X-ray
A0QWG6,4N9W_1,4N9W,GDP-mannose-dependent alpha-(1-2)-phosphatidylinositol mannosyltransferase,1.94,X-ray
P55917,7JJP_1,7JJP,Gap junction alpha-8 protein,1.94,EM
P05695,2O4V_1,2O4V,Porin P,1.94,X-ray
P02931,6ZHV_1,6ZHV,Outer membrane porin F,1.945,X-ray
P63092,7MBX_1,7MBX,Guanine nucleotide-binding protein G(s) subunit alpha isoforms short,1.95,EM
P59768,7MBX_3,7MBX,Guanine nucleotide-binding protein G(I)/G(S)/G(O) subunit gamma-2,1.95,EM
O34738,5EDL_1,5EDL,Putative HMP/thiamine permease protein YkoE,1.95,X-ray
P06129,2GUF_1,2GUF,Vitamin B12 transporter btuB,1.95,X-ray
P00803,1B12_1,1B12,SIGNAL PEPTIDASE I,1.95,X-ray
Q7L0J3,4V11_2,4V11,SYNAPTIC VESICLE GLYCOPROTEIN 2A,1.95,X-ray
P27359,3HDE_1,3HDE,Lysozyme,1.95,X-ray
P0DKR6,5DZ5_1,5DZ5,Mambalgin-1,1.95,X-ray
P32238,7MBX_6,7MBX,Cholecystokinin receptor type A,1.95,EM
O31539,4PGR_1,4PGR,Uncharacterized protein YetJ,1.95,X-ray
P05177,2HI4_1,2HI4,Cytochrome P450 1A2,1.95,X-ray
B4EZY7,5NV9_1,5NV9,Putative sodium:solute symporter,1.95,X-ray
L8GJB3,7UWP_1,7UWP,sterol 14a-demethylase,1.95,X-ray
P06307,7MBX_5,7MBX,Cholecystokinin-8,1.95,EM
Q02201,4B2Z_1,4B2Z,Oxysterol-binding protein homolog 6,1.95,X-ray
O67998,3K8G_1,3K8G,30kLP,1.95,X-ray
Q9ERC5,3L9B_1,3L9B,Otoferlin,1.95,X-ray
Q9HCE7,3PYC_1,3PYC,E3 ubiquitin-protein ligase SMURF1,1.96,X-ray
O43614,5WQC_1,5WQC,"Orexin receptor type 2,GlgA glycogen synthase,Orexin receptor type 2",1.96,X-ray
Q8B0H2,1LG7_1,1LG7,VSV matrix protein,1.96,X-ray
P0AC55,2NS1_2,2NS1,Nitrogen regulatory protein P-II 2,1.962,X-ray
P32946,1GZ7_1,1GZ7,LIPASE 2,1.97,X-ray
A0A0H2V5A3,6BEA_1,6BEA,Autotransporter protein UpaB,1.97,X-ray
G3XD89,6FOK_1,6FOK,Putative copper transport outer membrane porin OprC,1.97,X-ray
Q8DKP6,7FIX_13,7FIX,Photosystem I 4.8K protein,1.97,EM
F6UME2,4V3J_1,4V3J,MONOTREME LACTATING PROTEIN,1.97,X-ray
P0ABE5,5OC0_1,5OC0,Cytochrome b561,1.97,X-ray
O15496,1LE6_1,1LE6,Group X Secretory Phospholipase A2,1.97,X-ray
Q8DGB4,7FIX_10,7FIX,Photosystem I reaction center subunit XI,1.97,EM
O43586,7AAL_1,7AAL,Proline-serine-threonine phosphatase-interacting protein 1,1.97,X-ray
P0A403,7FIX_11,7FIX,Photosystem I reaction center subunit XII,1.97,EM
P0A429,7FIX_8,7FIX,Photosystem I reaction center subunit IX,1.97,EM
P0A427,7FIX_7,7FIX,Photosystem I reaction center subunit VIII,1.97,EM
P0A425,7FIX_9,7FIX,Photosystem I reaction center subunit PsaK,1.97,EM
P0A401,7FIX_6,7FIX,Photosystem I reaction center subunit III,1.97,EM
P0A407,7FIX_2,7FIX,Photosystem I P700 chlorophyll a apoprotein A2,1.97,EM
P0A405,7FIX_1,7FIX,Photosystem I P700 chlorophyll a apoprotein A1,1.97,EM
P0A415,7FIX_3,7FIX,Photosystem I iron-sulfur center,1.97,EM
P0A423,7FIX_5,7FIX,Photosystem I reaction center subunit IV,1.97,EM
Q186B7,3TDS_1,3TDS,formate/nitrite transporter,1.975,X-ray
Q9BZF1,5U78_1,5U78,Oxysterol-binding protein-related protein 8,1.978,X-ray
Q13614,1ZVR_1,1ZVR,Myotubularin-related protein 2,1.98,X-ray
Q8K424,7MIJ_1,7MIJ,Transient receptor potential cation channel subfamily V member 3,1.98,EM
P09917,7TTK_1,7TTK,Arachidonate 5-lipoxygenase,1.98,X-ray
Q1Q357,6EU6_1,6EU6,Ammonium transporter,1.98,X-ray
Q04IN8,5CR6_1,5CR6,Pneumolysin,1.98,X-ray
Q08210,4CQ8_1,4CQ8,DIHYDROOROTATE DEHYDROGENASE,1.98,X-ray
Q16850,6UEZ_1,6UEZ,Lanosterol 14-alpha demethylase,1.98,X-ray
P42212,6WVH_1,6WVH,"Vitamin K epoxide reductase, termini restrained by green fluorescent protein",1.99,X-ray
O00499,2FIC_1,2FIC,Myc box-dependent-interacting protein 1,1.99,X-ray
P81605,6SHK_1,6SHK,Dermcidin,1.992,X-ray
P0C960,2Y8P_1,2Y8P,ENDO-TYPE MEMBRANE-BOUND LYTIC MUREIN TRANSGLYCOSYLASE A,1.995,X-ray
Q9Q0L9,6BKL_1,6BKL,Matrix protein 2,1.995,X-ray
Q77DJ6,1ES6_1,1ES6,MATRIX PROTEIN VP40,2.0,X-ray
O06524,1SR4_3,1SR4,cytolethal distending toxin protein C,2.0,X-ray
O06523,1SR4_2,1SR4,cytolethal distending toxin protein B,2.0,X-ray
O06522,1SR4_1,1SR4,Cytolethal distending toxin subunit A,2.0,X-ray
Q7NP59,6NWD_1,6NWD,Gll0198 protein,2.0,X-ray
Q7T2I5,6PNW_1,6PNW,Erabutoxin c,2.0,X-ray
P01501,2MLT_1,2MLT,MELITTIN,2.0,X-ray
P06996,2J1N_1,2J1N,OUTER MEMBRANE PROTEIN C,2.0,X-ray
O55012,1HFA_1,1HFA,CLATHRIN ASSEMBLY PROTEIN SHORT FORM,2.0,X-ray
P11712,1R9O_1,1R9O,Cytochrome P450 2C9,2.0,X-ray
Q9SKR2,7AS6_1,7AS6,Synaptotagmin-1,2.0,X-ray
P02973,1OQW_1,1OQW,Fimbrial protein,2.0,X-ray
P32947,1CLE_1,1CLE,CHOLESTEROL ESTERASE,2.0,X-ray
Q62261,1BTN_1,1BTN,BETA-SPECTRIN,2.0,X-ray
Q5XX02,3VNE_1,3VNE,Membrane-associated protein VP24,2.0,X-ray
Q5ZKX9,6I6H_1,6I6H,ER lumen protein-retaining receptor 2,2.0,X-ray
O66528,6Z70_1,6Z70,Aq128,2.0,X-ray
P07173,1DXR_1,1DXR,PHOTOSYNTHETIC REACTION CENTER CYTOCHROME C SUBUNIT,2.0,X-ray
O66663,2XCI_1,2XCI,3-DEOXY-D-MANNO-2-OCTULOSONIC ACID TRANSFERASE,2.0,X-ray
P79125,5WD6_1,5WD6,"Short palate, lung and nasal epithelium carcinoma-associated protein 2B",2.0,X-ray
Q9QZ85,1TPZ_1,1TPZ,interferon-inducible GTPase,2.0,X-ray
Q9NZK7,5WZM_1,5WZM,Group IIE secretory phospholipase A2,2.0,X-ray
Q05776,4XIZ_1,4XIZ,"Protein UPS1, mitochondrial",2.0,X-ray
Q9KWL8,8B4O_2,8B4O,Cytochrome BD ubiquinol oxidase subunit I,2.0,EM
P12272,3FFD_3,3FFD,Parathyroid hormone-related protein,2.0,X-ray
P11797,1H0I_1,1H0I,CHITINASE B,2.0,X-ray
P13726,1DAN_4,1DAN,SOLUBLE TISSUE FACTOR,2.0,X-ray
Q70626,2X7R_2,2X7R,TRANSMEMBRANE PROTEIN GP41,2.0,X-ray
Q7BCK4,3ML3_1,3ML3,Outer membrane protein icsA autotransporter,2.0,X-ray
P00630,1POC_1,1POC,PHOSPHOLIPASE A2,2.0,X-ray
Q8U4M3,5MLZ_1,5MLZ,Dolichol monophosphate mannose synthase,2.0,X-ray
Q5I6B0,3ETW_1,3ETW,Adhesin A,2.0,X-ray
Q04LE4,6HE6_1,6HE6,Cell division protein FtsX,2.0,X-ray
P33247,2SQC_1,2SQC,SQUALENE-HOPENE CYCLASE,2.0,X-ray
P0DMV3,4X5M_1,4X5M,Uncharacterized protein,2.0,X-ray
Q6C3K7,8AB6_3,8AB6,Cytochrome b-c1 complex subunit 7,2.0,EM
P22830,1HRK_1,1HRK,FERROCHELATASE,2.0,X-ray
Q6CG23,8AB6_9,8AB6,Complex III subunit 9,2.0,EM
Q6CC60,8AB6_10,8AB6,YALI0C12210p,2.0,EM
P0AEY8,4ZP0_1,4ZP0,Multidrug transporter MdfA,2.0,X-ray
D9N164,6O9U_1,6O9U,Inward rectifier potassium channel Kirbac3.1,2.0,X-ray
D8QCG9,7S86_1,7S86,Hydrophobin,2.0,X-ray
Q9H3P7,5LZ1_1,5LZ1,Golgi resident protein GCP60,2.0,X-ray
Q90890,3MTX_1,3MTX,Protein MD-1,2.0,X-ray
P10613,5TZ1_1,5TZ1,Sterol 14-alpha demethylase,2.0,X-ray
Q91DD5,4D9O_1,4D9O,Membrane-associated protein VP24,2.0,X-ray
P42512,1XKW_1,1XKW,Fe(III)-pyochelin receptor,2.0,X-ray
O75844,5SYT_1,5SYT,CAAX prenyl protease 1 homolog,2.0,X-ray
P08709,1DAN_2,1DAN,BLOOD COAGULATION FACTOR VIIA heavy chain,2.0,X-ray
Q9HVD1,2ERV_1,2ERV,hypothetical protein Paer03002360,2.0,X-ray
P09525,2ZOC_1,2ZOC,Annexin A4,2.0,X-ray
P09598,1P6D_1,1P6D,PHOSPHOLIPASE C,2.0,X-ray
Q15382,1XTQ_1,1XTQ,GTP-binding protein Rheb,2.0,X-ray
I0YUS5,6GYH_1,6GYH,Family A G protein-coupled receptor-like protein,2.0,X-ray
P60933,6CB2_1,6CB2,Undecaprenyl-diphosphatase,2.0,X-ray
P08684,3NXU_1,3NXU,Cytochrome P450 3A4,2.0,X-ray
Q6TBX7,6L8H_1,6L8H,"Carotene epsilon-monooxygenase, chloroplastic",2.0,X-ray
P20813,3IBD_1,3IBD,Cytochrome P450 2B6,2.0,X-ray
P14138,6IGK_2,6IGK,Endothelin-3,2.0,X-ray
P15103,8ECY_2,8ECY,Glutamine synthetase,2.0,EM
Q6C387,8AB6_8,8AB6,Cytochrome b-c1 complex subunit 8,2.0,EM
Q6CI02,8AB6_2,8AB6,"Cytochrome b-c1 complex subunit Rieske, mitochondrial",2.0,EM
Q6CGP7,8AB6_7,8AB6,YALI0A17468p,2.0,EM
Q8WXI4,3FO5_1,3FO5,"Thioesterase, adipose associated, isoform BFIT2",2.0,X-ray
A0A0X8GJ44,5JHM_1,5JHM,Envelope protein,2.0,X-ray
Q47212,4B4Q_1,4B4Q,F18 FIMBRIAL ADHESIN AC,2.0,X-ray
P43220,5E94_3,5E94,Glucagon-like peptide 1 receptor,2.0,X-ray
F1NHE9,5KUK_1,5KUK,ATP-sensitive inward rectifier potassium channel 12,2.0,X-ray
P0AEG4,1U3A_1,1U3A,Thiol: disulfide interchange protein dsbA,2.0,X-ray
A0A109QFA5,7CFF_1,7CFF,Hemolysin,2.0,X-ray
O02697,1E7U_1,1E7U,PHOSPHATIDYLINOSITOL 3-KINASE CATALYTIC SUBUNIT,2.0,X-ray
P02698,1GOT_3,1GOT,GT-GAMMA,2.0,X-ray
P06276,1P0I_1,1P0I,Cholinesterase,2.0,X-ray
P06010,1DXR_4,1DXR,PHOTOSYNTHETIC REACTION CENTER M SUBUNIT,2.0,X-ray
P06009,1DXR_3,1DXR,PHOTOSYNTHETIC REACTION CENTER L SUBUNIT,2.0,X-ray
P06008,1DXR_2,1DXR,PHOTOSYNTHETIC REACTION CENTER H SUBUNIT,2.0,X-ray
Q9XG81,2WG7_1,2WG7,PUTATIVE PHOSPHOLIPASE A2,2.0,X-ray
P12823,1OK8_1,1OK8,MAJOR ENVELOPE PROTEIN E,2.0,X-ray
P13036,1KMO_1,1KMO,Iron(III) dicitrate transport protein fecA,2.0,X-ray
P46935,3M7F_2,3M7F,E3 ubiquitin-protein ligase NEDD4,2.0,X-ray
Q47453,7PGE_1,7PGE,Copper resistance protein B,2.0,X-ray
P55064,3D9S_1,3D9S,Aquaporin-5,2.0,X-ray
O88093,3AEH_1,3AEH,Hemoglobin-binding protease hbp autotransporter,2.0,X-ray
P27958,2O8M_1,2O8M,Protease,2.0,X-ray
A0ACD6B968,1XIO_1,1XIO,ANABAENA SENSORY RHODOPSIN,2.0,X-ray
O43464,1LCY_1,1LCY,HtrA2 serine protease,2.0,X-ray
P12724,1H1H_1,1H1H,EOSINOPHIL CATIONIC PROTEIN,2.0,X-ray
A3FM73,6A0W_1,6A0W,Lipase,2.0,X-ray
Q9B6D0,8AB6_1,8AB6,Cytochrome b,2.0,EM
P26789,1NKZ_1,1NKZ,"Light-harvesting protein B-800/850, alpha chain",2.0,X-ray
P16869,6E4V_1,6E4V,FhuE receptor,2.0,X-ray
P05979,1Q4G_1,1Q4G,Prostaglandin G/H synthase 1,2.0,X-ray
Q9Y6Y9,2E56_1,2E56,Lymphocyte antigen 96,2.0,X-ray
P04695,1GOT_1,1GOT,GT-ALPHA/GI-ALPHA CHIMERA,2.0,X-ray
Q9Y3D6,1NZN_1,1NZN,Fission protein Fis1p,2.0,X-ray
O14939,6OHO_1,6OHO,Phospholipase D2,2.0,X-ray
P26790,1NKZ_2,1NKZ,"Light-harvesting protein B-800/850, beta chain",2.0,X-ray
P24530,6IGK_1,6IGK,"Endothelin receptor type B,Endolysin,Endothelin receptor type B",2.0,X-ray
Q6C2E3,8AB6_6,8AB6,"Cytochrome b-c1 complex subunit 2, mitochondrial",2.0,EM
Q6C0H4,8AB6_4,8AB6,YALI0F24673p,2.0,EM
P00282,1XB8_1,1XB8,Azurin,2.0,X-ray
Q9GQW3,1OMY_1,1OMY,Alpha-neurotoxin TX12,2.0,X-ray
Q8UJW4,3LLQ_1,3LLQ,Aquaporin Z 2,2.01,X-ray
P16233,1GPL_1,1GPL,RP2 LIPASE,2.01,X-ray
O14791,7LF7_4,7LF7,Apolipoprotein L1,2.026,X-ray
D6QLY1,6RCK_1,6RCK,OmpK36,2.029,X-ray
Q08826,1OCS_1,1OCS,SORTING NEXIN GRD19,2.03,X-ray
Q51227,1K24_1,1K24,outer membrane protein,2.03,X-ray
G4NAP4,5FNO_1,5FNO,MANGANESE LIPOXYGENASE,2.038,X-ray
P35354,5F19_1,5F19,Prostaglandin G/H synthase 2,2.04,X-ray
P0C029,7F4V_7,7F4V,Photosystem I reaction center subunit Z,2.04,EM
Q7NHY3,7F4V_10,7F4V,Photosystem I reaction center subunit XII,2.04,EM
Q7NIE7,7F4V_9,7F4V,Photosystem I reaction center subunit XI,2.04,EM
Q7NF26,7F4V_4,7F4V,Photosystem I reaction center subunit II,2.04,EM
Q7Z1V1,4C0C_1,4C0C,STEROL 14-ALPHA DEMETHYLASE,2.04,X-ray
Q7NFT5,7F4V_2,7F4V,Photosystem I P700 chlorophyll a apoprotein A2,2.04,EM
Q7NFT6,7F4V_1,7F4V,Photosystem I P700 chlorophyll a apoprotein A1,2.04,EM
P08842,8EG3_1,8EG3,Steryl-sulfatase,2.04,X-ray
Q7NFW6,7F4V_5,7F4V,Photosystem I reaction center subunit IV,2.04,EM
Q7NH05,7F4V_6,7F4V,Photosystem I reaction center subunit III,2.04,EM
Q7NG86,7F4V_3,7F4V,Photosystem I iron-sulfur center,2.04,EM
Q8ZRZ3,7A0W_1,7A0W,Na(+)/H(+) antiporter NhaA,2.04,X-ray
A6ZSR0,4WMZ_1,4WMZ,Lanosterol 14-alpha demethylase,2.05,X-ray
Q8II36,3C02_1,3C02,Aquaglyceroporin,2.05,X-ray
P40855,2WL8_1,2WL8,PEROXISOMAL BIOGENESIS FACTOR 19,2.05,X-ray
P31818,3IK5_1,3IK5,Protein Nef,2.05,X-ray
P07254,1NH6_1,1NH6,chitinase A,2.05,X-ray
P20963,3IK5_2,3IK5,T-cell surface glycoprotein CD3 zeta chain,2.05,X-ray
K9WT99,5O0T_1,5O0T,Putative ferric reductase,2.05,X-ray
A1L314,6SB1_1,6SB1,Macrophage-expressed gene 1 protein,2.05,X-ray
O82080,1F56_1,1F56,PLANTACYANIN,2.05,X-ray
Q41372,3CN5_1,3CN5,Aquaporin,2.05,X-ray
Q66GT5,3RGQ_1,3RGQ,Protein-tyrosine phosphatase mitochondrial 1,2.05,X-ray
O67182,6M96_2,6M96,Transport permease protein,2.05,X-ray
A1L3X0,6Y7F_1,6Y7F,Elongation of very long chain fatty acids protein 7,2.052,X-ray
P26459,7OY2_2,7OY2,Cytochrome bd-II ubiquinol oxidase subunit 1,2.06,EM
P24244,7OY2_3,7OY2,Putative cytochrome bd-II ubiquinol oxidase subunit AppX,2.06,EM
P26458,7OY2_1,7OY2,Cytochrome bd-II ubiquinol oxidase subunit 2,2.06,EM
A0A0R5TVW3,6MJH_1,6MJH,Matrix protein 2,2.06,X-ray
B7T1P0,2XU0_1,2XU0,ERYTHROCYTE MEMBRANE PROTEIN 1,2.06,X-ray
Q13613,5C16_1,5C16,Myotubularin-related protein 1,2.07,X-ray
P42866,5C1M_1,5C1M,Mu-type opioid receptor,2.07,X-ray
P02647,7KJR_2,7KJR,Apolipoprotein A-I,2.08,EM
P0DTC3,7KJR_1,7KJR,ORF3a protein,2.08,EM
P03485,1AA7_1,1AA7,INFLUENZA VIRUS MATRIX PROTEIN,2.08,X-ray
F1RE08,3B98_1,3B98,Prostaglandin I2 synthase,2.08,X-ray
P92558,8BPX_8,8BPX,NADH-ubiquinone oxidoreductase chain 1,2.09,EM
P93313,8BPX_13,8BPX,NADH-ubiquinone oxidoreductase chain 4,2.09,EM
A2RMJ9,4DVE_1,4DVE,Biotin transporter BioY,2.09,X-ray
Q9SK66,8BPX_16,8BPX,"NADH dehydrogenase [ubiquinone] 1 alpha subcomplex subunit 9, mitochondrial",2.09,EM
Q8RWA7,8BPX_26,8BPX,NADH dehydrogenase [ubiquinone] 1 alpha subcomplex subunit 13-A,2.09,EM
O05000,8BPX_14,8BPX,NADH-ubiquinone oxidoreductase chain 2,2.09,EM
Q9LHI0,8BPX_23,8BPX,NADH dehydrogenase [ubiquinone] 1 alpha subcomplex subunit 6,2.09,EM
Q04614,8BPX_11,8BPX,NADH-ubiquinone oxidoreductase chain 4L,2.09,EM
Q9LXJ2,8BPX_56,8BPX,"Cytochrome b-c1 complex subunit 9, mitochondrial",2.09,EM
Q9LZI6,8BPX_31,8BPX,NADH dehydrogenase [ubiquinone] iron-sulfur protein 5-B,2.09,EM
Q9M9M9,8BPX_42,8BPX,Probable NADH dehydrogenase [ubiquinone] 1 alpha subcomplex subunit 12,2.09,EM
Q9M9M6,8BPX_18,8BPX,"NADH dehydrogenase [ubiquinone] iron-sulfur protein 6, mitochondrial",2.09,EM
Q94C12,8BPX_41,8BPX,NADH dehydrogenase [ubiquinone] 1 beta subcomplex subunit 10-B,2.09,EM
Q9FKS5,8BPX_52,8BPX,"Cytochrome c1 2, heme protein, mitochondrial",2.09,EM
Q9SIQ8,8BPX_38,8BPX,AT2G31490 protein,2.09,EM
Q9SKC9,8BPX_40,8BPX,NADH dehydrogenase [ubiquinone] 1 beta subcomplex subunit 7,2.09,EM
Q9SMN1,8BPX_45,8BPX,"Gamma carbonic anhydrase-like 2, mitochondrial",2.09,EM
Q9SG91,8BPX_54,8BPX,"Cytochrome b-c1 complex subunit 8-1, mitochondrial",2.09,EM
P42792,8BPX_50,8BPX,Cytochrome b,2.09,EM
Q8VZ65,8BPX_43,8BPX,Uncharacterized protein At1g67785,2.09,EM
Q9FLX7,8BPX_22,8BPX,"Probable NADH dehydrogenase [ubiquinone] 1 alpha subcomplex subunit 5, mitochondrial",2.09,EM
Q9FJW4,8BPX_17,8BPX,"NADH dehydrogenase [ubiquinone] iron-sulfur protein 4, mitochondrial",2.09,EM
Q94K78,8BPX_57,8BPX,"Cytochrome b-c1 complex subunit 10, mitochondrial",2.09,EM
Q95748,8BPX_3,8BPX,NADH dehydrogenase [ubiquinone] iron-sulfur protein 3,2.09,EM
Q945M1,8BPX_39,8BPX,NADH dehydrogenase [ubiquinone] 1 beta subcomplex subunit 9,2.09,EM
Q8VZT9,8BPX_29,8BPX,Transmembrane protein,2.09,EM
P29388,8BPX_12,8BPX,NADH-ubiquinone oxidoreductase chain 5,2.09,EM
Q8LDK3,8BPX_35,8BPX,NADH dehydrogenase [ubiquinone] 1 beta subcomplex subunit 2,2.09,EM
Q94JS0,8BPX_51,8BPX,"Cytochrome b-c1 complex subunit Rieske-1, mitochondrial",2.09,EM
Q9FNN5,8BPX_6,8BPX,"NADH dehydrogenase [ubiquinone] flavoprotein 1, mitochondrial",2.09,EM
P60497,8BPX_10,8BPX,NADH-ubiquinone oxidoreductase chain 6,2.09,EM
Q0WWE3,8BPX_55,8BPX,"Cytochrome b-c1 complex subunit 6-1, mitochondrial",2.09,EM
O22769,8BPX_5,8BPX,"NADH dehydrogenase [ubiquinone] flavoprotein 2, mitochondrial",2.09,EM
O48528,8BPX_25,8BPX,"Outer envelope pore protein 16-3, chloroplastic/mitochondrial",2.09,EM
O64725,8BPX_36,8BPX,NADH dehydrogenase [ubiquinone] 1 beta subcomplex subunit 3-A,2.09,EM
P08226,1YA9_1,1YA9,Apolipoprotein E,2.09,X-ray
Q9FIJ2,8BPX_19,8BPX,NADH dehydrogenase [ubiquinone] 1 alpha subcomplex subunit 2,2.09,EM
Q9FGK0,8BPX_37,8BPX,"NADH dehydrogenase [ubiquinone] 1 beta subcomplex subunit 8, mitochondrial",2.09,EM
Q42290,8BPX_49,8BPX,"Probable mitochondrial-processing peptidase subunit beta, mitochondrial",2.09,EM
P53665,8BPX_20,8BPX,"Acyl carrier protein 1, mitochondrial",2.09,EM
Q9C9Z5,8BPX_27,8BPX,NADH dehydrogenase [ubiquinone] 1 alpha subcomplex subunit 1,2.09,EM
Q9C6B3,8BPX_46,8BPX,"Gamma carbonic anhydrase 2, mitochondrial",2.09,EM
Q28175,4ZHK_1,4ZHK,Retinoid isomerohydrolase,2.09,X-ray
Q9FWR5,8BPX_47,8BPX,"Gamma carbonic anhydrase 1, mitochondrial",2.09,EM
Q9FGI6,8BPX_7,8BPX,"NADH dehydrogenase [ubiquinone] iron-sulfur protein 1, mitochondrial",2.09,EM
Q67A25,2VQ5_1,2VQ5,S-NORCOCLAURINE SYNTHASE,2.09,X-ray
Q9ZUX4,8BPX_44,8BPX,"Uncharacterized protein At2g27730, mitochondrial",2.09,EM
F4JWS8,8BPX_53,8BPX,"Cytochrome b-c1 complex subunit 7-2, mitochondrial",2.09,EM
Q9ZU25,8BPX_48,8BPX,"Probable mitochondrial-processing peptidase subunit alpha-1, mitochondrial",2.09,EM
P92533,8BPX_1,8BPX,NADH-ubiquinone oxidoreductase chain 3,2.09,EM
O80800,8BPX_21,8BPX,"Acyl carrier protein 2, mitochondrial",2.09,EM
Q42599,8BPX_9,8BPX,"NADH dehydrogenase [ubiquinone] iron-sulfur protein 8-A, mitochondrial",2.09,EM
Q42577,8BPX_2,8BPX,"NADH dehydrogenase [ubiquinone] iron-sulfur protein 7, mitochondrial",2.09,EM
P15538,6M7X_1,6M7X,"Cytochrome P450 11B1, mitochondrial",2.095,X-ray
Q8U2X0,3W4T_1,3W4T,Putative uncharacterized protein,2.096,X-ray
P27395,3P54_1,3P54,envelope glycoprotein,2.097,X-ray
Q9KDT3,4US3_1,4US3,TRANSPORTER,2.098,X-ray
Q7XJJ7,6DHV_1,6DHV,Fatty acid amide hydrolase,2.099,X-ray
Q01524,1ZMQ_1,1ZMQ,Defensin 6,2.1,X-ray
P05108,3N9Y_1,3N9Y,Cholesterol side-chain cleavage enzyme,2.1,X-ray
Q9UBD6,3HD6_1,3HD6,Ammonium transporter Rh type C,2.1,X-ray
A0A081GU02,6GIE_1,6GIE,33-36 kDa outer membrane protein,2.1,X-ray
Q3J145,7PBW_2,7PBW,Light-harvesting protein B-800/850 beta chain,2.1,EM
W3VKA4,3GUU_1,3GUU,Lipase A,2.1,X-ray
P43457,2BL2_1,2BL2,V-TYPE SODIUM ATP SYNTHASE SUBUNIT K,2.1,X-ray
P51648,4QGK_1,4QGK,Fatty aldehyde dehydrogenase,2.1,X-ray
Q3J144,7PBW_1,7PBW,Light-harvesting protein B-800/850 alpha chain,2.1,EM
P0A921,1QD6_1,1QD6,OUTER MEMBRANE PHOSPHOLIPASE (OMPLA),2.1,X-ray
P48449,1W6K_1,1W6K,LANOSTEROL SYNTHASE,2.1,X-ray
P00157,1PP9_3,1PP9,Cytochrome b,2.1,X-ray
Q68T42,6HLN_2,6HLN,Genome polyprotein,2.1,X-ray
P00125,1PP9_4,1PP9,"Cytochrome c1, heme protein, mitochondrial",2.1,X-ray
Q9DF33,1M8T_1,1M8T,Phospholipase a2,2.1,X-ray
P54818,3ZR5_1,3ZR5,GALACTOCEREBROSIDASE,2.1,X-ray
P0AER0,1LDF_1,1LDF,Glycerol uptake facilitator protein,2.1,X-ray
P0AEX9,3OAI_1,3OAI,"Maltose-binding periplasmic protein, Myelin protein P0",2.1,X-ray
P10109,3N9Y_2,3N9Y,Adrenodoxin,2.1,X-ray
P00126,1PP9_8,1PP9,Ubiquinol-cytochrome C reductase complex 11 kDa protein,2.1,X-ray
P00129,1PP9_6,1PP9,Ubiquinol-cytochrome C reductase complex 14 kDa protein,2.1,X-ray
P00130,1PP9_10,1PP9,Ubiquinol-cytochrome C reductase complex 7.2 kDa protein,2.1,X-ray
Q8WWV3,2VN8_1,2VN8,RETICULON-4-INTERACTING PROTEIN 1,2.1,X-ray
P32248,6QZH_1,6QZH,"C-C chemokine receptor type 7,Sialidase A,C-C chemokine receptor type 7",2.1,X-ray
Q6DD88,6XJO_1,6XJO,Atlastin-3,2.1,X-ray
H6LFT2,4BEM_1,4BEM,F1FO ATPASE C2 SUBUNIT,2.1,X-ray
P31800,1PP9_1,1PP9,"Ubiquinol-cytochrome C reductase complex core protein I, mitochondrial",2.1,X-ray
P00179,1NR6_1,1NR6,CYTOCHROME P450 2C5,2.1,X-ray
Q659I5,5LDV_1,5LDV,MOMP porin,2.1,X-ray
P29563,2EI4_1,2EI4,Archaerhodopsin-2,2.1,X-ray
P0DF97,4HSC_1,4HSC,Streptolysin O,2.1,X-ray
P23004,1PP9_2,1PP9,"Ubiquinol-cytochrome C reductase complex core protein 2, mitochondrial",2.1,X-ray
O66874,2OQO_1,2OQO,Penicillin-binding protein 1A (PBP-1a) (PBP1a),2.1,X-ray
H6LFT0,4BEM_2,4BEM,F1FO ATPASE C1 SUBUNIT,2.1,X-ray
P06857,1RP1_1,1RP1,PANCREATIC LIPASE RELATED PROTEIN 1,2.1,X-ray
P75780,6BPN_1,6BPN,Catecholate siderophore receptor Fiu,2.1,X-ray
Q8PAS2,6EI3_1,6EI3,Proton-dependent oligopeptide transporter family protein,2.1,X-ray
Q8NI35,1VF6_1,1VF6,PALS1-associated tight junction protein,2.1,X-ray
P02929,2GSK_2,2GSK,protein TONB,2.1,X-ray
P02930,1EK9_1,1EK9,OUTER MEMBRANE PROTEIN TOLC,2.1,X-ray
P20261,1TRH_1,1TRH,LIPASE,2.1,X-ray
P13804,1EFV_1,1EFV,ELECTRON TRANSFER FLAVOPROTEIN,2.1,X-ray
P13271,1PP9_7,1PP9,Ubiquinol-cytochrome C reductase complex ubiquinone-binding protein QP-C,2.1,X-ray
P13272,1PP9_9,1PP9,"Ubiquinol-cytochrome C reductase iron-sulfur subunit, mitochondrial",2.1,X-ray
Q06187,1BWN_1,1BWN,BRUTON'S TYROSINE KINASE,2.1,X-ray
P62937,1CWA_1,1CWA,PEPTIDYL-PROLYL CIS-TRANS ISOMERASE A,2.1,X-ray
Q9JLB2,1VF6_2,1VF6,MAGUK p55 subfamily member 5,2.1,X-ray
Q7A0I6,3HZS_1,3HZS,Monofunctional glycosyltransferase,2.1,X-ray
P11597,2OBD_1,2OBD,Cholesteryl ester transfer protein,2.1,X-ray
P07700,4BVN_1,4BVN,BETA-1 ADRENERGIC RECEPTOR,2.1,X-ray
Q9KRE7,3KLY_1,3KLY,Putative formate transporter 1,2.1,X-ray
P08954,1T6M_1,1T6M,1-phosphatidylinositol phosphodiesterase,2.107,X-ray
O43613,6TOD_1,6TOD,Orexin receptor type 1,2.11,X-ray
Q99J21,7SQ9_1,7SQ9,Mucolipin-1,2.11,EM
Q8RBX6,3EEE_1,3EEE,Methyl-accepting chemotaxis protein,2.12,X-ray
P08980,7ZYV_4,7ZYV,"Cytochrome b6-f complex iron-sulfur subunit, chloroplastic",2.13,EM
O42187,1JIA_1,1JIA,PHOSPHOLIPASE A2,2.13,X-ray
P61045,7ZYV_8,7ZYV,Cytochrome b6-f complex subunit 8,2.13,EM
P00165,7ZYV_1,7ZYV,Cytochrome b6,2.13,EM
P69461,7ZYV_7,7ZYV,Cytochrome b6-f complex subunit 5,2.13,EM
Q9M3L0,7ZYV_5,7ZYV,Cytochrome b6-f complex subunit 6,2.13,EM
P16013,7ZYV_3,7ZYV,Cytochrome f,2.13,EM
P00166,7ZYV_2,7ZYV,Cytochrome b6-f complex subunit 4,2.13,EM
P23930,5VRH_1,5VRH,Apolipoprotein N-acyltransferase,2.137,X-ray
P08034,7ZXM_1,7ZXM,Gap junction beta-1 protein,2.14,EM
G1UBD1,7S4H_1,7S4H,Particulate methane monooxygenase alpha subunit,2.14,EM
Q603F1,7S4H_2,7S4H,"Ammonia monooxygenase/methane monooxygenase, subunit C family protein",2.14,EM
Q607G3,7S4H_3,7S4H,Particulate methane monooxygenase beta subunit,2.14,EM
O60844,3VY7_1,3VY7,Zymogen granule membrane protein 16,2.14,X-ray
B1B1U5,6I9K_1,6I9K,Kumopsin1,2.145,X-ray
A0A0H3GD84,4CDB_1,4CDB,LISTERIOLYSIN O,2.15,X-ray
P49278,1KTJ_1,1KTJ,ALLERGEN DER P 2,2.15,X-ray
P9WK65,2BYO_1,2BYO,LIPOPROTEIN LPPX,2.15,X-ray
Q07075,4KXD_1,4KXD,Glutamyl aminopeptidase,2.15,X-ray
P60953,2DFK_2,2DFK,cell division cycle 42 isoform 1,2.15,X-ray
Q4WG73,6IDY_1,6IDY,lipase aflb,2.15,X-ray
P24462,7MK8_1,7MK8,Isoform 2 of Cytochrome P450 3A7,2.15,X-ray
P22680,3DAX_1,3DAX,Cytochrome P450 7A1,2.15,X-ray
P22365,1ID2_1,1ID2,AMICYANIN,2.15,X-ray
Q16873,2UUH_1,2UUH,LEUKOTRIENE C4 SYNTHASE,2.15,X-ray
P32722,3SY7_1,3SY7,Porin D,2.15,X-ray
A0LNN5,6ZGS_1,6ZGS,L-lactate transporter,2.151,X-ray
P22303,4EY4_1,4EY4,Acetylcholinesterase,2.156,X-ray
Q71LX4,3G9W_1,3G9W,Talin-2,2.165,X-ray
P05556,3G9W_2,3G9W,Integrin beta-1D,2.165,X-ray
P16157,7UZQ_3,7UZQ,Ankyrin-1,2.17,EM
Q923J1,8SI5_1,8SI5,Transient receptor potential cation channel subfamily M member 7,2.17,EM
P18577,7UZQ_1,7UZQ,Blood group Rh(CE) polypeptide,2.17,EM
Q02094,7UZQ_2,7UZQ,Ammonium transporter Rh type A,2.17,EM
P00720,6ZFZ_1,6ZFZ,"Muscarinic acetylcholine receptor M1,Endolysin,Muscarinic acetylcholine receptor M1",2.17,X-ray
P76045,2X9K_1,2X9K,OUTER MEMBRANE PROTEIN G,2.18,X-ray
P05305,1EDN_1,1EDN,ENDOTHELIN-1,2.18,X-ray
P53812,2A1L_1,2A1L,Phosphatidylinositol transfer protein beta isoform,2.18,X-ray
Q8IM82,7F9K_1,7F9K,Rifin,2.18,X-ray
Q6SLM1,1U4J_1,1U4J,phospholipase A2 isoform 2,2.18,X-ray
P28366,1TF5_1,1TF5,Preprotein translocase secA subunit,2.18,X-ray
P62375,1KXI_1,1KXI,CARDIOTOXIN V,2.19,X-ray
P45881,2OQD_1,2OQD,Phospholipase A2,2.19,X-ray
P10614,5EQB_1,5EQB,Lanosterol 14-alpha demethylase,2.19,X-ray
A0A6P3CW42,6K6K_1,6K6K,Cyanobacterial chloride importer,2.197,X-ray
P03367,2Q63_1,2Q63,PROTEASE RETROPEPSIN,2.2,X-ray
P04191,3N5K_1,3N5K,Sarcoplasmic/endoplasmic reticulum calcium ATPase 1,2.2,X-ray
P05181,3E6I_1,3E6I,Cytochrome P450 2E1,2.2,X-ray
A0A0D5YI36,5DL8_1,5DL8,Benzoate transport porin BenP,2.2,X-ray
O59010,7RCP_1,7RCP,Glutamate transporter homolog,2.2,EM
Q5RT80,3A2S_1,3A2S,Outer membrane protein II,2.2,X-ray
Q5T9L3,7DRT_2,7DRT,Protein wntless homolog,2.2,EM
Q5SMG8,4U9N_1,4U9N,Magnesium transporter MgtE,2.2,X-ray
O60939,7W9K_3,7W9K,Sodium channel subunit beta-2,2.2,EM
P28867,1PTR_1,1PTR,PROTEIN KINASE C DELTA TYPE,2.2,X-ray
Q8RGD7,3ZK1_1,3ZK1,ATP SYNTHASE SUBUNIT C,2.2,X-ray
O60894,7TYF_3,7TYF,Receptor activity-modifying protein 1,2.2,EM
P30531,7Y7V_1,7Y7V,Sodium- and chloride-dependent GABA transporter 1,2.2,EM
Q93RD8,1EYS_4,1EYS,PHOTOSYNTHETIC REACTION CENTER,2.2,X-ray
P41366,1VMO_1,1VMO,VITELLINE MEMBRANE OUTER LAYER PROTEIN I,2.2,X-ray
P30988,7TYF_7,7TYF,Calcitonin receptor,2.2,EM
Q8LPW4,1OXW_1,1OXW,Patatin,2.2,X-ray
P0C2E9,1PFO_1,1PFO,PERFRINGOLYSIN O,2.2,X-ray
Q53B58,7ULQ_1,7ULQ,Long neurotoxin OH-55,2.2,X-ray
Q96C24,3FDW_1,3FDW,Synaptotagmin-like protein 4,2.2,X-ray
P12969,7TYF_6,7TYF,amylin peptide,2.2,EM
P47865,1J4N_1,1J4N,AQUAPORIN 1,2.2,X-ray
P44783,2NR9_1,2NR9,Protein glpG homolog,2.2,X-ray
P12946,6A2J_1,6A2J,Heme A synthase,2.2,X-ray
Q86XP0,5IZ5_1,5IZ5,Cytosolic phospholipase A2 delta,2.2,X-ray
A0L5S6,6SX5_1,6SX5,Ion transport protein,2.2,X-ray
P19836,3HL4_1,3HL4,Choline-phosphate cytidylyltransferase A,2.2,X-ray
Q05193,1DYN_1,1DYN,DYNAMIN,2.2,X-ray
P00734,5EDM_1,5EDM,Prothrombin,2.2,X-ray
P00740,1NL0_3,1NL0,factor IX,2.2,X-ray
A0A745A2I3,7BGL_3,7BGL,YecR,2.2,EM
P13738,7S24_1,7S24,Na(+)/H(+) antiporter NhaA,2.2,X-ray
P0A1N8,7BGL_1,7BGL,Flagellar L-ring protein,2.2,EM
Q15858,7W9K_1,7W9K,Sodium channel protein type 9 subunit alpha,2.2,EM
Q14849,1EM2_1,1EM2,MLN64 PROTEIN,2.2,X-ray
Q15027,4NSW_1,4NSW,"Arf-GAP with coiled-coil, ANK repeat and PH domain-containing protein 1",2.2,X-ray
Q9HVJ6,3DWO_1,3DWO,Probable outer membrane protein,2.2,X-ray
P61871,1LGY_1,1LGY,TRIACYLGLYCEROL LIPASE,2.2,X-ray
Q15075,1JOC_1,1JOC,Early Endosomal Autoantigen 1,2.2,X-ray
Q9HWP4,2Y0H_1,2Y0H,PROBABLE PORIN,2.2,X-ray
P20815,6MJM_1,6MJM,Cytochrome P450 3A5,2.2,X-ray
P21836,1N5M_1,1N5M,acetylcholinesterase,2.2,X-ray
P20932,6BFG_1,6BFG,(S)-mandelate dehydrogenase,2.2,X-ray
P21397,2Z5X_1,2Z5X,Amine oxidase [flavin-containing] A,2.2,X-ray
B0TAT4,5V8K_2,5V8K,proteinsubunit pshX,2.2,X-ray
P63250,2QKS_1,2QKS,Kir3.1-prokaryotic Kir channel chimera,2.2,X-ray
Q9H0H5,4B6D_1,4B6D,RAC GTPASE-ACTIVATING PROTEIN 1,2.2,X-ray
Q1RP79,2I0U_1,2I0U,Basic subunit of heterodimer phospholipase A2,2.2,X-ray
P14262,1GYM_1,1GYM,PHOSPHATIDYLINOSITOL-SPECIFIC PHOSPHOLIPASE C,2.2,X-ray
P25103,6HLP_1,6HLP,"Substance-P receptor,Substance-P receptor",2.2,X-ray
P27170,1V04_1,1V04,SERUM PARAOXONASE/ARYLESTERASE 1,2.2,X-ray
P0A8X2,1Y0G_1,1Y0G,Protein yceI,2.2,X-ray
P0A333,1S5H_3,1S5H,Voltage-gated potassium channel,2.2,X-ray
E3U905,4D65_1,4D65,PORIN 2,2.2,X-ray
P56704,7DRT_1,7DRT,Protein Wnt-3a,2.2,EM
Q1MX24,5V8K_1,5V8K,p800 reaction center core protein,2.2,X-ray
Q9HGT7,7BMH_1,7BMH,Opsin,2.2,X-ray
P00268,4XNV_1,4XNV,"P2Y purinoceptor 1, Rubredoxin, P2Y purinoceptor 1",2.2,X-ray
P00323,6LI0_1,6LI0,Chimera of G-protein coupled receptor 52 and Flavodoxin,2.2,X-ray
Q2XU25,6JMP_1,6JMP,Thiol-activated cytolysin,2.2,X-ray
Q9BQE4,5KIU_1,5KIU,Selenoprotein S,2.2,X-ray
P54315,2PPL_1,2PPL,Pancreatic lipase-related protein 1,2.2,X-ray
Q2YHF0,2WHX_2,2WHX,SERINE PROTEASE SUBUNIT NS2B,2.2,X-ray
Q96L93,2V14_1,2V14,KINESIN-LIKE MOTOR PROTEIN C20ORF23,2.2,X-ray
Q07699,7W9K_2,7W9K,Sodium channel subunit beta-1,2.2,EM
Q9K0A9,3ZUY_1,3ZUY,Transporter,2.2,X-ray
P15930,7BGL_2,7BGL,Flagellar P-ring protein,2.2,EM
B5AJT1,5Y79_1,5Y79,Putative hexose phosphate translocator,2.2,X-ray
P06911,1EPB_1,1EPB,EPIDIDYMAL RETINOIC ACID-BINDING PROTEIN,2.2,X-ray
A0A024B7W1,5LBV_1,5LBV,envelope protein E,2.2,X-ray
P05777,4PUS_1,4PUS,Matrix protein 1,2.2,X-ray
A0A0B9X9I7,6EUS_1,6EUS,DcaP-like protein,2.2,X-ray
Q9UJY4,1MHQ_1,1MHQ,ADP-ribosylation factor binding protein GGA2,2.2,X-ray
P02722,1OKC_1,1OKC,"ADP, ATP CARRIER PROTEIN HEART ISOFORM T1",2.2,X-ray
P01493,1JZA_1,1JZA,NEUROTOXIN 2,2.2,X-ray
D0E0C2,8F0P_1,8F0P,"Sodium channel protein PaFPC1,Sodium channel protein type 9 subunit alpha chimera",2.2,EM
Q9NZ52,1P4U_1,1P4U,ADP-ribosylation factor binding protein GGA3,2.2,X-ray
Q6MLJ0,5AYN_1,5AYN,Solute carrier family 39 (Iron-regulated transporter),2.202,X-ray
P13501,5UIW_2,5UIW,C-C motif chemokine 5,2.204,X-ray
P0C6Q6,5ONU_1,5ONU,Outer membrane protein OmpU,2.22,X-ray
P28039,5W7C_2,5W7C,Acyloxyacyl hydrolase,2.23,X-ray
Q9HW01,3S2U_1,3S2U,UDP-N-acetylglucosamine--N-acetylmuramyl-(pentapeptide) pyrophosphoryl-undecaprenol N-acetylglucosamine transferase,2.23,X-ray
P42658,7UKG_2,7UKG,Dipeptidyl-peptidase 6,2.24,EM
P06624,1YMG_1,1YMG,Lens fiber major intrinsic protein,2.24,X-ray
Q9NZV8,7UKG_1,7UKG,Potassium voltage-gated channel subfamily D member 2,2.24,EM
Q9RGZ3,7QRU_4,7QRU,Na(+)/H(+) antiporter subunit C,2.24,EM
Q9RGY9,7QRU_7,7QRU,Na+/H+ antiporter subunit G1,2.24,EM
A0A2S6NEP5,7XXF_3,7XXF,Reaction center protein M chain,2.24,EM
A0A2S6MZS1,7XXF_4,7XXF,Photosynthetic reaction center H subunit,2.24,EM
A0A2S6NEL9,7XXF_6,7XXF,Light-harvesting protein,2.24,EM
Q9RGZ0,7QRU_6,7QRU,Na(+)/H(+) antiporter subunit F,2.24,EM
A0A2S6NEK3,7XXF_5,7XXF,Light-harvesting protein,2.24,EM
A0A2S6NEG7,7XXF_2,7XXF,Reaction center protein L chain,2.24,EM
P0AC25,3KCU_1,3KCU,Probable formate transporter 1,2.243,X-ray
A0A380PV03,6LGY_1,6LGY,"Transporter, sodium/bile acid symporter family",2.247,X-ray
B8R1T8,6Q67_2,6Q67,3A,2.249,X-ray
O44074,4YSX_2,4YSX,"Succinate dehydrogenase [ubiquinone] iron-sulfur subunit, mitochondrial",2.25,X-ray
P0DM37,7COU_20,7COU,Photosystem II protein Y,2.25,X-ray
Q9X4B7,2J58_1,2J58,OUTER MEMBRANE LIPOPROTEIN WZA,2.25,X-ray
O59180,3VIV_2,3VIV,PH STOMATIN PH1511,2.25,X-ray
P92506,4YSX_3,4YSX,Cytochrome b-large subunit,2.25,X-ray
P98002,3HB3_1,3HB3,Cytochrome c oxidase subunit 1-beta,2.25,X-ray
O59179,3VIV_1,3VIV,441aa long hypothetical nfeD protein,2.25,X-ray
Q8AVA4,2DDA_1,2DDA,Pseudechetoxin,2.25,X-ray
Q33862,4YSX_1,4YSX,Succinate dehydrogenase flavoprotein,2.25,X-ray
P0ADE4,4C00_1,4C00,TRANSLOCATION AND ASSEMBLY MODULE TAMA,2.25,X-ray
P08306,3HB3_2,3HB3,Cytochrome c oxidase subunit 2,2.25,X-ray
P18525,3HB3_3,3HB3,ANTIBODY FV FRAGMENT,2.25,X-ray
P92507,4YSX_4,4YSX,"Succinate dehydrogenase [ubiquinone] cytochrome b small subunit, mitochondrial",2.25,X-ray
B5Z6I2,6B8S_1,6B8S,Dihydroorotate dehydrogenase (quinone),2.25,X-ray
Q62747,6ANK_1,6ANK,Synaptotagmin-7,2.254,X-ray
P07552,2FYU_11,2FYU,Ubiquinol-cytochrome c reductase complex 6.4 kDa protein,2.26,X-ray
P17302,7Z1T_1,7Z1T,Gap junction alpha-1 protein,2.26,EM
Q9NYG8,7LJ5_1,7LJ5,Isoform 2 of Potassium channel subfamily K member 4,2.26,X-ray
O74339,6IG4_1,6IG4,"Phosphatidate cytidylyltransferase, mitochondrial",2.261,X-ray
P32340,4G6H_1,4G6H,"Rotenone-insensitive NADH-ubiquinone oxidoreductase, mitochondrial",2.262,X-ray
P28068,2BC4_2,2BC4,"HLA class II histocompatibility antigen, DM beta chain",2.27,X-ray
G9I929,4NTX_2,4NTX,Neurotoxin MitTx-alpha,2.27,X-ray
G9I930,4NTX_3,4NTX,Basic phospholipase A2 homolog Tx-beta,2.27,X-ray
P28067,2BC4_1,2BC4,"HLA class II histocompatibility antigen, DM alpha chain",2.27,X-ray
O33458,6Z34_1,6Z34,CymD,2.27,X-ray
Q9H4M7,1UPR_1,1UPR,PLECKSTRIN HOMOLOGY DOMAIN-CONTAINING FAMILY A MEMBER 4,2.27,X-ray
Q9Y2I1,3P0C_1,3P0C,Nischarin,2.273,X-ray
Q8GCH2,2Q6V_1,2Q6V,Glucuronosyltransferase GumK,2.28,X-ray
Q9Z4N4,7DYR_3,7DYR,Microcin E492,2.28,EM
P69805,7DYR_2,7DYR,PTS system mannose-specific EIID component,2.28,EM
P69801,7DYR_1,7DYR,PTS system mannose-specific EIIC component,2.28,EM
P62022,2QOG_2,2QOG,Phospholipase A2 CB1,2.28,X-ray
P24027,2QOG_1,2QOG,Phospholipase A2 CB2,2.28,X-ray
P0ABN1,4D2E_1,4D2E,DIACYLGLYCEROL KINASE,2.28,X-ray
Q4WA18,7RXG_1,7RXG,afTMEM16 lipid scramblase,2.28,EM
P33602,7Z7V_3,7Z7V,NADH-quinone oxidoreductase,2.29,EM
Q8NER1,8GFA_1,8GFA,Transient receptor potential cation channel subfamily V member 1,2.29,EM
P33607,7Z7V_9,7Z7V,NADH dehydrogenase subunit L,2.29,EM
P0AFE4,7Z7V_12,7Z7V,NADH-quinone oxidoreductase subunit K,2.29,EM
P0AFF0,7Z7V_11,7Z7V,NADH-quinone oxidoreductase subunit N,2.29,EM
P0AFE0,7Z7V_13,7Z7V,NADH-quinone oxidoreductase subunit J,2.29,EM
P0AFD6,7Z7V_6,7Z7V,NADH-quinone oxidoreductase subunit I,2.29,EM
Q2FWP0,6RHV_1,6RHV,Beta-channel forming cytolysin,2.29,X-ray
P0AFD4,7Z7V_7,7Z7V,NADH-quinone oxidoreductase subunit H,2.29,EM
P33599,7Z7V_4,7Z7V,NADH-quinone oxidoreductase subunit C/D,2.29,EM
P05555,6RHV_3,6RHV,Integrin alpha-M,2.29,X-ray
O77389,7E27_1,7E27,Formate-nitrite transporter,2.29,EM
P0AFE8,7Z7V_10,7Z7V,NADH dehydrogenase I subunit M,2.29,EM
Q2FWN9,6RHV_2,6RHV,Beta-channel forming cytolysin,2.29,X-ray
P0AFC3,7Z7V_8,7Z7V,NADH-quinone oxidoreductase subunit A,2.29,EM
P0AFC7,7Z7V_5,7Z7V,NADH-quinone oxidoreductase subunit B,2.29,EM
B4EY22,2WSW_1,2WSW,BCCT FAMILY BETAINE/CARNITINE/CHOLINE TRANSPORTER,2.294,X-ray
Q9I202,2Y0K_1,2Y0K,PYROGLUTATMATE PORIN OPDO,2.295,X-ray
Q9Y365,6SER_1,6SER,START domain-containing protein 10,2.299,X-ray
Q99T05,3VMT_1,3VMT,Monofunctional glycosyltransferase,2.299,X-ray
P17694,7QSM_4,7QSM,"NADH dehydrogenase [ubiquinone] iron-sulfur protein 2, mitochondrial",2.3,EM
O15118,5F1B_3,5F1B,Niemann-Pick C1 protein,2.3,X-ray
P80188,3FW5_1,3FW5,Neutrophil gelatinase-associated lipocalin,2.3,X-ray
P02916,3PUW_2,3PUW,Maltose transport system permease protein malF,2.3,X-ray
A0A0M7H8A9,6ENE_1,6ENE,Outer membrane protein (Porin),2.3,X-ray
Q9X4B9,7NHS_1,7NHS,Putative transmembrane protein Wzc,2.3,EM
Q02827,7QSM_29,7QSM,NADH dehydrogenase [ubiquinone] 1 subunit C2,2.3,EM
Q02365,7QSM_36,7QSM,NADH dehydrogenase [ubiquinone] 1 beta subcomplex subunit 3,2.3,EM
Q02366,7QSM_22,7QSM,NADH dehydrogenase [ubiquinone] 1 alpha subcomplex subunit 6,2.3,EM
Q02367,7QSM_34,7QSM,NADH dehydrogenase [ubiquinone] 1 beta subcomplex subunit 6,2.3,EM
Q02368,7QSM_40,7QSM,NADH dehydrogenase [ubiquinone] 1 beta subcomplex subunit 7,2.3,EM
P94854,4JR8_1,4JR8,Cruxrhodopsin-3,2.3,X-ray
P84153,1M56_3,1M56,CYTOCHROME C OXIDASE,2.3,X-ray
Q02377,7QSM_26,7QSM,NADH dehydrogenase [ubiquinone] 1 alpha subcomplex subunit 1,2.3,EM
Q02378,7QSM_31,7QSM,NADH dehydrogenase [ubiquinone] 1 beta subcomplex subunit 1,2.3,EM
P06971,4CU4_1,4CU4,FERRICHROME-IRON RECEPTOR,2.3,X-ray
Q02379,7QSM_30,7QSM,NADH dehydrogenase [ubiquinone] iron-sulfur protein 5,2.3,EM
Q02380,7QSM_33,7QSM,"NADH dehydrogenase [ubiquinone] 1 beta subcomplex subunit 5, mitochondrial",2.3,EM
P82251,6LI9_2,6LI9,"b(0,+)-type amino acid transporter 1",2.3,EM
P77211,3PIK_1,3PIK,Cation efflux system protein cusC,2.3,X-ray
P15647,3VVK_1,3VVK,Halorhodopsin,2.3,X-ray
P15690,7QSM_7,7QSM,"NADH-ubiquinone oxidoreductase 75 kDa subunit, mitochondrial",2.3,EM
P18509,8E3Y_5,8E3Y,Pituitary adenylate cyclase-activating polypeptide,2.3,EM
P18531,1EZV_10,1EZV,HEAVY CHAIN (VH) OF FV-FRAGMENT,2.3,X-ray
P21359,2D4Q_1,2D4Q,Neurofibromin,2.3,X-ray
P69447,6TQJ_1,6TQJ,"ATP synthase subunit c, chloroplastic",2.3,X-ray
Q03736,1M56_2,1M56,CYTOCHROME C OXIDASE,2.3,X-ray
B1YFV8,4HYJ_1,4HYJ,Rhodopsin,2.3,X-ray
Q02375,7QSM_17,7QSM,"NADH dehydrogenase [ubiquinone] iron-sulfur protein 4, mitochondrial",2.3,EM
Q02376,7QSM_28,7QSM,"NADH dehydrogenase [ubiquinone] 1 subunit C1, mitochondrial",2.3,EM
P68183,3PUW_3,3PUW,Maltose transport system permease protein malG,2.3,X-ray
Q9NA73,5EIK_1,5EIK,Uncharacterized protein Y57A10A.28,2.3,X-ray
P00735,1NL2_1,1NL2,Prothrombin,2.3,X-ray
P00743,1IOD_3,1IOD,COAGULATION FACTOR X GLA DOMAIN,2.3,X-ray
P08165,1E6E_1,1E6E,NADPH\:ADRENODOXIN OXIDOREDUCTASE,2.3,X-ray
P08172,5ZKC_1,5ZKC,"Muscarinic acetylcholine receptor M2,Apo-cytochrome b562,Muscarinic acetylcholine receptor M2",2.3,X-ray
Q72CX3,3K3F_1,3K3F,Urea transporter,2.3,X-ray
P14170,1PCV_1,1PCV,osmotin,2.3,X-ray
Q72EF3,2J7A_1,2J7A,CYTOCHROME C NITRITE REDUCTASE NRFA,2.3,X-ray
Q72EF4,2J7A_2,2J7A,CYTOCHROME C QUINOL DEHYDROGENASE NRFH,2.3,X-ray
Q6VVX0,3CZH_1,3CZH,Cytochrome P450 2R1,2.3,X-ray
P23934,7QSM_18,7QSM,"NADH dehydrogenase [ubiquinone] iron-sulfur protein 6, mitochondrial",2.3,EM
P23935,7QSM_21,7QSM,NADH dehydrogenase [ubiquinone] 1 alpha subcomplex subunit 5,2.3,EM
Q9IAM1,1IOD_1,1IOD,COAGULATION FACTOR X BINDING PROTEIN,2.3,X-ray
Q0JRZ9,2V0O_1,2V0O,FCH DOMAIN ONLY PROTEIN 2,2.3,X-ray
Q07837,6LI9_1,6LI9,Neutral and basic amino acid transport protein rBAT,2.3,EM
P68187,3PUW_4,3PUW,Maltose/maltodextrin import ATP-binding protein MalK,2.3,X-ray
P63034,1U27_1,1U27,Cytohesin 2,2.3,X-ray
P63045,1KIL_1,1KIL,Synaptobrevin SNARE motif,2.3,X-ray
Q05652,1IK7_1,1IK7,PROBABLE SERINE/THREONINE-PROTEIN KINASE Pelle,2.3,X-ray
Q05752,7QSM_43,7QSM,NADH dehydrogenase [ubiquinone] 1 alpha subcomplex subunit 7,2.3,EM
P23709,7QSM_3,7QSM,"NADH dehydrogenase [ubiquinone] iron-sulfur protein 3, mitochondrial",2.3,EM
A0A977XLG0,8I2Z_1,8I2Z,Xanthorhodopsin,2.3,EM
Q7Z4H4,6UVA_6,6UVA,Protein ADM2,2.3,EM
O29988,4KPP_1,4KPP,Putative uncharacterized protein,2.3,X-ray
P25708,7QSM_6,7QSM,"NADH dehydrogenase [ubiquinone] flavoprotein 1, mitochondrial",2.3,EM
P09545,1XEZ_1,1XEZ,hemolysin,2.3,X-ray
P09683,6WZG_1,6WZG,Secretin,2.3,EM
P00590,1OXM_1,1OXM,CUTINASE,2.3,X-ray
A5W3Z9,4RL8_1,4RL8,Protein involved in meta-pathway of phenol degradation-like protein,2.3,X-ray
Q16602,6UVA_7,6UVA,Calcitonin gene-related peptide type 1 receptor,2.3,EM
P00257,1E6E_2,1E6E,ADRENODOXIN,2.3,X-ray
Q15642,2EFK_1,2EFK,Cdc42-interacting protein 4,2.3,X-ray
P60880,1KIL_4,1KIL,SNAP-25 C-terminal SNARE motif,2.3,X-ray
P60932,6FMV_1,6FMV,Undecaprenyl-diphosphatase,2.3,X-ray
D6WJ77,5V7P_1,5V7P,Protein-S-isoprenylcysteine O-methyltransferase,2.3,X-ray
P25712,7QSM_44,7QSM,"NADH dehydrogenase [ubiquinone] flavoprotein 3, mitochondrial",2.3,EM
P26349,3C59_2,3C59,Exendin-4,2.3,X-ray
A0ACD6BAR6,2RGH_1,2RGH,Alpha-Glycerophosphate Oxidase,2.3,X-ray
Q63707,1UUM_1,1UUM,DIHYDROOROTATE DEHYDROGENASE,2.3,X-ray
Q60932,3EMN_1,3EMN,Voltage-dependent anion-selective channel protein 1,2.3,X-ray
Q61194,2B3R_1,2B3R,Phosphatidylinositol-4-phosphate 3-kinase C2 domain-containing alpha polypeptide,2.3,X-ray
O97725,7QSM_42,7QSM,NADH dehydrogenase [ubiquinone] 1 alpha subcomplex subunit 12,2.3,EM
P56601,2IVD_1,2IVD,PROTOPORPHYRINOGEN OXIDASE,2.3,X-ray
Q26710,3W54_1,3W54,"Alternative oxidase, mitochondrial",2.3,X-ray
O97148,1FJR_1,1FJR,METHUSELAH ECTODOMAIN,2.3,X-ray
Q9BUL8,3AJM_1,3AJM,Programmed cell death protein 10,2.3,X-ray
P58743,7LGU_1,7LGU,Prestin,2.3,EM
P55776,6I8X_1,6I8X,Fatty acid-binding protein homolog,2.3,X-ray
P52754,2GVM_1,2GVM,Hydrophobin-1,2.3,X-ray
P32241,8E3Y_6,8E3Y,Vasoactive intestinal polypeptide receptor 1,2.3,EM
P53848,2BMB_1,2BMB,FOLIC ACID SYNTHESIS PROTEIN FOL1,2.3,X-ray
Q9DEF8,1IOD_2,1IOD,COAGULATION FACTOR X BINDING PROTEIN,2.3,X-ray
P29183,1HPL_1,1HPL,LIPASE,2.3,X-ray
O43924,1KSG_2,1KSG,"RETINAL ROD RHODOPSIN-SENSITIVE CGMP 3',5'-CYCLIC PHOSPHODIESTERASE DELTA-SUBUNIT",2.3,X-ray
Q8HXG5,7QSM_32,7QSM,"NADH dehydrogenase [ubiquinone] 1 beta subcomplex subunit 11, mitochondrial",2.3,EM
Q8HXG6,7QSM_24,7QSM,NADH dehydrogenase [ubiquinone] 1 alpha subcomplex subunit 11,2.3,EM
P32019,4CML_1,4CML,"TYPE II INOSITOL 1,4,5-TRISPHOSPHATE 5- PHOSPHATASE, ISOFORM 2",2.3,X-ray
P47872,6WZG_2,6WZG,Secretin receptor,2.3,EM
P34942,7QSM_15,7QSM,"NADH dehydrogenase [ubiquinone] 1 alpha subcomplex subunit 10, mitochondrial",2.3,EM
P34943,7R41_16,7R41,"NADH dehydrogenase [ubiquinone] 1 alpha subcomplex subunit 9, mitochondrial",2.3,EM
P48305,7QSM_38,7QSM,NADH dehydrogenase [ubiquinone] 1 beta subcomplex subunit 4,2.3,EM
Q99808,6OB7_1,6OB7,Equilibrative nucleoside transporter 1,2.3,X-ray
Q99385,4K1C_1,4K1C,Vacuolar calcium ion transporter,2.3,X-ray
P52505,7QSM_20,7QSM,"Acyl carrier protein, mitochondrial",2.3,EM
P50172,1Y5M_1,1Y5M,"Corticosteroid 11-beta-dehydrogenase, isozyme 1",2.3,X-ray
P42287,6PJ4_2,6PJ4,Peptide aldehyde inhibitor,2.3,X-ray
P33517,1M56_1,1M56,CYTOCHROME C OXIDASE,2.3,X-ray
P32851,1KIL_2,1KIL,Syntaxin SNARE motif short,2.3,X-ray
Q62420,1ZWW_1,1ZWW,SH3-containing GRB2-like protein 2,2.3,X-ray
Q8RUT8,3UG9_1,3UG9,"Archaeal-type opsin 1, Archaeal-type opsin 2",2.3,X-ray
P11169,7CRZ_1,7CRZ,"Solute carrier family 2, facilitated glucose transporter member 3",2.3,X-ray
G2FID1,6FL9_1,6FL9,Cys-loop ligand-gated ion channel,2.3,X-ray
Q5QUJ8,3TX3_1,3TX3,Uncharacterized protein involved in cysteine biosynthesis,2.3,X-ray
P45723,4F2T_1,4F2T,1-phosphatidylinositol phosphodiesterase,2.3,X-ray
Q95KV7,7QSM_25,7QSM,NADH dehydrogenase [ubiquinone] 1 alpha subcomplex subunit 13,2.3,EM
P42210,1QDM_1,1QDM,PROPHYTEPSIN,2.3,X-ray
P42029,7QSM_23,7QSM,NADH dehydrogenase [ubiquinone] 1 alpha subcomplex subunit 8,2.3,EM
Q45Z29,1P7O_1,1P7O,PHOSPHOLIPASE A2,2.3,X-ray
Q48152,2GR7_1,2GR7,Adhesin,2.3,X-ray
Q5G290,1Y75_2,1Y75,phospholipase A2 isoform 6,2.3,X-ray
Q5SIA2,5BZ3_1,5BZ3,Na(+)/H(+) antiporter,2.3,X-ray
P03887,7QSM_8,7QSM,NADH-ubiquinone oxidoreductase chain 1,2.3,EM
Q59646,3WFD_4,3WFD,Nitric oxide reductase subunit C,2.3,X-ray
Q5G291,1Y75_1,1Y75,phospholipase A2 isoform 5,2.3,X-ray
O60896,6UVA_5,6UVA,Receptor activity-modifying protein 3,2.3,EM
Q57727,6M31_1,6M31,Digeranylgeranylglyceryl phosphate synthase,2.3,X-ray
P42028,7QSM_9,7QSM,"NADH dehydrogenase [ubiquinone] iron-sulfur protein 8, mitochondrial",2.3,EM
P41586,8E3X_6,8E3X,Pituitary adenylate cyclase-activating polypeptide type I receptor,2.3,EM
P42026,7QSM_2,7QSM,"NADH dehydrogenase [ubiquinone] iron-sulfur protein 7, mitochondrial",2.3,EM
A0A0H2V8D3,7MDF_1,7MDF,Beta-lactamase,2.3,X-ray
P04394,7QSM_5,7QSM,"NADH dehydrogenase [ubiquinone] flavoprotein 2, mitochondrial",2.3,EM
Q59647,3WFD_3,3WFD,Nitric oxide reductase subunit B,2.3,X-ray
P02975,3SOK_1,3SOK,Fimbrial protein,2.3,X-ray
S5UH55,7MBQ_1,7MBQ,Transient receptor potential melastatin 5,2.3,EM
P03902,7R41_11,7R41,NADH-ubiquinone oxidoreductase chain 4L,2.3,EM
P03898,7R41_1,7R41,NADH-ubiquinone oxidoreductase chain 3,2.3,EM
P03892,7QSM_14,7QSM,NADH-ubiquinone oxidoreductase chain 2,2.3,EM
Q02374,7QSM_35,7QSM,"NADH dehydrogenase [ubiquinone] 1 beta subcomplex subunit 2, mitochondrial",2.3,EM
Q02371,7QSM_27,7QSM,NADH dehydrogenase [ubiquinone] 1 alpha subcomplex subunit 3,2.3,EM
Q02372,7QSM_37,7QSM,"NADH dehydrogenase [ubiquinone] 1 beta subcomplex subunit 8, mitochondrial",2.3,EM
P03910,7QSM_13,7QSM,NADH-ubiquinone oxidoreductase chain 4,2.3,EM
P03920,7QSM_12,7QSM,NADH-ubiquinone oxidoreductase chain 5,2.3,EM
P87666,5F1B_2,5F1B,GP2,2.3,X-ray
Q02369,7QSM_39,7QSM,NADH dehydrogenase [ubiquinone] 1 beta subcomplex subunit 9,2.3,EM
Q02370,7QSM_19,7QSM,NADH dehydrogenase [ubiquinone] 1 alpha subcomplex subunit 2,2.3,EM
P03924,7QSM_10,7QSM,NADH-ubiquinone oxidoreductase chain 6,2.3,EM
Q02373,7QSM_41,7QSM,NADH dehydrogenase [ubiquinone] 1 beta subcomplex subunit 10,2.3,EM
Q9WY99,6L85_1,6L85,Phosphate transporter,2.302,X-ray
Q96PS8,6F7H_1,6F7H,Aquaporin-10,2.304,X-ray
Q96E22,6W2L_2,6W2L,Dehydrodolichyl diphosphate synthase complex subunit NUS1,2.306,X-ray
Q86SQ9,6W2L_1,6W2L,Dehydrodolichyl diphosphate synthase complex subunit DHDDS,2.306,X-ray
Q05093,7ZQC_12,7ZQC,"Chlorophyll a-b binding protein, chloroplastic",2.31,EM
Q75VZ0,7ZQC_16,7ZQC,"Chlorophyll a-b binding protein, chloroplastic (Lhca4)",2.31,EM
P09144,7ZQC_2,7ZQC,Photosystem I P700 chlorophyll a apoprotein A2,2.31,EM
A8IL32,7ZQC_10,7ZQC,PSI subunit V,2.31,EM
P14225,7ZQC_11,7ZQC,"Photosystem I reaction center subunit psaK, chloroplastic",2.31,EM
P59777,7ZQC_9,7ZQC,Photosystem I reaction center subunit IX,2.31,EM
P14224,7ZQC_7,7ZQC,"Photosystem I reaction center subunit V, chloroplastic",2.31,EM
A8IFG7,7ZQC_8,7ZQC,Photosystem I reaction center subunit VIII,2.31,EM
P12356,7ZQC_6,7ZQC,"Photosystem I reaction center subunit III, chloroplastic",2.31,EM
P12154,7ZQC_1,7ZQC,Photosystem I P700 chlorophyll a apoprotein A1,2.31,EM
Q39615,7ZQC_4,7ZQC,"Photosystem I reaction center subunit II, chloroplastic",2.31,EM
Q00914,7ZQC_3,7ZQC,Photosystem I iron-sulfur center,2.31,EM
P12352,7ZQC_5,7ZQC,"Photosystem I reaction center subunit IV, chloroplastic",2.31,EM
Q9I6P8,3SZD_1,3SZD,porin,2.311,X-ray
A0A0H3AME7,6EHE_1,6EHE,OmpT protein,2.312,X-ray
Q58026,3GIA_1,3GIA,Uncharacterized protein MJ0609,2.32,X-ray
Q841A2,4B7O_1,4B7O,IRON-REGULATED OUTER MEMBRANE PROTEIN,2.32,X-ray
Q9HY38,4FSP_1,4FSP,Probable porin,2.323,X-ray
P57758,7ZKZ_1,7ZKZ,Cystinosin homolog,2.329,X-ray
Q9X6A5,3EFM_1,3EFM,Ferric alcaligin siderophore receptor,2.33,X-ray
O14842,4PHU_1,4PHU,"Free fatty acid receptor 1,Lysozyme",2.332,X-ray
Q8NFK1,6L3T_1,6L3T,Gap junction gamma-3 protein,2.34,EM
P53860,4FMM_1,4FMM,Phosphatidylinositol transfer protein PDR16,2.34,X-ray
Q9SV68,5A3V_1,5A3V,"PUTATIVE QUINONE-OXIDOREDUCTASE HOMOLOG, CHLOROPLASTIC",2.34,X-ray
Q16696,2P85_1,2P85,Cytochrome P450 2A13,2.35,X-ray
A0A979HMS2,7WAX_1,7WAX,lipid II flippase MurJ,2.35,X-ray
A0A143BHR2,7O0U_7,7O0U,Photosynthetic reaction center L subunit,2.35,EM
P21616,4A01_1,4A01,PROTON PYROPHOSPHATASE,2.35,X-ray
P08631,3RBB_2,3RBB,Tyrosine-protein kinase HCK,2.35,X-ray
A0A143BHS8,7O0U_2,7O0U,Light-harvesting protein B:885 subunit beta,2.35,EM
A0A143BHS7,7O0U_9,7O0U,LHC domain-containing protein,2.35,EM
A0A1Z3HRY4,6KMW_2,6KMW,Photosystem I P700 chlorophyll a apoprotein A2,2.35,EM
O34952,2W8D_1,2W8D,PROCESSED GLYCEROL PHOSPHATE LIPOTEICHOIC ACID SYNTHASE 2,2.35,X-ray
Q2G506,4MRS_1,4MRS,ABC transporter related protein,2.35,X-ray
Q5WPU5,7LCH_1,7LCH,Envelope protein E,2.35,EM
A0A1Z3HI16,6KMW_5,6KMW,Photosystem I reaction center subunit IV,2.35,EM
A0A1Z3HRW4,6KMW_1,6KMW,Photosystem I P700 chlorophyll a apoprotein A1,2.35,EM
A0A1Z3HSF0,6KMW_6,6KMW,Photosystem I reaction center subunit VIII,2.35,EM
A0A1Z3HS05,6KMW_7,6KMW,Photosystem I reaction center subunit XI,2.35,EM
Q5W0Z9,6BMM_1,6BMM,human DHHC20 palmitoyltransferase,2.35,X-ray
A0A1Z3HPE3,6KMW_3,6KMW,Photosystem I iron-sulfur center,2.35,EM
P02730,7UZ3_2,7UZ3,Band 3 anion transport protein,2.35,EM
Q02060,4RI2_1,4RI2,"Photosystem II 22 kDa protein, chloroplastic",2.35,X-ray
P02724,7UZ3_1,7UZ3,Glycophorin-A,2.35,EM
P03407,3RBB_1,3RBB,Protein Nef,2.35,X-ray
A0A143BJ28,7O0U_5,7O0U,PRCH domain-containing protein,2.35,EM
Q9RTP8,6D91_1,6D91,Divalent metal cation transporter MntH,2.356,X-ray
Q5SLI2,2YEV_2,2YEV,CYTOCHROME C OXIDASE SUBUNIT 2,2.36,X-ray
Q5SH67,2YEV_3,2YEV,CAA3-TYPE CYTOCHROME OXIDASE SUBUNIT IV,2.36,X-ray
Q00802,4IY8_1,4IY8,30K protein 1,2.36,X-ray
P98005,2YEV_1,2YEV,CYTOCHROME C OXIDASE POLYPEPTIDE I+III,2.36,X-ray
Q9NR80,2DX1_1,2DX1,Rho guanine nucleotide exchange factor 4,2.36,X-ray
Q5QF96,4EZC_1,4EZC,Urea transporter 1,2.36,X-ray
P58564,6K61_7,6K61,Photosystem I reaction center subunit III,2.37,EM
P20292,6VGC_1,6VGC,5-lipoxygenase-activating protein,2.37,X-ray
P58560,6K61_10,6K61,Photosystem I reaction center subunit VIII,2.37,EM
Q2M385,6U2J_1,6U2J,Macrophage-expressed gene 1 protein,2.37,EM
P58583,6K61_9,6K61,Photosystem I reaction center subunit PsaK 1,2.37,EM
P58573,6K61_5,6K61,Photosystem I reaction center subunit II,2.37,EM
P58566,6K61_2,6K61,Photosystem I 4.8 kDa protein,2.37,EM
P58576,6K61_1,6K61,Photosystem I P700 chlorophyll a apoprotein A1,2.37,EM
P58575,6K61_6,6K61,Photosystem I reaction center subunit IV,2.37,EM
Q8YNB0,6K61_12,6K61,Photosystem I reaction center subunit XII,2.37,EM
P58568,6K61_8,6K61,Photosystem I reaction center subunit IX,2.37,EM
P58577,6K61_11,6K61,Photosystem I reaction center subunit XI,2.37,EM
P0A410,6K61_4,6K61,Photosystem I iron-sulfur center,2.37,EM
P58565,6K61_3,6K61,Photosystem I P700 chlorophyll a apoprotein A2 1,2.37,EM
Q29437,1TU5_1,1TU5,"Copper amine oxidase, liver isozyme",2.37,X-ray
O67603,6EBU_1,6EBU,LpxE,2.372,X-ray
Q5M4H8,5OXP_1,5OXP,Di-or tripeptide:H+ symporter,2.372,X-ray
Q8RTE3,4MT4_1,4MT4,CmeC,2.373,X-ray
A0A6J4B0S3,6LY5_11,6LY5,FCPI-13,2.38,EM
A0A6J4B109,6LY5_20,6LY5,PsaA,2.38,EM
A0A6J4B112,6LY5_4,6LY5,FCPI-6,2.38,EM
A0A6J4B118,6LY5_31,6LY5,PsaR,2.38,EM
A0A6J4B125,6LY5_15,6LY5,FCPI,2.38,EM
A0A6J4B150,6LY5_9,6LY5,FCPI-3,2.38,EM
A0A6J4B2D5,6LY5_10,6LY5,FCPI-9,2.38,EM
A0A6J4B2D8,6LY5_13,6LY5,FCPI-16,2.38,EM
W0E5B0,6ZXA_2,6ZXA,Light-harvesting protein B:800-850 subunit beta,2.38,EM
P0ABJ3,6WTI_3,6WTI,Cytochrome o ubiquinol oxidase,2.38,EM
P0ABJ6,6WTI_4,6WTI,"Cytochrome o ubiquinol oxidase, subunit IV",2.38,EM
A0A6J4B0N3,6LY5_28,6LY5,PsaL,2.38,EM
P0ABJ1,6WTI_2,6WTI,Ubiquinol oxidase subunit 2,2.38,EM
A4GGC6,6LY5_27,6LY5,PsaJ,2.38,EM
P0ABI8,6WTI_1,6WTI,"Cytochrome o ubiquinol oxidase, subunit I",2.38,EM
P12355,6LY5_25,6LY5,PsaF,2.38,EM
E1C9K6,6LY5_24,6LY5,PsaE,2.38,EM
A0A6J4B037,6LY5_12,6LY5,FCPI-14,2.38,EM
A0A6J4B024,6LY5_3,6LY5,FCPI-11,2.38,EM
Q03720,7PXE_1,7PXE,Isoform J of Calcium-activated potassium channel slowpoke,2.38,EM
A0A1E7F4Y9,6LY5_2,6LY5,FCPI-1,2.38,EM
Q85G73,6LY5_29,6LY5,PsaM,2.38,EM
A0A6J4B0E7,6LY5_21,6LY5,PsaB,2.38,EM
P10793,6LY5_22,6LY5,PsaC,2.38,EM
B8C0K4,6LY5_8,6LY5,FCPI-10,2.38,EM
A0A6J4B0A4,6LY5_7,6LY5,FCPI-4,2.38,EM
P17227,6LY5_26,6LY5,PsaI,2.38,EM
A0A6J4B3M5,6LY5_5,6LY5,FCPI-5,2.38,EM
A0A6J4B492,6LY5_6,6LY5,FCPI-8,2.38,EM
A0A6J4B499,6LY5_16,6LY5,FCPI-24,2.38,EM
A0A6J4B7P2,6LY5_1,6LY5,FCPI-7,2.38,EM
A0A6J4B7P8,6LY5_17,6LY5,FCPI-23,2.38,EM
W0E6A1,6ZXA_1,6ZXA,LHC domain-containing protein,2.38,EM
B0SR19,4QNC_1,4QNC,chemical transport protein,2.388,X-ray
Q9UH99,3UNP_1,3UNP,SUN domain-containing protein 2,2.39,X-ray
P05093,5UYS_1,5UYS,"Steroid 17-alpha-hydroxylase/17,20 lyase",2.392,X-ray
A0A0M3KL12,7DKZ_10,7DKZ,PSI-F,2.393,X-ray
Q9SQL2,7DKZ_4,7DKZ,"Chlorophyll a-b binding protein P4, chloroplastic",2.393,X-ray
P05310,7DKZ_5,7DKZ,Photosystem I P700 chlorophyll a apoprotein A1,2.393,X-ray
Q83SQ0,4Q35_1,4Q35,LPS-assembly protein LptD,2.393,X-ray
Q41038,7DKZ_2,7DKZ,"Chlorophyll a-b binding protein, chloroplastic",2.393,X-ray
D5MAL3,7DKZ_14,7DKZ,Photosystem I reaction center subunit IX,2.393,X-ray
Q83LX4,4Q35_2,4Q35,LPS-assembly lipoprotein LptE,2.393,X-ray
E1C9L1,7DKZ_15,7DKZ,PsaL,2.393,X-ray
A0A0F6NGI2,7DKZ_6,7DKZ,Photosystem I P700 chlorophyll a apoprotein A2,2.393,X-ray
Q32904,7DKZ_3,7DKZ,"Chlorophyll a-b binding protein 3, chloroplastic",2.393,X-ray
E1C9L3,7DKZ_16,7DKZ,PSI-K,2.393,X-ray
A0A0M3KL10,7DKZ_12,7DKZ,PsaH,2.393,X-ray
Q9YF05,5GUF_1,5GUF,CDP-archaeol synthase,2.397,X-ray
Q13336,6QD5_1,6QD5,Urea transporter 1,2.398,X-ray
P0A074,2QK7_1,2QK7,Gamma-hemolysin component A,2.4,X-ray
Q9GZN0,7EJX_1,7EJX,Probable G-protein coupled receptor 88,2.4,EM
P95673,1LGH_2,1LGH,LIGHT HARVESTING COMPLEX II,2.4,X-ray
Q99RL1,4P1X_1,4P1X,Gamma-hemolysin component C,2.4,X-ray
D7A5Q8,5I20_1,5I20,Uncharacterized protein,2.4,X-ray
E8XEH9,4FC4_1,4FC4,Nitrite transporter NirC,2.4,X-ray
A0A0H3LM39,5TSA_1,5TSA,Membrane protein,2.4,X-ray
P47712,1RLW_1,1RLW,PHOSPHOLIPASE A2,2.4,X-ray
P0AEB5,7N4T_1,7N4T,Low conductance mechanosensitive channel YnaI,2.4,EM
P30989,7UL2_1,7UL2,Neurotensin receptor 1,2.4,EM
Q8CJ12,7XKF_5,7XKF,Adhesion G-protein coupled receptor G2,2.4,EM
P31827,6OFR_1,6OFR,TonB-dependent outer membrane receptor,2.4,X-ray
Q99K10,3B3Q_1,3B3Q,Nlgn1 protein,2.4,X-ray
Q99962,2D4C_1,2D4C,SH3-containing GRB2-like protein 2,2.4,X-ray
A8EVM5,6MWA_1,6MWA,Ion transport protein,2.4,X-ray
Q9LVH4,5A50_2,5A50,AT3G17980,2.4,X-ray
P08173,7TRP_1,7TRP,Muscarinic acetylcholine receptor M4,2.4,EM
P22340,1A0S_1,1A0S,SUCROSE-SPECIFIC PORIN,2.4,X-ray
Q7NDN8,4HFI_1,4HFI,Proton-gated ion channel,2.4,X-ray
Q7ZAK5,5AOD_1,5AOD,PNEUMOLYSIN,2.4,X-ray
P01215,7UTZ_1,7UTZ,Glycoprotein hormones alpha chain analog TR1402,2.4,EM
O00206,4G8A_1,4G8A,Toll-like receptor 4,2.4,X-ray
P0C2X0,5I2M_1,5I2M,Glycoprotein G,2.4,X-ray
P24173,2H1H_1,2H1H,Lipopolysaccharide heptosyltransferase 1,2.4,X-ray
P63096,7EJX_2,7EJX,Guanine nucleotide-binding protein G(i) subunit alpha-1,2.4,EM
P10903,4U4W_1,4U4W,Nitrate/nitrite transporter NarK,2.4,X-ray
P00592,4P2P_1,4P2P,PHOSPHOLIPASE A2,2.4,X-ray
A5GZW8,1ZOY_4,1ZOY,Small cytochrome binding protein,2.4,X-ray
Q4H132,2ZXE_1,2ZXE,"Na, K-ATPase alpha subunit",2.4,X-ray
P35318,6UUS_5,6UUS,ADM,2.4,EM
P12530,2P0M_1,2P0M,Arachidonate 15-lipoxygenase,2.4,X-ray
Q14728,6S4M_1,6S4M,Major facilitator superfamily domain-containing protein 10,2.4,X-ray
D0VWV4,1ZOY_3,1ZOY,Large cytochrome binding protein,2.4,X-ray
P62483,2R9R_1,2R9R,Voltage-gated potassium channel subunit beta-2,2.4,X-ray
Q47108,1COL_1,1COL,COLICIN A,2.4,X-ray
P26466,2MPR_1,2MPR,MALTOPORIN,2.4,X-ray
Q0QF01,1ZOY_1,1ZOY,FAD-binding protein,2.4,X-ray
Q57399,2NQ2_2,2NQ2,Hypothetical ABC transporter ATP-binding protein HI1470,2.4,X-ray
P02943,1AF6_1,1AF6,MALTOPORIN,2.4,X-ray
Q02762,2QJY_3,2QJY,Ubiquinol-cytochrome c reductase iron-sulfur subunit,2.4,X-ray
P06030,7AU6_3,7AU6,Cytochrome c oxidase subunit 3,2.4,EM
C4IX13,2ZXE_2,2ZXE,"Na+,K+-ATPase beta subunit",2.4,X-ray
Q51162,4AIP_1,4AIP,FE-REGULATED PROTEIN B,2.4,X-ray
Q50245,1L0Q_1,1L0Q,Surface layer protein,2.4,X-ray
Q57130,2NQ2_1,2NQ2,Hypothetical ABC transporter permease protein HI1471,2.4,X-ray
A0A0H3JX61,4P1X_2,4P1X,Gamma-hemolysin component B,2.4,X-ray
A0A7U3W892,7N5G_1,7N5G,Mechanosensitive ion channel Flycatcher1,2.4,EM
Q72LA6,2VPZ_3,2VPZ,HYPOTHETICAL MEMBRANE SPANNING PROTEIN,2.4,X-ray
Q70Q12,2ZXE_3,2ZXE,Phospholemman-like protein,2.4,X-ray
P13987,5IMY_2,5IMY,CD59 glycoprotein,2.4,X-ray
P82889,1HGZ_1,1HGZ,PH75 INOVIRUS MAJOR COAT PROTEIN,2.4,X-ray
B2YGA4,5IMY_1,5IMY,Vaginolysin,2.4,X-ray
Q9RF12,1KHO_1,1KHO,alpha-toxin,2.4,X-ray
P01222,7UTZ_2,7UTZ,Thyrotropin subunit beta,2.4,EM
Q02760,2QJY_2,2QJY,Cytochrome c1,2.4,X-ray
P77921,7AU6_4,7AU6,Cytochrome c oxidase subunit 4,2.4,EM
P07267,1FQ5_1,1FQ5,SACCHAROPEPSIN,2.4,X-ray
Q7T1K6,1XX5_1,1XX5,Natrin 1,2.4,X-ray
P17213,1BP1_1,1BP1,BACTERICIDAL/PERMEABILITY-INCREASING PROTEIN,2.4,X-ray
Q02761,2QJY_1,2QJY,Cytochrome b,2.4,X-ray
Q8KRV3,1YCE_1,1YCE,subunit c,2.4,X-ray
P29972,7UZE_1,7UZE,Aquaporin-1,2.4,EM
P58400,3B3Q_2,3B3Q,NRXN1 protein,2.4,X-ray
Q86V24,5LWY_1,5LWY,Adiponectin receptor protein 2,2.4,X-ray
P30690,3WI5_1,3WI5,Major outer membrane protein P.IB,2.4,X-ray
P09332,1QTF_1,1QTF,EXFOLIATIVE TOXIN B,2.4,X-ray
P50859,5JLC_1,5JLC,Lanosterol 14-alpha demethylase,2.4,X-ray
E4TN31,6HD8_2,6HD8,TMEM175,2.4,X-ray
Q007T0,1ZOY_2,1ZOY,Iron-sulfur protein,2.4,X-ray
Q9HWW1,2X27_1,2X27,OUTER MEMBRANE PROTEIN OPRG,2.4,X-ray
Q9Z0S5,4P79_1,4P79,Claudin-15,2.4,X-ray
B5YGD6,4RNG_1,4RNG,MtN3/saliva family,2.4,X-ray
P97253,1LGH_1,1LGH,LIGHT HARVESTING COMPLEX II,2.4,X-ray
P05825,1FEP_1,1FEP,FERRIC ENTEROBACTIN RECEPTOR,2.4,X-ray
P16473,7UTZ_4,7UTZ,Thyrotropin receptor,2.4,EM
P16622,1LBQ_1,1LBQ,Ferrochelatase,2.4,X-ray
P16452,7V0K_5,7V0K,Protein 4.2,2.4,EM
Q47UY7,5WUF_1,5WUF,Putative membrane protein,2.401,X-ray
Q69CK0,3PLC_1,3PLC,Beta-cardiotoxin OH-27,2.41,X-ray
A0A1Z3HIQ7,6KMX_8,6KMX,Photosystem I reaction center subunit XI,2.41,EM
A0A1Z3HIN6,6KMX_1,6KMX,Photosystem I P700 chlorophyll a apoprotein A1,2.41,EM
A0A1Z3HIL0,6KMX_2,6KMX,Photosystem I P700 chlorophyll a apoprotein A2,2.41,EM
A0A1Z3HR36,6KMX_7,6KMX,Photosystem I reaction center subunit PsaK,2.41,EM
G0GA88,7TJ5_1,7TJ5,"Putative transcriptional regulator, Crp/Fnr family",2.41,EM
Q3MHW7,7M96_1,7M96,Sigma intracellular receptor 2,2.41,X-ray
A0A1Z3HIL5,6KMX_6,6KMX,Photosystem I reaction center subunit VIII,2.41,EM
P02919,5HLB_1,5HLB,Penicillin-binding protein 1B,2.42,X-ray
D0FY19,7PI0_12,7PI0,Photosystem II reaction center protein L,2.43,EM
A0A1C8XRM6,7PI0_2,7PI0,Photosystem II CP47 reaction center protein,2.43,EM
A0A1C8XRK9,7PI0_5,7PI0,Photosystem II D2 protein,2.43,EM
A0A1C8XRP3,7PI0_8,7PI0,Photosystem II reaction center protein H,2.43,EM
D0FXX2,7PI0_11,7PI0,Photosystem II reaction center protein K,2.43,EM
D0FXX5,7PI0_9,7PI0,Photosystem II reaction center protein I,2.43,EM
D0FXY3,7PI0_4,7PI0,Photosystem II CP43 reaction center protein,2.43,EM
D0FXZ2,7PI0_19,7PI0,Photosystem II reaction center protein Z,2.43,EM
D0FXZ3,7PI0_13,7PI0,Photosystem II reaction center protein M,2.43,EM
A0A1C8XRM8,7PI0_10,7PI0,Photosystem II reaction center protein J,2.43,EM
D0FY13,7PI0_3,7PI0,Photosystem II reaction center protein Ycf12,2.43,EM
A0A9J4RF16,7PI0_18,7PI0,Hypothetical protein,2.43,EM
A0A9J4RF15,7PI0_17,7PI0,PSII 6.1 kDa protein,2.43,EM
Q9H1D0,7S8B_1,7S8B,Transient receptor potential cation channel subfamily V member 6,2.43,EM
D0FY08,7PI0_1,7PI0,Photosystem II protein D1,2.43,EM
D0FY01,7PI0_6,7PI0,Cytochrome b559 subunit alpha,2.43,EM
D0FY04,7PI0_16,7PI0,Photosystem II reaction center protein T,2.43,EM
D0FY18,7PI0_7,7PI0,Cytochrome b559 subunit beta,2.43,EM
A0A9J4RF13,7PI0_14,7PI0,"Oxygen-evolving enhancer protein 1, chloroplastic",2.43,EM
Q9KPL5,3TIJ_1,3TIJ,NupC family protein,2.436,X-ray
G0S812,7ZMG_32,7ZMG,Subunit NDUFC2 of NADH-ubiquinone oxidoreductase (Complex I),2.44,EM
G0S8H4,7ZMG_14,7ZMG,NADH-ubiquinone oxidoreductase-like protein,2.44,EM
G1DJ99,7ZMG_3,7ZMG,NADH-ubiquinone oxidoreductase chain 3,2.44,EM
A0FGR8,4P42_1,4P42,Extended synaptotagmin-2,2.44,X-ray
P43005,8CV2_1,8CV2,Excitatory amino acid transporter 3,2.44,EM
G0SAY0,7ZMG_24,7ZMG,Complex I-B22,2.44,EM
G0SEZ1,7ZMG_34,7ZMG,Subunit NDUFB10 of NADH-ubiquinone oxidoreductase (Complex I),2.44,EM
G0SAE9,7ZMG_7,7ZMG,NADH dehydrogenase [ubiquinone] 1 beta subcomplex subunit 7,2.44,EM
G1DJA3,7ZMG_5,7ZMG,NADH-ubiquinone oxidoreductase chain 5,2.44,EM
G1DJA2,7ZMG_20,7ZMG,NADH-ubiquinone oxidoreductase chain 4L,2.44,EM
G0SB83,7ZMG_27,7ZMG,NADH dehydrogenase [ubiquinone] 1 alpha subcomplex subunit 13,2.44,EM
G0SG48,7ZMG_8,7ZMG,Subunit NDUFS5 of NADH-ubiquinone oxidoreductase (Complex I),2.44,EM
G0S569,7ZMG_39,7ZMG,Subunit NDUFB6 of NADH-ubiquinone oxidoreductase (Complex I),2.44,EM
G0S5C8,7ZMG_40,7ZMG,Subunit NDUFB4 of NADH-ubiquinone oxidoreductase (Complex I),2.44,EM
G0S3Y7,7ZMG_29,7ZMG,"NADH dehydrogenase [ubiquinone] iron-sulfur protein 4, mitochondrial",2.44,EM
G0S4Q3,7ZMG_23,7ZMG,NADH-ubiquinone oxidoreductase B14 subunit-like protein,2.44,EM
G1DJ96,7ZMG_6,7ZMG,NADH-ubiquinone oxidoreductase chain 6,2.44,EM
G1DJ98,7ZMG_2,7ZMG,NADH dehydrogenase subunit 2,2.44,EM
G0SAN0,7ZMG_25,7ZMG,Complex I-ESSS,2.44,EM
G0S2B3,7ZMG_18,7ZMG,NADH-ubiquinone oxidoreductase-like protein,2.44,EM
G0S681,7ZMG_33,7ZMG,Subunit NDUFB3 of NADH-ubiquinone oxidoreductase (Complex I),2.44,EM
G0SA46,7ZMG_10,7ZMG,"NADH dehydrogenase [ubiquinone] flavoprotein 1, mitochondrial",2.44,EM
O15296,7LAF_1,7LAF,Polyunsaturated fatty acid lipoxygenase ALOX15B,2.44,X-ray
G0S086,7ZMG_41,7ZMG,Subunit NDUFB5 of NADH-ubiquinone oxidoreductase (Complex I),2.44,EM
G0S1P3,7ZMG_36,7ZMG,NADH dehydrogenase-like protein,2.44,EM
G0S0S8,7ZMG_28,7ZMG,NADH-ubiquinone oxidoreductase-like protein,2.44,EM
G0S0R3,7ZMG_26,7ZMG,NADH-ubiquinone oxidoreductase,2.44,EM
G0S775,7ZMG_38,7ZMG,NADH dehydrogenase [ubiquinone] 1 alpha subcomplex subunit,2.44,EM
G1DJA6,7ZMG_1,7ZMG,NADH-ubiquinone oxidoreductase chain 1,2.44,EM
G1DJA7,7ZMG_4,7ZMG,NADH-ubiquinone oxidoreductase chain 4,2.44,EM
F1QXD3,6BMS_1,6BMS,Palmitoyltransferase,2.441,X-ray
Q5EGY4,3KYQ_1,3KYQ,Synaptobrevin homolog YKT6,2.443,X-ray
P04180,5BV7_1,5BV7,Phosphatidylcholine-sterol acyltransferase,2.45,X-ray
O00230,7S8L_2,7S8L,Cortistatin 14,2.45,EM
S5LAD9,7VLY_1,7VLY,Mannose/fructose/sorbose family PTS transporter subunit IIC,2.45,EM
Q8YAM0,7VLY_2,7VLY,PTS mannose family transporter subunit IID,2.45,EM
P62943,7TZC_2,7TZC,Peptidyl-prolyl cis-trans isomerase FKBP1A,2.45,EM
P00989,1BUN_2,1BUN,BETA2-BUNGAROTOXIN,2.45,X-ray
Q61644,2X3V_1,2X3V,PROTEIN KINASE C AND CASEIN KINASE SUBSTRATE IN NEURONS PROTEIN 1,2.45,X-ray
P00617,1BUN_1,1BUN,BETA2-BUNGAROTOXIN,2.45,X-ray
O53585,4FIX_1,4FIX,UDP-galactofuranosyl transferase GlfT2,2.45,X-ray
P11716,7TZC_3,7TZC,Ryanodine receptor 1,2.45,EM
Q9BSA9,7UNL_1,7UNL,Endosomal/lysosomal potassium channel TMEM175,2.45,EM
Q96LB1,7S8L_1,7S8L,Mas-related G-protein coupled receptor member X2,2.45,EM
P20789,6YVR_1,6YVR,"Neurotensin receptor type 1,Neurotensin receptor type 1,DARPin crystallisation chaperone",2.458,X-ray
A0R206,7NJS_6,7NJS,ATP synthase subunit a,2.46,EM
A0R200,7NJS_2,7NJS,ATP synthase subunit beta,2.46,EM
P02703,1LPB_1,1LPB,COLIPASE,2.46,X-ray
A0R1Z9,7NJS_4,7NJS,ATP synthase epsilon chain,2.46,EM
A0R205,7NJS_5,7NJS,ATP synthase subunit c,2.46,EM
A0R204,7NJS_7,7NJS,ATP synthase subunit b,2.46,EM
A0R203,7NJS_8,7NJS,ATP synthase subunit b-delta,2.46,EM
A0R201,7NJS_3,7NJS,ATP synthase gamma chain,2.46,EM
G4SZ64,7S4L_1,7S4L,"Particulate methane monooxygenase, B subunit",2.46,EM
G4SZ62,7S4L_3,7S4L,"Particulate methane monooxygenase, C subunit",2.46,EM
G4SZ63,7S4L_2,7S4L,"Particulate methane monooxygenase, A subunit",2.46,EM
A0R202,7NJS_1,7NJS,ATP synthase subunit alpha,2.46,EM
Q9VKJ9,6EI6_1,6EI6,Coiled-coil and C2 domain-containing protein 1-like,2.461,X-ray
Q9ALY0,5O9C_1,5O9C,Osmoporin Omp36,2.469,X-ray
Q9WTR1,7XER_1,7XER,Transient receptor potential cation channel subfamily V member 2,2.47,EM
Q9JZN9,4RDR_1,4RDR,ZnuD,2.472,X-ray
Q7BSW5,3SLJ_1,3SLJ,Serine protease espP,2.481,X-ray
P19099,4DVQ_1,4DVQ,"Cytochrome P450 11B2, mitochondrial",2.49,X-ray
P18239,4C9G_1,4C9G,"ADP, ATP CARRIER PROTEIN 2",2.49,X-ray
A0A0C7CQY7,8B43_1,8B43,Metal-pseudopaline receptor CntO,2.49,X-ray
B5Z8H1,6QFA_2,6QFA,"Outer membrane protein,Outer membrane protein,Outer membrane protein,Outer membrane protein,Uncharacterized protein,Uncharacterized protein,Mb-c7HopQ-Nb25",2.49,EM
Q99963,2Z0V_1,2Z0V,SH3-containing GRB2-like protein 3,2.49,X-ray
P28321,4ZWN_1,4ZWN,Monoglyceride lipase,2.491,X-ray
P0A071,3B07_2,3B07,Gamma-hemolysin component A,2.495,X-ray
Q99735,6SSS_1,6SSS,Microsomal glutathione S-transferase 2,2.498,X-ray
O33407,3KVN_1,3KVN,Esterase estA,2.499,X-ray
P01544,2PLH_1,2PLH,ALPHA-1-PUROTHIONIN,2.5,X-ray
P31356,2Z73_1,2Z73,Rhodopsin,2.5,X-ray
E0SJQ4,7L6Q_1,7L6Q,Gamma-aminobutyric-acid receptor subunit beta-1,2.5,EM
P02712,7QL5_2,7QL5,Acetylcholine receptor subunit beta,2.5,EM
P33136,1TXK_1,1TXK,Glucans biosynthesis protein G,2.5,X-ray
P02710,7QL5_1,7QL5,Acetylcholine receptor subunit alpha,2.5,EM
O78747,6ZKA_2,6ZKA,NADH-ubiquinone oxidoreductase chain 1,2.5,EM
O79874,7V2H_41,7V2H,NADH-ubiquinone oxidoreductase chain 1,2.5,EM
O78757,6ZKA_3,6ZKA,NADH-ubiquinone oxidoreductase chain 6,2.5,EM
P61278,7T10_5,7T10,Somatostatin-14,2.5,EM
Q43998,1W18_1,1W18,LEVANSUCRASE,2.5,X-ray
P02978,2I88_1,2I88,Colicin-E1,2.5,X-ray
Q94KI8,7TBG_1,7TBG,Two pore calcium channel protein 1,2.5,EM
Q3J1A4,7PIL_1,7PIL,Light-harvesting protein B-875 alpha chain,2.5,EM
P03300,6HLV_2,6HLV,3A protein,2.5,X-ray
P07014,7JZ2_2,7JZ2,Succinate dehydrogenase iron-sulfur subunit,2.5,EM
P93157,3BRX_1,3BRX,Annexin,2.5,X-ray
P0AGM8,5XLS_1,5XLS,Uracil permease,2.5,X-ray
O78754,6ZKA_4,6ZKA,NADH-ubiquinone oxidoreductase chain 4L,2.5,EM
O78753,6ZKA_1,6ZKA,NADH-ubiquinone oxidoreductase chain 3,2.5,EM
O78748,6ZKA_7,6ZKA,NADH-ubiquinone oxidoreductase chain 2,2.5,EM
D9IEF7,7BVQ_1,7BVQ,"Endolysin,Beta-1 adrenergic receptor chimera",2.5,X-ray
Q3J170,7PIL_3,7PIL,Reaction center protein H chain,2.5,EM
Q3J1A3,7PIL_2,7PIL,Light-harvesting protein B-875 beta chain,2.5,EM
P48169,7QN5_1,7QN5,Gamma-aminobutyric acid receptor subunit alpha-4,2.5,EM
O79875,7V2H_32,7V2H,NADH-ubiquinone oxidoreductase chain 2,2.5,EM
O79880,7V2H_33,7V2H,NADH-ubiquinone oxidoreductase chain 3,2.5,EM
O79881,7V2H_40,7V2H,NADH-ubiquinone oxidoreductase chain 4,2.5,EM
Q5QNS5,2OR8_1,2OR8,Hepatitis A virus cellular receptor 1 homolog,2.5,X-ray
P00624,1PP2_1,1PP2,CALCIUM-FREE PHOSPHOLIPASE A2,2.5,X-ray
Q03431,6FJ3_1,6FJ3,"Parathyroid hormone/parathyroid hormone-related peptide receptor,Parathyroid hormone/parathyroid hormone-related peptide receptor,GlgA glycogen synthase,Parathyroid hormone/parathyroid hormone-related peptide receptor",2.5,X-ray
K7GSE5,7V2H_39,7V2H,NADH dehydrogenase [ubiquinone] 1 beta subcomplex subunit 9,2.5,EM
P13402,7PIL_7,7PIL,Intrinsic membrane protein PufX,2.5,EM
Q6U7R4,3BIB_1,3BIB,T-cell immunoglobulin and mucin domain-containing protein 4,2.5,X-ray
Q9NP59,6WBV_2,6WBV,Solute carrier family 40 member 1,2.5,EM
P69054,7JZ2_3,7JZ2,Succinate dehydrogenase cytochrome b556 subunit,2.5,EM
Q9NQ11,7N72_1,7N72,Isoform 3 of Polyamine-transporting ATPase 13A2,2.5,EM
P06716,2HDI_2,2HDI,Colicin-Ia,2.5,X-ray
B6ZHF2,7VD5_18,7VD5,Photosystem II reaction center X protein,2.5,EM
B6ZHF4,7VD5_16,7VD5,Cytochrome c-550,2.5,EM
P17315,2HDI_1,2HDI,Colicin I receptor,2.5,X-ray
P07371,2BHW_1,2BHW,CHLOROPHYLL A-B BINDING PROTEIN AB80,2.5,X-ray
F1S031,7V2H_18,7V2H,"NADH dehydrogenase [ubiquinone] iron-sulfur protein 6, mitochondrial",2.5,EM
P01452,1CDT_1,1CDT,CARDIOTOXIN VII4,2.5,X-ray
F1S1A8,7V2H_16,7V2H,"NADH dehydrogenase [ubiquinone] iron-sulfur protein 2, mitochondrial",2.5,EM
P07237,6I7S_1,6I7S,Protein disulfide-isomerase,2.5,X-ray
P51787,7XNN_2,7XNN,Potassium voltage-gated channel subfamily KQT member 1,2.5,EM
A1XQS6,7V2H_29,7V2H,"NADH dehydrogenase [ubiquinone] 1 subunit C1, mitochondrial",2.5,EM
Q9TDR1,7V2H_35,7V2H,NADH-ubiquinone oxidoreductase chain 5,2.5,EM
P25714,3BLC_1,3BLC,Inner membrane protein oxaA,2.5,X-ray
O14764,7QN5_3,7QN5,Gamma-aminobutyric acid receptor subunit delta,2.5,EM
B3Y963,3AYF_1,3AYF,Nitric oxide reductase,2.5,X-ray
P17405,5I85_1,5I85,Sphingomyelin phosphodiesterase,2.5,X-ray
P07339,1LYB_2,1LYB,CATHEPSIN D,2.5,X-ray
F1SCH1,7V2H_43,7V2H,NADH dehydrogenase [ubiquinone] 1 beta subcomplex subunit 7,2.5,EM
P63756,7DRJ_1,7DRJ,CDP-diacylglycerol--glycerol-3-phosphate 3-phosphatidyltransferase,2.5,X-ray
P63212,7DUQ_5,7DUQ,Guanine nucleotide-binding protein G(I)/G(S)/G(O) subunit gamma-2,2.5,EM
A4D7H3,6NV1_1,6NV1,Matrix protein 2,2.5,X-ray
K7GR43,7V2H_17,7V2H,NADH dehydrogenase [ubiquinone] 1 alpha subcomplex subunit 1,2.5,EM
P35077,4QL0_1,4QL0,Filamentous hemagglutinin transporter protein FhaC,2.5,X-ray
Q5UXY6,4PXK_1,4PXK,Bacteriorhodopsin,2.5,X-ray
B0CB42,7COY_3,7COY,Photosystem I iron-sulfur center,2.5,EM
Q3TDN0,7RPI_1,7RPI,Protein dispatched homolog 1,2.5,EM
O07091,7Z6Q_3,7Z6Q,Cytochrome c,2.5,EM
O06139,7NKZ_1,7NKZ,Probable integral membrane cytochrome D ubiquinol oxidase (Subunit II) CydB (Cytochrome BD-I oxidase subunit II),2.5,EM
O79882,7V2H_36,7V2H,NADH-ubiquinone oxidoreductase chain 6,2.5,EM
Q6SLM0,1G2X_1,1G2X,PHOSPHOLIPASE A2,2.5,X-ray
P0AC41,7JZ2_1,7JZ2,Succinate dehydrogenase flavoprotein subunit,2.5,EM
Q7Z6B0,1OM9_2,1OM9,15-mer peptide fragment of p56,2.5,X-ray
O08967,1FHX_1,1FHX,GUANINE NUCLEOTIDE EXCHANGE FACTOR AND INTEGRIN BINDING PROTEIN HOMOLOG GRP1,2.5,X-ray
A0A679C261,7VD5_1,7VD5,Photosystem II protein D1,2.5,EM
A0A679C262,7VD5_11,7VD5,Photosystem II reaction center protein L,2.5,EM
A0A679C298,7VD5_9,7VD5,Photosystem II reaction center protein J,2.5,EM
O43752,2NPS_4,2NPS,Syntaxin-6,2.5,X-ray
Q60648,2AGC_1,2AGC,Ganglioside GM2 activator,2.5,X-ray
A0QR29,1UUN_1,1UUN,MSPA,2.5,X-ray
P00189,3MZS_1,3MZS,Cholesterol side-chain cleavage enzyme,2.5,X-ray
F1RGE3,7V2H_5,7V2H,NADH dehydrogenase [ubiquinone] 1 alpha subcomplex subunit 2,2.5,EM
A0A480KM09,7V2H_25,7V2H,NADH dehydrogenase [ubiquinone] 1 beta subcomplex subunit 6,2.5,EM
Q96H15,5F7H_1,5F7H,T-cell immunoglobulin and mucin domain-containing protein 4,2.5,X-ray
P0C7B7,6HJX_5,6HJX,Cys-loop ligand-gated ion channel,2.5,X-ray
P02714,7QL5_4,7QL5,Acetylcholine receptor subunit gamma,2.5,EM
P02718,7QL5_3,7QL5,Acetylcholine receptor subunit delta,2.5,EM
O78756,6ZKA_5,6ZKA,NADH-ubiquinone oxidoreductase chain 5,2.5,EM
O78755,6ZKA_6,6ZKA,NADH-ubiquinone oxidoreductase chain 4,2.5,EM
Q3J1A6,7PIL_5,7PIL,Reaction center protein M chain,2.5,EM
Q9H813,7SQH_1,7SQH,Proton-activated chloride channel,2.5,EM
Q3J1A5,7PIL_4,7PIL,Reaction center protein L chain,2.5,EM
P45478,1EH5_1,1EH5,PALMITOYL PROTEIN THIOESTERASE 1,2.5,X-ray
B6ZHF0,7VD5_15,7VD5,Extrinsic protein in photosystem II,2.5,EM
A0A287BMW6,7V2H_28,7V2H,"NADH dehydrogenase [ubiquinone] 1 beta subcomplex subunit 11, mitochondrial",2.5,EM
B7XBY7,7VD5_7,7VD5,Photosystem II reaction center protein H,2.5,EM
B6ZHE9,7VD5_20,7VD5,Extrinsic protein in photosystem II,2.5,EM
F1SV23,7V2H_31,7V2H,NADH dehydrogenase [ubiquinone] iron-sulfur protein 5,2.5,EM
F1SQP4,7V2H_13,7V2H,NADH dehydrogenase [ubiquinone] 1 alpha subcomplex subunit 12,2.5,EM
A0A4X1T6M0,7V2H_38,7V2H,NADH dehydrogenase [ubiquinone] 1 beta subcomplex subunit 4,2.5,EM
A0A4X1SZP7,7V2H_1,7V2H,"NADH dehydrogenase [ubiquinone] flavoprotein 1, mitochondrial",2.5,EM
A0A679BVV7,7VD5_3,7VD5,Photosystem II CP43 reaction center protein,2.5,EM
A0A679BVT8,7VD5_8,7VD5,Photosystem II reaction center protein I,2.5,EM
A0A679BVT2,7VD5_17,7VD5,Photosystem II reaction center protein Ycf12,2.5,EM
A0A679BVT0,7VD5_6,7VD5,Cytochrome b559 subunit beta,2.5,EM
A0A5K1K910,5ILQ_1,5ILQ,Aspartate carbamoyltransferase,2.5,X-ray
A0A679C012,7VD5_4,7VD5,Photosystem II D2 protein,2.5,EM
A0A679BXP6,7VD5_31,7VD5,Chlorophyll a/b-binding protein,2.5,EM
A0A679BWI3,7VD5_10,7VD5,Photosystem II reaction center protein K,2.5,EM
P10635,4XRY_1,4XRY,Cytochrome P450 2D6,2.5,X-ray
O60989,1QS8_1,1QS8,PLASMEPSIN,2.5,X-ray
L7N662,7NKZ_2,7NKZ,Probable integral membrane cytochrome D ubiquinol oxidase (Subunit I) CydA (Cytochrome BD-I oxidase subunit I),2.5,EM
Q6J5N4,7KKA_1,7KKA,Putative fluoride ion transporter CrcB,2.5,X-ray
Q6QLL4,3G49_1,3G49,11-beta-hydroxysteroid dehydrogenase 1,2.5,X-ray
G3V7P1,2NPS_2,2NPS,Syntaxin 13,2.5,X-ray
P55931,2GMH_1,2GMH,Electron transfer flavoprotein-ubiquinone oxidoreductase,2.5,X-ray
P55157,6I7S_2,6I7S,Microsomal triglyceride transfer protein large subunit,2.5,X-ray
A0A679C209,7VD5_5,7VD5,Cytochrome b559 subunit alpha,2.5,EM
P0ACD8,6G94_2,6G94,Hydrogenase-1 large chain,2.5,X-ray
Q2RQ23,7OY8_1,7OY8,Light-harvesting protein B-870 beta chain,2.5,EM
A0A679C215,7VD5_19,7VD5,Photosystem II reaction center protein Z,2.5,EM
Q9UJY5,1OM9_1,1OM9,ADP-ribosylation factor binding protein GGA1,2.5,X-ray
F1RWL7,7V2H_26,7V2H,"NADH dehydrogenase [ubiquinone] 1 beta subcomplex subunit 8, mitochondrial",2.5,EM
P69739,6G94_1,6G94,Hydrogenase-1 small chain,2.5,X-ray
Q03611,6WEL_1,6WEL,Cyclic nucleotide-gated cation channel,2.5,EM
B0C7S6,7COY_8,7COY,Photosystem I reaction center subunit IX,2.5,EM
P0A7E1,1F76_1,1F76,Dihydroorotate dehydrogenase (quinone),2.5,X-ray
Q09128,3K9V_1,3K9V,"1,25-dihydroxyvitamin D(3) 24-hydroxylase, mitochondrial",2.5,X-ray
Q2RWS4,7OY8_3,7OY8,"Photosynthetic reaction center, H-chain",2.5,EM
Q27IM2,6FJ3_2,6FJ3,Parathyroid hormone,2.5,X-ray
Q2RQ26,7OY8_5,7OY8,Reaction center protein M chain,2.5,EM
Q8KAY0,7Z6Q_1,7Z6Q,"Photosystem P840 reaction center, large subunit",2.5,EM
A0A4X1SN37,7V2H_11,7V2H,"NADH dehydrogenase [ubiquinone] iron-sulfur protein 4, mitochondrial",2.5,EM
B0C7S4,7COY_10,7COY,Photosystem I protein PsaL,2.5,EM
P56632,7V2H_34,7V2H,NADH-ubiquinone oxidoreductase chain 4L,2.5,EM
P41263,1IIU_1,1IIU,plasma retinol-binding protein,2.5,X-ray
P41180,7M3G_1,7M3G,Extracellular calcium-sensing receptor,2.5,EM
B0C475,7COY_2,7COY,Photosystem I P700 chlorophyll a apoprotein A2,2.5,EM
B0C5D5,7COY_5,7COY,Photosystem I reaction center subunit IV,2.5,EM
B0C474,7COY_1,7COY,Photosystem I P700 chlorophyll a apoprotein A1,2.5,EM
Q8L435,4YZI_1,4YZI,"Sensory opsin A,Archaeal-type opsin 2",2.5,X-ray
A0A4X1VPG4,7V2H_19,7V2H,NADH dehydrogenase [ubiquinone] 1 alpha subcomplex subunit 3,2.5,EM
Q8GCY3,1OLP_1,1OLP,ALPHA-TOXIN,2.5,X-ray
B0CA71,7COY_9,7COY,Photosystem I reaction center subunit PsaK,2.5,EM
Q8IEU1,2VWA_1,2VWA,PUTATIVE UNCHARACTERIZED PROTEIN PF13_0012,2.5,X-ray
Q9JI51,2NPS_3,2NPS,Vesicle transport through interaction with t-SNAREs homolog 1A,2.5,X-ray
Q2XU26,4QQQ_1,4QQQ,Pneumolysin,2.5,X-ray
Q2RQ24,7OY8_6,7OY8,"Antenna complex, alpha/beta subunit",2.5,EM
Q2RQ25,7OY8_4,7OY8,Photosynthetic reaction center L subunit,2.5,EM
A0A4X1VLA2,7V2H_8,7V2H,NADH dehydrogenase [ubiquinone] 1 alpha subcomplex subunit 7,2.5,EM
B0C7S7,7COY_6,7COY,Photosystem I protein PsaF,2.5,EM
A0A4X1V1H9,7V2H_12,7V2H,"NADH-ubiquinone oxidoreductase 75 kDa subunit, mitochondrial",2.5,EM
P0AAM1,6G94_3,6G94,Probable Ni/Fe-hydrogenase 1 B-type cytochrome subunit,2.5,X-ray
A0A4X1VD84,7V2H_23,7V2H,NADH dehydrogenase [ubiquinone] 1 beta subcomplex subunit 3,2.5,EM
P0DXF8,5O65_1,5O65,FapF,2.5,X-ray
A0A480JRW3,7V2H_30,7V2H,NADH dehydrogenase [ubiquinone] 1 subunit C2,2.5,EM
P08754,7T10_2,7T10,Guanine nucleotide-binding protein G(i) subunit alpha-3,2.5,EM
F1SJP6,7V2H_4,7V2H,NADH dehydrogenase [ubiquinone] 1 alpha subcomplex subunit 6,2.5,EM
F1SGC6,7V2H_24,7V2H,"NADH dehydrogenase [ubiquinone] 1 beta subcomplex subunit 5, mitochondrial",2.5,EM
F6XHE4,4G7V_3,4G7V,Voltage-sensor containing phosphatase,2.5,X-ray
U5NME9,7PIL_6,7PIL,RC-Y,2.5,EM
I3LRR4,7V2H_10,7V2H,"NADH dehydrogenase [ubiquinone] flavoprotein 3, mitochondrial",2.5,EM
P30874,7T10_1,7T10,"Somatostatin receptor type 2,Kappa-type opioid receptor",2.5,EM
P14283,1DAB_1,1DAB,P.69 PERTACTIN,2.5,X-ray
B6ZHE8,7VD5_13,7VD5,Extrinsic protein in photosystem II,2.5,EM
O70480,2NPS_1,2NPS,Vesicle-associated membrane protein 4,2.5,X-ray
A0A8D2CGH8,7V2H_37,7V2H,NADH dehydrogenase [ubiquinone] 1 beta subcomplex subunit 1,2.5,EM
A0A8D1NRT6,7V2H_21,7V2H,NADH dehydrogenase [ubiquinone] 1 alpha subcomplex subunit 13,2.5,EM
I3LGM4,7V2H_20,7V2H,NADH dehydrogenase [ubiquinone] 1 alpha subcomplex subunit 11,2.5,EM
I3LDC3,7V2H_27,7V2H,NADH dehydrogenase [ubiquinone] 1 beta subcomplex subunit 10,2.5,EM
A0A5G2QW32,7V2H_22,7V2H,"NADH dehydrogenase [ubiquinone] 1 beta subcomplex subunit 2, mitochondrial",2.5,EM
Q9HW12,7DLU_1,7DLU,Mechanosensitive ion channel MscS,2.5,EM
Q6LZY8,4CAD_3,4CAD,"RAS AND A-FACTOR CONVERTING ENZYME 1, RCE1",2.5,X-ray
A0A679C6E8,7VD5_21,7VD5,Photosystem II reaction center protein W,2.5,EM
A0A679C6E6,7VD5_14,7VD5,Photosystem II reaction center protein T,2.5,EM
A0A679C6E3,7VD5_2,7VD5,Photosystem II CP47 reaction center protein,2.5,EM
P22483,2X2V_1,2X2V,ATP SYNTHASE SUBUNIT C,2.5,X-ray
A0A679C2A0,7VD5_12,7VD5,Photosystem II subunit,2.5,EM
P58246,4OGQ_7,4OGQ,Cytochrome b6-f complex subunit 5,2.501,X-ray
P61048,4OGQ_8,4OGQ,Cytochrome b6-f complex subunit 8,2.501,X-ray
P37277,5OY0_20,5OY0,Photosystem I reaction center subunit XI,2.501,X-ray
Q93SX1,4OGQ_2,4OGQ,Cytochrome b6-f complex subunit 4,2.501,X-ray
Q55329,5OY0_8,5OY0,Photosystem I reaction center subunit IX,2.501,X-ray
Q55330,5OY0_7,5OY0,Photosystem I reaction center subunit VIII,2.501,X-ray
P32422,5OY0_3,5OY0,Photosystem I iron-sulfur center,2.501,X-ray
Q93SW9,4OGQ_3,4OGQ,Apocytochrome f,2.501,X-ray
Q93SX0,4OGQ_4,4OGQ,Cytochrome b6-f complex iron-sulfur subunit 1,2.501,X-ray
Q8YVQ2,4OGQ_5,4OGQ,Cytochrome b6-f complex subunit 6,2.501,X-ray
P74564,5OY0_9,5OY0,Photosystem I reaction center subunit PsaK 2,2.501,X-ray
O29867,3WAJ_1,3WAJ,Transmembrane oligosaccharyl transferase,2.501,X-ray
P29256,5OY0_6,5OY0,Photosystem I reaction center subunit III,2.501,X-ray
P0A384,4OGQ_1,4OGQ,Cytochrome b6,2.501,X-ray
A9WSF5,5D91_1,5D91,"AF2299 protein,Phosphatidylinositol synthase",2.501,X-ray
P0A3Y1,4OGQ_6,4OGQ,Cytochrome b6-f complex subunit 7,2.501,X-ray
P72986,5OY0_11,5OY0,Photosystem I reaction center subunit XII,2.501,X-ray
P29254,5OY0_16,5OY0,Photosystem I P700 chlorophyll a apoprotein A1,2.501,X-ray
P12975,5OY0_5,5OY0,Photosystem I reaction center subunit IV,2.501,X-ray
P29255,5OY0_2,5OY0,Photosystem I P700 chlorophyll a apoprotein A2,2.501,X-ray
O28625,4TQ4_1,4TQ4,prenyltransferase,2.5025,X-ray
P97361,6BAQ_1,6BAQ,BPI fold-containing family A member 1,2.50260996677,X-ray
Q8RCC3,4YMU_2,4YMU,"ABC-type amino acid transport system, permease component",2.503,X-ray
Q99720,5HK1_1,5HK1,Sigma non-opioid intracellular receptor 1,2.5051,X-ray
Q9SYT0,2Q4C_1,2Q4C,Annexin D1,2.508,X-ray
P37019,1OTS_1,1OTS,Voltage-gated ClC-type chloride channel eriC,2.51,X-ray
Q44717,1G5Z_1,1G5Z,OUTER SURFACE PROTEIN C,2.51,X-ray
G0GAP6,6LEO_1,6LEO,Sulf_transp domain-containing protein,2.52,X-ray
Q8R4D5,7WRE_1,7WRE,Transient receptor potential cation channel subfamily M member 8,2.52,EM
Q9UIQ6,5MJ6_1,5MJ6,Leucyl-cystinyl aminopeptidase,2.53,X-ray
P05496,8H9S_9,8H9S,"ATP synthase F(0) complex subunit C1, mitochondrial",2.53,EM
Q9UII2,8H9S_7,8H9S,"ATPase inhibitor, mitochondrial",2.53,EM
P03928,8H9S_14,8H9S,ATP synthase protein 8,2.53,EM
P56385,8H9S_17,8H9S,"ATP synthase subunit e, mitochondrial",2.53,EM
P56381,8H9S_11,8H9S,"ATP synthase subunit epsilon, mitochondrial",2.53,EM
P56378,8H9S_13,8H9S,"ATP synthase subunit ATP5MJ, mitochondrial",2.53,EM
P18859,8H9S_2,8H9S,"ATP synthase-coupling factor 6, mitochondrial",2.53,EM
P56134,8H9S_15,8H9S,"ATP synthase subunit f, mitochondrial",2.53,EM
Q92643,7WLD_2,7WLD,GPI-anchor transamidase,2.53,EM
P06576,8H9S_5,8H9S,"ATP synthase subunit beta, mitochondrial",2.53,EM
O43292,7WLD_1,7WLD,Glycosylphosphatidylinositol anchor attachment 1 protein,2.53,EM
P00846,8H9S_12,8H9S,ATP synthase subunit a,2.53,EM
P24539,8H9S_1,8H9S,"ATP synthase F(0) complex subunit B1, mitochondrial",2.53,EM
A0QPJ4,7D6V_3,7D6V,Succinate dehydrogenase (Membrane anchor subunit),2.53,EM
Q8NET8,7XJ0_1,7XJ0,Fusion protein of Transient receptor potential cation channel subfamily V member 3 and 3C-GFP,2.53,EM
P25705,8H9S_4,8H9S,"ATP synthase subunit alpha, mitochondrial",2.53,EM
Q9H490,7WLD_5,7WLD,Phosphatidylinositol glycan anchor biosynthesis class U protein,2.53,EM
O75964,8H9S_16,8H9S,"ATP synthase subunit g, mitochondrial",2.53,EM
O75947,8H9S_3,8H9S,"ATP synthase subunit d, mitochondrial",2.53,EM
Q969N2,7WLD_4,7WLD,GPI transamidase component PIG-T,2.53,EM
P36542,8H9S_6,8H9S,"ATP synthase subunit gamma, mitochondrial",2.53,EM
D3ZJP6,3TFM_1,3TFM,Myosin X,2.53,X-ray
Q96S52,7WLD_3,7WLD,GPI transamidase component PIG-S,2.53,EM
P30049,8H9S_10,8H9S,"ATP synthase subunit delta, mitochondrial",2.53,EM
P48047,8H9S_8,8H9S,"ATP synthase subunit O, mitochondrial",2.53,EM
P50897,3GRO_1,3GRO,Palmitoyl-protein thioesterase 1,2.53,X-ray
Q9RRB6,7ZGY_1,7ZGY,S-layer protein SlpA,2.54,EM
P26876,1EX9_1,1EX9,LACTONIZING LIPASE,2.54,X-ray
P20474,5TFV_1,5TFV,Basic phospholipase A2 myotoxin III,2.54,X-ray
Q9RWM2,8ACQ_2,8ACQ,"DR_0644, only-Cu Superoxide Dismutase",2.54,EM
Q9P0U1,7VBY_4,7VBY,Mitochondrial import receptor subunit TOM7 homolog,2.54,EM
Q75VY9,7BGI_13,7BGI,"Chlorophyll a-b binding protein, chloroplastic",2.54,EM
O96008,7VBY_1,7VBY,Translocase of the Outer Membrane,2.54,EM
Q38YH5,7XNO_3,7XNO,Mannose permease IID component,2.54,EM
Q38YH6,7XNO_2,7XNO,Mannose permease IIC component,2.54,EM
Q96B49,7VBY_2,7VBY,Mitochondrial import receptor subunit TOM6 homolog,2.54,EM
Q9NS69,7VBY_5,7VBY,Mitochondrial import receptor subunit TOM22 homolog,2.54,EM
Q8N4H5,7VBY_3,7VBY,Mitochondrial import receptor subunit TOM5 homolog,2.54,EM
Q8BS40,4KBR_1,4KBR,Glycolipid transfer protein domain-containing protein 1,2.547,X-ray
P01443,4OM5_1,4OM5,Cytotoxin 4,2.55,X-ray
P18507,6X3T_3,6X3T,Gamma-aminobutyric acid type A receptor subunit gamma-2,2.55,EM
P55011,7ZGO_1,7ZGO,Solute carrier family 12 member 2,2.55,EM
A0KLE1,6H2F_1,6H2F,AhlB,2.55,X-ray
Q9Y5W7,4BGJ_1,4BGJ,SORTING NEXIN-14,2.55,X-ray
P48736,3ML9_1,3ML9,"Phosphatidylinositol-4,5-bisphosphate 3-kinase catalytic subunit gamma isoform",2.55,X-ray
P47870,6X3T_1,6X3T,Gamma-aminobutyric acid receptor subunit beta-2,2.55,EM
P14867,6X3T_2,6X3T,Gamma-aminobutyric acid receptor subunit alpha-1,2.55,EM
P0AF16,7WAG_1,7WAG,Lipid II flippase MurJ,2.55,X-ray
O60895,7TYX_1,7TYX,Receptor activity-modifying protein 2,2.55,EM
Q9X721,2Y3U_1,2Y3U,COLLAGENASE,2.55,X-ray
P44046,5K8K_1,5K8K,"UDP-2,3-diacylglucosamine hydrolase",2.55,X-ray
Q9RP17,1P4T_1,1P4T,outer membrane protein NspA,2.55,X-ray
Q63GK8,5IWS_1,5IWS,Protein-N(Pi)-phosphohistidine-sugar phosphotransferase (Enzyme II of the phosphotransferase system) (PTS system glucose-specific IIBC component),2.551,X-ray
Q9NP55,5I7K_1,5I7K,BPI fold-containing family A member 1,2.552,X-ray
P71070,6Z0F_1,6Z0F,ESX secretion system protein YukC,2.553,X-ray
P13487,4JTC_3,4JTC,Potassium channel toxin alpha-KTx 1.1,2.56,X-ray
Q51487,1WP1_1,1WP1,Outer membrane protein oprM,2.56,X-ray
P15387,4JTC_2,4JTC,"Potassium voltage-gated channel subfamily A member 2, Potassium voltage-gated channel subfamily B member 1",2.56,X-ray
C6K7N1,7JZ3_1,7JZ3,Outer membrane protein C,2.56,EM
P20309,8EA0_1,8EA0,Muscarinic acetylcholine receptor M3,2.56,EM
P60468,8DNZ_2,8DNZ,Protein transport protein Sec61 subunit beta,2.57,EM
O13154,4BNE_1,4BNE,PROTEIN KINASE C AND CASEIN KINASE SUBSTRATE IN NEURONS PROTEIN 2,2.57,X-ray
P0DJJ9,6AL3_1,6AL3,Basic phospholipase A2 BP-II,2.57,X-ray
P61619,8DNZ_3,8DNZ,Protein transport protein Sec61 subunit alpha isoform 1,2.57,EM
P60059,8DNZ_1,8DNZ,Protein transport protein Sec61 subunit gamma,2.57,EM
P32245,7PIU_1,7PIU,Melanocortin receptor 4,2.58,EM
Q4KH25,3JTY_1,3JTY,BenF-like porin,2.58,X-ray
B7LI20,5A43_1,5A43,PUTATIVE FLUORIDE ION TRANSPORTER CRCB,2.58,X-ray
A5F5Y4,8EVU_6,8EVU,Na(+)-translocating NADH-quinone reductase subunit F,2.5804,EM
A5F5X0,8EVU_2,8EVU,Na(+)-translocating NADH-quinone reductase subunit B,2.5804,EM
A5F5Y6,8EVU_4,8EVU,Na(+)-translocating NADH-quinone reductase subunit D,2.5804,EM
A5F5Y5,8EVU_5,8EVU,Na(+)-translocating NADH-quinone reductase subunit E,2.5804,EM
A5F5Y7,8EVU_3,8EVU,Na(+)-translocating NADH-quinone reductase subunit C,2.5804,EM
Q9NR71,4WGK_1,4WGK,Neutral ceramidase,2.582,X-ray
P19057,8B64_4,8B64,Reaction center protein L chain,2.589,EM
P02948,8B64_1,8B64,Light-harvesting protein B-870 alpha chain,2.589,EM
P11847,8B64_5,8B64,Reaction center protein M chain,2.589,EM
P19056,8B64_6,8B64,Reaction center protein H chain,2.589,EM
P26240,8B64_3,8B64,Intrinsic membrane protein PufX,2.589,EM
P02950,8B64_2,8B64,LH1 beta chain,2.589,EM
Q9Y6N5,6MO6_1,6MO6,"Sulfide:quinone oxidoreductase, mitochondrial",2.59,X-ray
A0QP27,6OR2_1,6OR2,"Membrane protein, MmpL family protein",2.59,X-ray
P20068,8FMZ_6,8FMZ,Neurotensin/neuromedin N,2.59,EM
Q99JB8,3QE6_1,3QE6,Protein kinase C and casein kinase II substrate protein 3,2.6,X-ray
S5UCA2,6V78_1,6V78,OmpK37,2.6,X-ray
P30518,7DW9_1,7DW9,Vasopressin V2 receptor,2.6,EM
Q9LCB8,1S3R_1,1S3R,intermedilysin,2.6,X-ray
P02974,2PIL_1,2PIL,TYPE 4 PILIN,2.6,X-ray
P04798,4I8V_1,4I8V,Cytochrome P450 1A1,2.6,X-ray
F2TZN0,7CJ3_1,7CJ3,Phosphodiesterase,2.6,X-ray
Q9AFF7,4KNF_1,4KNF,Blue-light absorbing proteorhodopsin,2.6,X-ray
Q1HG43,7D3F_2,7D3F,Isoform 2 of Dual oxidase maturation factor 1,2.6,EM
P32366,8EAS_7,8EAS,V-type proton ATPase subunit d,2.6,EM
P32246,7VL9_5,7VL9,C-C chemokine receptor type 1,2.6,EM
P32341,8EAS_2,8EAS,V-type proton ATPase assembly factor Vma12p,2.6,EM
A5W4F4,3BS0_1,3BS0,TodX,2.6,X-ray
P0C5R9,8EAS_9,8EAS,Yeast V-ATPase subunit f,2.6,EM
Q9XSM3,7T6O_1,7T6O,Transient receptor potential cation channel subfamily V member 5,2.6,EM
Q16663,7VL9_4,7VL9,CCL15(26-92),2.6,EM
A7X3E7,4UY3_1,4UY3,SEPTATION RING FORMATION REGULATOR EZRA,2.6,X-ray
P32842,8EAS_11,8EAS,V-type proton ATPase subunit c',2.6,EM
P34024,1AOD_1,1AOD,PHOSPHATIDYLINOSITOL-SPECIFIC PHOSPHOLIPASE C,2.6,X-ray
P19156,6JXI_1,6JXI,Potassium-transporting ATPase alpha chain 1,2.6,X-ray
O75762,6V9V_1,6V9V,Transient receptor potential cation channel subfamily A member 1,2.6,EM
P35729,3F7F_1,3F7F,Nucleoporin NUP120,2.6,X-ray
E1C9L2,5L8R_1,5L8R,Lhca1,2.6,X-ray
O77091,1T0Z_1,1T0Z,insect neurotoxin,2.6,X-ray
P0ABU7,5SV0_1,5SV0,Biopolymer transport protein ExbB,2.6,X-ray
Q6UWV6,5UDY_1,5UDY,Ectonucleotide pyrophosphatase/phosphodiesterase family member 7,2.6,X-ray
Q7T3S7,1OZ6_1,1OZ6,phospholipase A2,2.6,X-ray
Q7T2R1,2H4C_1,2H4C,Phospholipase A2-III,2.6,X-ray
Q7LBE3,7CH1_1,7CH1,Solute carrier family 26 member 9,2.6,EM
Q7KLE5,1URU_1,1URU,AMPHIPHYSIN,2.6,X-ray
P0AGF4,4GC0_1,4GC0,D-xylose-proton symporter,2.6,X-ray
P37028,2QI9_3,2QI9,Vitamin B12-binding protein btuF,2.6,X-ray
P0AC44,1NEK_4,1NEK,Succinate dehydrogenase hydrophobic membrane anchor protein,2.6,X-ray
O11875,3C6E_1,3C6E,Envelope protein E,2.6,X-ray
Q9DB77,7O3H_2,7O3H,"Cytochrome b-c1 complex subunit 2, mitochondrial",2.6,EM
Q7T3T5,2H4C_2,2H4C,Phospholipase A2-II,2.6,X-ray
P39111,8EAS_3,8EAS,V-type proton ATPase subunit F,2.6,EM
Q9CZ13,7O3H_1,7O3H,"Cytochrome b-c1 complex subunit 1, mitochondrial",2.6,EM
Q9CR68,7O3H_5,7O3H,"Cytochrome b-c1 complex subunit Rieske, mitochondrial",2.6,EM
P09850,7XN9_1,7XN9,"Somatostatin receptor type 2,Endo-1,4-beta-xylanase",2.6,X-ray
Q2FXF4,6U0O_2,6U0O,LYZ2 domain-containing protein,2.6,X-ray
P18054,3D3L_1,3D3L,"Arachidonate 12-lipoxygenase, 12S-type",2.6,X-ray
Q8N0W4,2XB6_1,2XB6,"NEUROLIGIN-4, X-LINKED",2.6,X-ray
O43603,7WQ4_1,7WQ4,Galanin receptor type 2,2.6,EM
P51798,7CQ5_2,7CQ5,H(+)/Cl(-) exchange transporter 7,2.6,EM
A0QU28,8E9G_9,8E9G,NADH-quinone oxidoreductase subunit I,2.6,EM
P19517,6JPA_4,6JPA,Voltage-dependent L-type calcium channel subunit beta-1,2.6,EM
Q9C994,5Y50_1,5Y50,Protein DETOXIFICATION 14,2.6,X-ray
Q9Y5X0,4ON3_1,4ON3,Sorting nexin-10,2.6,X-ray
O95069,4TWK_1,4TWK,Potassium channel subfamily K member 2,2.6,X-ray
Q63373,2XB6_2,2XB6,NEUREXIN-1-BETA,2.6,X-ray
Q2YYX7,6U0O_1,6U0O,Lysostaphin resistance protein A,2.6,X-ray
Q9CPX8,7O3H_10,7O3H,Cytochrome b-c1 complex subunit 10,2.6,EM
P17935,3DIH_1,3DIH,"Phospholipase A2 homolog, ammodytin L",2.6,X-ray
P19518,6JPA_2,6JPA,Voltage-dependent calcium channel gamma-1 subunit,2.6,EM
P21554,5U09_1,5U09,"Cannabinoid receptor 1,GlgA glycogen synthase",2.6,X-ray
Q86WC4,7CQ5_1,7CQ5,Osteopetrosis-associated transmembrane protein 1,2.6,EM
Q9Y5N1,7F61_1,7F61,Histamine H3 receptor,2.6,X-ray
Q9D855,7O3H_6,7O3H,Cytochrome b-c1 complex subunit 7,2.6,EM
P10824,7TD4_2,7TD4,Guanine nucleotide-binding protein G(i) subunit alpha-1,2.6,EM
Q9D0M3,7O3H_4,7O3H,"Cytochrome c1, heme protein, mitochondrial",2.6,EM
P21453,7TD4_4,7TD4,Sphingosine 1-phosphate receptor 1,2.6,EM
P21447,7ZK5_1,7ZK5,ATP-dependent translocase ABCB1,2.6,EM
P22466,7WQ4_2,7WQ4,Galanin,2.6,EM
P09169,1I78_1,1I78,PROTEASE VII,2.6,X-ray
A0QU25,8E9G_13,8E9G,"NADH-quinone oxidoreductase, L subunit",2.6,EM
A0QU24,8E9G_15,8E9G,"NADH-quinone oxidoreductase, M subunit",2.6,EM
A0QU23,8E9G_14,8E9G,NADH-quinone oxidoreductase subunit N,2.6,EM
Q8R1I1,7O3H_9,7O3H,Cytochrome b-c1 complex subunit 9,2.6,EM
P00158,7O3H_3,7O3H,Cytochrome b,2.6,EM
P53262,8EAS_5,8EAS,V0 assembly protein 1,2.6,EM
Q9CQ69,7O3H_7,7O3H,Cytochrome b-c1 complex subunit 8,2.6,EM
E6MVD9,1UYN_1,1UYN,NALP,2.6,X-ray
O50334,7O3J_3,7O3J,TrwH protein,2.6,EM
O50336,7O3J_2,7O3J,TrwF protein,2.6,EM
O50337,7O3J_1,7O3J,TrwE protein,2.6,EM
O97467,6M20_1,6M20,Hexose transporter 1,2.6,X-ray
P99028,7O3H_8,7O3H,"Cytochrome b-c1 complex subunit 6, mitochondrial",2.6,EM
Q96BI3,6IYC_3,6IYC,Gamma-secretase subunit APH-1A,2.6,EM
Q969W0,7K0K_3,7K0K,Serine palmitoyltransferase small subunit A,2.6,EM
P02787,3V8X_2,3V8X,Serotransferrin,2.6,X-ray
P80966,1GP7_1,1GP7,PHOSPHOLIPASE A2,2.6,X-ray
Q46704,3JQO_2,3JQO,TraO protein,2.6,X-ray
Q9NZ42,6IYC_4,6IYC,Gamma-secretase subunit PEN-2,2.6,EM
Q46705,3JQO_1,3JQO,TraF protein,2.6,X-ray
Q3YL97,6WIM_1,6WIM,Outer membrane transporter CdiB,2.6,X-ray
P49126,6A95_2,6A95,Mu-diguetoxin-Dc1a,2.6,EM
P01286,7CZ5_3,7CZ5,Somatoliberin,2.6,EM
Q9S7N7,5L8R_11,5L8R,PsaG,2.6,X-ray
P07293,6JPA_1,6JPA,Voltage-dependent L-type calcium channel subunit alpha-1S,2.6,EM
Q9NRD9,7D3F_1,7D3F,Dual oxidase 1,2.6,EM
R0BTE9,5JNQ_1,5JNQ,Phospho-N-acetylmuramoyl-pentapeptide-transferase,2.6,X-ray
P16430,7Z0S_6,7Z0S,Formate hydrogenlyase subunit 4,2.6,EM
P16429,7Z0S_1,7Z0S,Formate hydrogenlyase subunit 3,2.6,EM
Q3E7B6,8EAS_8,8EAS,V-type proton ATPase subunit e,2.6,EM
Q3BCY3,3C6E_2,3C6E,prM,2.6,X-ray
Q92542,6IYC_1,6IYC,Nicastrin,2.6,EM
P01185,7DW9_7,7DW9,CYS-TYR-PHE-GLN-ASN-CYS-PRO-ARG-GLY-NH2,2.6,EM
Q9K0U9,3V8X_1,3V8X,Transferrin-binding protein 1,2.6,X-ray
P49768,6IYC_2,6IYC,Presenilin-1,2.6,EM
O15270,7K0K_2,7K0K,Serine palmitoyltransferase 2,2.6,EM
O15269,7K0K_1,7K0K,Serine palmitoyltransferase 1,2.6,EM
B5XGR7,7TYN_1,7TYN,Calcitonin-1,2.6,EM
Q9N0A4,1Z9H_1,1Z9H,membrane-associated prostaglandin E synthase-2,2.6,X-ray
Q9S5X0,4AV3_1,4AV3,K(+)-STIMULATED PYROPHOSPHATE-ENERGIZED SODIUM PUMP,2.6,X-ray
Q9H222,7R89_1,7R89,ATP-binding cassette sub-family G member 5,2.6,EM
Q9H221,7R89_2,7R89,ATP-binding cassette sub-family G member 8,2.6,EM
P06611,2QI9_2,2QI9,Vitamin B12 import ATP-binding protein btuD,2.6,X-ray
P06609,2QI9_1,2QI9,Vitamin B12 import system permease protein btuC,2.6,X-ray
O35433,7L2P_1,7L2P,Transient receptor potential cation channel subfamily V member 1,2.6,EM
P25515,8EAS_10,8EAS,V-type proton ATPase subunit c,2.6,EM
P32563,8EAS_4,8EAS,"V-type proton ATPase subunit a, vacuolar isoform",2.6,EM
Q9UNF0,3Q0K_1,3Q0K,Protein kinase C and casein kinase substrate in neurons protein 2,2.6,X-ray
P13806,6JPA_5,6JPA,Voltage-dependent calcium channel subunit alpha-2/delta-1,2.6,EM
P18434,6JXI_2,6JXI,Potassium-transporting ATPase subunit beta,2.6,X-ray
Q02643,7CZ5_1,7CZ5,"Growth hormone-releasing hormone receptor,growth hormone-releasing hormone receptor",2.6,EM
P23968,8EAS_6,8EAS,V-type proton ATPase subunit c'',2.6,EM
A0A2W4UG77,8EQM_13,8EQM,Photosystem II reaction center protein T,2.6,EM
A0QU26,8E9G_12,8E9G,NADH-quinone oxidoreductase subunit K,2.6,EM
A0A2W4Z125,8EQM_11,8EQM,Photosystem II reaction center protein M,2.6,EM
A0QU27,8E9G_11,8E9G,NADH-quinone oxidoreductase subunit J,2.6,EM
A0QU36,8E9G_3,8E9G,NADH-quinone oxidoreductase subunit A,2.6,EM
A0QU34,8E9G_4,8E9G,NADH-quinone oxidoreductase subunit C,2.6,EM
A0QU35,8E9G_2,8E9G,NADH-quinone oxidoreductase subunit B,2.6,EM
A0QU33,8E9G_5,8E9G,NADH-quinone oxidoreductase subunit D,2.6,EM
A0QU29,8E9G_10,8E9G,NADH-quinone oxidoreductase subunit H,2.6,EM
P63012,1ZBD_1,1ZBD,RABPHILIN-3A,2.6,X-ray
P72412,3FHH_1,3FHH,Outer membrane heme receptor ShuA,2.6,X-ray
P05696,1DSY_1,1DSY,"PROTEIN KINASE C, ALPHA TYPE",2.6,X-ray
P27216,6B3I_1,6B3I,Annexin,2.6,X-ray
Q9HB45,7V9L_2,7V9L,"GHRH receptor splice variant 1,GHRH receptor splice variant 1,GHRH receptor splice variant 1,SV1",2.6,EM
P97438,6W8C_1,6W8C,Potassium channel subfamily K member 2,2.6,X-ray
P29274,2YDV_1,2YDV,ADENOSINE RECEPTOR A2A,2.6,X-ray
P29973,7LFT_1,7LFT,cGMP-gated cation channel alpha-1,2.6,EM
P04896,7JJO_3,7JJO,Guanine nucleotide-binding protein G(s) subunit alpha isoforms short,2.6,EM
Q03529,4ZR1_1,4ZR1,Ceramide very long chain fatty acid hydroxylase SCS7,2.6008,X-ray
Q74FS9,4GX0_1,4GX0,TrkA domain protein,2.601,X-ray
Q9WZ49,3KDS_1,3KDS,Cell division protein FtsH,2.601,X-ray
Q9I1Q4,4FT6_1,4FT6,Probable porin,2.603,X-ray
Q9RTE3,5XAP_1,5XAP,Protein translocase subunit SecD,2.605,X-ray
P13516,4YMK_1,4YMK,Acyl-CoA desaturase 1,2.605,X-ray
Q9X1G6,5KBW_1,5KBW,Riboflavin transporter RibU,2.6093,X-ray
P41145,8DZR_1,8DZR,Kappa-type opioid receptor,2.61,EM
Q14028,7RH9_2,7RH9,Cyclic nucleotide-gated cation channel beta-1,2.61,EM
Q96RU3,2EFL_1,2EFL,Formin-binding protein 1,2.61,X-ray
O75311,5TIN_1,5TIN,Glycine receptor subunit alpha-3,2.61,X-ray
Q7MXJ7,6SLN_1,6SLN,RagA protein,2.61,X-ray
F5H948,6SLN_2,6SLN,Lipoprotein RagB,2.61,X-ray
Q8N5C1,7D60_1,7D60,Calcium homeostasis modulator protein 5,2.61,EM
O93430,7M6N_1,7M6N,Glycine receptor subunit alphaZ1,2.61,EM
Q9S7Z8,7WKW_1,7WKW,Auxin efflux carrier component 3,2.62,EM
P38571,6V7N_1,6V7N,Lysosomal acid lipase/cholesteryl ester hydrolase,2.62,X-ray
A0A0L8FVQ9,8EIS_1,8EIS,Octopus sensory receptor,2.62,EM
Q9UQB8,1WDZ_1,1WDZ,insulin receptor substrate p53,2.63,X-ray
P08686,4Y8W_1,4Y8W,Cytochrome P450 21-hydroxylase,2.64,X-ray
P50148,8G59_4,8G59,Guanine nucleotide-binding protein G(q) subunit alpha,2.64,EM
Q5NUL3,8G59_5,8G59,Free fatty acid receptor 4,2.64,EM
Q981D4,5H35_3,5H35,Membrane protein TRIC,2.642,X-ray
P77304,6GS4_1,6GS4,Dipeptide and tripeptide permease A,2.645,X-ray
P48547,7PQT_1,7PQT,Potassium voltage-gated channel subfamily C member 1,2.65,EM
P19086,8DZS_2,8DZS,Guanine nucleotide-binding protein G(z) subunit alpha,2.65,EM
Q6N1K3,6Z5S_1,6Z5S,Light harvesting complex 1 Protein W,2.65,EM
O83005,6Z5S_3,6Z5S,Reaction center protein L chain,2.65,EM
P04234,8ES8_2,8ES8,T-cell surface glycoprotein CD3 delta chain,2.65,EM
P07766,8ES8_3,8ES8,T-cell surface glycoprotein CD3 epsilon chain,2.65,EM
Q3J125,4P02_1,4P02,Cellulose Synthase subunit A,2.65,X-ray
Q3J126,4P02_2,4P02,Cellulose Synthase subunit B,2.65,X-ray
P09693,8ES8_4,8ES8,T-cell surface glycoprotein CD3 gamma chain,2.65,EM
Q6N9L5,6Z5S_6,6Z5S,Light-harvesting complex 1 beta chain,2.65,EM
Q861F7,8ES8_7,8ES8,MHC class I antigen,2.65,EM
Q6N9L4,6Z5S_5,6Z5S,Light-harvesting complex 1 alpha chain,2.65,EM
A0A4Z7,6Z5S_2,6Z5S,Reaction center protein M chain,2.65,EM
A0A4Z9,6Z5S_4,6Z5S,H subunit of photosynthetic reaction center complex,2.65,EM
P61769,8ES8_8,8ES8,Beta-2-microglobulin,2.65,EM
Q60860,4NTF_1,4NTF,Leukotriene C4 synthase,2.65,X-ray
Q6IQ20,4QN9_1,4QN9,N-acyl-phosphatidylethanolamine-hydrolyzing phospholipase D,2.652,X-ray
P31122,6KKL_1,6KKL,Sugar efflux transporter,2.654,X-ray
O29976,4MND_1,4MND,CTP L-myo-inositol-1-phosphate cytidylyltransferase/CDP-L-myo-inositol myo-inositolphosphotransferase,2.66,X-ray
P08253,1EAK_1,1EAK,72 KDA TYPE IV COLLAGENASE,2.66,X-ray
Q05098,7OBW_1,7OBW,Ferric enterobactin receptor,2.66,X-ray
H2MCM1,6LMT_1,6LMT,Calcium homeostasis modulator 1,2.66,EM
Q72IU4,6ZMQ_1,6ZMQ,Cytochrome C-type biogenesis protein ccmF,2.67,X-ray
Q9VDI1,3I2W_1,3I2W,Syndapin,2.67,X-ray
A0R049,7E1W_3,7E1W,Cytochrome c oxidase subunit 3,2.67,EM
P9WH23,7E1W_9,7E1W,Cytochrome bc1 complex Rieske iron-sulfur subunit,2.67,EM
P9WP37,7E1W_8,7E1W,Cytochrome bc1 complex cytochrome b subunit,2.67,EM
A0R057,7E1W_1,7E1W,Cytochrome c oxidase subunit 2,2.67,EM
A0R1B6,7E1W_5,7E1W,Cytochrome c oxidase subunit CtaJ,2.67,EM
A0R056,7E1W_4,7E1W,Cytochrome c oxidase polypeptide 4,2.67,EM
P9WP35,7E1W_10,7E1W,Cytochrome bc1 complex cytochrome c subunit,2.67,EM
Q02776,4QQF_1,4QQF,Mitochondrial import inner membrane translocase subunit TIM50,2.672,X-ray
P0ABK2,6RKO_1,6RKO,Cytochrome bd-I ubiquinol oxidase subunit 2,2.68,EM
P56100,6RKO_4,6RKO,Cytochrome bd-I ubiquinol oxidase subunit X,2.68,EM
Q6YXR3,7XQP_9,7XQP,Photosystem I reaction center subunit VIII,2.68,EM
P0ABJ9,6RKO_2,6RKO,Cytochrome bd-I ubiquinol oxidase subunit 1,2.68,EM
A0A2K1KU02,7XQP_11,7XQP,PsaK,2.68,EM
A0QVH4,7E1V_7,7E1V,Prokaryotic respiratory supercomplex associate factor 1 PRSAF1,2.68,EM
A0A2K1K0C7,7XQP_16,7XQP,"Chlorophyll a-b binding protein, chloroplastic",2.68,EM
Q8MFA2,7XQP_2,7XQP,Photosystem I P700 chlorophyll a apoprotein A2,2.68,EM
A9SL09,7XQP_8,7XQP,PsaH photosystem I reaction center subunit,2.68,EM
Q6YXM2,7XQP_10,7XQP,Photosystem I reaction center subunit IX,2.68,EM
Q6YXK4,7XQP_13,7XQP,Photosystem I reaction center subunit XII,2.68,EM
Q6YXQ2,7XQP_3,7XQP,Photosystem I iron-sulfur center,2.68,EM
Q8MFA3,7XQP_1,7XQP,Photosystem I P700 chlorophyll a apoprotein A1,2.68,EM
A5A618,6RKO_3,6RKO,Uncharacterized protein YnhF,2.68,EM
A9RT62,7XQP_20,7XQP,"Chlorophyll a-b binding protein, chloroplastic",2.68,EM
Q8DMP8,7NHQ_17,7NHQ,Tsl0063 protein,2.68,EM
Q8DLJ8,7NHQ_16,7NHQ,Photosystem II reaction center Psb28 protein,2.68,EM
A0A2K1IAD0,7XQP_12,7XQP,PSI subunit V,2.68,EM
A0A2K1JC42,7XQP_7,7XQP,PSI-G,2.68,EM
A0A2K1KU97,7XQP_15,7XQP,"Chlorophyll a-b binding protein, chloroplastic",2.68,EM
A0A2K1J0L9,7XQP_6,7XQP,PSI-F,2.68,EM
A0A2K1IKE2,7XQP_5,7XQP,PsaE,2.68,EM
A0A2K1KGQ2,7XQP_17,7XQP,"Chlorophyll a-b binding protein, chloroplastic",2.68,EM
Q39232,8BB6_1,8BB6,Sucrose transport protein SUC1,2.68,X-ray
A0A2K1JDE1,7XQP_14,7XQP,PsaO,2.68,EM
A0A2K1K0E4,7XQP_18,7XQP,"Chlorophyll a-b binding protein, chloroplastic",2.68,EM
P60058,6Z3T_2,6Z3T,Protein transport protein Sec61 subunit gamma,2.69,EM
A0A0U4VTN7,7YMR_1,7YMR,Lysoplasmalogenase,2.69,X-ray
P60615,6UWZ_5,6UWZ,Alpha-bungarotoxin,2.69,EM
P38377,6Z3T_1,6Z3T,Protein transport protein Sec61 subunit alpha isoform 1,2.69,EM
Q9UHC9,7DFW_1,7DFW,NPC1-like intracellular cholesterol transporter 1,2.69,EM
P0DSN4,6R2Q_3,6R2Q,"Decaheme c-type cytochrome, OmcA/MtrC family",2.697,X-ray
P0DSN3,6R2Q_1,6R2Q,Cystathionine beta-synthase,2.697,X-ray
P0DSN2,6R2Q_2,6R2Q,Uncharacterized protein,2.697,X-ray
Q04918,5XNL_2,5XNL,"Chlorophyll a-b binding protein, chloroplastic",2.7,EM
K9Z1N0,6VPV_3,6VPV,Photosystem I iron-sulfur center,2.7,EM
K9Z1F7,6VPV_8,6VPV,Photosystem I reaction center subunit IX,2.7,EM
K9Z0X2,6VPV_5,6VPV,Photosystem I reaction center subunit IV,2.7,EM
K9Z0B2,6VPV_1,6VPV,Photosystem I P700 chlorophyll a apoprotein A1,2.7,EM
P68403,1A25_1,1A25,PROTEIN KINASE C (BETA),2.7,X-ray
P69529,5XNL_15,5XNL,Photosystem II reaction center protein M,2.7,EM
P73954,7EGK_2,7EGK,Membrane-associated protein SbtB,2.7,EM
P73953,7EGK_1,7EGK,Sodium-dependent bicarbonate transporter SbtA,2.7,EM
P08913,6KUX_1,6KUX,alpha2A adrenergic receptor,2.7,X-ray
P54710,7E20_3,7E20,Sodium/potassium-transporting ATPase subunit gamma,2.7,EM
P41595,7SRQ_1,7SRQ,5-hydroxytryptamine receptor 2B,2.7,EM
P00363,1KF6_1,1KF6,FUMARATE REDUCTASE FLAVOPROTEIN,2.7,X-ray
P09471,8E9X_2,8E9X,miniGo,2.7,EM
I7LZV1,6YNY_25,6YNY,subunit beta,2.7,EM
I7LSX6,6YNY_6,6YNY,subunit k,2.7,EM
K9Z2J7,6VPV_2,6VPV,Photosystem I P700 chlorophyll a apoprotein A2,2.7,EM
Q9UBU3,7NA7_6,7NA7,Ghrelin-27,2.7,EM
Q9UMR5,1PJA_1,1PJA,Palmitoyl-protein thioesterase 2 precursor,2.7,X-ray
Q9UL62,7D4P_1,7D4P,Short transient receptor potential channel 5,2.7,EM
B5RSK9,6YJ4_39,6YJ4,Subunit NB5M of NADH:Ubiquinone Oxidoreductase (Complex I),2.7,EM
B5RSK3,6YJ4_42,6YJ4,Subunit NIDM of NADH:Ubiquinone Oxidoreductase (Complex I),2.7,EM
B5FVG1,6YJ4_41,6YJ4,Subunit NB8M of NADH:Ubiquinone Oxidoreductase (Complex I),2.7,EM
B5FVF8,6YJ4_26,6YJ4,Subunit NB6M of NADH:Ubiquinone Oxidoreductase (Complex I),2.7,EM
B5FVF3,6YJ4_28,6YJ4,subunit NI9M of protein NADH:Ubiquinone Oxidoreductase (Complex I),2.7,EM
Q8VYY1,5XNL_23,5XNL,Photosystem II reaction center protein X,2.7,EM
Q8VE49,6WXU_2,6WXU,Dual oxidase maturation factor 1,2.7,EM
Q92035,4QWW_1,4QWW,Acetylcholinesterase,2.7,X-ray
A0A2P6U4S6,6ZZX_5,6ZZX,Photosystem I reaction center subunit IV,2.7,EM
A0A2P6U0J1,6ZZX_10,6ZZX,Photosystem I reaction center subunit chloroplastic,2.7,EM
A0A2P6TZI8,6ZZX_7,6ZZX,Photosystem I reaction center subunit chloroplastic,2.7,EM
P0A8Q3,1KF6_4,1KF6,FUMARATE REDUCTASE 13 KDA HYDROPHOBIC PROTEIN,2.7,X-ray
A7U483,4R21_1,4R21,Cytochrome P450 family 17 polypeptide 2,2.7,X-ray
P20366,7XWO_6,7XWO,HIS-LYS-THR-ASP-SER-PHE-VAL-GLY-LEU-MET-NH2,2.7,EM
Q9Y653,7SF8_1,7SF8,Isoform 2 of Adhesion G-protein coupled receptor G1,2.7,EM
Q9Y5Y9,7WE4_1,7WE4,Sodium channel protein type 10 subunit alpha,2.7,EM
P0A915,2F1V_1,2F1V,Outer membrane protein W,2.7,X-ray
Q13507,7DXB_1,7DXB,Short transient receptor potential channel 3,2.7,EM
Q9HVS0,3SYB_1,3SYB,Glycine-glutamate dipeptide porin OpdP,2.7,X-ray
Q12791,8GHF_1,8GHF,Calcium-activated potassium channel subunit alpha-1,2.7,EM
Q14344,7SF8_2,7SF8,G protein subunit 13 (Gi2-mini-G13 chimera),2.7,EM
K9Z9J3,6VPV_7,6VPV,Photosystem I reaction center subunit VIII,2.7,EM
K9Z7Y0,6VPV_10,6VPV,Photosystem I reaction center subunit XI,2.7,EM
A8I846,6KAC_19,6KAC,4.1 kDa photosystem II subunit,2.7,EM
P0AC47,1KF6_2,1KF6,FUMARATE REDUCTASE IRON-SULFUR PROTEIN,2.7,X-ray
K9YZN5,6VPV_6,6VPV,PSI-F,2.7,EM
A0A2P6TPU7,6ZZX_8,6ZZX,Photosystem I reaction center subunit VI-chloroplastic-like,2.7,EM
P0A8Q0,1KF6_3,1KF6,FUMARATE REDUCTASE 15 KDA HYDROPHOBIC PROTEIN,2.7,X-ray
A8I5A0,6KAC_26,6KAC,Predicted protein,2.7,EM
A0A1H6Q311,6YJ4_35,6YJ4,Subunit NUUM of NADH:Ubiquinone Oxidoreductase (Complex I),2.7,EM
Q0P7K6,7MDC_1,7MDC,Beta-lactamase,2.7,X-ray
Q0P7K3,4Z3N_1,4Z3N,Putative drug/sodium antiporter,2.7,X-ray
Q8HS25,5XNL_21,5XNL,Photosystem II reaction center protein T,2.7,EM
A0A4X1TUM3,7MLY_3,7MLY,Glycine receptor alpha 1,2.7,EM
P09911,6YEZ_17,6YEZ,"Ferredoxin-1, chloroplastic",2.7,EM
A0A498JCY7,7EK3_1,7EK3,Bestrophin-like protein,2.7,EM
P54582,4C7R_1,4C7R,GLYCINE BETAINE TRANSPORTER BETP,2.7,X-ray
Q08363,6KAC_7,6KAC,Cytochrome b559 subunit beta,2.7,EM
P22666,6KAC_8,6KAC,Photosystem II reaction center protein H,2.7,EM
K9Z7M2,6VPV_9,6VPV,Photosystem I reaction center subunit PsaK,2.7,EM
K9Z6P4,6VPV_11,6VPV,Photosystem I reaction center subunit XII,2.7,EM
P13555,5XNL_12,5XNL,Photosystem II reaction center protein J,2.7,EM
P01258,7TYO_5,7TYO,Calcitonin,2.7,EM
Q93WL4,6KAC_21,6KAC,"Chlorophyll a-b binding protein, chloroplastic",2.7,EM
Q93WE0,6KAC_22,6KAC,"Chlorophyll a-b binding protein, chloroplastic",2.7,EM
A0A2D0TCJ1,5XNL_20,5XNL,"Light harvesting chlorophyll a/b-binding protein Lhcb5, CP26",2.7,EM
A0A2D0TCJ0,5XNL_19,5XNL,"Light harvesting chlorophyll a/b-binding protein Lhcb4, CP29",2.7,EM
P05418,2YIU_1,2YIU,CYTOCHROME B,2.7,X-ray
P05417,2YIU_3,2YIU,UBIQUINOL-CYTOCHROME C REDUCTASE IRON-SULFUR SUBUNIT,2.7,X-ray
P06004,5XNL_6,5XNL,Photosystem II CP43 reaction center protein,2.7,EM
Q9UHW9,6M22_1,6M22,Solute carrier family 12 member 6,2.7,EM
P96169,3DH4_1,3DH4,Sodium/glucose cotransporter,2.7,X-ray
Q950Y8,6YNY_7,6YNY,subunit 8,2.7,EM
P50370,6KAC_3,6KAC,Photosystem II reaction center protein Ycf12,2.7,EM
P42592,7Q1U_2,7Q1U,Megabody 177,2.7,EM
W8SIP9,6ZZX_13,6ZZX,Photosystem I reaction center subunit VIII,2.7,EM
P13627,2YIU_2,2YIU,"CYTOCHROME C1, HEME PROTEIN",2.7,X-ray
P01282,8E3Z_5,8E3Z,Vasoactive intestinal peptide,2.7,EM
P14336,1URZ_1,1URZ,ENVELOPE PROTEIN,2.7,X-ray
D0VX26,3TGU_4,3TGU,"Mitochondrial cytochrome c1, heme protein",2.7,X-ray
D0VX32,3TGU_7,3TGU,Mitochondrial ubiquinol-cytochrome c reductase ubiquinone-binding protein qp-c,2.7,X-ray
Q9H1P3,5ZM8_1,5ZM8,Oxysterol-binding protein-related protein 2,2.7,X-ray
Q9NZ08,2YD0_1,2YD0,ENDOPLASMIC RETICULUM AMINOPEPTIDASE 1,2.7,X-ray
P14226,5XNL_16,5XNL,"Oxygen-evolving enhancer protein 1, chloroplastic",2.7,EM
O29777,7R0I_1,7R0I,Putative copper-exporting P-type ATPase A,2.7,X-ray
A0A0F6NFW5,6YEZ_1,6YEZ,Photosystem I P700 chlorophyll a apoprotein A1,2.7,EM
P46531,6IDF_5,6IDF,Notch1,2.7,EM
Q9HA72,6UIW_1,6UIW,Calcium homeostasis modulator protein 2,2.7,EM
O19930,6KAC_10,6KAC,Photosystem II reaction center protein J,2.7,EM
A0A2D0TCJ2,5XNL_22,5XNL,Photosystem II reaction center protein W,2.7,EM
Q5JID0,5DWY_1,5DWY,"Proton/glutamate symporter, SDF family",2.7,X-ray
W8SKM2,6ZZX_3,6ZZX,Photosystem I iron-sulfur center,2.7,EM
A0A2P6THB2,6ZZX_14,6ZZX,Photosystem I subunit O,2.7,EM
B5FVE5,6YJ4_37,6YJ4,Subunit NB2M of NADH:Ubiquinone Oxidoreductase (Complex I),2.7,EM
B5FVD3,6YJ4_27,6YJ4,Subunit NIMM of NADH:Ubiquinone Oxidoreductase (Complex I),2.7,EM
J9SQF3,8DDQ_1,8DDQ,"Transient receptor potential cation channel, subfamily M, member 3",2.7,EM
I7MMI7,6YNY_22,6YNY,Oligomycin sensitivity-conferring protein (OSCP),2.7,EM
I7MJ84,6YNY_2,6YNY,subunit b,2.7,EM
I7M8Q3,6YNY_8,6YNY,ATPTT3,2.7,EM
I7LZW2,6YNY_5,6YNY,subunit i/j,2.7,EM
Q93WD2,6KAC_23,6KAC,Chlorophyll a-b binding protein CP29,2.7,EM
Q93VE0,6KAC_25,6KAC,"Chlorophyll a-b binding protein, chloroplastic",2.7,EM
A0A100XEC2,6TEJ_1,6TEJ,Drug ABC transporter ATP-binding protein,2.7,X-ray
B5RSL7,6YJ4_31,6YJ4,Subunit NIPM of NADH:Ubiquinone Oxidoreductase (Complex I),2.7,EM
Q9KNV0,6W6M_1,6W6M,Type IV pilus secretin PilQ family protein,2.7,EM
Q9SPI9,6KAC_18,6KAC,"Photosystem II reaction center W protein, chloroplastic",2.7,EM
A0A2P6TMT4,6ZZX_16,6ZZX,Glutathione reductase,2.7,EM
F2Z660,6YJ4_6,6YJ4,Subunit NUBM of NADH:Ubiquinone Oxidoreductase (Complex I),2.7,EM
A0A2P6TC44,6ZZX_11,6ZZX,Photosystem I reaction center subunit XI,2.7,EM
P07753,6KAC_1,6KAC,Photosystem II protein D1,2.7,EM
P01149,7QA8_2,7QA8,HIS-ALA-LEU-GLN-LEU-LYS-PRO-GLY-GLN-PRO-NLE-TYR,2.7,EM
Q92847,7NA8_5,7NA8,Growth hormone secretagogue receptor type 1,2.7,EM
P06007,6KAC_5,6KAC,Photosystem II D2 protein,2.7,EM
P06006,5XNL_7,5XNL,Photosystem II D2 protein,2.7,EM
P27490,5XNL_1,5XNL,"Chlorophyll a-b binding protein 8, chloroplastic",2.7,EM
A0A100XE85,6TEJ_2,6TEJ,Drug ABC transporter ATP-binding protein,2.7,X-ray
P9WQP3,1SFR_1,1SFR,Antigen 85-A,2.7,X-ray
P80883,7QRM_6,7QRM,Cytochrome b6-f complex subunit 7,2.7,EM
P80035,1K8Q_1,1K8Q,"Triacylglycerol lipase, gastric",2.7,X-ray
Q951C1,6YNY_1,6YNY,subunit a,2.7,EM
Q951A5,6YNY_26,6YNY,subunit c,2.7,EM
P06585,5XNL_4,5XNL,Photosystem II protein D1,2.7,EM
Q1LDT6,5EZM_1,5EZM,4-amino-4-deoxy-L-arabinose transferase or related glycosyltransferases of PMT family,2.7,X-ray
Q62226,7RPK_2,7RPK,Sonic hedgehog protein,2.7,EM
P10632,1PQ2_1,1PQ2,Cytochrome P450 2C8,2.7,X-ray
A2AQ92,6WXU_1,6WXU,Dual oxidase 1,2.7,EM
P16002,6YEZ_18,6YEZ,"Plastocyanin, chloroplastic",2.7,EM
Q6CA88,6YJ4_38,6YJ4,Subunit NIAM of NADH:Ubiquinone Oxidoreductase (Complex I),2.7,EM
Q6C9Z1,6YJ4_40,6YJ4,Subunit NI2M of NADH:Ubiquinone Oxidoreductase (Complex I),2.7,EM
Q6C674,6YJ4_25,6YJ4,Subunit NUJM of NADH:Ubiquinone Oxidoreductase (Complex I),2.7,EM
Q6C4W9,6YJ4_22,6YJ4,Subunit NUFM of NADH:Ubiquinone Oxidoreductase (Complex I),2.7,EM
Q6C4A6,6YJ4_15,6YJ4,Subunit NUXM of NADH:Ubiquinone Oxidoreductase (Complex I),2.7,EM
Q24HY8,6YNY_24,6YNY,subunit alpha,2.7,EM
P18946,3TGU_3,3TGU,Cytochrome b,2.7,X-ray
Q239R1,6YNY_3,6YNY,subunit d,2.7,EM
Q22Z05,6YNY_23,6YNY,subunit gamma,2.7,EM
D5MAJ8,5XNL_13,5XNL,Photosystem II reaction center protein K,2.7,EM
P11471,6KAC_15,6KAC,"Oxygen-evolving enhancer protein 2, chloroplastic",2.7,EM
Q9X2W0,4PL0_1,4PL0,Microcin-J25 export ATP-binding/permease protein McjD,2.7,X-ray
Q9WZ31,4I0U_1,4I0U,Magnesium transport protein CorA,2.7,X-ray
Q6CG53,6YJ4_32,6YJ4,Subunit N7BM of NADH:Ubiquinone Oxidoreductase (Complex I),2.7,EM
Q72J04,5MKK_2,5MKK,Multidrug resistance ABC transporter ATP-binding and permease protein,2.7,X-ray
P0DO17,6IU3_1,6IU3,VIT1,2.7,X-ray
Q1GBI9,7NNU_2,7NNU,Energy-coupling factor transporter ATP-binding protein EcfA2,2.7,EM
P16059,5XNL_17,5XNL,"Oxygen-evolving enhancer protein 2, chloroplastic",2.7,EM
Q1GBI8,7NNU_4,7NNU,Energy-coupling factor transporter transmembrane protein EcfT,2.7,EM
Q1G929,7NNU_3,7NNU,Conserved hypothetical membrane protein,2.7,EM
Q6TLM0,3WXX_2,3WXX,AopB,2.7,X-ray
P05026,7E20_2,7E20,Sodium/potassium-transporting ATPase subunit beta-1,2.7,EM
Q9B6D6,6YJ4_13,6YJ4,NADH-ubiquinone oxidoreductase chain 4,2.7,EM
Q5ZLR5,3TGU_5,3TGU,"Cytochrome b-c1 complex subunit Rieske, mitochondrial",2.7,X-ray
W8SUA3,6ZZX_2,6ZZX,Photosystem I P700 chlorophyll a apoprotein A2,2.7,EM
Q5VTY9,7MHY_1,7MHY,Protein-cysteine N-palmitoyltransferase HHAT,2.7,EM
P12853,6KAC_14,6KAC,"Oxygen-evolving enhancer protein 1, chloroplastic",2.7,EM
P12852,6KAC_16,6KAC,"Oxygen-evolving enhancer protein 3, chloroplastic",2.7,EM
W8SUD1,6ZZX_9,6ZZX,Photosystem I reaction center subunit IX,2.7,EM
P35101,7ZCU_1,7ZCU,Light-harvesting protein B-800-850 alpha chain,2.7,EM
P34981,7XW9_1,7XW9,Thyrotropin-releasing hormone receptor,2.7,EM
P48268,6KAC_6,6KAC,Cytochrome b559 subunit alpha,2.7,EM
P18263,6KAC_11,6KAC,Photosystem II reaction center protein K,2.7,EM
Q9B6D4,6YJ4_11,6YJ4,NADH-ubiquinone oxidoreductase chain 4L,2.7,EM
P13554,5XNL_8,5XNL,Cytochrome b559 subunit alpha,2.7,EM
D0VX27,3TGU_10,3TGU,Mitochondrial ubiquinol-cytochrome c reductase 7.2 kda protein,2.7,X-ray
Q9B6E8,6YJ4_8,6YJ4,NADH-ubiquinone oxidoreductase chain 1,2.7,EM
Q5DL42,4RLB_1,4RLB,Carbapenem-associated resistance protein,2.7,X-ray
Q9B6E9,6YJ4_10,6YJ4,NADH-ubiquinone oxidoreductase chain 6,2.7,EM
Q6CEK9,6YJ4_17,6YJ4,Subunit NUYM of NADH:Ubiquinone Oxidoreductase (Complex I),2.7,EM
Q6CD73,6YJ4_19,6YJ4,Subunit NI8M of NADH:Ubiquinone Oxidoreductase (Complex I),2.7,EM
Q32902,5XNL_24,5XNL,Photosystem II reaction center protein Z,2.7,EM
P62096,5XNL_9,5XNL,"Cytochrome b559 subunit beta, PsbF",2.7,EM
P35109,7ZE3_2,7ZE3,Light-harvesting protein B-800-850 beta chain,2.7,EM
P35106,7ZCU_2,7ZCU,Light-harvesting protein B-800-850 beta chain,2.7,EM
P47211,7WQ3_1,7WQ3,Galanin receptor type 1,2.7,EM
P35104,7ZE3_1,7ZE3,Light-harvesting protein B-800-850 alpha chain,2.7,EM
D5MAJ9,5XNL_11,5XNL,"Photosystem II reaction center protein I, PsbI",2.7,EM
Q7Y1T5,5XNL_18,5XNL,Oxygen-evolving enhancer protein 3,2.7,EM
Q79AD2,3CSL_1,3CSL,HasR protein,2.7,X-ray
Q9XQR6,5XNL_5,5XNL,Photosystem II CP47 reaction center protein,2.7,EM
Q9XQR3,5XNL_10,5XNL,Photosystem II reaction center protein H,2.7,EM
P60147,5XNL_14,5XNL,Photosystem II reaction center protein L,2.7,EM
P59763,6KAC_9,6KAC,Photosystem II reaction center protein I,2.7,EM
D6VTK4,7QA8_1,7QA8,Pheromone alpha factor receptor,2.7,EM
P92276,6KAC_20,6KAC,Photosystem II reaction center protein Z,2.7,EM
P56874,6NSK_1,6NSK,Acid-activated urea channel,2.7,EM
Q9B6D3,6YJ4_12,6YJ4,NADH-ubiquinone oxidoreductase chain 5,2.7,EM
Q9B6C8,6YJ4_14,6YJ4,NADH dehydrogenase subunit 2,2.7,EM
E3U904,5NXR_1,5NXR,Porin 1,2.7,X-ray
Q72J05,5MKK_1,5MKK,Multidrug resistance ABC transporter ATP-binding and permease protein,2.7,X-ray
P92277,6KAC_13,6KAC,Photosystem II reaction center protein M,2.7,EM
Q9B6C7,6YJ4_1,6YJ4,NADH-ubiquinone oxidoreductase chain 3,2.7,EM
Q9LD83,7WNQ_1,7WNQ,Guard cell S-type anion channel SLAC1,2.7,EM
A6XB80,4RL9_1,4RL9,Carbapenem-associated resistance protein,2.7,X-ray
P32974,6KAC_12,6KAC,Photosystem II reaction center protein L,2.7,EM
Q16678,3PM0_1,3PM0,Cytochrome P450 1B1,2.7,X-ray
A5VZA8,4GEY_1,4GEY,Porin B,2.7,X-ray
Q1GBJ0,7NNU_1,7NNU,Energy-coupling factor transporter ATP-binding protein EcfA1,2.7,EM
Q6CGB4,6YJ4_24,6YJ4,Subunit NUPM of NADH:Ubiquinone Oxidoreductase (Complex I),2.7,EM
D0VX28,3TGU_8,3TGU,"Mitochondrial ubiquinol-cytochrome c reductase 11 kda protein, complex iii subunit viii",2.7,X-ray
D0VX29,3TGU_2,3TGU,Mitochondrial ubiquinol-cytochrome-c reductase complex core protein 2,2.7,X-ray
P05023,7E20_1,7E20,Sodium/potassium-transporting ATPase subunit alpha-1,2.7,EM
D0VX30,3TGU_6,3TGU,Mitochondrial ubiquinol-cytochrome c reductase 14 kda protein,2.7,X-ray
P0DTC5,7VGR_3,7VGR,Membrane protein,2.7,EM
D0VX31,3TGU_1,3TGU,Mitochondrial ubiquinol-cytochrome-c reductase complex core protein i,2.7,X-ray
Q6KBX4,7MLY_4,7MLY,Glycine receptor beta,2.7,EM
Q6GTX8,7F9L_2,7F9L,Leukocyte-associated immunoglobulin-like receptor 1,2.7,X-ray
Q6CI60,6YJ4_23,6YJ4,Subunit NB4M of protein NADH:Ubiquinone Oxidoreductase (Complex I),2.7,EM
I4DST7,4FBZ_1,4FBZ,deltarhodopsin,2.7,X-ray
P10898,6KAC_4,6KAC,Photosystem II CP43 reaction center protein,2.7,EM
Q6SLM2,1TC8_1,1TC8,phospholipase A2 isoform 1,2.7,X-ray
W8SU98,6ZZX_12,6ZZX,Photosystem I reaction center subunit XII,2.7,EM
P37255,6KAC_2,6KAC,Photosystem II CP47 reaction center protein,2.7,EM
P21730,5O9H_1,5O9H,C5a anaphylatoxin chemotactic receptor 1,2.7,X-ray
P37256,6KAC_17,6KAC,Photosystem II reaction center protein T,2.7,EM
A0A2D0TCJ3,5XNL_3,5XNL,"Light harvesting chlorophyll a/b-binding protein Lhcb6, CP24",2.7,EM
W8SY74,6ZZX_1,6ZZX,Photosystem I P700 chlorophyll a apoprotein A1,2.7,EM
B9KDD4,5OGL_1,5OGL,Undecaprenyl-diphosphooligosaccharide--protein glycotransferase,2.7,X-ray
P21926,6K4J_1,6K4J,CD9 antigen,2.701,X-ray
P15128,5T6Q_1,5T6Q,Cytochrome P450 4B1,2.701,X-ray
P50607,1S31_1,1S31,tubby isoform a,2.704,X-ray
Q3YW59,4UMW_1,4UMW,ZINC-TRANSPORTING ATPASE,2.705,X-ray
A0A222AI68,7Y8A_19,7Y8A,Photosystem I reaction center subunit XI,2.71,EM
A0A222AI52,7Y8A_15,7Y8A,Photosystem I reaction center subunit III,2.71,EM
A0A222AI34,7Y8A_18,7Y8A,Photosystem I reaction center subunit PsaK,2.71,EM
A0A222AI28,7Y8A_20,7Y8A,Photosystem I reaction center subunit XII,2.71,EM
A0A222AI25,7Y8A_12,7Y8A,Photosystem I iron-sulfur center,2.71,EM
P29018,7ZDT_2,7ZDT,ATP-binding/permease protein CydD,2.71,EM
P23886,7ZDT_1,7ZDT,ATP-binding/permease protein CydC,2.71,EM
P52002,3W9I_1,3W9I,Multidrug resistance protein MexB,2.71,X-ray
P01210,8DWG_1,8DWG,Proenkephalin-A,2.71,EM
A0A222AI78,7Y8A_16,7Y8A,Photosystem I reaction center subunit VIII,2.71,EM
A0A222AIB4,7Y8A_10,7Y8A,Photosystem I P700 chlorophyll a apoprotein A1,2.71,EM
A0A222AI95,7Y8A_11,7Y8A,Photosystem I P700 chlorophyll a apoprotein A2,2.71,EM
Q96LB2,8DWG_5,8DWG,Mas-related G-protein coupled receptor member X1,2.71,EM
A0A222AIF3,7Y8A_14,7Y8A,Photosystem I reaction center subunit IV,2.71,EM
A0QNR5,8FEF_4,8FEF,Virulence factor mce family protein,2.71,EM
A0QNR0,8FEF_8,8FEF,Conserved hypothetical integral membrane protein Yrbe1a,2.71,EM
A0A222AI55,7Y8A_17,7Y8A,Photosystem I reaction center subunit IX,2.71,EM
A0QNR4,8FEF_3,8FEF,MCE-family protein MCE1c,2.71,EM
A0QNR2,8FEF_1,8FEF,Virulence factor Mce family protein,2.71,EM
A0QNR1,8FEF_9,8FEF,ABC-transporter integral membrane protein,2.71,EM
P39276,7ZC2_1,7ZC2,Amino acid/peptide transporter,2.72,EM
Q7Z3Y4,7ZLG_3,7ZLG,CMT2-Fab light chain,2.72,EM
P12333,1RWT_1,1RWT,"Chlorophyll A-B binding protein, chloroplast",2.72,X-ray
Q8DG60,7NHP_16,7NHP,Photosystem II lipoprotein Psb27,2.72,EM
P34413,7ZLG_4,7ZLG,C-mannosyltransferase dpy-19,2.72,EM
Q5F725,6VKT_1,6VKT,Efflux pump membrane transporter,2.72,EM
Q5SHQ8,5AWW_1,5AWW,Protein translocase subunit SecY,2.724,X-ray
P38383,5AWW_2,5AWW,Protein translocase subunit SecE,2.724,X-ray
Q5SHE6,5AWW_3,5AWW,"Putative preprotein translocase, SecG subunit",2.724,X-ray
Q99P84,6PMP_1,6PMP,"1-phosphatidylinositol 4,5-bisphosphate phosphodiesterase epsilon-1",2.73,X-ray
P47898,7UM5_1,7UM5,5-hydroxytryptamine receptor 5A,2.73,EM
Q96A54,5LXG_1,5LXG,Adiponectin receptor protein 1,2.73,X-ray
P48632,2IAH_1,2IAH,Ferripyoverdine receptor,2.73,X-ray
Q9HYQ6,5FQU_1,5FQU,"PATATIN-LIKE PROTEIN, PLPD",2.74,X-ray
P06028,8CS9_5,8CS9,Glycophorin-B,2.74,EM
A7ZET4,8G1N_1,8G1N,"N,N'-diacetylbacilliosaminyl-1-phosphate transferase",2.74,X-ray
P0A409,6K33_2,6K33,Photosystem I P700 chlorophyll a apoprotein A2,2.74,EM
P25936,6K33_1,6K33,Photosystem I P700 chlorophyll a apoprotein A1,2.74,EM
P0A417,6K33_3,6K33,Photosystem I iron-sulfur center,2.74,EM
P41587,7VQX_6,7VQX,Vasoactive intestinal polypeptide receptor 2,2.74,EM
P23318,6K33_9,6K33,Photosystem I reaction center subunit PsaK,2.74,EM
P21796,6G6U_1,6G6U,Voltage-dependent anion-selective channel protein 1,2.74,X-ray
G4SW86,4QUV_1,4QUV,Delta(14)-sterol reductase,2.743,X-ray
Q8ZIK3,5IXM_1,5IXM,LPS-assembly protein LptD,2.746,X-ray
Q7CJV2,5IXM_2,5IXM,LPS-assembly lipoprotein LptE,2.746,X-ray
O41174,6Q69_2,6Q69,Genome polyprotein,2.747,X-ray
Q7DD94,5FGN_1,5FGN,lipooligosaccharide phosphoethanolamine transferase A,2.75,X-ray
Q9FY46,7LHV_1,7LHV,"Sulfate transporter 4.1, chloroplastic",2.75,EM
P10820,3NSJ_1,3NSJ,Perforin-1,2.75,X-ray
P41181,4NEF_1,4NEF,Aquaporin-2,2.75,X-ray
Q8TDU9,7YK7_3,7YK7,Relaxin-3 receptor 2,2.75,EM
Q9HWK2,4FSO_1,4FSO,Probable porin,2.75,X-ray
Q92743,3NZI_1,3NZI,Serine protease HTRA1,2.75,X-ray
Q9CZU6,3NZI_2,3NZI,Citrate synthase,2.75,X-ray
P08168,4PXF_2,4PXF,S-arrestin,2.75,X-ray
Q5ZWR1,4BBJ_1,4BBJ,COPPER EFFLUX ATPASE,2.75,X-ray
P04899,7YK7_2,7YK7,Guanine nucleotide-binding protein G(i) subunit alpha-2,2.75,EM
P05769,2WV9_1,2WV9,"FLAVIVIRIN PROTEASE NS2B REGULATORY SUBUNIT, FLAVIVIRIN PROTEASE NS3 CATALYTIC SUBUNIT",2.75,X-ray
P62812,5OSA_1,5OSA,"Proton-gated ion channel,Gamma-aminobutyric acid receptor subunit alpha-1,Gamma-aminobutyric acid receptor subunit alpha-1",2.75000236232,X-ray
P06437,3NW8_1,3NW8,Envelope glycoprotein B,2.75915,X-ray
Q00194,8BX7_2,8BX7,cGMP-gated cation channel alpha-1,2.76,EM
Q28181,8BX7_1,8BX7,Cyclic nucleotide-gated cation channel beta-1,2.76,EM
M4GGR4,7DE8_1,7DE8,Outer membrane protein,2.76,X-ray
Q9BXC1,7XV3_1,7XV3,Probable G-protein coupled receptor 174,2.76,EM
A0A1I2I8Z9,8F6T_1,8F6T,Alkane 1-monooxygenase,2.76,EM
P0A232,7EZZ_1,7EZZ,Phospholipase A1,2.76,X-ray
A0QWR2,8FED_10,8FED,Transmembrane protein,2.76,EM
A8IE32,7XZI_4,7XZI,Toc75,2.77,EM
A8IZ79,7XZI_7,7XZI,Protein TIC 20,2.77,EM
A8HYJ1,7XZI_12,7XZI,Toc34,2.77,EM
A0A2K3DWN0,7XZI_3,7XZI,Ctap5,2.77,EM
O88454,6PIS_1,6PIS,Potassium channel subfamily K member 4,2.77,X-ray
P36495,7XZI_6,7XZI,Tic214,2.77,EM
A0A2K3CR90,7XZI_5,7XZI,Toc90,2.77,EM
Q9TM20,4YUU_5,4YUU,Cytochrome b559 subunit alpha,2.77000368116,X-ray
Q9TM21,4YUU_6,4YUU,Cytochrome b559 subunit beta,2.77000368116,X-ray
Q9TM22,4YUU_11,4YUU,Photosystem II reaction center protein L,2.77000368116,X-ray
Q9TM23,4YUU_9,4YUU,Photosystem II reaction center protein J,2.77000368116,X-ray
Q9TM47,4YUU_4,4YUU,Photosystem II D2 protein,2.77000368116,X-ray
Q9TM46,4YUU_3,4YUU,Photosystem II CP43 reaction center protein,2.77000368116,X-ray
Q9ZQS5,4YUU_15,4YUU,"Photosystem II 12 kDa extrinsic protein, chloroplastic",2.77000368116,X-ray
Q9TLR0,4YUU_10,4YUU,Photosystem II reaction center protein K,2.77000368116,X-ray
Q76B86,4YUU_21,4YUU,Extrinsic protein in photosystem II,2.77000368116,X-ray
Q76FB0,4YUU_16,4YUU,Cytochrome c-550,2.77000368116,X-ray
Q9TLX0,4YUU_17,4YUU,Photosystem II reaction center protein Ycf12,2.77000368116,X-ray
O19895,4YUU_1,4YUU,Photosystem II protein D1,2.77000368116,X-ray
O19928,4YUU_2,4YUU,Photosystem II CP47 reaction center protein,2.77000368116,X-ray
O19882,4YUU_8,4YUU,Photosystem II reaction center protein I,2.77000368116,X-ray
O19927,4YUU_14,4YUU,Photosystem II reaction center protein T,2.77000368116,X-ray
O19925,4YUU_7,4YUU,Photosystem II reaction center protein H,2.77000368116,X-ray
P56373,5SVK_1,5SVK,P2X purinoceptor 3,2.773,X-ray
D0FY05,7PI5_2,7PI5,Photosystem II CP47 reaction center protein,2.78,EM
A0A7S3QU88,7PI5_17,7PI5,PSII 6.1 kDa protein,2.78,EM
A0A7S3VKF3,7PI5_18,7PI5,Hypothetical protein,2.78,EM
A0A1C8XRP4,7PI5_7,7PI5,Cytochrome b559 subunit beta,2.78,EM
Q9KNE0,5ULD_1,5ULD,"Transporter, NadC family",2.78,X-ray
P0AGM7,3QE7_1,3QE7,Uracil permease,2.781,X-ray
D5AUZ7,5X3X_3,5X3X,Uncharacterized protein CbiQ,2.788,X-ray
O68106,5X3X_1,5X3X,Cobalt ABC transporter ATP-binding protein,2.788,X-ray
Q9FGQ2,5XPD_1,5XPD,sugar transporter,2.788,X-ray
D5AUZ9,5X3X_2,5X3X,Cobalt transport protein CbiM,2.788,X-ray
P56782,7OUI_12,7OUI,Photosystem II reaction center protein K,2.79,EM
P30968,7BR3_1,7BR3,"Gonadotropin-releasing hormone receptor,GlgA glycogen synthase,Gonadotropin-releasing hormone receptor",2.79,X-ray
Q9S7M0,7OUI_2,7OUI,"Chlorophyll a-b binding protein 3, chloroplastic",2.79,EM
P56790,7OUI_19,7OUI,Photosystem II reaction center protein Z,2.79,EM
P56696,7VNP_1,7VNP,"Potassium voltage-gated channel subfamily KQT member 4,Maltodextrin-binding protein",2.79,EM
P56780,7OUI_10,7OUI,Photosystem II reaction center protein H,2.79,EM
P62100,7OUI_11,7OUI,Photosystem II reaction center protein I,2.79,EM
P56778,7OUI_6,7OUI,Photosystem II CP43 reaction center protein,2.79,EM
P56779,7OUI_8,7OUI,Cytochrome b559 subunit alpha,2.79,EM
P56777,7OUI_5,7OUI,Photosystem II CP47 reaction center protein,2.79,EM
P56761,7OUI_7,7OUI,Photosystem II D2 protein,2.79,EM
P60129,7OUI_13,7OUI,Photosystem II reaction center protein L,2.79,EM
A0A7G2E9B1,7OUI_18,7OUI,(thale cress) hypothetical protein,2.79,EM
P37432,3NSG_1,3NSG,Outer membrane protein F,2.79,X-ray
Q9XF89,7OUI_20,7OUI,"Chlorophyll a-b binding protein CP26, chloroplastic",2.79,EM
A0QXA7,7D5I_2,7D5I,Integral membrane cytochrome D ubiquinol oxidase (Subunit II) CydB,2.79,EM
P61839,7OUI_16,7OUI,Photosystem II reaction center protein T,2.79,EM
P62095,7OUI_9,7OUI,Cytochrome b559 subunit beta (PsbF),2.79,EM
Q39195,7OUI_23,7OUI,"Photosystem II 5 kDa protein, chloroplastic",2.79,EM
Q39194,7OUI_17,7OUI,"Photosystem II reaction center W protein, chloroplastic",2.79,EM
A0QXA8,7D5I_1,7D5I,Cytochrome D ubiquinol oxidase subunit 1,2.79,EM
Q39142,7OUI_1,7OUI,"Chlorophyll a-b binding protein, chloroplastic",2.79,EM
P62109,7OUI_14,7OUI,Photosystem II reaction center protein M,2.79,EM
Q07473,7OUI_22,7OUI,"Chlorophyll a-b binding protein CP29.1, chloroplastic",2.79,EM
P23321,7OUI_15,7OUI,"Oxygen-evolving enhancer protein 1-1, chloroplastic",2.79,EM
P83755,7OUI_4,7OUI,Photosystem II protein D1,2.79,EM
P04778,7OUI_21,7OUI,"Chlorophyll a-b binding protein 1, chloroplastic",2.79,EM
Q9LMQ2,7OUI_3,7OUI,"Chlorophyll a-b binding protein, chloroplastic",2.79,EM
Q47WB4,7TAK_1,7TAK,Putative membrane protein PurT,2.79828,X-ray
F8W463,4DW1_1,4DW1,P2X purinoceptor,2.8,X-ray
F2Z293,3PL9_1,3PL9,Chlorophyll A-B binding protein,2.8,X-ray
P48039,6ME2_1,6ME2,chimera protein of Melatonin receptor type 1A and GlgA glycogen synthase,2.8,X-ray
Q9AEL8,7QHM_6,7QHM,Cytochrome c oxidase subunit 3,2.8,EM
P02920,6VBG_1,6VBG,Galactoside permease,2.8,X-ray
A0A2K1IHL7,7KUX_9,7KUX,PsaE,2.8,EM
A0A2K1IB10,7KUX_5,7KUX,"Chlorophyll a-b binding protein, chloroplastic",2.8,EM
P05311,4XK8_2,4XK8,Photosystem I P700 chlorophyll a apoprotein A2,2.8,X-ray
Q950Z1,8B6J_3,8B6J,Apocytochrome b,2.8,EM
Q94IB8,7YJO_4,7YJO,atLCB1,2.8,EM
Q96A98,7F16_2,7F16,Tuberoinfundibular peptide of 39 residues,2.8,EM
A0A2K1IW94,7KUX_4,7KUX,"Chlorophyll a-b binding protein, chloroplastic",2.8,EM
A0A2K1IN36,7KUX_10,7KUX,PSI-F,2.8,EM
P49190,7F16_1,7F16,Parathyroid hormone 2 receptor,2.8,EM
P49146,7DDZ_1,7DDZ,Human Neuropeptide Y Y2 Receptor fusion protein,2.8,X-ray
Q9LSZ9,7YJO_2,7YJO,Long chain base biosynthesis protein 2a,2.8,EM
P42838,7KYC_2,7KYC,Alkylphosphocholine resistance protein LEM3,2.8,EM
H9ZSC3,5AZD_1,5AZD,Bacteriorhodopsin,2.8,X-ray
P31391,7XMT_1,7XMT,Somatostatin receptor type 4,2.8,EM
Q99380,8AGE_2,8AGE,OST4 isoform 1,2.8,EM
P04037,6T0B_14,6T0B,"Cytochrome c oxidase subunit 4, mitochondrial",2.8,EM
P04039,6T0B_18,6T0B,"Cytochrome c oxidase polypeptide VIII, mitochondrial",2.8,EM
P46964,8AGE_4,8AGE,Dolichyl-diphosphooligosaccharide--protein glycosyltransferase subunit OST2,2.8,EM
P47863,2ZZ9_1,2ZZ9,Aquaporin-4,2.8,EM
Q38998,7T4X_1,7T4X,Potassium channel AKT1,2.8,EM
D2ZZC1,4QTN_1,4QTN,Nicotinamide riboside transporter PnuC,2.8,X-ray
Q9UK17,7W6S_2,7W6S,Isoform 2 of Potassium voltage-gated channel subfamily D member 3,2.8,EM
Q29259,7V2E_25,7V2E,NADH dehydrogenase [ubiquinone] 1 beta subcomplex subunit 6,2.8,EM
Q1M0Y5,3EBW_1,3EBW,Per a 4 allergen,2.8,X-ray
P18825,6KUW_1,6KUW,Alpha-2C adrenergic receptor,2.8,X-ray
Q24IM5,8B6J_4,8B6J,Cytochrome protein c1,2.8,EM
Q2V2P9,6T0B_22,6T0B,Cox26,2.8,EM
B1AL88,6XIW_2,6XIW,Transmembrane protein FAM155A,2.8,EM
P21462,7VFX_1,7VFX,fMet-Leu-Phe receptor,2.8,EM
Q0SXH8,4N4W_1,4N4W,"Cytochrome b(562),Smoothened homolog",2.8,X-ray
A8MSB8,7YJO_5,7YJO,"Transmembrane protein, putative (DUF3317)",2.8,EM
A9UTG5,2XHE_2,2XHE,SYNTAXIN1,2.8,X-ray
Q28107,1SDD_2,1SDD,Coagulation factor V,2.8,X-ray
P19491,8AYN_1,8AYN,Isoform Flip of Glutamate receptor 2,2.8,EM
P19490,8AYN_3,8AYN,Isoform Flip of Glutamate receptor 1,2.8,EM
Q1GBG0,6ZG3_3,6ZG3,Conserved hypothetical membrane protein,2.8,X-ray
Q23K66,8B6J_6,8B6J,Ubiquinol-cytochrome C reductase hinge protein,2.8,EM
Q15465,7URF_2,7URF,SHH-N peptide,2.8,EM
P32799,6T0B_21,6T0B,"Cytochrome c oxidase subunit 6A, mitochondrial",2.8,EM
Q9HVM5,5DIR_1,5DIR,Lipoprotein signal peptidase,2.8,X-ray
P32660,7KYC_1,7KYC,Phospholipid-transporting ATPase DNF1,2.8,EM
Q13324,6PB1_1,6PB1,Corticotropin-releasing factor receptor 2,2.8,EM
Q15036,3FOG_1,3FOG,Sorting nexin-17,2.8,X-ray
Q9NS61,7W6S_1,7W6S,Kv channel-interacting protein 2,2.8,EM
P14693,7BTX_2,7BTX,Sorting assembly machinery 35 kDa subunit,2.8,EM
P63359,6BL6_1,6BL6,Lipid A export ATP-binding/permease protein MsbA,2.8,X-ray
Q9HUR5,2QTK_1,2QTK,Probable porin,2.8,X-ray
P33767,8AGE_7,8AGE,Dolichyl-diphosphooligosaccharide--protein glycosyltransferase subunit WBP1,2.8,EM
P23979,6Y5A_1,6Y5A,5-hydroxytryptamine receptor 3A,2.8,EM
P23945,8I2G_5,8I2G,Follicle-stimulating hormone receptor,2.8,EM
Q04519,5FIC_1,5FIC,Sphingomyelin phosphodiesterase,2.8,X-ray
P16615,6LN7_1,6LN7,Sarcoplasmic/endoplasmic reticulum calcium ATPase 2,2.8,EM
Q53TN4,5ZLG_1,5ZLG,Cytochrome b reductase 1,2.8,X-ray
Q58K79,3WGU_3,3WGU,Na+/K+ ATPase gamma subunit transcript variant a,2.8,X-ray
Q5JWF2,8I2G_1,8I2G,chimera of Guanine nucleotide-binding protein G(s) subunit alpha and Guanine nucleotide-binding protein G(s) subunit alpha isoforms XLas,2.8,EM
P12357,4XK8_7,4XK8,"Photosystem I reaction center subunit V, chloroplastic",2.8,X-ray
Q5SKE6,5YHF_1,5YHF,Protein translocase subunit SecDF,2.8,X-ray
P60752,7PH4_1,7PH4,ATP-dependent lipid A-core flippase,2.8,EM
P35372,8EFO_1,8EFO,Mu-type opioid receptor,2.8,EM
C6T221,4XK8_8,4XK8,Putative uncharacterized protein,2.8,X-ray
P74810,7R0W_6,7R0W,Cytochrome b6-f complex subunit 7,2.8,EM
P74149,7R0W_7,7R0W,Cytochrome b6-f complex subunit 5,2.8,EM
P77335,6MRT_1,6MRT,"Hemolysin E, chromosomal",2.8,EM
B5TM92,8BQ6_8,8BQ6,NADH-ubiquinone oxidoreductase chain 1,2.8,EM
A0A7M4DUF5,6ZKF_19,6ZKF,"Mitochondrial complex I, PDSW subunit",2.8,EM
Q7CQU0,3Q7K_1,3Q7K,Probable formate transporter,2.8,X-ray
Q57038,7R0W_2,7R0W,Cytochrome b6,2.8,EM
B4FZ94,6I1R_1,6I1R,CMP-sialic acid transporter 1,2.8,X-ray
O32739,6UWR_1,6UWR,ADP-ribosyltransferase binding component,2.8,EM
P72717,7R0W_8,7R0W,Cytochrome b6-f complex subunit 8,2.8,EM
P72798,7R0W_1,7R0W,"Uncharacterized protein Cp097, conserved in cyanobacteria",2.8,EM
Q02641,7VFS_3,7VFS,Voltage-dependent L-type calcium channel subunit beta-1,2.8,EM
Q02795,8AGE_6,8AGE,Dolichyl-diphosphooligosaccharide--protein glycosyltransferase subunit 2,2.8,EM
B4EKB4,5B57_1,5B57,"Putative hemin ABC transport system, membrane protein",2.8,X-ray
B4EKB5,5B57_2,5B57,Hemin import ATP-binding protein HmuV,2.8,X-ray
P26290,7R0W_9,7R0W,"Rieske domain, PetC",2.8,EM
P26287,7R0W_4,7R0W,Cytochrome f,2.8,EM
P37299,6T0B_10,6T0B,Cytochrome b-c1 complex subunit 10,2.8,EM
Q9DBG5,1SZI_1,1SZI,mannose-6-phosphate receptor binding protein 1,2.8,X-ray
P25656,6PSY_2,6PSY,Cell division control protein 50,2.8,EM
I7MM45,8B6J_9,8B6J,"Transmembrane protein, putative",2.8,EM
I7MFL6,8B6J_11,8B6J,"Transmembrane protein, putative",2.8,EM
I7M484,8B6J_8,8B6J,"Transmembrane protein, putative",2.8,EM
P10174,6T0B_17,6T0B,Cytochrome c oxidase subunit 7,2.8,EM
A0A8D1K2Z9,7VBP_14,7VBP,"NADH dehydrogenase [ubiquinone] 1 subunit C1, mitochondrial",2.8,EM
Q6NEF1,7W7C_2,7W7C,Putative ABC transport system integral membrane protein,2.8,X-ray
Q60610,1FOE_1,1FOE,T-LYMPHOMA INVASION AND METASTASIS INDUCING PROTEIN 1,2.8,X-ray
O45730,7VX8_1,7VX8,"Peroxisomal Membrane Protein related,ATP-binding cassette sub-family D member 1",2.8,EM
A0A9X9ZA26,7TS0_5,7TS0,G protein gamma subunit,2.8,EM
Q9X219,5KYM_1,5KYM,1-acyl-sn-glycerol-3-phosphate acyltransferase,2.8,X-ray
Q6QNK2,7WU2_5,7WU2,Adhesion G-protein coupled receptor D1,2.8,EM
P55089,6PB1_2,6PB1,Urocortin,2.8,EM
A0A6P3E7B5,6ZKF_20,6ZKF,"Mitochondrial complex I, 10 kDa subunit",2.8,EM
Q7Z3C6,6WQZ_1,6WQZ,Autophagy-related protein 9A,2.8,EM
Q7VYU0,6BQO_1,6BQO,Fluoride ion transporter CrcB,2.8,X-ray
A0A6P7EX23,6ZKF_21,6ZKF,"Mitochondrial complex I, 13 kDa subunit",2.8,EM
Q9I6X0,3SY9_1,3SY9,Histidine porin OpdC,2.8,X-ray
Q01667,4XK8_13,4XK8,"Chlorophyll a-b binding protein 6, chloroplastic",2.8,X-ray
Q79VE9,7QHM_2,7QHM,Cytochrome bc1 complex cytochrome b subunit,2.8,EM
Q79VE8,7QHM_1,7QHM,Cytochrome bc1 complex Rieske iron-sulfur subunit,2.8,EM
Q79VD7,7QHM_4,7QHM,Cytochrome c oxidase subunit 1,2.8,EM
P38054,7KF7_1,7KF7,Cation efflux system protein CusA,2.8,EM
P27589,7R0W_3,7R0W,Cytochrome b6-f complex subunit 4,2.8,EM
B5TM94,8BQ6_12,8BQ6,NADH-ubiquinone oxidoreductase chain 5,2.8,EM
B5TM93,8BQ6_13,8BQ6,NADH-ubiquinone oxidoreductase chain 4,2.8,EM
P31213,7BW1_1,7BW1,3-oxo-5-alpha-steroid 4-dehydrogenase 2,2.8,X-ray
P31697,3RFZ_3,3RFZ,Chaperone protein fimC,2.8,X-ray
A0A6P9FRJ5,6ZKF_44,6ZKF,"Mitochondrial complex I, MWFE subunit",2.8,EM
Q01519,6T0B_20,6T0B,Cytochrome c oxidase subunit 6B,2.8,EM
Q8A5H6,5FQ6_1,5FQ6,PUTATIVE LIPOPROTEIN,2.8,X-ray
Q8A5H8,5FQ6_3,5FQ6,UNCHARACTERIZED PROTEIN,2.8,X-ray
Q8A5H5,5FQ6_2,5FQ6,SUSC/RAGA FAMILY TONB-LINKED OUTER MEMBRANE PROTEIN,2.8,X-ray
Q8C1E7,7N0L_1,7N0L,Ion channel TACAN,2.8,EM
P53721,6T0B_23,6T0B,"Respiratory supercomplex factor 2, mitochondrial",2.8,EM
E9P977,7BTX_1,7BTX,Mitochondrial outer membrane beta-barrel protein,2.8,EM
P54289,7VFS_2,7VFS,Voltage-dependent calcium channel subunit alpha-2/delta-1,2.8,EM
P54317,2OXE_1,2OXE,Pancreatic lipase-related protein 2,2.8,X-ray
P41143,6PT2_1,6PT2,Delta opioid receptor,2.8,X-ray
A0A7M4DUG1,6ZKF_43,6ZKF,"Mitochondrial complex I, MNLL subunit",2.8,EM
P0AFS7,7OT9_1,7OT9,AI-2E member YdiK,2.8,EM
A0A6P3E975,6ZKF_35,6ZKF,"Mitochondrial complex I, B16.6 subunit",2.8,EM
A0A6P3EDV0,6ZKF_42,6ZKF,"Mitochondrial complex I, KFYI subunit",2.8,EM
A0A6P3TFB2,6ZKF_7,6ZKF,"Mitochondrial complex I, TYKY subunit",2.8,EM
P05027,3WGU_2,3WGU,Sodium/potassium-transporting ATPase subunit beta-1,2.8,X-ray
P05024,3WGU_1,3WGU,Sodium/potassium-transporting ATPase subunit alpha-1,2.8,X-ray
P49238,7XBW_4,7XBW,CX3C chemokine receptor 1,2.8,EM
P01225,8I2G_7,8I2G,Follitropin subunit beta,2.8,EM
Q8ZQZ7,4N4R_2,4N4R,LPS-assembly lipoprotein LptE,2.8,X-ray
Q92316,8AGE_3,8AGE,Dolichyl-diphosphooligosaccharide--protein glycosyltransferase subunit OST5,2.8,EM
P01042,7F6I_2,7F6I,Kallidin,2.8,EM
P08191,3RFZ_1,3RFZ,Type 1 fimbrial adhesin,2.8,X-ray
Q8ZRW0,4N4R_1,4N4R,LPS-assembly protein LptD,2.8,X-ray
Q8VHW5,8AYN_2,8AYN,Voltage-dependent calcium channel gamma-8 subunit,2.8,EM
Q9BY11,3QNI_1,3QNI,Protein kinase C and casein kinase substrate in neurons protein 1,2.8,X-ray
A0A411LJN5,8ANQ_1,8ANQ,Bacteriorhodopsin,2.8,X-ray
P00427,6T0B_16,6T0B,"Cytochrome c oxidase subunit 6, mitochondrial",2.8,EM
P00425,6T0B_15,6T0B,"Cytochrome c oxidase polypeptide 5B, mitochondrial",2.8,EM
P39007,8AGE_1,8AGE,Dolichyl-diphosphooligosaccharide--protein glycosyltransferase subunit STT3,2.8,EM
Q9C5I0,7YJO_3,7YJO,ORMDL family protein,2.8,EM
P50110,7BTX_3,7BTX,Sorting assembly machinery 37 kDa subunit,2.8,EM
Q8NNK3,7QHM_7,7QHM,Cytochrome c oxidase polypeptide 4,2.8,EM
Q8NSJ8,7QHM_12,7QHM,Hypothetical membrane protein,2.8,EM
Q8NP09,7QHM_9,7QHM,Uncharacterized membrane protein Cgl2017/cg2211,2.8,EM
Q8NNK5,7QHM_3,7QHM,Cytochrome bc1 complex cytochrome c subunit,2.8,EM
P54708,7X21_1,7X21,Potassium-transporting ATPase alpha chain 2,2.8,EM
P40879,7XUJ_1,7XUJ,Chloride anion exchanger,2.8,EM
Q9R744,2OLV_1,2OLV,Penicillin-binding protein 2,2.8,X-ray
Q8NTD4,7QHM_10,7QHM,Hypothetical membrane protein,2.8,EM
Q9Y3M8,2PSO_1,2PSO,StAR-related lipid transfer protein 13,2.8,X-ray
Q8NNK2,7QHM_5,7QHM,Cytochrome c oxidase subunit 2,2.8,EM
Q8NMB4,7QHM_8,7QHM,Uncharacterized protein Cgl2664/cg2949,2.8,EM
Q8IZF0,6XIW_1,6XIW,Sodium leak channel non-selective protein,2.8,EM
P56726,6O3C_1,6O3C,Smoothened homolog,2.8,X-ray
P41543,8AGE_5,8AGE,Dolichyl-diphosphooligosaccharide--protein glycosyltransferase subunit 1,2.8,EM
P39524,6PSY_1,6PSY,Probable phospholipid-transporting ATPase DRS2,2.8,EM
P00401,6T0B_11,6T0B,Cytochrome c oxidase subunit 1,2.8,EM
G0LFX8,4WAV_1,4WAV,Bacteriorhodopsin-I,2.8,X-ray
P42461,7QHM_13,7QHM,Thiamine biosynthesis protein X,2.8,EM
P43116,7CX3_1,7CX3,Prostaglandin E2 receptor EP2 subtype,2.8,EM
P48645,7W55_3,7W55,Neuromedin-U-25,2.8,EM
P48439,8AGE_8,8AGE,OST3 isoform 1,2.8,EM
A0A2K1KIF2,7KUX_16,7KUX,PSI subunit V,2.8,EM
A0A2K1JLZ3,7KUX_3,7KUX,"Chlorophyll a-b binding protein, chloroplastic",2.8,EM
P51681,7F1S_1,7F1S,C-C chemokine receptor type 5,2.8,EM
P51686,5LWE_1,5LWE,C-C chemokine receptor type 9,2.8,X-ray
A0A2K1JDR4,7KUX_12,7KUX,PsaH,2.8,EM
P07340,7X21_2,7X21,Sodium/potassium-transporting ATPase subunit beta-1,2.8,EM
Q00975,7VFS_1,7VFS,Voltage-dependent N-type calcium channel subunit alpha-1B,2.8,EM
P97612,1MT5_1,1MT5,Fatty-acid amide hydrolase,2.8,X-ray
P00420,6T0B_13,6T0B,Cytochrome c oxidase subunit 3,2.8,EM
P00410,6T0B_12,6T0B,Cytochrome c oxidase subunit 2,2.8,EM
P07255,6T0B_19,6T0B,Cytochrome c oxidase subunit 7A,2.8,EM
A0A2K1JLW2,7KUX_15,7KUX,PsaK,2.8,EM
P30411,7F6I_1,7F6I,Bradykinin receptor BK2R,2.8,EM
P30130,3RFZ_2,3RFZ,"Outer membrane usher protein, type 1 fimbrial synthesis",2.8,X-ray
Q72JD8,3DZM_1,3DZM,Hypothetical conserved protein,2.801,X-ray
O05111,1YEW_3,1YEW,particulate methane monooxygenase subunit C2,2.801,X-ray
Q8AWD0,4BUM_1,4BUM,VOLTAGE-DEPENDENT ANION CHANNEL 2,2.801,X-ray
P0AC98,5ZUG_1,5ZUG,Succinate-acetate/proton symporter SatP,2.802,X-ray
Q7K4Y6,6M2R_1,6M2R,Sodium-dependent dopamine transporter,2.802,X-ray
P83793,4I7Z_3,4I7Z,Apocytochrome f,2.803,X-ray
P83792,4I7Z_2,4I7Z,Cytochrome b6-f complex subunit 4,2.803,X-ray
P83798,4I7Z_8,4I7Z,Cytochrome b6-f complex subunit 8,2.803,X-ray
P83797,4I7Z_7,4I7Z,Cytochrome b6-f complex subunit 5,2.803,X-ray
P83796,4I7Z_6,4I7Z,Cytochrome b6-f complex subunit 7,2.803,X-ray
P83794,4I7Z_4,4I7Z,Cytochrome b6-f complex iron-sulfur subunit,2.803,X-ray
P83791,4I7Z_1,4I7Z,Cytochrome b6,2.803,X-ray
P83795,4I7Z_5,4I7Z,Cytochrome b6-f complex subunit 6,2.803,X-ray
Q55415,6KI1_1,6KI1,Low affinity sulfate transporter,2.809,X-ray
P69540,8B3P_3,8B3P,Capsid protein G8P,2.81,EM
P69534,8B3P_1,8B3P,Tail virion protein G7P,2.81,EM
Q99969,7YKD_1,7YKD,Retinoic acid receptor responder protein 2,2.81,EM
G0SBE6,7PR1_1,7PR1,Putative iron-sulfur protein,2.81,EM
P69537,8B3P_2,8B3P,Tail virion protein G9P,2.81,EM
A0R612,7BVE_1,7BVE,Integral membrane indolylacetylinositol arabinosyltransferase EmbC,2.81,EM
P06858,6OB0_1,6OB0,Lipoprotein lipase,2.81,X-ray
Q8IV16,6OB0_2,6OB0,Glycosylphosphatidylinositol-anchored high density lipoprotein-binding protein 1,2.81,X-ray
Q99788,7YKD_2,7YKD,Chemerin-like receptor 1,2.81,EM
A0A0G2KTI4,8FHQ_1,8FHQ,"Solute carrier family 12 member 2,Solute carrier family 12 member 3 chimera",2.81,EM
W9B4M6,8FFK_1,8FFK,Efflux pump membrane transporter,2.82,EM
H8Z3S4,7C9R_8,7C9R,Antenna complex alpha/beta subunit,2.82,EM
H8Z3S2,7C9R_1,7C9R,Photosynthetic reaction center cytochrome c subunit,2.82,EM
H8Z3R9,7C9R_9,7C9R,LHC domain-containing protein,2.82,EM
G1BIY5,7C9R_5,7C9R,Alpha subunit 1 of light-harvesting 1 complex,2.82,EM
O87953,7ZP9_2,7ZP9,Ktr system potassium uptake protein B,2.82,EM
O87952,7ZP9_1,7ZP9,Ktr system potassium uptake protein A,2.82,EM
G1BIY4,7C9R_7,7C9R,Antenna complex alpha/beta subunit,2.82,EM
H8Z0X5,7C9R_4,7C9R,"Photosynthetic reaction center, subunit H, bacterial",2.82,EM
G1BIY9,7C9R_6,7C9R,Antenna complex alpha/beta subunit,2.82,EM
G1BIY7,7C9R_3,7C9R,Reaction center protein M chain,2.82,EM
G1BIY6,7C9R_2,7C9R,L subunit of the reaction center,2.82,EM
G1BIZ0,7C9R_10,7C9R,Alpha subunit 2 of light-harvesting 1 complex,2.82,EM
F1QAI2,8DE8_1,8DE8,"Potassium channel, subfamily K, member 2a",2.82,EM
P69434,4Y25_1,4Y25,"Poly-beta-1,6-N-acetyl-D-glucosamine export protein",2.821,X-ray
Q5ZSD5,4FYG_1,4FYG,"SidF, inhibitor of growth family, member 3",2.822,X-ray
Q9NV96,6K7L_2,6K7L,Cell cycle control protein 50A,2.83,EM
Q92633,7TD0_1,7TD0,Lysophosphatidic acid receptor 1,2.83,EM
Q5T601,7WZ7_5,7WZ7,Adhesion G-protein coupled receptor F1,2.83,EM
Q80TS3,7WY8_1,7WY8,Isoform 3 of Adhesion G protein-coupled receptor L3,2.83,EM
D0C8V9,5FR8_1,5FR8,TONB-DEPENDENT SIDEROPHORE RECEPTOR,2.83,X-ray
Q9Y2Q0,6K7L_1,6K7L,Phospholipid-transporting ATPase,2.83,EM
R1DBK9,7X5V_2,7X5V,ion channel,2.83,EM
Q96RD7,6WBN_1,6WBN,Pannexin-1,2.83,EM
P61012,4KYT_2,4KYT,Cardiac phospholamban,2.833,X-ray
Q9JHF9,2Z64_2,2Z64,Lymphocyte antigen 96,2.84,X-ray
P28335,8DPF_1,8DPF,5-hydroxytryptamine receptor 2C,2.84,EM
Q9Y210,6UZ8_1,6UZ8,Short transient receptor potential channel 6,2.84,EM
A0QT08,6LUM_4,6LUM,Succinate dehydrogenase subunit A,2.84,EM
P13352,7DZ7_8,7DZ7,"Photosystem I reaction center subunit VI, chloroplastic",2.84,EM
P92941,7XA9_1,7XA9,Chloride channel protein CLC-a,2.84,EM
Q2FFA3,5K59_2,5K59,Uncharacterized leukocidin-like protein 1,2.84,X-ray
D0FXW7,6SL5_3,6SL5,Photosystem I iron-sulfur center,2.84,EM
A0A2T4JIR4,7DDQ_1,7DDQ,Antenna pigment protein alpha chain,2.84,EM
D0FXZ0,6SL5_2,6SL5,Photosystem I P700 chlorophyll a apoprotein A2,2.84,EM
P34972,8GUR_4,8GUR,Cannabinoid receptor 2,2.84,EM
A0A2T4JIN0,7DDQ_5,7DDQ,Reaction center protein M chain,2.84,EM
Q9QUK6,2Z64_1,2Z64,Toll-like receptor 4,2.84,X-ray
A0R4D1,6LUM_3,6LUM,Succinate dehydrogenase subunit F,2.84,EM
A0A8X6EH36,7W74_1,7W74,Bacteriorhodopsin-like protein,2.84,X-ray
A0QT10,6LUM_1,6LUM,Succinate dehydrogenase subunit C,2.84,EM
A0QT09,6LUM_2,6LUM,Succinate dehydrogenase subunit D,2.84,EM
D0FXW0,6SL5_7,6SL5,Photosystem I reaction center subunit IX,2.84,EM
Q9ZSJ4,7DZ7_26,7DZ7,"Chlorophyll a-b binding protein, chloroplastic",2.84,EM
A0A2T4JIS6,7DDQ_4,7DDQ,Photosynthetic reaction center L subunit,2.84,EM
A0A2T4JIP3,7DDQ_3,7DDQ,PufX,2.84,EM
A0A2T4JIL7,7DDQ_2,7DDQ,Antenna pigment protein beta chain,2.84,EM
A0A2T4JIP4,7DDQ_6,7DDQ,Photosynthetic reaction center subunit H,2.84,EM
D0FXV2,6SL5_1,6SL5,Photosystem I P700 chlorophyll a apoprotein A1,2.84,EM
P23895,7MH6_2,7MH6,Multidrug transporter EmrE,2.85,X-ray
Q16A03,4XYD_2,4XYD,NorC-like protein,2.85,X-ray
Q9KP75,6MJP_3,6MJP,FIG000988: Predicted permease,2.85,X-ray
Q0VNY2,7PGG_1,7PGG,Ion transport protein,2.85,X-ray
Q9KP51,6MJP_2,6MJP,Lipopolysaccharide export system protein LptC,2.85,X-ray
Q16A04,4XYD_1,4XYD,Nitric-oxide reductase subunit B,2.85,X-ray
A0A0H2ZPI2,7KYO_4,7KYO,"Manganese ABC transporter, permease protein",2.85,X-ray
Q8I2Q0,6TLB_1,6TLB,Serine/threonine protein kinase,2.85,Multiple methods
D6R8X8,2JLN_1,2JLN,MHP1,2.85,X-ray
Q8BHY3,7ZK3_1,7ZK3,Anoctamin-1,2.85,EM
Q9NRK6,4AYT_1,4AYT,ATP-BINDING CASSETTE SUB-FAMILY B MEMBER 10 MITOCHONDRIAL,2.85,X-ray
Q9KP76,6MJP_4,6MJP,LPS export ABC transporter permease LptG,2.85,X-ray
O30650,6MJP_1,6MJP,ABC transporter ATP-binding protein,2.85,X-ray
Q1I8U1,4MJT_2,4MJT,Monalysin,2.85,X-ray
U3N7D8,7B0J_1,7B0J,Transient receptor potential cation channel subfamily c member 4a,2.85,EM
P33302,7P04_1,7P04,Pleiotropic ABC efflux transporter of multiple drugs,2.85,EM
A0A0H3FYJ7,5O78_1,5O78,Phosphoporin PhoE,2.85,X-ray
P36544,7EKP_1,7EKP,Neuronal acetylcholine receptor subunit alpha-7,2.85,EM
P55017,7Y6I_1,7Y6I,Solute carrier family 12 member 3,2.85,EM
Q6DCU6,7W2G_1,7W2G,Sigma non-opioid intracellular receptor 1,2.851,X-ray
Q55996,3HVN_1,3HVN,Hemolysin,2.852,X-ray
O14521,8GS8_4,8GS8,"Succinate dehydrogenase [ubiquinone] cytochrome b small subunit, mitochondrial",2.86,EM
Q2FD94,7M4P_1,7M4P,Efflux pump membrane transporter,2.86,EM
P01189,7PIV_2,7PIV,NDP-alpha-MSH (other names Afamelanotide; Scenesse),2.86,EM
Q5L1G5,5OQT_1,5OQT,Amino acid transporter,2.86,X-ray
P04635,2HIH_1,2HIH,Lipase 46 kDa form,2.86,X-ray
Q99643,8GS8_3,8GS8,"Succinate dehydrogenase cytochrome b560 subunit, mitochondrial",2.86,EM
A5A616,5OQT_2,5OQT,Uncharacterized protein YneM,2.86,X-ray
P31040,8GS8_1,8GS8,"Succinate dehydrogenase [ubiquinone] flavoprotein subunit, mitochondrial",2.86,EM
P0ABL8,7F04_2,7F04,Heme exporter protein B,2.86,EM
P0ABM1,7F04_3,7F04,Heme exporter protein C,2.86,EM
P21912,8GS8_2,8GS8,"Succinate dehydrogenase [ubiquinone] iron-sulfur subunit, mitochondrial",2.86,EM
P33931,7F04_1,7F04,Cytochrome c biogenesis ATP-binding export protein CcmA,2.86,EM
Q5FKK5,6WTW_1,6WTW,DASS family sodium-coupled anion symporter,2.86,X-ray
Q16581,8IA8_2,8IA8,C3a anaphylatoxin chemotactic receptor,2.86,EM
P0ABM5,7F04_4,7F04,Heme exporter protein D,2.86,EM
P78348,6L6N_1,6L6N,Acid-sensing ion channel 1,2.86,X-ray
P63213,7PIV_5,7PIV,Guanine nucleotide-binding protein G(I)/G(S)/G(O) subunit gamma-2,2.86,EM
P33261,4GQS_1,4GQS,Cytochrome P450 2C19,2.87,X-ray
P04124,6ET5_6,6ET5,Light-harvesting protein B-1015 beta chain,2.87,EM
P04123,6ET5_5,6ET5,Light-harvesting protein B-1015 alpha chain,2.87,EM
P29275,8HDO_5,8HDO,Adenosine A2b receptor,2.87,EM
Q14973,7ZYI_1,7ZYI,Sodium/bile acid cotransporter,2.88,EM
P69332,4XT1_1,4XT1,G-protein coupled receptor homolog US28,2.886,X-ray
P78423,4XT1_2,4XT1,Fractalkine,2.886,X-ray
P04920,8GVC_1,8GVC,Anion exchange protein 2,2.89,EM
P22001,7SSY_1,7SSY,"Potassium voltage-gated channel subfamily A member 3,Green fluorescent protein fusion",2.89,EM
Q72GS0,4O9P_2,4O9P,NAD(P) transhydrogenase subunit beta,2.89,X-ray
Q72GR9,4O9P_1,4O9P,NAD(P) transhydrogenase subunit alpha 2,2.89,X-ray
Q9LFP6,7QP9_1,7QP9,Auxin efflux carrier component 8,2.89,EM
Q9QX29,6AEI_1,6AEI,Short transient receptor potential channel 5,2.89,EM
P77239,3NE5_1,3NE5,Cation efflux system protein cusB,2.898,X-ray
P03961,5MRW_3,5MRW,Potassium-transporting ATPase KdpC subunit,2.9,X-ray
P03960,5MRW_2,5MRW,Potassium-transporting ATPase ATP-binding subunit,2.9,X-ray
P03959,5MRW_1,5MRW,Potassium-transporting ATPase potassium-binding subunit,2.9,X-ray
P47008,6W32_1,6W32,Phosphatidylinositol transfer protein SFH5,2.9,X-ray
W5PFI3,6QTI_1,6QTI,Nicotinamide nucleotide transhydrogenase,2.9,EM
Q3IY11,8ASI_3,8ASI,Cytochrome c1,2.9,EM
E7F2J4,7DSD_1,7DSD,Calcium homeostasis modulator 1,2.9,EM
E9Q9F6,7EEB_7,7EEB,Cation channel sperm-associated protein subunit delta,2.9,EM
P01024,8HK2_4,8HK2,C3a anaphylatoxin,2.9,EM
P01031,7Y64_6,7Y64,C5a anaphylatoxin,2.9,EM
A0A143ZWD5,7F9M_1,7F9M,Rifin,2.9,X-ray
A0A125YYY4,6TMK_27,6TMK,ATP synthase subunit beta,2.9,EM
P05106,3IJE_2,3IJE,Integrin beta-3,2.9,X-ray
Q3IY10,8ASI_2,8ASI,Cytochrome b,2.9,EM
Q31LJ0,6KIG_1,6KIG,Photosystem I P700 chlorophyll a apoprotein A1,2.9,EM
P18089,6K41_4,6K41,"Alpha-2A adrenergic receptor,Endolysin,Alpha-2B adrenergic receptor,Alpha-2B adrenergic receptor",2.9,EM
Q31NU0,6KIG_8,6KIG,Photosystem I reaction center subunit IX,2.9,EM
P01019,6OS0_3,6OS0,Angiotensinogen,2.9,X-ray
P08004,7XS6_1,7XS6,Chitin synthase 1,2.9,EM
Q31QV2,6KIG_3,6KIG,Photosystem I iron-sulfur center,2.9,EM
Q31PR9,6KIG_9,6KIG,Photosystem I reaction center subunit PsaK,2.9,EM
Q51971,6Z38_1,6Z38,TodX,2.9,X-ray
Q31LJ1,6KIG_2,6KIG,Photosystem I P700 chlorophyll a apoprotein A2,2.9,EM
Q3IY09,8ASI_1,8ASI,Ubiquinol-cytochrome c reductase iron-sulfur subunit,2.9,EM
P08195,7CMI_1,7CMI,4F2 cell-surface antigen heavy chain,2.9,EM
P08510,7SJ1_1,7SJ1,Potassium voltage-gated channel protein Shaker,2.9,EM
Q8VEF1,6GQF_1,6GQF,GRAM domain-containing protein 1A,2.9,X-ray
A2ARP9,7EEB_2,7EEB,Cation channel sperm-associated protein 2,2.9,EM
A2RTF1,7EEB_5,7EEB,Cation channel sperm-associated protein subunit beta,2.9,EM
Q3J2Z2,8ASI_4,8ASI,Cytochrome b-c1 subunit IV,2.9,EM
Q31NL7,6KIG_5,6KIG,Photosystem I reaction center subunit IV,2.9,EM
Q31NT9,6KIG_6,6KIG,Photosystem I reaction center subunit III,2.9,EM
A0R613,7BVC_1,7BVC,Integral membrane indolylacetylinositol arabinosyltransferase EmbA,2.9,EM
Q8TZK2,3MP7_2,3MP7,Preprotein translocase subunit secE,2.9,X-ray
A0ZW40,6RD4_17,6RD4,ATP synthase subunit alpha,2.9,EM
Q9HAR2,7SF7_1,7SF7,Isoform 1 of Adhesion G protein-coupled receptor L3,2.9,EM
P40416,7PSN_1,7PSN,"Iron-sulfur clusters transporter ATM1, mitochondrial",2.9,EM
Q9H4A6,3KN1_1,3KN1,Golgi phosphoprotein 3,2.9,X-ray
Q9BYF1,6M18_2,6M18,Angiotensin-converting enzyme 2,2.9,EM
Q8U019,3MP7_1,3MP7,Preprotein translocase subunit secY,2.9,X-ray
P13187,6ROJ_1,6ROJ,"Probable phospholipid-transporting ATPase DRS2,Oxaloacetate decarboxylase alpha chain",2.9,EM
A0R614,7BVC_2,7BVC,Integral membrane indolylacetylinositol arabinosyltransferase EmbB,2.9,EM
A0R619,3AJA_1,3AJA,Putative uncharacterized protein,2.9,X-ray
Q46221,6KLW_1,6KLW,Iota toxin component Ib,2.9,EM
P15347,6KIG_12,6KIG,Iron stress-induced chlorophyll-binding protein,2.9,EM
Q4LDE7,6RD4_16,6RD4,"ATP synthase gamma chain, mitochondrial",2.9,EM
A0ZW41,6RD4_18,6RD4,ATP synthase subunit beta,2.9,EM
Q48658,6T1Z_1,6T1Z,LmrP integral membrane protein,2.9,X-ray
Q64663,6U9V_1,6U9V,P2X purinoceptor 7,2.9,EM
Q5H8A3,7W56_3,7W56,Neuromedin-S,2.9,EM
P47871,8FU6_6,8FU6,Glucagon receptor,2.9,EM
P21728,7JVP_1,7JVP,D(1A) dopamine receptor,2.9,EM
Q8N138,7K0M_4,7K0M,ORM1-like protein 3,2.9,EM
F2VN85,5NUP_1,5NUP,OmpK36,2.9,X-ray
O35179,2C08_1,2C08,SH3-CONTAINING GRB2-LIKE PROTEIN 2,2.9,X-ray
P13423,3J9C_1,3J9C,Protective antigen PA-63,2.9,EM
D8V7I7,6RD4_9,6RD4,Mitochondrial ATP synthase subunit ASA8,2.9,EM
D8V7I1,6RD4_13,6RD4,Mitochondrial ATP synthase subunit OSCP,2.9,EM
P36937,5MRW_4,5MRW,Potassium-transporting ATPase KdpF subunit,2.9,X-ray
G3MM57,5F1C_1,5F1C,Putative uncharacterized protein,2.9,X-ray
P13500,7XA3_2,7XA3,C-C motif chemokine 2,2.9,EM
Q15722,7VKT_1,7VKT,Leukotriene B4 receptor 1,2.9,EM
A0A2D0TCI5,5XJJ_1,5XJJ,multi drug efflux transporter,2.9,X-ray
P19397,6WVG_1,6WVG,"Green fluorescent protein, Leukocyte surface antigen CD53 chimera",2.9,X-ray
Q10741,2AO7_1,2AO7,ADAM 10,2.9,X-ray
Q9GZU1,7MGL_1,7MGL,Mucolipin-1,2.9,EM
D7P7X6,6RD4_15,6RD4,Mitochondrial ATP synthase subunit delta,2.9,EM
P35107,7ZDI_2,7ZDI,Light-harvesting protein,2.9,EM
A0A0H2VCZ1,7SGR_2,7SGR,"Membrane fusion protein (MFP) family protein,Hemolysin secretion protein D, chromosomal",2.9,EM
P22088,5LIP_1,5LIP,TRIACYL-GLYCEROL HYDROLASE,2.9,X-ray
P35102,7ZDI_1,7ZDI,Light-harvesting protein,2.9,EM
D7P7X5,6RD4_11,6RD4,Mitochondrial ATP synthase subunit c,2.9,EM
Q9WYC4,3QF4_2,3QF4,Uncharacterized ABC transporter ATP-binding protein TM_0288,2.9,X-ray
Q9WYC3,3QF4_1,3QF4,"ABC transporter, ATP-binding protein",2.9,X-ray
L1J207,6CSM_1,6CSM,GtACR1,2.9,X-ray
Q8KG87,8GWA_6,8GWA,Ric1 protein,2.9,EM
P95823,6KIG_7,6KIG,Photosystem I PsaI protein,2.9,EM
P0AC02,3TGO_1,3TGO,UPF0169 lipoprotein yfiO,2.9,X-ray
Q91ZR5,7EEB_1,7EEB,"Enhanced green fluorescent protein,Cation channel sperm-associated protein 1",2.9,EM
S7UU80,6TMK_26,6TMK,"ATP synthase subunit alpha,subunit alpha",2.9,EM
S7W9J5,6TMK_18,6TMK,ATPTG1,2.9,EM
A0A125YRP0,6TMK_9,6TMK,ATPTG15,2.9,EM
A0A125YSI9,6TMK_6,6TMK,subunit a,2.9,EM
A0A125YUH0,6TMK_28,6TMK,ATP synthase subunit gamma,2.9,EM
A0A125YRE2,6TMK_29,6TMK,ATP synthase subunit delta,2.9,EM
S7W180,6TMK_12,6TMK,ATPTG17,2.9,EM
H8PGG3,6RD4_12,6RD4,Mitochondrial ATP synthase subunit 6,2.9,EM
O86150,5C78_1,5C78,ATP-driven flippase PglK,2.9,X-ray
P32602,1QQE_1,1QQE,VESICULAR TRANSPORT PROTEIN SEC17,2.9,X-ray
Q9CQP8,7EEB_14,7EEB,Cation channel sperm-associated protein subunit zeta,2.9,EM
Q80W99,7EEB_3,7EEB,Cation channel sperm-associated protein 3,2.9,EM
P06756,3IJE_1,3IJE,Integrin alpha-V,2.9,X-ray
A0A125YJV2,6TMK_32,6TMK,subunit c,2.9,EM
A0A125YKF8,6TMK_31,6TMK,Oligomycin sensitivity conferring protein (OSCP),2.9,EM
S7UQ82,6TMK_7,6TMK,subunit i/j,2.9,EM
Q01650,7DSL_2,7DSL,Large neutral amino acids transporter small subunit 1,2.9,EM
Q9UBS5,7C7S_1,7C7S,Gamma-aminobutyric acid type B receptor subunit 1,2.9,EM
Q9UP95,6KKT_1,6KKT,Solute carrier family 12 member 4,2.9,EM
P26043,1GC6_1,1GC6,RADIXIN,2.9,X-ray
P63386,7CGE_2,7CGE,Phospholipid ABC transporter ATP-binding protein MlaF,2.9,EM
P64606,7CGE_1,7CGE,Lipid asymmetry maintenance ABC transporter permease subunit MlaE,2.9,EM
P64604,7CGE_4,7CGE,Outer membrane lipid asymmetry maintenance protein MlaD,2.9,EM
P0A937,5D0O_5,5D0O,Outer membrane protein assembly factor BamE,2.9,X-ray
P25090,7T6U_6,7T6U,N-formyl peptide receptor 2,2.9,EM
Q8C0X7,7EEB_9,7EEB,Kazal-like domain-containing protein,2.9,EM
Q8BVN3,7EEB_4,7EEB,Cation channel sperm-associated protein 4,2.9,EM
P63142,2A79_2,2A79,Potassium voltage-gated channel subfamily A member 2,2.9,X-ray
Q01118,7TJ9_1,7TJ9,Sodium channel protein type 7 subunit alpha,2.9,EM
Q86Y34,7D77_4,7D77,Adhesion G protein-coupled receptor G3; GPR97,2.9,EM
O75899,7C7S_2,7C7S,Gamma-aminobutyric acid type B receptor subunit 2,2.9,EM
Q8FDZ8,7SGR_1,7SGR,Alpha-hemolysin translocation ATP-binding protein HlyB,2.9,EM
P0A6M2,6WVF_1,6WVF,"Green fluorescent protein,Disulfide bond formation protein B,Green fluorescent protein",2.9,X-ray
P0DTC2,6M17_3,6M17,Spike protein S1,2.9,EM
P10147,7F1Q_1,7F1Q,"C-C motif chemokine 3,C-C chemokine receptor type 5",2.9,EM
G4TS85,7SP5_1,7SP5,Phosphate transporter,2.9,X-ray
Q9Y666,7D99_1,7D99,potassium-chloride co-transporter KCC4,2.9,EM
A0A5H1ZR73,6RD4_10,6RD4,Mitochondrial ATP synthase subunit ASA9,2.9,EM
A0A5H1ZR95,6RD4_1,6RD4,ASA-10: Polytomella F-ATP synthase associated subunit 10,2.9,EM
P11511,3EQM_1,3EQM,Cytochrome P450 19A1,2.9,X-ray
P0DP43,7EEB_8,7EEB,Cation channel sperm-associated protein subunit epsilon,2.9,EM
Q9NY72,7TJ9_2,7TJ9,Sodium channel subunit beta-3,2.9,EM
D3Z338,7EEB_11,7EEB,Transmembrane protein 262,2.9,EM
P01178,7RYC_1,7RYC,Oxytocin,2.9,EM
G1SNM3,6OO3_1,6OO3,TRPV2,2.9,EM
P11166,5EQG_1,5EQG,"Solute carrier family 2, facilitated glucose transporter member 1",2.9,X-ray
Q695T7,6M18_1,6M18,Sodium-dependent neutral amino acid transporter B(0)AT1,2.9,EM
Q6DEJ6,8D2S_1,8D2S,Sodium-dependent lysophosphatidylcholine symporter 1-B,2.9,EM
A0A2R8VHF7,7EEB_10,7EEB,Transmembrane protein 249,2.9,EM
P0C0S1,6RLD_1,6RLD,Small-conductance mechanosensitive channel,2.9,EM
P0A903,3TGO_2,3TGO,Lipoprotein 34,2.9,X-ray
P95822,6KIG_10,6KIG,Photosystem I reaction center subunit XI,2.9,EM
Q9UHI5,7CMI_2,7CMI,Large neutral amino acids transporter small subunit 2,2.9,EM
P31547,3TUI_1,3TUI,D-methionine transport system permease protein metI,2.9,X-ray
C6KI89,7EEB_6,7EEB,Cation channel sperm-associated protein subunit gamma 2,2.9,EM
P30559,7RYC_2,7RYC,Oxytocin receptor,2.9,EM
P30750,3TUI_2,3TUI,Methionine import ATP-binding protein MetN,2.9,X-ray
P69380,3H90_1,3H90,Ferrous-iron efflux pump fieF,2.9,X-ray
Q8FJB1,6BPL_1,6BPL,Lipid A export ATP-binding/permease protein MsbA,2.908,X-ray
Q5SIX3,6BAR_1,6BAR,Rod shape determining protein RodA,2.908,X-ray
Q5QJC5,7RK6_1,7RK6,BK channel,2.91,EM
Q99679,8HMV_1,8HMV,Probable G-protein coupled receptor 21,2.91,EM
A0A8X6EH18,7S3D_11,7S3D,PsaM,2.91,EM
P34998,6P9X_5,6P9X,Corticotropin-releasing factor receptor 1,2.91,EM
A0A8X6EH19,7S3D_3,7S3D,PsaC,2.91,EM
P16536,7TLJ_4,7TLJ,14 kDa peptide of ubiquinol-cytochrome c2 oxidoreductase complex,2.91,EM
P06850,6P9X_6,6P9X,Corticoliberin,2.91,EM
Q93PM2,4K3C_1,4K3C,Outer membrane protein assembly factor BamA,2.913,X-ray
J7QAK3,6E9N_1,6E9N,D-galactonate transport,2.915,X-ray
P78363,7M1Q_1,7M1Q,Retinal-specific phospholipid-transporting ATPase ABCA4,2.92,EM
Q9H237,7URD_1,7URD,Isoform 2 of Protein-serine O-palmitoleoyltransferase porcupine,2.92,EM
Q5ZL60,7JM6_1,7JM6,Chloride channel protein,2.92,EM
Q8ZRP0,5OR1_1,5OR1,Outer membrane protein assembly factor BamA,2.92,X-ray
Q8IVW8,8EX4_1,8EX4,Sphingosine-1-phosphate transporter SPNS2,2.93,EM
Q6P9J9,8BC1_1,8BC1,"Anoctamin-6,mTMEM16F",2.93,EM
Q9NQW8,7RHS_2,7RHS,Cyclic nucleotide-gated cation channel beta-3,2.93,EM
Q16281,7RHS_1,7RHS,Cyclic nucleotide-gated cation channel alpha-3,2.93,EM
Q6J4G7,7B03_1,7B03,Proteorhodopsin,2.93,EM
A0A096PAU9,7YCA_14,7YCA,"Photosystem I PsaH, reaction centre subunit VI",2.94,EM
P0AE98,6LQH_2,6LQH,Curli production assembly/transport component CsgF,2.94,EM
P0AEA2,6LQH_1,6LQH,Curli production assembly/transport component CsgG,2.94,EM
Q9WUD2,7ZJD_1,7ZJD,"Transient receptor potential cation channel subfamily V member 2,Enhanced green fluorescent protein",2.94,EM
Q0P3K0,7YCA_15,7YCA,Photosystem I reaction center subunit VIII,2.94,EM
A0A090M7B0,7YCA_18,7YCA,PSI subunit V,2.94,EM
A0A096P8E8,7YCA_17,7YCA,Photosystem I PsaG/PsaK protein,2.94,EM
A0A090N3J0,7YCA_20,7YCA,"Photosystem I PsaN, reaction centre subunit N",2.94,EM
A0A096P9N0,7YCA_21,7YCA,PsaO,2.94,EM
F6RG56,5W3S_1,5W3S,Mucolipin-3 isoform 1,2.94,EM
Q0P3K1,7YCA_7,7YCA,Photosystem I P700 chlorophyll a apoprotein A1,2.94,EM
Q0P3K2,7YCA_8,7YCA,Photosystem I P700 chlorophyll a apoprotein A2,2.94,EM
Q0P3J8,7YCA_19,7YCA,Photosystem I reaction center subunit XII,2.94,EM
Q0P3J4,7YCA_16,7YCA,Photosystem I reaction center subunit IX,2.94,EM
Q01DV3,7YCA_11,7YCA,Photosystem I reaction centre subunit IV,2.94,EM
Q019T9,7YCA_13,7YCA,PsaG,2.94,EM
A0A1Y5IA87,7YCA_6,7YCA,Lhca6,2.94,EM
Q0P3P1,7YCA_9,7YCA,Photosystem I iron-sulfur center,2.94,EM
P30572,7STL_1,7STL,Chitin synthase,2.95,EM
Q3L7I1,7XW0_1,7XW0,OmpT,2.95,X-ray
P10082,7YON_4,7YON,Peptide YY(3-36),2.95,EM
P24177,8F4N_1,8F4N,Efflux pump membrane transporter,2.95,EM
O66465,5CKR_1,5CKR,Phospho-N-acetylmuramoyl-pentapeptide-transferase,2.95,X-ray
P31639,7VSI_1,7VSI,Sodium/glucose cotransporter 2,2.95,EM
P35613,7CKO_2,7CKO,Basigin,2.95,EM
P17501,3DUZ_1,3DUZ,Major envelope glycoprotein,2.95,X-ray
P53985,7CKO_1,7CKO,Monocarboxylate transporter 1,2.95,EM
Q9H3H5,6BW6_1,6BW6,UDP-N-acetylglucosamine--dolichyl-phosphate N-acetylglucosaminephosphotransferase,2.95,X-ray
Q0ABW0,5HK7_1,5HK7,Ion transport protein,2.95,X-ray
Q13113,7VSI_2,7VSI,PDZK1-interacting protein 1,2.95,EM
Q5HLM5,3L7L_1,3L7L,Teichoic acid biosynthesis protein F,2.95,X-ray
Q8R502,8DRK_2,8DRK,Volume-regulated anion channel subunit LRRC8C,2.95,EM
Q9BTU6,4HNE_1,4HNE,Phosphatidylinositol 4-kinase type 2-alpha,2.95,X-ray
Q8KNL2,7SPC_1,7SPC,TraV,2.95,EM
Q0VCY0,3TLM_1,3TLM,Sarcoplasmic/endoplasmic reticulum calcium ATPase 1,2.95,X-ray
P28635,6CVL_3,6CVL,MetQ periplasmic binding protein,2.953,X-ray
P60033,5TCX_1,5TCX,CD81 antigen,2.955,X-ray
P76115,6V81_1,6V81,Probable TonB-dependent receptor YncD,2.957,X-ray
A0A1U7R319,7W4O_2,7W4O,ATP-binding cassette sub-family C member 8 isoform X2,2.96,EM
Q61743,7W4O_1,7W4O,ATP-sensitive inward rectifier potassium channel 11,2.96,EM
Q8VZL4,6VXN_1,6VXN,"Mechanosensitive ion channel protein 1, mitochondrial",2.96,EM
Q13563,6T9N_1,6T9N,Polycystin-2,2.96,EM
A0A6P1C618,7DUW_1,7DUW,Bifunctional lysylphosphatidylglycerol flippase/synthetase MprF,2.96,EM
P76272,6V0F_1,6V0F,Intermembrane transport protein YebT,2.96,EM
P29994,7LHF_1,7LHF,"Inositol 1,4,5-trisphosphate receptor type 1",2.96,EM
P33897,7X0Z_1,7X0Z,ATP-binding cassette sub-family D member 1,2.96,EM
Q0VR69,4R0C_1,4R0C,AbgT putative transporter family,2.963,X-ray
Q2FD70,7KGG_1,7KGG,Efflux pump membrane transporter,2.97,EM
Q8LYW1,7AR9_6,7AR9,ND4,2.97,EM
Q9I527,5FP2_1,5FP2,FERRIC ENTEROBACTIN RECEPTOR PIRA,2.97,X-ray
P18177,6OQ6_1,6OQ6,Toxin B,2.97,X-ray
Q87KD2,6V4J_2,6V4J,Potassium uptake protein TrkA,2.97,EM
A0A7S0YCV2,7AR9_30,7AR9,NUOP8,2.97,EM
P9WNL7,7BVF_1,7BVF,Probable arabinosyltransferase B,2.97,EM
A0A7S0UW27,7AR9_12,7AR9,B16.6,2.97,EM
Q8LYW0,7AR9_7,7AR9,ND2,2.97,EM
Q8LYV9,7AR9_5,7AR9,ND5,2.97,EM
Q8LYV7,7AR9_3,7AR9,ND6,2.97,EM
P35439,7SAA_1,7SAA,"Glutamate receptor ionotropic, NMDA 1",2.97,EM
Q5QD04,8IW7_1,8IW7,Trace amine-associated receptor 9,2.97,EM
E5Q323,7AR9_2,7AR9,ND1,2.97,EM
A0A024FSS5,7AR9_26,7AR9,B22,2.97,EM
P9WNL9,7BVF_2,7BVF,Probable arabinosyltransferase A,2.97,EM
Q6ZWS4,6PEQ_2,6PEQ,Protein cornichon homolog 3,2.97,EM
Q00960,7SAA_2,7SAA,"Glutamate receptor ionotropic, NMDA 2B",2.97,EM
Q6LPW0,7QHA_1,7QHA,"Putative TRAP-type C4-dicarboxylate transport system, small permease component",2.97,EM
Q6LPW1,7QHA_2,7QHA,"Putative TRAP-type C4-dicarboxylate transport system, large permease component",2.97,EM
A0A7S0VJV3,7AR9_29,7AR9,NUOP7,2.97,EM
A0A0Q3IDG7,7EN0_1,7EN0,SLow Anion Channel 1,2.97,EM
Q9UHE8,6Y9B_1,6Y9B,Metalloreductase STEAP1,2.97,EM
Q87TN7,6V4J_1,6V4J,Trk system potassium uptake protein TrkH,2.97,EM
A0A0H3PAV1,6YKP_1,6YKP,"Chemotaxis protein MotA, putative",2.98,EM
P32249,7TUY_4,7TUY,"G-protein coupled receptor 183,Soluble cytochrome b562 fusion",2.98,EM
B7GL84,6Z16_1,6Z16,"Multisubunit Na+/H+ antiporter, A subunit",2.98,EM
P0A312,8HFS_4,8HFS,Bacteriocin lactococcin-A,2.98,EM
P48542,3SYA_1,3SYA,G protein-activated inward rectifier potassium channel 2,2.98,X-ray
A0A0X1KHE0,5BUN_1,5BUN,Outer membrane protein,2.98,X-ray
B7GL82,6Z16_3,6Z16,"Multisubunit Na+/H+ antiporter, C subunit",2.98,EM
B7GL97,6Z16_5,6Z16,"Multisubunit Na+/H+ antiporter, E subunit",2.98,EM
B7GL96,6Z16_6,6Z16,"Multisubunit Na+/H+ antiporter, F subunit",2.98,EM
B7GL83,6Z16_2,6Z16,"Multisubunit Na+/H+ antiporter, B subunit",2.98,EM
A0A0H3PBX6,6YKP_2,6YKP,"Chemotaxis protein MotB, putative",2.98,EM
B7GL98,6Z16_4,6Z16,"Multisubunit Na+/H+ antiporter, D subunit",2.98,EM
B7GIG3,6Z16_7,6Z16,"Multisubunit Na+/H+ antiporter, G subunit",2.98,EM
Q72IM4,4BWZ_1,4BWZ,NA(+)/H(+) ANTIPORTER,2.984,X-ray
Q9HX32,5IVA_2,5IVA,LPS-assembly lipoprotein LptE,2.988,X-ray
Q9I5U2,5IVA_1,5IVA,LPS-assembly protein LptD,2.988,X-ray
E9QY26,5FRB_1,5FRB,"STEROL 14-ALPHA DEMETHYLASE, CYP51B",2.99,X-ray
Q2K4J4,7F47_1,7F47,Hypothetical conserved protein,2.99,EM
Q95KP4,1W52_1,1W52,PANCREATIC LIPASE RELATED PROTEIN 2,2.99,X-ray
Q03PY7,4HUQ_4,4HUQ,Energy-coupling factor transporter transmembrane protein EcfT,2.998,X-ray
Q03PY6,4HUQ_1,4HUQ,Energy-coupling factor transporter ATP-binding protein EcfA 1,2.998,X-ray
Q03PY5,4HUQ_2,4HUQ,Energy-coupling factor transporter ATP-binding protein EcfA 2,2.998,X-ray
Q03S56,4HUQ_3,4HUQ,Uncharacterized protein,2.998,X-ray
P03925,6ZTQ_10,6ZTQ,NADH-ubiquinone oxidoreductase chain 6,3.0,EM
Q9CQH3,6ZTQ_33,6ZTQ,"NADH dehydrogenase [ubiquinone] 1 beta subcomplex subunit 5, mitochondrial",3.0,EM
Q9CQJ8,6ZTQ_39,6ZTQ,NADH dehydrogenase [ubiquinone] 1 beta subcomplex subunit 9,3.0,EM
Q9CQY9,6ZTQ_28,6ZTQ,"NADH dehydrogenase [ubiquinone] 1 subunit C1, mitochondrial",3.0,EM
Q9CQZ5,6ZTQ_22,6ZTQ,NADH dehydrogenase [ubiquinone] 1 alpha subcomplex subunit 6,3.0,EM
O28846,3NE2_1,3NE2,Probable aquaporin AqpM,3.0,X-ray
P39543,6WB9_8,6WB9,Protein SOP4,3.0,EM
P40046,7YTJ_2,7YTJ,Vacuolar transporter chaperone 1,3.0,EM
P53073,6WB9_5,6WB9,ER membrane protein complex subunit 4,3.0,EM
O24883,2BHV_1,2BHV,COMB10,3.0,X-ray
P00845,6N2Z_4,6N2Z,ATP synthase subunit c,3.0,EM
Q9Q6P4,3I50_1,3I50,Envelope glycoprotein,3.0,X-ray
Q8DLN5,6KHJ_13,6KHJ,NAD(P)H-quinone oxidoreductase subunit M,3.0,EM
A0A1B0XTC8,5GZN_1,5GZN,Genome polyprotein,3.0,X-ray
Q8DMU4,6KHI_15,6KHI,NAD(P)H-quinone oxidoreductase subunit O,3.0,EM
Q8DMR6,6KHJ_2,6KHJ,NAD(P)H-quinone oxidoreductase subunit 2,3.0,EM
Q93050,6WLW_4,6WLW,V-type proton ATPase 116 kDa subunit a isoform 1,3.0,EM
Q8ZRP8,1KPL_1,1KPL,"putative ClC family, chlorine transport protein",3.0,X-ray
Q9ERS2,6ZTQ_25,6ZTQ,NADH dehydrogenase [ubiquinone] 1 alpha subcomplex subunit 13,3.0,EM
Q9D6J5,6ZTQ_37,6ZTQ,"NADH dehydrogenase [ubiquinone] 1 beta subcomplex subunit 8, mitochondrial",3.0,EM
Q9D6J6,6ZTQ_5,6ZTQ,"NADH dehydrogenase [ubiquinone] flavoprotein 2, mitochondrial",3.0,EM
Q8DKZ3,6KHI_12,6KHI,NAD(P)H-quinone oxidoreductase subunit L,3.0,EM
Q8DKZ4,6KHI_11,6KHI,NAD(P)H-quinone oxidoreductase subunit K,3.0,EM
Q8DL29,6KHI_5,6KHI,NAD(P)H-quinone oxidoreductase subunit 4L,3.0,EM
A0A0B4J271,7FJE_5,7FJE,"T cell receptor alpha variable 12-3,Possible J 11 gene segment,T cell receptor alpha chain constant",3.0,EM
Q99T13,2HYD_1,2HYD,ABC transporter homolog,3.0,X-ray
Q8Y8Q5,6ZHH_1,6ZHH,Calcium-transporting ATPase,3.0,X-ray
Q99LY9,6ZTQ_30,6ZTQ,NADH dehydrogenase [ubiquinone] iron-sulfur protein 5,3.0,EM
Q91R00,2HG0_1,2HG0,Envelope glycoprotein,3.0,X-ray
Q9CR61,6ZTQ_40,6ZTQ,NADH dehydrogenase [ubiquinone] 1 beta subcomplex subunit 7,3.0,EM
Q9CR21,6ZTQ_20,6ZTQ,"Acyl carrier protein, mitochondrial",3.0,EM
Q9CQZ6,6ZTQ_36,6ZTQ,NADH dehydrogenase [ubiquinone] 1 beta subcomplex subunit 3,3.0,EM
A0A1D8PLP3,7RJA_7,7RJA,Ubiquinol--cytochrome-c reductase subunit 9,3.0,EM
Q9SJE9,7VOJ_1,7VOJ,Aluminum-activated malate transporter 1,3.0,EM
Q24CW6,8B6G_9,8B6G,"Transmembrane protein, putative",3.0,EM
A0A1D8PJT8,7RJA_6,7RJA,Ubiquinol--cytochrome-c reductase subunit 6,3.0,EM
A0A1D8PJX3,7RJA_8,7RJA,"Cytochrome b-c1 complex subunit Rieske, mitochondrial",3.0,EM
P76372,6RBG_1,6RBG,Chain length determinant protein,3.0,EM
P01274,1GCN_1,1GCN,GLUCAGON,3.0,X-ray
P01298,7X9C_5,7X9C,Pancreatic hormone,3.0,EM
P52503,6ZTQ_18,6ZTQ,"NADH dehydrogenase [ubiquinone] iron-sulfur protein 6, mitochondrial",3.0,EM
Q91VD9,6ZTQ_7,6ZTQ,"NADH-ubiquinone oxidoreductase 75 kDa subunit, mitochondrial",3.0,EM
Q91WD5,6ZTQ_4,6ZTQ,"NADH dehydrogenase [ubiquinone] iron-sulfur protein 2, mitochondrial",3.0,EM
P07098,1HLG_1,1HLG,"LIPASE, GASTRIC",3.0,X-ray
C5W716,3RKO_4,3RKO,NADH-QUINONE OXIDOREDUCTASE SUBUNIT K,3.0,X-ray
P31645,7TXT_3,7TXT,Sodium-dependent serotonin transporter,3.0,EM
Q51330,8HPK_1,8HPK,Oxalate:formate antiporter,3.0,X-ray
P83782,7RJA_9,7RJA,"Cytochrome b-c1 complex subunit 2, mitochondrial",3.0,EM
A0A1D8PP59,7RJA_1,7RJA,Ubiquinol--cytochrome-c reductase subunit,3.0,EM
P41440,7XQ0_1,7XQ0,Reduced folate transporter,3.0,EM
P50406,7YS6_1,7YS6,5-hydroxytryptamine receptor 6,3.0,EM
Q248F8,8B6G_7,8B6G,"Transmembrane protein, putative",3.0,EM
Q45340,3QQ2_1,3QQ2,BrkA autotransporter,3.0,X-ray
Q3UIU2,6ZTQ_34,6ZTQ,NADH dehydrogenase [ubiquinone] 1 beta subcomplex subunit 6,3.0,EM
P50391,7X9C_1,7X9C,Neuropeptide Y receptor type 4,3.0,EM
A0R562,7RH7_1,7RH7,LpqE protein,3.0,EM
Q8TDU6,7CFN_5,7CFN,G-protein coupled bile acid receptor 1,3.0,EM
A0A221C8Y4,7D3U_5,7D3U,Monovalent Na+/H+ antiporter subunit G,3.0,EM
A0A221C8X7,7D3U_4,7D3U,Monovalent Na+/H+ antiporter subunit F,3.0,EM
P40540,6WB9_6,6WB9,ER membrane protein complex subunit 5,3.0,EM
A0A221C8X5,7D3U_3,7D3U,Monovalent Na+/H+ antiporter subunit C,3.0,EM
A0A221C8X2,7D3U_2,7D3U,Monovalent Na+/H+ antiporter subunit A,3.0,EM
A0A369A7G0,7SAU_2,7SAU,Gliding motility protein GldL,3.0,EM
Q8TTZ4,3D31_2,3D31,"Sulfate/molybdate ABC transporter, permease protein",3.0,X-ray
Q9JI12,7T3N_1,7T3N,Vesicular glutamate transporter 2,3.0,EM
Q96T51,2YW8_1,2YW8,RUN and FYVE domain-containing protein 1,3.0,X-ray
P02932,1PHO_1,1PHO,PHOSPHOPORIN,3.0,X-ray
P03315,8IHP_3,8IHP,Capsid protein,3.0,EM
P13214,1AOW_1,1AOW,ANNEXIN IV,3.0,X-ray
O60931,8DKX_3,8DKX,Isoform 2 of Cystinosin,3.0,EM
P36039,6WB9_4,6WB9,ER membrane protein complex subunit 3,3.0,EM
A0A1I6R6J4,7SAX_2,7SAX,GldL,3.0,EM
O09111,6ZTQ_32,6ZTQ,"NADH dehydrogenase [ubiquinone] 1 beta subcomplex subunit 11, mitochondrial",3.0,EM
Q91YT0,6ZTQ_6,6ZTQ,"NADH dehydrogenase [ubiquinone] flavoprotein 1, mitochondrial",3.0,EM
Q92484,5EBE_2,5EBE,Acid sphingomyelinase-like phosphodiesterase 3a,3.0,X-ray
A0A0M4TPJ7,6N2Z_7,6N2Z,ATP synthase gamma chain,3.0,EM
P98155,8IHP_4,8IHP,Very low-density lipoprotein receptor,3.0,EM
A0A0M4U1P9,6N2Z_6,6N2Z,ATP synthase subunit beta,3.0,EM
Q22HD6,8B6G_2,8B6G,"Transmembrane protein, putative",3.0,EM
O34840,4KJR_1,4KJR,cation exchanger YfkE,3.0,X-ray
A0A0K0K1A5,7FJE_6,7FJE,"T cell receptor beta variable 6-5,M1-specific T cell receptor beta chain,T cell receptor beta constant 2",3.0,EM
Q5F9J8,5C6P_1,5C6P,protein C,3.0,X-ray
Q5ABS1,7RJA_4,7RJA,Cytochrome b-c1 complex subunit 7,3.0,EM
P9WJV5,7NVH_1,7NVH,Trehalose monomycolate exporter MmpL3,3.0,EM
Q8BK30,6ZTQ_44,6ZTQ,"NADH dehydrogenase [ubiquinone] flavoprotein 3, mitochondrial",3.0,EM
P0AFF4,7DL9_1,7DL9,Nucleoside permease NupG,3.0,X-ray
Q23DI3,8B6G_4,8B6G,"Succinate dehydrogenase [ubiquinone] flavoprotein subunit, mitochondrial",3.0,EM
Q23S01,8B6G_11,8B6G,"Transmembrane protein, putative",3.0,EM
P35094,1IJD_2,1IJD,"LIGHT-HARVESTING PROTEIN B-800/820, BETA CHAIN",3.0,X-ray
A0A0M3VGF9,6N2Y_1,6N2Y,ATP synthase subunit alpha,3.0,EM
Q86YD5,7FFN_3,7FFN,Low-density lipoprotein receptor class A domain-containing protein 3,3.0,EM
P60616,7KOO_2,7KOO,Alpha-bungarotoxin isoform V31,3.0,EM
Q9CQ54,6ZTQ_29,6ZTQ,NADH dehydrogenase [ubiquinone] 1 subunit C2,3.0,EM
Q9CPU2,6ZTQ_35,6ZTQ,"NADH dehydrogenase [ubiquinone] 1 beta subcomplex subunit 2, mitochondrial",3.0,EM
Q9CPP6,6ZTQ_21,6ZTQ,NADH dehydrogenase [ubiquinone] 1 alpha subcomplex subunit 5,3.0,EM
Q8K3J1,6ZTQ_9,6ZTQ,"NADH dehydrogenase [ubiquinone] iron-sulfur protein 8, mitochondrial",3.0,EM
P03406,1AVV_1,1AVV,NEGATIVE FACTOR,3.0,X-ray
O75787,6WLW_8,6WLW,Renin receptor,3.0,EM
O75907,6VYI_1,6VYI,Diacylglycerol O-acyltransferase 1,3.0,EM
Q01970,4QJ3_2,4QJ3,"1-phosphatidylinositol 4,5-bisphosphate phosphodiesterase beta-3",3.0,X-ray
Q9Z1P6,6ZTQ_43,6ZTQ,NADH dehydrogenase [ubiquinone] 1 alpha subcomplex subunit 7,3.0,EM
P13208,6LRY_2,6LRY,Sarafotoxin-B,3.0,X-ray
Q8DJ02,6KHI_3,6KHI,NAD(P)H-quinone oxidoreductase subunit 3,3.0,EM
Q01668,7UHG_2,7UHG,Voltage-dependent L-type calcium channel subunit alpha-1D,3.0,EM
P21850,8F7S_2,8F7S,deltorphin,3.0,EM
Q6P5S7,6WLW_6,6WLW,Ribonuclease kappa,3.0,EM
Q8DL32,6KHI_1,6KHI,NAD(P)H-quinone oxidoreductase subunit 1,3.0,EM
Q8DJ01,6KHI_10,6KHI,NAD(P)H-quinone oxidoreductase subunit J,3.0,EM
Q15738,6JKH_1,6JKH,"Sterol-4-alpha-carboxylate 3-dehydrogenase, decarboxylating",3.0,X-ray
Q8TTZ3,3D31_1,3D31,"Sulfate/molybdate ABC transporter, ATP-binding protein",3.0,X-ray
Q15904,6WLW_7,6WLW,V-type proton ATPase subunit S1,3.0,EM
P05484,7MIX_2,7MIX,Omega-conotoxin MVIIA,3.0,EM
Q9DCT2,6ZTQ_3,6ZTQ,"NADH dehydrogenase [ubiquinone] iron-sulfur protein 3, mitochondrial",3.0,EM
A0R052,7RH7_11,7RH7,Cytochrome bc1 complex cytochrome b subunit,3.0,EM
O95838,7D68_6,7D68,Glucagon-like peptide 2 receptor,3.0,EM
P35089,1IJD_1,1IJD,"LIGHT-HARVESTING PROTEIN B-800/820, ALPHA CHAIN",3.0,X-ray
Q8DJU2,6KHI_14,6KHI,NAD(P)H-quinone oxidoreductase subunit N,3.0,EM
Q8DKX9,6KHI_6,6KHI,NADH dehydrogenase subunit 5,3.0,EM
Q8DJD9,6KHI_8,6KHI,NAD(P)H-quinone oxidoreductase subunit H,3.0,EM
Q8DKY0,6KHI_4,6KHI,NAD(P)H-quinone oxidoreductase chain 4 1,3.0,EM
F9YQB6,7SAZ_2,7SAZ,GldL,3.0,EM
P05674,7FFF_1,7FFF,Capsid protein,3.0,EM
Q8NB49,7BSV_1,7BSV,ATP11C,3.0,EM
P00191,3QZ1_1,3QZ1,Steroid 21-hydroxylase,3.0,X-ray
P08908,7E2Y_4,7E2Y,"Soluble cytochrome b562,5-hydroxytryptamine receptor 1A",3.0,EM
G2QFF9,6WUT_2,6WUT,Bac_surface_Ag domain-containing protein,3.0,EM
G2Q6R7,6WUT_3,6WUT,Tom37 domain-containing protein,3.0,EM
O35683,6ZTQ_26,6ZTQ,NADH dehydrogenase [ubiquinone] 1 alpha subcomplex subunit 1,3.0,EM
Q99437,6WLW_1,6WLW,V-type proton ATPase 21 kDa proteolipid subunit,3.0,EM
P53192,3SJA_2,3SJA,Golgi to ER traffic protein 1,3.0,X-ray
O15342,6WLW_5,6WLW,V-type proton ATPase subunit e 1,3.0,EM
O14649,6RV2_1,6RV2,Potassium channel subfamily K member 3,3.0,X-ray
P47075,7YTJ_1,7YTJ,Vacuolar transporter chaperone 4,3.0,EM
P46663,7EIB_1,7EIB,B1 bradykinin receptor,3.0,EM
P47133,6WB9_3,6WB9,ER membrane protein complex subunit 2,3.0,EM
O88867,6LKE_1,6LKE,Kynurenine 3-monooxygenase,3.0,X-ray
Q7TMF3,6ZTQ_42,6ZTQ,NADH dehydrogenase [ubiquinone] 1 alpha subcomplex subunit 12,3.0,EM
P03911,6ZTQ_13,6ZTQ,NADH-ubiquinone oxidoreductase chain 4,3.0,EM
Q9CXZ1,6ZTQ_17,6ZTQ,"NADH dehydrogenase [ubiquinone] iron-sulfur protein 4, mitochondrial",3.0,EM
A0A1D8PHA3,7RJA_3,7RJA,Ubiquinol--cytochrome-c reductase catalytic subunit,3.0,EM
Q05769,1CX2_1,1CX2,CYCLOOXYGENASE-2,3.0,X-ray
A0A0M5MQR7,6N2Z_8,6N2Z,ATP synthase epsilon chain,3.0,EM
Q12025,6WB9_1,6WB9,Endoplasmic reticulum membrane protein complex subunit 10,3.0,EM
P21279,4QJ3_1,4QJ3,Guanine nucleotide-binding protein G(q) subunit alpha,3.0,X-ray
A0A1U7U6F1,6VYH_1,6VYH,Solute carrier family 40 protein,3.0,EM
A0QQQ1,7RH5_3,7RH5,Superoxide dismutase [Cu-Zn],3.0,EM
P27449,6WLW_2,6WLW,V-type proton ATPase 16 kDa proteolipid subunit,3.0,EM
O95267,4L9M_1,4L9M,RAS guanyl-releasing protein 1,3.0,X-ray
I7FPH1,7RH7_10,7RH7,Cytochrome bc1 complex cytochrome c subunit,3.0,EM
P0C8L0,7RJA_2,7RJA,Cytochrome b,3.0,EM
A0A0X9QZM7,5JHL_1,5JHL,envelope protein,3.0,X-ray
I7GD61,7RH7_12,7RH7,Cytochrome bc1 complex Rieske iron-sulfur subunit,3.0,EM
Q14108,5UPH_1,5UPH,Lysosome membrane protein 2,3.0,X-ray
Q12431,6WB9_7,6WB9,ER membrane protein complex subunit 6,3.0,EM
Q02725,7YTJ_3,7YTJ,Vacuolar transporter chaperone 3,3.0,EM
P0DN34,6ZTQ_31,6ZTQ,NADH dehydrogenase [ubiquinone] 1 beta subcomplex subunit 1,3.0,EM
Q9CQ91,6ZTQ_27,6ZTQ,NADH dehydrogenase [ubiquinone] 1 alpha subcomplex subunit 3,3.0,EM
Q9CQ75,6ZTQ_19,6ZTQ,NADH dehydrogenase [ubiquinone] 1 alpha subcomplex subunit 2,3.0,EM
A0A221C8X1,7D3U_6,7D3U,Cation antiporter,3.0,EM
A0A221C8X0,7D3U_1,7D3U,Monovalent Na+/H+ antiporter subunit D,3.0,EM
Q8EKT7,4UVM_1,4UVM,GLUTATHIONE UPTAKE TRANSPORTER,3.0,X-ray
P25574,6WB9_2,6WB9,ER membrane protein complex subunit 1,3.0,EM
G5E814,6ZTQ_24,6ZTQ,MCG5603,3.0,EM
A0A5S8WF66,6O72_1,6O72,Transient receptor potential cation channel subfamily M member 8,3.0,EM
Q9DC70,6ZTQ_2,6ZTQ,"NADH dehydrogenase [ubiquinone] iron-sulfur protein 7, mitochondrial",3.0,EM
Q9CQC7,6ZTQ_38,6ZTQ,NADH dehydrogenase [ubiquinone] 1 beta subcomplex subunit 4,3.0,EM
O74312,7D0I_1,7D0I,Autophagy-related protein 9,3.0,EM
Q03155,4MEE_1,4MEE,Diffuse adherence adhesin,3.0,X-ray
Q8DL31,6KHI_9,6KHI,NAD(P)H-quinone oxidoreductase subunit I,3.0,EM
B2IZD3,2J69_1,2J69,BACTERIAL DYNAMIN-LIKE PROTEIN,3.0,X-ray
Q8DL30,6KHI_7,6KHI,NADH-quinone oxidoreductase subunit J,3.0,EM
P61421,6WLW_3,6WLW,V-type proton ATPase subunit d 1,3.0,EM
P03888,6ZTQ_8,6ZTQ,NADH-ubiquinone oxidoreductase chain 1,3.0,EM
P03893,6ZTQ_14,6ZTQ,NADH-ubiquinone oxidoreductase chain 2,3.0,EM
P03899,6ZTQ_1,6ZTQ,NADH-ubiquinone oxidoreductase chain 3,3.0,EM
Q12001,6SNI_1,6SNI,"Dolichyl pyrophosphate Man9GlcNAc2 alpha-1,3-glucosyltransferase",3.0,EM
Q6DC22,7TU9_2,7TU9,Glycine receptor beta subunit 2,3.0,EM
P25021,7UL3_1,7UL3,Histamine H2 receptor,3.0,EM
Q9DCJ5,6ZTQ_23,6ZTQ,NADH dehydrogenase [ubiquinone] 1 alpha subcomplex subunit 8,3.0,EM
Q9DCS9,6ZTQ_41,6ZTQ,NADH dehydrogenase [ubiquinone] 1 beta subcomplex subunit 10,3.0,EM
Q9DC69,6ZTQ_16,6ZTQ,"NADH dehydrogenase [ubiquinone] 1 alpha subcomplex subunit 9, mitochondrial",3.0,EM
A0A1D8PHA2,7RJA_5,7RJA,Ubiquinol--cytochrome-c reductase subunit 8,3.0,EM
P75783,7A46_1,7A46,Putative transport protein,3.0,EM
Q99LC3,6ZTQ_15,6ZTQ,"NADH dehydrogenase [ubiquinone] 1 alpha subcomplex subunit 10, mitochondrial",3.0,EM
W7XF00,8B6G_12,8B6G,"Transmembrane protein, putative",3.0,EM
P03921,6ZTQ_12,6ZTQ,NADH-ubiquinone oxidoreductase chain 5,3.0,EM
Q99250,6J8E_2,6J8E,Sodium channel protein type 2 subunit alpha,3.0,EM
Q98SW6,7RHR_1,7RHR,Patched-1,3.0,EM
P03903,6ZTQ_11,6ZTQ,NADH-ubiquinone oxidoreductase chain 4L,3.0,EM
Q55487,5EKE_1,5EKE,Uncharacterized glycosyltransferase sll0501,3.001,X-ray
P60063,3L1L_1,3L1L,Arginine/agmatine antiporter,3.002,X-ray
Q8VIM0,3KAA_1,3KAA,Hepatitis A virus cellular receptor 2,3.002,X-ray
A0A0B8R2U7,4TKR_1,4TKR,Thiamine transporter thia,3.0023,X-ray
P37758,4IU9_1,4IU9,Nitrite extrusion protein 2,3.005,X-ray
Q56993,4G1U_2,4G1U,Hemin import ATP-binding protein HmuV,3.008,X-ray
Q56992,4G1U_1,4G1U,Hemin transport system permease protein hmuU,3.008,X-ray
Q9GV45,8HCQ_6,8HCQ,"Endothelin-1 receptor,Oplophorus-luciferin 2-monooxygenase catalytic subunit chimera",3.01,EM
P42532,3W5A_2,3W5A,Sarcolipin,3.01,X-ray
Q12165,2XOK_4,2XOK,ATP SYNTHASE,3.01,X-ray
Q1H8W5,3N41_3,3N41,E1 envelope glycoprotein,3.01,X-ray
P0A927,1TLY_1,1TLY,Nucleoside-specific channel-forming protein tsx,3.01,X-ray
P00830,2XOK_2,2XOK,"ATP SYNTHASE SUBUNIT BETA, MITOCHONDRIAL",3.01,X-ray
P07251,2XOK_1,2XOK,"ATP SYNTHASE SUBUNIT ALPHA, MITOCHONDRIAL",3.01,X-ray
P38077,2XOK_3,2XOK,"ATP SYNTHASE SUBUNIT GAMMA, MITOCHONDRIAL",3.01,X-ray
Q3YPZ4,6OUG_1,6OUG,Matrix protein 2,3.01,X-ray
Q1G930,5D0Y_1,5D0Y,Conserved hypothetical membrane protein,3.014,X-ray
A0A2R9TD79,4W6V_1,4W6V,Di-/tripeptide transporter,3.01819,X-ray
Q13304,7Y89_5,7Y89,Uracil nucleotide/cysteinyl leukotriene receptor,3.02,EM
B3DLA5,6VD7_1,6VD7,Pannexin,3.02,EM
F1NCD6,7MJS_3,7MJS,Major Facilitator Superfamily Domain containing 2A,3.03,EM
C0HAK2,6M97_1,6M97,Chimera protein of High affinity copper uptake protein 1 and Soluble cytochrome b562,3.03,X-ray
P01857,7WSO_1,7WSO,Immunoglobulin heavy constant gamma 1,3.03,EM
P40259,7WSO_3,7WSO,B-cell antigen receptor complex-associated protein beta chain,3.03,EM
A0A8M1PIC7,6B82_1,6B82,"Cytochrome P450, family 17, subfamily A, polypeptide 1",3.03,X-ray
Q9ZIH2,7NH9_1,7NH9,CmaX protein,3.03,EM
P11912,7WSO_2,7WSO,B-cell antigen receptor complex-associated protein alpha chain,3.03,EM
P45758,5WQ7_1,5WQ7,Putative type II secretion system protein D,3.04,EM
P0A6S5,8HHF_2,8HHF,Cell division protein FtsB,3.04,X-ray
P19843,7ZNQ_3,7ZNQ,Probable ABC transporter binding protein NosD,3.04,EM
Q86YT5,7JSK_1,7JSK,Solute carrier family 13 member 5,3.04,EM
P0AEN4,8HHF_3,8HHF,Cell division protein FtsL,3.04,X-ray
P19844,7ZNQ_1,7ZNQ,Probable ABC transporter ATP-binding protein NosF,3.04,EM
O60741,6UQF_1,6UQF,Potassium/sodium hyperpolarization-activated cyclic nucleotide-gated channel 1,3.04,EM
P06136,8HHF_1,8HHF,Cell division protein FtsQ,3.04,X-ray
P19845,7ZNQ_2,7ZNQ,Probable ABC transporter permease protein NosY,3.04,EM
P08219,6HUJ_1,6HUJ,"Gamma-aminobutyric acid receptor subunit alpha-1,Gamma-aminobutyric acid receptor subunit alpha-1",3.04,EM
Q52529,7ZNQ_4,7ZNQ,Copper-binding lipoprotein NosL,3.04,EM
A0A6P3HVI0,7P1J_1,7P1J,mitochondrial sodium/hydrogen exchanger 9B2,3.04,EM
P33448,7E4I_6,7E4I,Mitochondrial import receptor subunit TOM6,3.05,EM
P23644,7E4I_4,7E4I,Mitochondrial import receptor subunit TOM40,3.05,EM
P53969,7E4I_1,7E4I,Sorting assembly machinery 50 kDa subunit,3.05,EM
P30878,7L17_1,7L17,Melibiose carrier protein,3.05,X-ray
A4IKP6,5DOQ_1,5DOQ,Bd-type quinol oxidase subunit I,3.05,X-ray
P80967,7E4I_5,7E4I,Mitochondrial import receptor subunit TOM5,3.05,EM
A4IKP7,5DOQ_2,5DOQ,Bd-type quinol oxidase subunit II,3.05,X-ray
P49334,6UCU_2,6UCU,Mitochondrial import receptor subunit TOM22,3.06,EM
C6S880,6L3H_1,6L3H,Nitric-oxide reductase,3.06,EM
Q80WG5,7P5V_1,7P5V,Volume-regulated anion channel subunit LRRC8A,3.06,EM
P53507,6UCU_5,6UCU,Mitochondrial import receptor subunit TOM7,3.06,EM
P21146,2BCJ_1,2BCJ,G-protein-coupled receptor kinase 2,3.061,X-ray
A7T1N0,6CO7_1,6CO7,Predicted protein,3.07,EM
O15439,8J3W_1,8J3W,ATP-binding cassette sub-family C member 4,3.07,EM
P51148,4KYI_2,4KYI,Ras-related protein Rab-5C,3.075,X-ray
Q12675,7KY7_1,7KY7,Phospholipid-transporting ATPase DNF2,3.08,EM
A0A8X6EH06,7OFQ_1,7OFQ,Archaellin,3.08,EM
P04439,7PHR_6,7PHR,"HLA class I histocompatibility antigen, A alpha chain",3.08,EM
A0A0B4SHY9,4UTC_1,4UTC,ENVELOPE GLYCOPROTEIN E,3.08,X-ray
Q6P179,3SE6_1,3SE6,Endoplasmic reticulum aminopeptidase 2,3.08,X-ray
P40967,7PHR_8,7PHR,Tumor-associated antigentic peptide gp100,3.08,EM
Q16515,6L6P_1,6L6P,Acid-sensing ion channel 2,3.08,X-ray
P40527,7RD7_1,7RD7,Probable phospholipid-transporting ATPase NEO1,3.08,EM
A0A1C9A1J1,8GJJ_1,8GJJ,Efflux pump membrane transporter,3.08,EM
A0A8X6EH07,7OFQ_2,7OFQ,Archaellin,3.08,EM
Q9XXE7,7USX_3,7USX,Transmembrane inner ear expressed protein,3.09,EM
Q9UNQ0,6HZM_1,6HZM,ATP-binding cassette sub-family G member 2,3.09,EM
D3KZG3,7USX_1,7USX,Transmembrane channel-like protein 1,3.09,EM
Q6GN30,6IZ4_1,6IZ4,Trimeric intracellular cation channel type B-B,3.098,X-ray
A0A0F6C2F5,4Q79_1,4Q79,CsgG,3.1,X-ray
A3M140,7P2Y_5,7P2Y,ATP synthase subunit b,3.1,EM
A3M139,7P2Y_3,7P2Y,ATP synthase subunit c,3.1,EM
A3M137,7P2Y_4,7P2Y,ATP synthase subunit a,3.1,EM
P0ABA4,6OQT_1,6OQT,ATP synthase subunit delta,3.1,EM
P0ABA6,6OQT_5,6OQT,ATP synthase gamma chain,3.1,EM
P0ABA0,6OQT_3,6OQT,ATP synthase subunit b,3.1,EM
P0AB98,6OQT_8,6OQT,ATP synthase subunit a,3.1,EM
A3M144,7P2Y_2,7P2Y,ATP synthase subunit beta,3.1,EM
V5V9F4,7D06_1,7D06,Intermembrane phospholipid transport system permease protein MlaE,3.1,EM
V5V921,7D06_4,7D06,MCE family protein,3.1,EM
A3M145,7P2Y_7,7P2Y,ATP synthase epsilon chain,3.1,EM
P41806,8EAU_9,8EAU,Vacuolar ATPase assembly integral membrane protein VMA21,3.1,EM
Q687X5,6HCY_1,6HCY,Metalloreductase STEAP4,3.1,EM
P23577,1Q90_1,1Q90,Apocytochrome f,3.1,X-ray
Q66929,8FMA_1,8FMA,RNA-directed RNA polymerase,3.1,EM
Q63008,7UV0_1,7UV0,Sodium/iodide cotransporter,3.1,EM
P35179,7KAJ_2,7KAJ,Protein transport protein SSS1,3.1,EM
P0A6E6,6OQT_4,6OQT,ATP synthase epsilon chain,3.1,EM
P23230,1Q90_4,1Q90,Cytochrome b6-f complex subunit 4,3.1,X-ray
P59632,8EQS_1,8EQS,ORF3a protein,3.1,EM
B1XD46,8BO2_1,8BO2,Outer membrane protein assembly factor BamA,3.1,EM
Q5SKZ7,3I9V_8,3I9V,NADH-quinone oxidoreductase subunit 15,3.1,X-ray
M1VFJ4,7BLZ_15,7BLZ,PsaO,3.1,EM
Q6VRP0,6X6K_1,6X6K,Cag pathogenicity island protein,3.1,EM
Q5XEZ5,6MGV_1,6MGV,Calcium permeable stress-gated cation channel 1,3.1,EM
G4Z2L3,7X06_1,7X06,Chitin synthase,3.1,EM
O95477,7TC0_1,7TC0,"ATP-binding cassette, sub-family A (ABC1), member 1",3.1,EM
Q9NZI2,7E84_2,7E84,Kv channel-interacting protein 1,3.1,EM
P23978,8GNK_1,8GNK,Sodium- and chloride-dependent GABA transporter 1,3.1,EM
Q08362,1Q90_6,1Q90,Cytochrome b6f complex subunit petG,3.1,X-ray
Q9JIP4,8A3B_1,8A3B,Pannexin-1,3.1,EM
P09703,7RKX_5,7RKX,G-protein coupled receptor homolog US27,3.1,EM
P98194,7YAG_1,7YAG,Calcium-transporting ATPase type 2C member 1,3.1,EM
P03623,1IFP_1,1IFP,MAJOR COAT PROTEIN ASSEMBLY,3.1,X-ray
Q98GN8,3BEH_1,3BEH,Mll3241 protein,3.1,X-ray
Q98157,4RWS_2,4RWS,Viral macrophage inflammatory protein 2,3.1,X-ray
Q9Y6H6,6V00_3,6V00,"MCherry fluorescent protein,Potassium voltage-gated channel subfamily E member 3",3.1,EM
Q8A6W4,5T4Y_1,5T4Y,SusD homolog,3.1,X-ray
Q15878,7XLQ_1,7XLQ,Voltage-dependent R-type calcium channel subunit alpha-1E,3.1,EM
Q56222,3I9V_1,3I9V,NADH-quinone oxidoreductase subunit 1,3.1,X-ray
Q5BJU5,7OCE_3,7OCE,Protein cornichon homolog 2,3.1,EM
P33754,7KAJ_5,7KAJ,Translocation protein SEC66,3.1,EM
O43526,7CR0_1,7CR0,Potassium voltage-gated channel subfamily KQT member 2,3.1,EM
P42260,8FWW_1,8FWW,"Glutamate receptor ionotropic, kainate 2",3.1,EM
Q9ZI86,5N6M_1,5N6M,Apolipoprotein N-acyltransferase,3.1,X-ray
Q14654,7S5T_1,7S5T,ATP-sensitive inward rectifier potassium channel 11,3.1,EM
F2QQK6,7QKS_1,7QKS,Plasma membrane ATP-binding cassette transporter required for the export of a-factor,3.1,EM
G2Q1C9,7T92_2,7T92,Peroxin-2,3.1,EM
P35610,6P2P_1,6P2P,Sterol O-acyltransferase 1,3.1,EM
P37296,6O7U_1,6O7U,"V-type proton ATPase subunit a, Golgi isoform",3.1,EM
Q8N2C7,7SX3_5,7SX3,Protein unc-80 homolog,3.1,EM
G2Q5N0,7T92_1,7T92,Peroxin-12,3.1,EM
P0C1D4,1Q90_9,1Q90,Cytochrome b6f complex subunit PETN,3.1,X-ray
P26048,5OSC_1,5OSC,"Proton-gated ion channel,Gamma-aminobutyric acid receptor subunit alpha-2,Gamma-aminobutyric acid receptor subunit alpha-1",3.1,X-ray
P0A9V4,6S8N_1,6S8N,"Lipopolysaccharide ABC transporter, ATP-binding protein LptB",3.1,EM
Q9KCR8,6VWX_1,6VWX,BH1501 protein,3.1,EM
Q9UQD0,8FHD_1,8FHD,Sodium channel protein type 8 subunit alpha,3.1,EM
Q13936,8FD7_2,8FD7,Voltage-dependent L-type calcium channel subunit alpha-1C,3.1,EM
Q63563,7VLT_1,7VLT,Isoform SUR2B of ATP-binding cassette sub-family C member 9,3.1,EM
Q12324,6WHG_1,6WHG,Calcium channel YVC1,3.1,EM
Q14416,7EPB_1,7EPB,Metabotropic glutamate receptor 2,3.1,EM
O43497,6KZP_1,6KZP,"Voltage-dependent T-type calcium channel subunit alpha-1G,Voltage-dependent T-type calcium channel subunit alpha-1G",3.1,EM
O43520,7PY4_1,7PY4,Phospholipid-transporting ATPase IC,3.1,EM
Q9NP91,7Y75_1,7Y75,Sodium- and chloride-dependent transporter XTRP3,3.1,EM
P68699,6OQT_7,6OQT,ATP synthase subunit c,3.1,EM
Q00471,1Q90_2,1Q90,Cytochrome b6,3.1,X-ray
P03621,1QL1_1,1QL1,PF1 BACTERIOPHAGE COAT PROTEIN B,3.1,X-ray
Q56223,3I9V_3,3I9V,NADH-quinone oxidoreductase subunit 3,3.1,X-ray
P32239,7F8W_6,7F8W,Gastrin/cholecystokinin type B receptor,3.1,EM
Q8TDS4,7XK2_3,7XK2,Hydroxycarboxylic acid receptor 2,3.1,EM
A3M141,7P2Y_6,7P2Y,ATP synthase subunit delta,3.1,EM
O18423,5EC5_1,5EC5,Lysenin,3.1,X-ray
Q8Y5K1,4H33_1,4H33,Lmo2059 protein,3.1,X-ray
Q8XBV8,3B8N_1,3B8N,Ferric enterobactin (Enterochelin) transport,3.1,X-ray
Q9C6B8,7Y9T_1,7Y9T,Auxin efflux carrier component 1,3.1,EM
A3M142,7P2Y_1,7P2Y,ATP synthase subunit alpha,3.1,EM
A3M143,7P2Y_8,7P2Y,ATP synthase gamma chain,3.1,EM
O25262,6X6K_3,6X6K,Cag pathogenicity island protein (Cag7),3.1,EM
A2A259,7D7F_1,7D7F,Polycystic kidney disease 2-like 1 protein,3.1,EM
Q99500,7EW3_4,7EW3,Sphingosine 1-phosphate receptor 3,3.1,EM
A0A0H2V3J7,6S8N_4,6S8N,Inner membrane protein yjgQ,3.1,EM
C7R5Z1,7W6Y_1,7W6Y,"Anti sigma-E protein, RseA",3.1,X-ray
Q8TD43,6BQV_1,6BQV,Transient receptor potential cation channel subfamily M member 4,3.1,EM
Q9P2D8,7SX3_4,7SX3,"UNC79,Protein unc-79 homolog,Protein unc-79 homolog",3.1,EM
Q9UKL4,7XNH_1,7XNH,Gap junction delta-2 protein,3.1,EM
P16035,1GXD_2,1GXD,METALLOPROTEINASE INHIBITOR 2,3.1,X-ray
P52870,7KAJ_3,7KAJ,Protein transport protein SBH1,3.1,EM
Q51397,5AZS_1,5AZS,Outer membrane protein OprJ,3.1,X-ray
P14906,7KAH_4,7KAH,Protein translocation protein SEC63,3.1,EM
Q2EG98,7D7F_2,7D7F,Polycystic kidney disease protein 1-like 3,3.1,EM
Q42496,1Q90_8,1Q90,Cytochrome b6f complex subunit PETM,3.1,X-ray
P51677,7X9Y_4,7X9Y,C-C chemokine receptor type 3,3.1,EM
P49728,1Q90_5,1Q90,Cytochrome B6-F complex iron-sulfur subunit,3.1,X-ray
P01350,7F8W_5,7F8W,Gastrin-17,3.1,EM
A0A6L7HHW7,3CQF_1,3CQF,Thiol-activated cytolysin,3.1,X-ray
Q85FP8,7BLZ_13,7BLZ,Photosystem I reaction center subunit XI,3.1,EM
Q8A6W3,5T4Y_2,5T4Y,SusC homolog,3.1,X-ray
Q56224,3I9V_7,3I9V,NADH-quinone oxidoreductase subunit 9,3.1,X-ray
G2Q0E2,7T92_3,7T92,Peroxin-10,3.1,EM
Q85FY7,7BLZ_4,7BLZ,Photosystem I P700 chlorophyll a apoprotein A1,3.1,EM
O30144,2ONK_1,2ONK,"Molybdate/tungstate ABC transporter, ATP-binding protein",3.1,X-ray
P0ADW2,6S8N_2,6S8N,Lipopolysaccharide export system protein LptC,3.1,EM
O30143,2ONK_2,2ONK,"Molybdate/tungstate ABC transporter, permease protein",3.1,X-ray
P50369,1Q90_7,1Q90,Cytochrome b6f complex subunit petL,3.1,X-ray
P07038,7NXF_1,7NXF,Plasma membrane ATPase,3.1,EM
Q85G51,7BLZ_12,7BLZ,PSI-K,3.1,EM
Q85G47,7BLZ_6,7BLZ,Photosystem I iron-sulfur center,3.1,EM
Q85FQ6,7BLZ_10,7BLZ,Photosystem I reaction center subunit VIII,3.1,EM
Q85FS8,7BLZ_11,7BLZ,Photosystem I reaction center subunit IX,3.1,EM
Q85FS9,7BLZ_9,7BLZ,PSI-F,3.1,EM
Q85FY6,7BLZ_5,7BLZ,Photosystem I P700 chlorophyll a apoprotein A2,3.1,EM
Q56219,3I9V_5,3I9V,NADH-quinone oxidoreductase subunit 5,3.1,X-ray
Q56218,3I9V_6,3I9V,NADH-quinone oxidoreductase subunit 6,3.1,X-ray
Q8BH64,2QPT_1,2QPT,EH DOMAIN-CONTAINING PROTEIN-2,3.1,X-ray
Q86UD5,7B4L_1,7B4L,Sodium/hydrogen exchanger 9B2,3.1,EM
P32915,7KAJ_1,7KAJ,Protein transport protein SEC61,3.1,EM
Q85FZ1,7BLZ_8,7BLZ,Photosystem I iron-sulfur center subunit VII,3.1,EM
Q9H255,8F76_1,8F76,Olfactory receptor 51E2,3.1,EM
P14340,7V3F_2,7V3F,Small envelope protein M,3.1,EM
P0ABB0,6OQT_2,6OQT,ATP synthase subunit alpha,3.1,EM
P0AFA1,6S8N_3,6S8N,Lipopolysaccharide export system permease protein LptF,3.1,EM
O30142,2ONK_3,2ONK,Molybdate/tungstate binding protein,3.1,X-ray
P9WN03,8IF8_1,8IF8,Galactan 5-O-arabinofuranosyltransferase,3.1,EM
Q56220,3I9V_4,3I9V,NADH-quinone oxidoreductase subunit 4,3.1,X-ray
P0ABB4,6OQT_6,6OQT,ATP synthase subunit beta,3.1,EM
Q56221,3I9V_2,3I9V,NADH-quinone oxidoreductase subunit 2,3.1,X-ray
E9DVV4,6C5W_1,6C5W,calcium uniporter,3.10010233314,X-ray
M4GGS2,4IL3_1,4IL3,Ste24p,3.102,X-ray
Q5TA50,4K8N_1,4K8N,Glycolipid transfer protein domain-containing protein 1,3.102,X-ray
Q5N8J1,5CTG_1,5CTG,Bidirectional sugar transporter SWEET2b,3.103,X-ray
Q56229,6Y11_15,6Y11,NADH-quinone oxidoreductase subunit 14,3.109,X-ray
Q56225,6Y11_11,6Y11,NADH-quinone oxidoreductase subunit 10,3.109,X-ray
Q56227,6Y11_13,6Y11,NADH-quinone oxidoreductase subunit 12,3.109,X-ray
Q56226,6Y11_12,6Y11,NADH-quinone oxidoreductase subunit 11,3.109,X-ray
Q60019,6Y11_16,6Y11,NADH-quinone oxidoreductase subunit 8,3.109,X-ray
Q56228,6Y11_14,6Y11,NADH-quinone oxidoreductase subunit 13,3.109,X-ray
Q56217,6Y11_10,6Y11,NADH-quinone oxidoreductase subunit 7,3.109,X-ray
Q9P0L9,6DU8_1,6DU8,Polycystic kidney disease 2-like 1 protein,3.11,EM
P26435,7VAF_3,7VAF,Sodium/bile acid cotransporter,3.11,EM
Q80QJ9,2I69_1,2I69,Polyprotein,3.11,X-ray
P01303,7YOO_4,7YOO,Neuropeptide Y,3.11,EM
C4IXV6,6V1Q_1,6V1Q,Two pore channel 3,3.11,EM
A0A1E8EBU8,7VLX_2,7VLX,PTS mannose family transporter subunit IID,3.12,EM
Q01968,4CMN_1,4CMN,INOSITOL POLYPHOSPHATE 5-PHOSPHATASE OCRL-1,3.13,X-ray
C0HLU5,8HW1_1,8HW1,Far-red light-harvesting complex,3.13,EM
Q5XXP3,8DWW_5,8DWW,Capsid protein,3.13,EM
Q99835,6XBM_1,6XBM,Smoothened homolog,3.14,EM
D5UM26,5CBG_1,5CBG,Ion transport 2 domain protein,3.14,X-ray
Q8HXQ5,6BHU_1,6BHU,Multidrug resistance-associated protein 1,3.14,EM
P11551,3O7Q_1,3O7Q,L-fucose-proton symporter,3.143,X-ray
P13866,7SLA_1,7SLA,Sodium/glucose cotransporter 1,3.15,EM
P31853,6FKF_5,6FKF,"ATP synthase subunit b', chloroplastic",3.15,EM
Q6CBZ7,7ZKQ_5,7ZKQ,Tafazzin family protein,3.15,EM
Q9UZ55,4CZ8_1,4CZ8,"NA+/H+ ANTIPORTER, PUTATIVE",3.15,X-ray
Q07108,8G94_6,8G94,Early activation antigen CD69,3.15,EM
P00833,6FKF_9,6FKF,"ATP synthase epsilon chain, chloroplastic",3.15,EM
P52948,4OWR_2,4OWR,Nuclear pore complex protein Nup98-Nup96,3.15,X-ray
P00825,6FKF_2,6FKF,"ATP synthase subunit beta, chloroplastic",3.15,EM
P31553,3HFX_1,3HFX,L-carnitine/gamma-butyrobetaine antiporter,3.15,X-ray
O67184,5L22_1,5L22,ABC transporter (HlyB subfamily),3.15,X-ray
P06453,6FKF_6,6FKF,"ATP synthase subunit b, chloroplastic",3.15,EM
P05435,6FKF_3,6FKF,"ATP synthase gamma chain, chloroplastic",3.15,EM
P06450,6FKF_1,6FKF,"ATP synthase subunit alpha, chloroplastic",3.15,EM
Q8RTE4,5T0O_1,5T0O,CmeB,3.15,X-ray
P06451,6FKF_7,6FKF,"ATP synthase subunit a, chloroplastic",3.15,EM
P11402,6FKF_4,6FKF,"ATP synthase delta chain, chloroplastic",3.15,EM
Q8B0H7,4OWR_3,4OWR,Matrix protein,3.15,X-ray
Q05322,4U2X_1,4U2X,Membrane-associated protein VP24,3.153,X-ray
Q8EHE6,4TPH_1,4TPH,Proton:oligopeptide symporter POT family,3.155,X-ray
O02662,7DH5_5,7DH5,Beta-3 adrenergic receptor,3.16,EM
A0A6P3E749,7ZD6_22,7ZD6,NADH dehydrogenase [ubiquinone] 1 beta subcomplex subunit 9,3.16,EM
Q9VNJ5,6TBU_1,6TBU,Protein dispatched,3.16,EM
A0A6P7DQB1,7ZD6_16,7ZD6,NADH dehydrogenase [ubiquinone] 1 beta subcomplex subunit 3,3.16,EM
A0A836A4Q3,7ZD6_15,7ZD6,NADH dehydrogenase [ubiquinone] 1 alpha subcomplex subunit 3,3.16,EM
A0A6P3EI17,7ZD6_12,7ZD6,Complex I-PDSW,3.16,EM
Q03035,2IOU_2,2IOU,Pertactin Extracellular Domain,3.16,X-ray
A0A8N7XJ49,7ZD6_40,7ZD6,NADH dehydrogenase [ubiquinone] 1 alpha subcomplex subunit 2,3.16,EM
A0A9J4RF63,7ZD6_31,7ZD6,"NADH-ubiquinone oxidoreductase 75 kDa subunit, mitochondrial",3.16,EM
P0DMC3,7W0P_6,7W0P,Apelin receptor early endogenous ligand,3.16,EM
A0A8N7XJG2,7ZD6_11,7ZD6,NADH dehydrogenase [ubiquinone] 1 alpha subcomplex subunit 8,3.16,EM
A0A8N7XJH2,7ZD6_21,7ZD6,NADH dehydrogenase [ubiquinone] 1 beta subcomplex subunit 7,3.16,EM
A0A8N7XJB4,7ZD6_23,7ZD6,"NADH dehydrogenase [ubiquinone] 1 beta subcomplex subunit 2, mitochondrial",3.16,EM
A0A8N7XJ91,7ZD6_8,7ZD6,NADH dehydrogenase [ubiquinone] 1 alpha subcomplex subunit 11,3.16,EM
Q8NRS3,2VQL_1,2VQL,UNCHARACTERIZED PROTEIN CGL0972,3.16,X-ray
A0A8N7XJ18,7ZD6_44,7ZD6,NADH dehydrogenase [ubiquinone] 1 alpha subcomplex subunit 12,3.16,EM
A0A8N7XJ68,7ZD6_9,7ZD6,"NADH dehydrogenase [ubiquinone] 1 beta subcomplex subunit 5, mitochondrial",3.16,EM
A0A836D7R1,7ZD6_14,7ZD6,NADH dehydrogenase [ubiquinone] iron-sulfur protein 5,3.16,EM
A0A836CQA7,7ZD6_25,7ZD6,"NADH dehydrogenase [ubiquinone] 1 beta subcomplex subunit 11, mitochondrial",3.16,EM
A0A836ABR5,7ZD6_41,7ZD6,NADH dehydrogenase [ubiquinone] 1 alpha subcomplex subunit 5,3.16,EM
P0A0J7,7LO8_1,7LO8,Quinolone resistance protein NorA,3.16,EM
Q2LKY9,6Q68_2,6Q68,Genome polyprotein,3.161,X-ray
F1MRE5,6Q68_1,6Q68,Acyl-CoA binding domain containing 3,3.161,X-ray
Q9I4U9,4FRT_1,4FRT,Probable porin,3.166,X-ray
Q8TAX9,8GTN_1,8GTN,Isoform 4 of Gasdermin-B,3.17,EM
P0AAW9,6SGR_3,6SGR,Multidrug efflux pump accessory protein AcrZ,3.17,EM
Q08BA4,6C08_3,6C08,Sodium-coupled neutral amino acid transporter 9,3.17,X-ray
P00424,6YMX_5,6YMX,"Cytochrome c oxidase subunit 5A, mitochondrial",3.17,EM
Q8K595,7DYS_1,7DYS,Mucolipin-2,3.18,EM
C3V2B5,4Z9G_1,4Z9G,"Corticotropin-releasing factor receptor 1,Lysozyme,Corticotropin-releasing factor receptor 1",3.183,X-ray
P63235,4DJI_1,4DJI,Probable glutamate/gamma-aminobutyrate antiporter,3.187,X-ray
P01213,8F7W_2,8F7W,Dynorphin,3.19,EM
G6FQU3,6PNJ_5,6PNJ,Photosystem I reaction center subunit IV,3.19,EM
F7B113,6Z3Z_1,6Z3Z,Sodium/hydrogen exchanger,3.19,EM
O43193,8IBV_1,8IBV,"Soluble cytochrome b562,Motilin receptor,Soluble cytochrome b562, motilin receptor",3.19,EM
P12872,8IBV_2,8IBV,Motilin,3.19,EM
O95136,7T6B_5,7T6B,Sphingosine 1-phosphate receptor 2,3.19,EM
G6FMD2,6PNJ_8,6PNJ,Photosystem I reaction centre subunit IX / PsaJ,3.19,EM
G6FMF0,6PNJ_2,6PNJ,Photosystem I P700 chlorophyll a apoprotein A2,3.19,EM
G6FMF1,6PNJ_10,6PNJ,Photosystem I reaction center protein subunit XI,3.19,EM
G6FSH2,6PNJ_12,6PNJ,Photosystem one PsaX,3.19,EM
I3LZN5,7LQY_1,7LQY,Osm-9-like TRP channel 1,3.19,EM
G6FV28,6PNJ_9,6PNJ,photosystem I reaction center subunit PsaK,3.19,EM
G6FME9,6PNJ_1,6PNJ,Photosystem I P700 chlorophyll a apoprotein A1,3.19,EM
G6FMD3,6PNJ_6,6PNJ,Photosystem I reaction center protein PsaF subunit III,3.19,EM
Q9Y5Q6,7YJ4_2,7YJ4,Insulin-like peptide INSL5 B chain,3.19,EM
Q9H1J5,7KC4_1,7KC4,Protein Wnt-8a,3.19,EM
G6FW50,6PNJ_3,6PNJ,Photosystem I iron-sulfur center,3.19,EM
A0A6I8R0A5,7SI3_1,7SI3,P-type Cu(+) transporter,3.19,EM
G6FWT6,6PNJ_11,6PNJ,Photosystem I reaction center subunit XII,3.19,EM
Q837A3,4Z7F_1,4Z7F,Folate ECF transporter,3.194,X-ray
W2SDE2,6DNF_1,6DNF,Mitochondrial calcium uniporter MCU,3.2,EM
P48117,7DR1_8,7DR1,Photosystem I reaction center subunit IX,3.2,EM
P45844,7R8D_1,7R8D,Isoform 4 of ATP-binding cassette sub-family G member 1,3.2,EM
Q9RBW8,3BRY_1,3BRY,TbuX,3.2,X-ray
P04839,7U8G_1,7U8G,"EGFP, Cytochrome b-245 heavy chain chimera",3.2,EM
Q99KD6,7O37_12,7O37,Cox7a2l protein,3.2,EM
O24592,3NPE_1,3NPE,"9-cis-epoxycarotenoid dioxygenase 1, chloroplastic",3.2,X-ray
P52757,1XA6_1,1XA6,Beta2-chimaerin,3.2,X-ray
P43023,7O37_19,7O37,"Cytochrome c oxidase subunit 6A2, mitochondrial",3.2,EM
P08183,7A69_1,7A69,Multidrug resistance protein 1,3.2,EM
P08011,2H8A_1,2H8A,Microsomal glutathione S-transferase 1,3.2,EM
P56393,7O37_22,7O37,"Cytochrome c oxidase subunit 7B, mitochondrial",3.2,EM
P46359,4EPA_1,4EPA,Pesticin receptor,3.2,X-ray
P02461,2V53_2,2V53,COLLAGEN ALPHA-1(III) CHAIN,3.2,X-ray
P22888,7FIH_4,7FIH,Lutropin-choriogonadotropic hormone receptor,3.2,EM
Q68Y26,4UT9_1,4UT9,ENVELOPE GLYCOPROTEIN E,3.2,X-ray
A0A1S3U9S5,7JRG_7,7JRG,cytochrome b-c1 complex subunit 8,3.2,EM
P40136,6UZB_2,6UZB,Calmodulin-sensitive adenylate cyclase,3.2,EM
O66458,6KLV_3,6KLV,Cytochrome c,3.2,EM
Q9EQJ0,6C9A_1,6C9A,Two pore calcium channel protein 1,3.2,EM
P25025,6LFL_1,6LFL,"C-X-C chemokine receptor type 2,GlgA glycogen synthase,C-X-C chemokine receptor type 2",3.2,X-ray
P24474,5GUW_3,5GUW,Nitrite reductase,3.2,X-ray
A0A8I3AZV5,7DD6_1,7DD6,Calcium-sensing Receptor,3.2,EM
P56391,7O37_20,7O37,Cytochrome c oxidase subunit 6B1,3.2,EM
Q41387,3JCU_21,3JCU,"Photosystem II reaction center W protein, chloroplastic",3.2,EM
Q9HC97,8H8J_3,8H8J,G-protein coupled receptor 35,3.2,EM
Q9H4I9,6WDN_3,6WDN,"Essential MCU regulator, mitochondrial",3.2,EM
Q9KAX3,4LZ6_1,4LZ6,BH2163 protein,3.2,X-ray
Q02307,6RB9_1,6RB9,Epsilon-toxin type B,3.2,EM
Q9CQB4,7O37_6,7O37,Cytochrome b-c1 complex subunit 7,3.2,EM
P0DN86,7FIH_6,7FIH,Choriogonadotropin subunit beta 3,3.2,EM
O75751,7ZH0_1,7ZH0,Solute carrier family 22 member 3,3.2,EM
Q48473,1OSM_1,1OSM,OMPK36,3.2,X-ray
Q48245,6NYF_1,6NYF,Vacuolating cytotoxin autotransporter,3.2,EM
Q9H2X9,6M23_1,6M23,Solute carrier family 12 member 5,3.2,EM
Q8NFT2,7TAI_1,7TAI,Metalloreductase STEAP2,3.2,EM
P57789,4BW5_1,4BW5,POTASSIUM CHANNEL SUBFAMILY K MEMBER 10,3.2,X-ray
P12163,3JCU_11,3JCU,Photosystem II reaction center protein K,3.2,EM
Q0C3L7,6E9C_1,6E9C,Major facilitator family transporter,3.2,X-ray
P25929,7VGX_1,7VGX,Neuropeptide Y receptor type 1,3.2,EM
Q9C0H2,7P5C_1,7P5C,Protein tweety homolog 3,3.2,EM
P06005,3JCU_4,3JCU,Photosystem II D2 protein,3.2,EM
P06003,3JCU_3,3JCU,Photosystem II CP43 reaction center protein,3.2,EM
Q4KLV1,8ERO_1,8ERO,Cholinephosphotransferase 1,3.2,EM
P15389,8F6P_1,8F6P,"Sodium channel protein type 5 subunit alpha,Green fluorescent protein",3.2,EM
A0A1C3HJ46,6YE4_1,6YE4,Biopolymer transport protein ExbB,3.2,EM
A0A1C3Q001,7NG8_1,7NG8,Outer membrane channel protein,3.2,EM
A0A421IFY4,6MIT_3,6MIT,LPS export ABC transporter permease LptF,3.2,X-ray
P00405,7O37_14,7O37,Cytochrome c oxidase subunit 2,3.2,EM
P83303,6W6O_2,6W6O,Huwentoxin-IV,3.2,EM
P0AEH1,7W6X_1,7W6X,Regulator of sigma-E protease RseP,3.2,X-ray
P00416,7O37_15,7O37,Cytochrome c oxidase subunit 3,3.2,EM
O43612,7L1U_6,7L1U,Orexin,3.2,EM
E3PJ88,5ZDH_2,5ZDH,Type II secretion system lipoprotein,3.2,EM
P39109,7MPE_1,7MPE,Metal resistance protein YCF1,3.2,EM
Q51056,4AUI_1,4AUI,PORIN (PORB),3.2,X-ray
P0ADC3,7ARL_1,7ARL,Lipoprotein-releasing ABC transporter permease subunit LolC,3.2,EM
A0A1D8S9F5,6S3L_3,6S3L,Flagellar biosynthetic protein FliQ,3.2,EM
A0A1D8S9F8,6S3L_4,6S3L,Flagellar biosynthetic protein FlhB,3.2,EM
A0A1D8S9I5,6S3L_2,6S3L,Flagellar biosynthetic protein FliR,3.2,EM
Q60175,1RH5_1,1RH5,Preprotein translocase secY subunit,3.2,X-ray
A0A1S3VF71,7JRG_2,7JRG,Alpha-MPP,3.2,EM
A0A1S3VHC0,7JRG_8,7JRG,Cytochrome b-c1 complex subunit 6,3.2,EM
A0A1S3W199,7JRG_4,7JRG,"cytochrome c1-2, heme protein, mitochondrial",3.2,EM
P61840,3JCU_19,3JCU,Photosystem II Reaction Center protein Tc,3.2,EM
P75958,7ARL_2,7ARL,Lipoprotein-releasing system transmembrane protein LolE,3.2,EM
P75957,7ARL_3,7ARL,Lipoprotein-releasing system ATP-binding protein LolD,3.2,EM
P0A264,3UPG_1,3UPG,Outer membrane protein C,3.2,X-ray
Q58439,4EV6_1,4EV6,Magnesium transport protein CorA,3.2,X-ray
Q8IYU8,6WDN_1,6WDN,"Calcium uptake protein 2, mitochondrial",3.2,EM
P20340,3CWZ_1,3CWZ,Ras-related protein Rab-6A,3.2,X-ray
P19783,7O37_16,7O37,"Cytochrome c oxidase subunit 4 isoform 1, mitochondrial",3.2,EM
P28223,7WC5_1,7WC5,5-hydroxytryptamine receptor 2A,3.2,X-ray
P00397,7O37_13,7O37,Cytochrome c oxidase subunit 1,3.2,EM
Q9Z2J0,7YTW_1,7YTW,Solute carrier family 23 member 1,3.2,EM
P07110,2VQI_1,2VQI,OUTER MEMBRANE USHER PROTEIN PAPC,3.2,X-ray
P19536,7O37_18,7O37,"Cytochrome c oxidase subunit 5B, mitochondrial",3.2,EM
Q13303,7EJ1_1,7EJ1,Voltage-gated potassium channel subunit beta-2,3.2,EM
P0AAX1,5NC5_3,5NC5,Multidrug efflux pump accessory protein AcrZ,3.2,X-ray
Q9M3M6,3JCU_23,3JCU,Photosystem II reaction center protein Z,3.2,EM
P09486,2V53_1,2V53,SPARC,3.2,X-ray
Q8NE86,6WDN_4,6WDN,"Calcium uniporter protein, mitochondrial",3.2,EM
A0A1S3U9J1,7JRG_6,7JRG,Cytochrome b-c1 complex subunit 7,3.2,EM
P21439,6S7P_1,6S7P,Phosphatidylcholine translocator ABCB4,3.2,EM
Q9T4W8,7DR1_4,7DR1,"Photosystem I reaction center subunit II, cyanelle",3.2,EM
P31173,7DR1_3,7DR1,Photosystem I iron-sulfur center,3.2,EM
A0A6P3YN15,7ZL3_1,7ZL3,Protein transport protein Sec61 subunit alpha,3.2,EM
P31382,6P25_2,6P25,Dolichyl-phosphate-mannose--protein mannosyltransferase 2,3.2,EM
A0A1S3TB49,7JRG_5,7JRG,"Cytochrome b-c1 complex subunit Rieske, mitochondrial",3.2,EM
E3PJ86,5ZDH_1,5ZDH,Type II secretion system protein D,3.2,EM
P58353,4YB9_1,4YB9,"Solute carrier family 2, facilitated glucose transporter member 5",3.2,X-ray
A0A1S3TQD2,7JRG_9,7JRG,cytochrome b-c1 complex subunit 9,3.2,EM
D9IA45,3MK7_3,3MK7,"Cytochrome c oxidase, cbb3-type, subunit P",3.2,X-ray
P0A1L5,7BIN_3,7BIN,Flagellar biosynthetic protein FliQ,3.2,EM
D9IA43,3MK7_1,3MK7,"Cytochrome c oxidase, cbb3-type, subunit N",3.2,X-ray
D9IA44,3MK7_2,3MK7,"Cytochrome c oxidase, cbb3-type, subunit O",3.2,X-ray
Q1J2S8,5DA0_1,5DA0,Sulphate transporter,3.2,X-ray
Q8EG32,3PMQ_1,3PMQ,Decaheme cytochrome c MtrF,3.2,X-ray
P35499,6AGF_1,6AGF,Sodium channel protein type 4 subunit alpha,3.2,EM
P69776,7ARL_4,7ARL,LPP,3.2,EM
P69560,3JCU_1,3JCU,Photosystem II protein D1,3.2,EM
P73745,3ND0_1,3ND0,Sll0855 protein,3.2,X-ray
P48116,7DR1_7,7DR1,Photosystem I reaction center subunit VIII,3.2,EM
P62103,3JCU_9,3JCU,Protein  Photosystem II reaction center protein I,3.2,EM
P60128,3JCU_6,3JCU,Cytochrome b559 subunit beta,3.2,EM
Q9CPQ1,7O37_21,7O37,Cytochrome c oxidase subunit 6C,3.2,EM
P60460,1RH5_3,1RH5,SecBeta,3.2,X-ray
P60150,3JCU_12,3JCU,Protein Photosystem II reaction center protein L,3.2,EM
A0A0H3CR83,6MIT_1,6MIT,Lipopolysaccharide export system ATP-binding protein,3.2,X-ray
A0A0H3CU18,6MIT_2,6MIT,Lipopolysaccharide export system protein LptC,3.2,X-ray
A0A0H3CQA2,6MIT_4,6MIT,Lipopolysaccharide export system permease protein LptG,3.2,X-ray
A0A0H2VG78,4LDS_1,4LDS,Glucose transporter GlcP,3.2,X-ray
A7NJ87,6LOD_1,6LOD,MULTIHEME_CYTC domain-containing protein,3.2,EM
P13569,6MSM_1,6MSM,Cystic fibrosis transmembrane conductance regulator,3.2,EM
P35408,5YWY_1,5YWY,"Prostaglandin E2 receptor EP4 subtype,Prostaglandin E2 receptor EP4 subtype",3.2,X-ray
P01865,1ORQ_2,1ORQ,6E1 Fab heavy chain,3.2,X-ray
A7NJ89,6LOD_3,6LOD,Polysulphide reductase NrfD,3.2,EM
A7NJ90,6LOD_4,6LOD,Uncharacterized protein ActD,3.2,EM
A7NJ91,6LOD_5,6LOD,Cytochrome c domain-containing protein,3.2,EM
A7NJ92,6LOD_6,6LOD,Uncharacterized protein ActF,3.2,EM
Q15125,6OHT_1,6OHT,"3-beta-hydroxysteroid-Delta(8),Delta(7)-isomerase",3.2,X-ray
Q5F5W8,4K3B_1,4K3B,Outer membrane protein assembly factor BamA,3.2,X-ray
Q57817,1RH5_2,1RH5,Preprotein translocase secE subunit,3.2,X-ray
P62112,3JCU_13,3JCU,Photosystem II reaction center protein M,3.2,EM
Q9NW15,5OC9_1,5OC9,Anoctamin-10,3.2,X-ray
Q8CCS2,7W7G_4,7W7G,Transmembrane protein FAM155A,3.2,EM
P0A924,5JWY_1,5JWY,Phosphatidylglycerophosphatase B,3.2,X-ray
O95484,6OV2_1,6OV2,Claudin-9,3.2,X-ray
Q6D8U4,4ZGV_1,4ZGV,Ferredoxin receptor,3.2,X-ray
P12787,7O37_17,7O37,"Cytochrome c oxidase subunit 5A, mitochondrial",3.2,EM
P21396,1O5W_1,1O5W,Amine oxidase [flavin-containing] A,3.2,X-ray
P33775,6P25_1,6P25,Dolichyl-phosphate-mannose--protein mannosyltransferase 1,3.2,EM
Q8DKF5,6TJV_6,6TJV,NADH dehydrogenase subunit 5,3.2,EM
Q8DKF4,6TJV_4,6TJV,NADH dehydrogenase subunit 4,3.2,EM
Q9M3L2,3JCU_10,3JCU,Photosystem II reaction center protein J,3.2,EM
G5EBR3,4TNW_1,4TNW,Avermectin-sensitive glutamate-gated chloride channel GluCl alpha,3.2,X-ray
Q86W47,6V22_2,6V22,Calcium-activated potassium channel subunit beta-4,3.2,EM
Q99653,7X2U_2,7X2U,Calcineurin B homologous protein 1,3.2,EM
P04160,3JCU_2,3JCU,Photosystem II CP47 reaction center protein,3.2,EM
P05030,7VH5_1,7VH5,Plasma membrane ATPase 1,3.2,EM
F1NJ67,7BC6_1,7BC6,Proton-coupled folate transporter,3.2,EM
P69383,3JCU_5,3JCU,Cytochrome b559 subunit alpha,3.2,EM
Q8BLN6,7W7G_2,7W7G,Protein unc-80 homolog,3.2,EM
Q14573,7T3P_1,7T3P,"Inositol 1,4,5-trisphosphate receptor type 3",3.2,EM
P48764,7X2U_1,7X2U,Sodium/hydrogen exchanger 3,3.2,EM
P48115,7DR1_6,7DR1,Photosystem I reaction center subunit III,3.2,EM
P48114,7DR1_5,7DR1,Photosystem I reaction center subunit IV,3.2,EM
P48113,7DR1_2,7DR1,Photosystem I P700 chlorophyll a apoprotein A2,3.2,EM
P48112,7DR1_1,7DR1,Photosystem I P700 chlorophyll a apoprotein A1,3.2,EM
A0A2J9UXT5,6S3L_1,6S3L,Flagellar biosynthetic protein FliP,3.2,EM
P05146,3JCU_8,3JCU,Photosystem II reaction center protein H,3.2,EM
P48772,7O37_24,7O37,"Cytochrome c oxidase subunit 8B, mitochondrial",3.2,EM
P50052,6JOD_1,6JOD,Type-2 angiotensin II receptor,3.2,X-ray
O86021,5OYK_1,5OYK,Gram-negative porin family protein,3.2,X-ray
Q9CZP5,6UKS_1,6UKS,Mitochondrial chaperone BCS1,3.2,EM
P48185,7DR1_10,7DR1,Photosystem I reaction center subunit XII,3.2,EM
P12359,3JCU_14,3JCU,"Oxygen-evolving enhancer protein 1, chloroplastic",3.2,EM
P13498,7U8G_2,7U8G,Cytochrome b-245 light chain,3.2,EM
P12302,3JCU_15,3JCU,"Oxygen-evolving enhancer protein 2, chloroplastic",3.2,EM
P12301,3JCU_16,3JCU,"Oxygen-evolving enhancer protein 3, chloroplastic",3.2,EM
Q6PAL8,3CWZ_2,3CWZ,Rab6-interacting protein 1,3.2,X-ray
P18238,4C9Q_1,4C9Q,"ADP, ATP CARRIER PROTEIN 3",3.2,X-ray
P54702,7BIN_2,7BIN,Flagellar biosynthetic protein FliR,3.2,EM
P54700,7BIN_1,7BIN,Flagellar biosynthetic protein FliP,3.2,EM
G1K3Q0,3AM6_1,3AM6,rhodopsin-2,3.2,X-ray
P41948,5AEX_1,5AEX,AMMONIUM TRANSPORTER MEP2,3.2,X-ray
O66460,6KLV_1,6KLV,Rieske-I iron sulfur protein,3.2,EM
O66459,6KLV_2,6KLV,Cytochrome b,3.2,EM
A9VEV6,3VOU_1,3VOU,"Ion transport 2 domain protein, Voltage-gated sodium channel",3.2,X-ray
Q9JJ59,7V5C_1,7V5C,ABC-type oligopeptide transporter ABCB9,3.2,EM
Q6Q760,7W7G_3,7W7G,Sodium leak channel non-selective protein,3.2,EM
Q39128,7CAL_1,7CAL,Potassium channel KAT1,3.2,EM
Q9BPX6,6WDN_2,6WDN,"Calcium uptake protein 1, mitochondrial",3.2,EM
P52477,6TA6_2,6TA6,MexA family multidrug efflux RND transporter periplasmic adaptor subunit,3.2,EM
Q3KSP2,7JHJ_5,7JHJ,BILF1,3.2,EM
P17665,7O37_23,7O37,"Cytochrome c oxidase subunit 7C, mitochondrial",3.2,EM
Q9KDP2,3WO7_1,3WO7,Membrane protein insertase YidC 2,3.201,X-ray
G1M6C4,5U1X_1,5U1X,P2X purinoceptor,3.201,X-ray
Q39583,6BHP_1,6BHP,Membrane protein,3.209,X-ray
A3EXD6,7Y9B_1,7Y9B,Membrane protein,3.214,X-ray
Q72JC0,6XXD_1,6XXD,PilA,3.22,EM
P40107,5OGE_1,5OGE,GDP-mannose transporter 1,3.22,X-ray
A0A2K1KN29,6L35_17,6L35,"Chlorophyll a-b binding protein, chloroplastic",3.23,EM
Q6P5F7,7RTW_1,7RTW,Protein tweety homolog 3,3.23,EM
G3IEF0,8DJM_2,8DJM,UbiA prenyltransferase domain-containing protein 1,3.23,EM
Q1LJU1,7TPG_1,7TPG,Putative cell surface polysaccharide polymerase/ligase,3.23,EM
P00347,8DJM_1,8DJM,3-hydroxy-3-methylglutaryl-coenzyme A reductase,3.23,EM
E5G6G2,6RCP_1,6RCP,OmpK36,3.231,X-ray
F1NC51,4U3F_10,4U3F,Mitochondrial ubiquinol-cytochrome c reductase 7.2 kda protein,3.2312,X-ray
P09866,3UAJ_1,3UAJ,envelope protein,3.232,X-ray
Q03SM0,4RFS_3,4RFS,Substrate binding pritein S,3.232,X-ray
Q9BXJ8,7N7P_1,7N7P,Ion channel TACAN,3.24,EM
Q6LX42,6CSE_3,6CSE,Sodium/alanine symporter AgcS,3.24,X-ray
Q9R186,5WO7_1,5WO7,Transient receptor potential cation channel subfamily V member 6,3.246,X-ray
Q96QZ0,7XL6_1,7XL6,Pannexin-3,3.25,EM
P23819,7LEP_2,7LEP,Glutamate receptor 2,3.25,EM
Q9SHE8,7WFD_6,7WFD,"Photosystem I reaction center subunit III, chloroplastic",3.25,EM
Q9SY97,7WFD_14,7WFD,"Photosystem I chlorophyll a/b-binding protein 3-1, chloroplastic",3.25,EM
O35089,7LEP_4,7LEP,Protein cornichon homolog 2,3.25,EM
Q5SIT6,6QUM_8,6QUM,V-type ATP synthase subunit I,3.25,EM
Q5SIT7,6QUM_9,6QUM,"V-type ATP synthase, subunit K",3.25,EM
Q9C639,7WFE_16,7WFE,"Photosystem I chlorophyll a/b-binding protein 5, chloroplastic",3.25,EM
P62090,7WFD_3,7WFD,Photosystem I iron-sulfur center,3.25,EM
Q7TN37,6BCQ_1,6BCQ,Transient receptor potential cation channel subfamily M member 4,3.25,EM
Q9SUI6,7WFD_8,7WFD,"Photosystem I reaction center subunit VI-2, chloroplastic",3.25,EM
P56766,7WFD_1,7WFD,Photosystem I P700 chlorophyll a apoprotein A1,3.25,EM
P14672,7WSM_1,7WSM,"Solute carrier family 2, facilitated glucose transporter member 4",3.25,EM
Q9SYW8,7WFE_14,7WFE,"Photosystem I chlorophyll a/b-binding protein 2, chloroplastic",3.25,EM
Q8LCQ4,7WFD_16,7WFD,"Photosystem I chlorophyll a/b-binding protein 6, chloroplastic",3.25,EM
O00767,4ZYO_1,4ZYO,Acyl-CoA desaturase,3.25,X-ray
Q9SUI4,7WFD_12,7WFD,"Photosystem I reaction center subunit XI, chloroplastic",3.25,EM
Q9SUI5,7WFD_11,7WFD,"Photosystem I reaction center subunit psaK, chloroplastic",3.25,EM
Q8VHW2,7LEP_5,7LEP,Voltage-dependent calcium channel gamma-8 subunit,3.25,EM
P27521,7WFD_15,7WFD,"Chlorophyll a-b binding protein 4, chloroplastic",3.25,EM
Q05085,4OH3_1,4OH3,Nitrate transporter 1.1,3.25,X-ray
P56769,7WFD_10,7WFD,Photosystem I reaction center subunit IX,3.25,EM
Q9SA56,7WFD_4,7WFD,"Photosystem I reaction center subunit II-2, chloroplastic",3.25,EM
Q9S831,7WFD_5,7WFD,"Photosystem I reaction center subunit IV A, chloroplastic",3.25,EM
P43003,7AWM_1,7AWM,"Excitatory amino acid transporter 1,Neutral amino acid transporter B(0),Excitatory amino acid transporter 1",3.25,X-ray
Q9R155,7WL2_1,7WL2,Pendrin,3.25,EM
P56768,7WFD_9,7WFD,Photosystem I reaction center subunit VIII,3.25,EM
P56767,7WFD_2,7WFD,Photosystem I P700 chlorophyll a apoprotein A2,3.25,EM
Q73372,6X58_3,6X58,"gp41 MPER peptide,Putative fluoride ion transporter CrcB",3.26,X-ray
A0A1G8XA46,7M1T_1,7M1T,"Hemolysin, contains CBS domains",3.26,X-ray
C5I2D9,3QLB_1,3QLB,Enantio-pyochelin receptor,3.26,X-ray
P45779,5WQ8_1,5WQ8,Type II secretion system protein D,3.26,EM
P07550,7DHI_5,7DHI,Beta-2 adrenergic receptor,3.26,EM
P16154,4R04_1,4R04,Toxin A,3.26,X-ray
Q5M4V4,6BUG_2,6BUG,D-alanyl transfer protein DltB,3.27,X-ray
P0ABC3,7VHQ_3,7VHQ,Modulator of FtsH protease HflC,3.27,EM
P43427,4YBQ_1,4YBQ,"Solute carrier family 2, facilitated glucose transporter member 5",3.27,X-ray
Q9NWC5,7OQZ_1,7OQZ,Transmembrane protein 45A,3.27,EM
P0ABC7,7VHQ_2,7VHQ,Protein HflK,3.27,EM
Q94519,8B9Z_19,8B9Z,"Acyl carrier protein, mitochondrial",3.28,EM
Q9VWI0,8B9Z_17,8B9Z,"NADH dehydrogenase [ubiquinone] iron-sulfur protein 4, mitochondrial",3.28,EM
A8DYC5,8B9Z_25,8B9Z,NADH dehydrogenase [ubiquinone] 1 alpha subcomplex subunit 1,3.28,EM
P18929,8B9Z_8,8B9Z,NADH-ubiquinone oxidoreductase chain 1,3.28,EM
Q9V3L7,8B9Z_30,8B9Z,"NADH dehydrogenase [ubiquinone] 1 beta subcomplex subunit 11, mitochondrial",3.28,EM
P91929,8B9Z_15,8B9Z,"NADH dehydrogenase [ubiquinone] 1 alpha subcomplex subunit 10, mitochondrial",3.28,EM
Q7K1C0,8B9Z_28,8B9Z,NADH dehydrogenase [ubiquinone] iron-sulfur protein 5,3.28,EM
O97418,8B9Z_41,8B9Z,NADH dehydrogenase [ubiquinone] 1 alpha subcomplex subunit 7,3.28,EM
Q7JYH3,8B9Z_23,8B9Z,NADH dehydrogenase [ubiquinone] 1 alpha subcomplex subunit 11,3.28,EM
P18934,8B9Z_11,8B9Z,NADH-ubiquinone oxidoreductase chain 4L,3.28,EM
Q94511,8B9Z_7,8B9Z,"NADH-ubiquinone oxidoreductase 75 kDa subunit, mitochondrial",3.28,EM
P18933,8B9Z_10,8B9Z,NADH-ubiquinone oxidoreductase chain 6,3.28,EM
Q7PL91,8B9Z_33,8B9Z,GEO11417p1,3.28,EM
Q7JZK1,8B9Z_21,8B9Z,NADH dehydrogenase [ubiquinone] 1 alpha subcomplex subunit 6,3.28,EM
P18931,8B9Z_13,8B9Z,NADH-ubiquinone oxidoreductase chain 4,3.28,EM
Q9W125,8B9Z_22,8B9Z,NADH dehydrogenase [ubiquinone] 1 alpha subcomplex subunit 8,3.28,EM
Q9W402,8B9Z_24,8B9Z,NADH dehydrogenase [ubiquinone] 1 alpha subcomplex subunit 13,3.28,EM
Q9W380,8B9Z_26,8B9Z,RH45008p,3.28,EM
Q9W3N7,8B9Z_29,8B9Z,NADH dehydrogenase [ubiquinone] 1 beta subcomplex subunit 1,3.28,EM
Q9W3X7,8B9Z_35,8B9Z,"NADH dehydrogenase [ubiquinone] 1 beta subcomplex subunit 8, mitochondrial",3.28,EM
Q6IDF5,8B9Z_36,8B9Z,NADH dehydrogenase [ubiquinone] 1 beta subcomplex subunit 4,3.28,EM
Q9VXZ0,8B9Z_38,8B9Z,NADH dehydrogenase [ubiquinone] 1 beta subcomplex subunit 7,3.28,EM
Q9W2E8,8B9Z_34,8B9Z,NADH dehydrogenase [ubiquinone] 1 beta subcomplex subunit 3,3.28,EM
Q9VZU4,8B9Z_3,8B9Z,"NADH dehydrogenase [ubiquinone] iron-sulfur protein 3, mitochondrial",3.28,EM
Q13519,8F7X_2,8F7X,Nociceptin,3.28,EM
Q9VMU0,8B9Z_18,8B9Z,"NADH dehydrogenase [ubiquinone] iron-sulfur protein 6, mitochondrial",3.28,EM
Q9VQR2,8B9Z_39,8B9Z,NADH dehydrogenase [ubiquinone] 1 beta subcomplex subunit 10,3.28,EM
Q9VQD7,8B9Z_40,8B9Z,NADH dehydrogenase [ubiquinone] 1 alpha subcomplex subunit 12,3.28,EM
Q9VQM2,8B9Z_27,8B9Z,NADH dehydrogenase [ubiquinone] 1 subunit C2,3.28,EM
Q9VTB4,8B9Z_20,8B9Z,NADH dehydrogenase (Ubiquinone) 13 kDa B subunit,3.28,EM
P41146,8F7X_1,8F7X,Nociceptin receptor,3.28,EM
Q9VTU2,8B9Z_31,8B9Z,"NADH dehydrogenase [ubiquinone] 1 beta subcomplex subunit 5, mitochondrial",3.28,EM
Q9QUQ5,5Z96_1,5Z96,Short transient receptor potential channel 4,3.28,EM
Q9VMI3,8B9Z_6,8B9Z,"NADH dehydrogenase [ubiquinone] flavoprotein 1, mitochondrial",3.28,EM
Q9VJZ4,8B9Z_37,8B9Z,NADH dehydrogenase [ubiquinone] 1 beta subcomplex subunit 9,3.28,EM
Q9BXS9,8OPQ_1,8OPQ,Solute carrier family 26 member 6,3.28,EM
P03896,8B9Z_14,8B9Z,NADH-ubiquinone oxidoreductase chain 2,3.28,EM
P18930,8B9Z_1,8B9Z,NADH-ubiquinone oxidoreductase chain 3,3.28,EM
P18932,8B9Z_12,8B9Z,NADH-ubiquinone oxidoreductase chain 5,3.28,EM
Q9VF27,8B9Z_9,8B9Z,NADH dehydrogenase (ubiquinone) 23 kDa subunit,3.28,EM
A0QWG5,5F34_1,5F34,Phosphatidylinositol mannoside acyltransferase,3.281,X-ray
P01096,6Z1R_6,6Z1R,"ATPase inhibitor, mitochondrial",3.29,EM
P05630,6Z1R_4,6Z1R,"ATP synthase subunit delta, mitochondrial",3.29,EM
P05631,6Z1R_3,6Z1R,"ATP synthase subunit gamma, mitochondrial",3.29,EM
Q00361,6ZQM_18,6ZQM,"ATP synthase subunit e, mitochondrial",3.29,EM
P19483,6Z1R_1,6Z1R,"ATP synthase subunit alpha, mitochondrial",3.29,EM
Q28851,6ZQM_12,6ZQM,"ATP synthase subunit f, mitochondrial",3.29,EM
Q28852,6ZQM_13,6ZQM,"ATP synthase subunit g, mitochondrial",3.29,EM
P14790,6ZQM_14,6ZQM,"ATP synthase subunit ATP5MPL, mitochondrial",3.29,EM
P13621,6Z1R_8,6Z1R,"ATP synthase subunit O, mitochondrial",3.29,EM
P13620,6ZQM_11,6ZQM,"ATP synthase subunit d, mitochondrial",3.29,EM
P13619,6Z1R_9,6Z1R,"ATP synthase F(0) complex subunit B1, mitochondrial",3.29,EM
P03929,6ZQM_9,6ZQM,ATP synthase protein 8,3.29,EM
P00829,6Z1R_2,6Z1R,"ATP synthase subunit beta, mitochondrial",3.29,EM
P00847,6ZQM_10,6ZQM,ATP synthase subunit a,3.29,EM
Q3ZBI7,6ZQM_17,6ZQM,"ATP synthase membrane subunit DAPIT, mitochondrial",3.29,EM
P05632,6Z1R_5,6Z1R,"ATP synthase subunit epsilon, mitochondrial",3.29,EM
P02721,6Z1R_10,6Z1R,"ATP synthase-coupling factor 6, mitochondrial",3.29,EM
P07926,6Z1R_7,6Z1R,"ATP synthase F(0) complex subunit C2, mitochondrial",3.29,EM
Q51006,4MT0_1,4MT0,MtrE protein,3.292,X-ray
Q72XQ0,3QNQ_1,3QNQ,"PTS system, cellobiose-specific IIC component",3.295,X-ray
K9UJK2,5VRE_1,5VRE,Putative integral membrane protein,3.299,X-ray
Q99MB1,7C77_1,7C77,Toll-like receptor 3,3.3,EM
O65101,5ZJI_12,5ZJI,"Photosystem I reaction center subunit VI, chloroplastic",3.3,EM
Q9JXP2,7MC0_2,7MC0,"ABC transporter, ATP-binding protein",3.3,EM
P15917,7KXR_1,7KXR,Lethal factor,3.3,EM
Q8IZF6,7WUJ_3,7WUJ,"Adhesion G-protein coupled receptor G4,Uncharacterized protein",3.3,EM
Q8IWT1,7DTD_1,7DTD,Sodium channel subunit beta-4,3.3,EM
Q8IZF4,7EQ1_2,7EQ1,Adhesion G-protein coupled receptor G5,3.3,EM
Q8DQF7,5XU1_2,5XU1,ABC transporter permeae,3.3,X-ray
P35670,7XUK_1,7XUK,Copper-transporting ATPase 2,3.3,EM
E1C7U0,8IK0_1,8IK0,"Stimulator of interferon genes protein,Immune protein Tsi3",3.3,EM
D6WIX5,6XQN_2,6XQN,Calcium uniporter protein,3.3,EM
D6X268,6XQN_1,6XQN,"Protein EMRE homolog, mitochondrial-like Protein",3.3,EM
Q8TCY5,8GY7_5,8GY7,Melanocortin-2 receptor accessory protein,3.3,EM
Q8VCW4,7C77_2,7C77,Protein unc-93 homolog B1,3.3,EM
A0A172FJJ4,5ZJI_7,5ZJI,photosystem I subunit VII,3.3,EM
P19634,7DSW_1,7DSW,Sodium/hydrogen exchanger 1,3.3,EM
Q9U6B8,7KR5_1,7KR5,Calcium release-activated calcium channel protein 1,3.3,EM
P39986,6XMU_1,6XMU,P5A-type ATPase,3.3,EM
Q09428,7S5V_1,7S5V,ATP-binding cassette sub-family C member 8,3.3,EM
D5ANZ2,6XI0_1,6XI0,Ubiquinol-cytochrome c reductase iron-sulfur subunit,3.3,EM
D5ANZ3,6XI0_2,6XI0,Cytochrome b,3.3,EM
B6T892,5ZJI_2,5ZJI,"Chlorophyll a-b binding protein, chloroplastic",3.3,EM
B3DH80,4R1Z_1,4R1Z,Cyp17a1 protein,3.3,X-ray
P08194,1PW4_1,1PW4,Glycerol-3-phosphate transporter,3.3,X-ray
B6TXS5,5ZJI_18,5ZJI,Photosystem I reaction center subunit N,3.3,EM
B6TR16,5ZJI_15,5ZJI,Photosystem I reaction center subunit psaK,3.3,EM
O75027,7VGF_1,7VGF,"Iron-sulfur clusters transporter ABCB7, mitochondrial",3.3,EM
P01871,7XQ8_1,7XQ8,Chimera of Heavy chain of VRC01 antibody Fab and Isoform 2 of Immunoglobulin heavy constant mu,3.3,EM
A0R2C0,7CAF_2,7CAF,"ABC transporter, ATP-binding protein SugC",3.3,EM
P35367,7DFL_1,7DFL,Histamine H1 receptor,3.3,EM
P35498,7DTD_2,7DTD,Sodium channel protein type 1 subunit alpha,3.3,EM
D5ANZ4,6XI0_3,6XI0,Cytochrome c1,3.3,EM
Q9NY46,7W77_3,7W77,Sodium channel protein type 3 subunit alpha,3.3,EM
Q9NA75,5EGI_1,5EGI,Uncharacterized protein Y57A10A.10,3.3,X-ray
A0R0M4,6HWH_10,6HWH,Cytochrome c oxidase subunit 1,3.3,EM
P08669,7PUY_1,7PUY,Glycoprotein G2,3.3,EM
P0ABV2,6TYI_2,6TYI,Biopolymer transport protein ExbD,3.3,EM
P0AFS5,7NB6_1,7NB6,AI-2 transport protein TqsA,3.3,EM
P11836,6VJA_1,6VJA,B-lymphocyte antigen CD20,3.3,EM
P11607,5MPM_1,5MPM,Sarcoplasmic/endoplasmic reticulum calcium ATPase 2,3.3,X-ray
A0A1D6HY75,5ZJI_9,5ZJI,Photosystem I reaction center subunit IV A,3.3,EM
Q9GZQ4,7XK8_2,7XK8,Neuromedin-U receptor 2,3.3,EM
P96589,8B70_1,8B70,Potassium transporter KimA,3.3,EM
P30980,5ZJI_13,5ZJI,Photosystem I reaction center subunit VIII,3.3,EM
P92960,7XUF_1,7XUF,Potassium channel KAT3,3.3,EM
E4KPW4,5M87_1,5M87,Divalent metal cation transporter MntH,3.3,X-ray
Q57837,3B4R_1,3B4R,Putative zinc metalloprotease MJ0392,3.3,X-ray
P62596,5ZJI_14,5ZJI,Photosystem I reaction center subunit IX,3.3,EM
G2QNH0,6GCI_1,6GCI,mitochondrial ADP/ATP carrier,3.3,X-ray
G3V9C5,7YFI_2,7YFI,Glutamate receptor,3.3,EM
Q9JXP3,7MC0_1,7MC0,"ABC transporter, permease protein",3.3,EM
P12329,5ZJI_19,5ZJI,"Chlorophyll a-b binding protein 1, chloroplastic",3.3,EM
B6SQZ7,5ZJI_17,5ZJI,16kDa membrane protein,3.3,EM
B6SSN3,5ZJI_1,5ZJI,"Chlorophyll a-b binding protein, chloroplastic",3.3,EM
Q69ZK9,3BL8_1,3BL8,Neuroligin-2,3.3,X-ray
B6U534,5ZJI_11,5ZJI,Photosystem I reaction center subunit V,3.3,EM
B6SUC4,5ZJI_3,5ZJI,"Chlorophyll a-b binding protein, chloroplastic",3.3,EM
B6STT2,5ZJI_16,5ZJI,Photosystem I reaction center subunit XI,3.3,EM
B6SZT9,5ZJI_20,5ZJI,"Chlorophyll a-b binding protein, chloroplastic",3.3,EM
B6SZR1,5ZJI_4,5ZJI,"Chlorophyll a-b binding protein, chloroplastic",3.3,EM
A0A0R4IMY7,6DRJ_1,6DRJ,"Transient receptor potential cation channel, subfamily M, member 2",3.3,EM
Q00961,7YFI_3,7YFI,"Glutamate receptor ionotropic, NMDA 2C",3.3,EM
P25106,7SK8_1,7SK8,Atypical chemokine receptor 3,3.3,EM
P11229,6OIJ_2,6OIJ,Muscarinic acetylcholine receptor M1,3.3,EM
P75831,5NIK_3,5NIK,Macrolide export ATP-binding/permease protein MacB,3.3,EM
A0R050,6HWH_6,6HWH,Cytochrome bc1 complex cytochrome c subunit,3.3,EM
A0R2C2,7CAF_3,7CAF,"ABC sugar transporter, permease component",3.3,EM
A0R2C3,7CAF_1,7CAF,Bacterial extracellular solute-binding protein,3.3,EM
A0R051,6HWH_1,6HWH,Ubiquinol-cytochrome c reductase iron-sulfur subunit,3.3,EM
A0R2C1,7CAF_4,7CAF,"ABC transporter, permease protein SugB",3.3,EM
D7PC76,7S8X_1,7S8X,Prestin,3.3,EM
A0A3B3ITX3,6OIJ_1,6OIJ,"Guanine nucleotide-binding protein G(i) subunit alpha-1,Guanine nucleotide-binding protein subunit alpha-11",3.3,EM
A0A0U5BC76,6VRH_2,6VRH,"8B6 antibody, light chain",3.3,EM
A0A0V8ETW8,7AHC_1,7AHC,ABC transporter permease subunit,3.3,EM
P06881,6E3Y_1,6E3Y,Calcitonin gene-related peptide 1,3.3,EM
P01834,7XQ8_2,7XQ8,"Light chain of Fab fragments of the VRC01 antibody,Immunoglobulin kappa constant",3.3,EM
P04966,5ZJI_5,5ZJI,Photosystem I P700 chlorophyll a apoprotein A1,3.3,EM
Q6J8X0,8G2J_1,8G2J,Cellulose synthase,3.3,EM
A0A059Q6U2,5ZJI_6,5ZJI,Photosystem I P700 chlorophyll a apoprotein A2,3.3,EM
P75830,5NIK_2,5NIK,Macrolide export protein MacA,3.3,EM
P18852,7AD3_5,7AD3,Guanine nucleotide-binding protein subunit gamma,3.3,EM
P48061,7SK8_2,7SK8,Stromal cell-derived factor 1,3.3,EM
Q14524,6LQA_1,6LQA,Sodium channel protein type 5 subunit alpha,3.3,EM
B7UI37,5W68_1,5W68,Putative type II secretion protein,3.3,EM
C7Z7K1,4WIS_1,4WIS,lipid scramblase,3.3,X-ray
C7DZL4,8ESW_11,8ESW,NADH-ubiquinone oxidoreductase chain 5,3.3,EM
C7DZL9,8ESW_9,8ESW,NADH-ubiquinone oxidoreductase chain 1,3.3,EM
Q9MDK5,8ESW_10,8ESW,NADH-ubiquinone oxidoreductase chain 4,3.3,EM
Q9BSA4,7P54_1,7P54,Protein tweety homolog 2,3.3,EM
Q9WVE8,3LLL_1,3LLL,Protein kinase C and casein kinase substrate in neurons protein 2,3.3,X-ray
P49407,6TKO_2,6TKO,Beta-arrestin-1,3.3,EM
A8DYC4,8ESW_13,8ESW,NADH dehydrogenase [ubiquinone] 1 alpha subcomplex subunit 1,3.3,EM
O94759,6PUO_1,6PUO,Transient receptor potential cation channel subfamily M member 2,3.3,EM
Q9TV66,7NP4_1,7NP4,"Potassium/sodium hyperpolarization-activated cyclic nucleotide-gated channel 4,Potassium/sodium hyperpolarization-activated cyclic nucleotide-gated channel 4",3.3,EM
Q86WV6,8IK3_1,8IK3,"Stimulator of interferon genes protein,Immune protein Tsi3",3.3,EM
P69539,1IFI_1,1IFI,INOVIRUS,3.3,X-ray
Q99758,7W02_1,7W02,Phospholipid-transporting ATPase ABCA3,3.3,EM
W7FI62,6UKJ_1,6UKJ,Chloroquine resistance transporter,3.3,EM
Q9P0X4,7WLI_1,7WLI,Voltage-dependent T-type calcium channel subunit alpha-1I,3.3,EM
P08539,7AD3_4,7AD3,"Guanine nucleotide-binding protein alpha-1 subunit,Guanine nucleotide-binding protein alpha-1 subunit",3.3,EM
Q2FZP8,6S7V_1,6S7V,MFS transporter,3.301,X-ray
Q9Y2T5,6LI3_1,6LI3,G-protein coupled receptor 52,3.32,EM
A3CWV0,4HYG_1,4HYG,Putative uncharacterized protein,3.32,X-ray
A4IJH4,7XHB_3,7XHB,Protein translocase subunit SecE,3.33,EM
Q9U6P4,6SP2_1,6SP2,Membrane protein TMS1d,3.33,EM
A4IJK8,7XHB_2,7XHB,Protein translocase subunit SecY,3.33,EM
P0AG96,5GAE_34,5GAE,Protein translocase subunit SecE,3.33,EM
P0AGA2,5GAE_33,5GAE,Protein translocase subunit SecY,3.33,EM
Q9Z2T2,7SK0_1,7SK0,Potassium channel subfamily K member 1,3.33,EM
Q9CMQ1,5ZOV_1,5ZOV,PTS ascorbate-specific subunit IIBC,3.333,X-ray
P78556,6WWZ_2,6WWZ,C-C motif chemokine 20,3.34,EM
A0A287B4I0,6J5I_10,6J5I,"ATP synthase subunit d, mitochondrial",3.34,EM
Q5HYA8,7FH1_1,7FH1,Meckelin,3.34,EM
P80021,6J5I_1,6J5I,"ATP synthase subunit alpha, mitochondrial",3.34,EM
K7GLT8,6J5I_2,6J5I,ATP synthase subunit beta,3.34,EM
P32297,6PV7_1,6PV7,Fusion protein of Neuronal acetylcholine receptor subunit alpha-3 and Soluble cytochrome b562,3.34,EM
Q35915,6J5I_17,6J5I,ATP synthase subunit a,3.34,EM
A5GFX4,6J5I_6,6J5I,ATP synthase F1 subunit epsilon,3.34,EM
Q29307,6J5I_3,6J5I,"ATPase inhibitor, mitochondrial",3.34,EM
Q35914,6J5I_16,6J5I,ATP synthase protein 8,3.34,EM
Q2EN81,6J5I_7,6J5I,"ATP synthase subunit O, mitochondrial",3.34,EM
A0A4X1TQQ5,6J5I_14,6J5I,ATP synthase membrane subunit DAPIT,3.34,EM
Q95339,6J5I_12,6J5I,"ATP synthase subunit f, mitochondrial",3.34,EM
P13618,6J5I_9,6J5I,"ATP synthase-coupling factor 6, mitochondrial",3.34,EM
P28307,6L7C_3,6L7C,Major curlin subunit CsgA,3.34,EM
A0A8D0MI69,6J5I_8,6J5I,ATP synthase peripheral stalk-membrane subunit b,3.34,EM
Q4VT52,6J5I_18,6J5I,Mitochondrial H+ transporting ATP synthase subunit c isoform 1,3.34,EM
P30926,6PV7_2,6PV7,Fusion protein of Neuronal acetylcholine receptor subunit beta-4 and Soluble cytochrome b562,3.34,EM
A0A286ZYL7,6J5I_5,6J5I,"ATP synthase subunit delta, mitochondrial",3.34,EM
A3DCU1,6V9Z_1,6V9Z,ABC-type bacteriocin transporter,3.35,EM
Q51368,6I97_2,6I97,Protein TonB,3.35,X-ray
Q2EHL8,5LIL_1,5LIL,Macrolide export ATP-binding/permease protein MacB,3.35,X-ray
Q9I117,7ABW_1,7ABW,PepSY domain-containing protein,3.35,X-ray
Q05785,5ON7_1,5ON7,Epsin-2,3.35,X-ray
P0ADC1,4RHB_2,4RHB,LPS-assembly lipoprotein LptE,3.355,X-ray
P31554,4RHB_1,4RHB,LPS-assembly protein LptD,3.355,X-ray
P35523,6COY_1,6COY,Chloride channel protein 1,3.36,EM
O94705,8C8Q_9,8C8Q,"Cytochrome c oxidase subunit 9, mitochondrial",3.36,EM
P07657,8C8Q_1,8C8Q,Cytochrome c oxidase subunit 1,3.36,EM
P79010,8C8Q_4,8C8Q,"Cytochrome c oxidase subunit 4, mitochondrial",3.36,EM
P21534,8C8Q_2,8C8Q,Cytochrome c oxidase subunit 2,3.36,EM
P14575,8C8Q_3,8C8Q,Cytochrome c oxidase subunit 3,3.36,EM
O74988,8C8Q_5,8C8Q,"Cytochrome c oxidase polypeptide 5, mitochondrial",3.36,EM
O94581,8C8Q_10,8C8Q,"Cytochrome c oxidase subunit 12, mitochondrial",3.36,EM
Q9UTF6,8C8Q_6,8C8Q,"Cytochrome c oxidase subunit 6, mitochondrial",3.36,EM
Q9P4W1,8C8Q_8,8C8Q,"Cytochrome c oxidase polypeptide VIII, mitochondrial",3.36,EM
G2TRP5,8C8Q_7,8C8Q,Cytochrome c oxidase subunit 7,3.36,EM
O74471,8C8Q_11,8C8Q,"Cytochrome c oxidase subunit 13, mitochondrial",3.36,EM
Q9P3B2,8C8Q_12,8C8Q,Respiratory supercomplex factor 2 homolog C1565.01,3.36,EM
P23219,6Y3C_1,6Y3C,Prostaglandin G/H synthase 1,3.361,X-ray
Q29466,6XBW_9,6XBW,V-type proton ATPase subunit a,3.37,EM
P11019,6XBW_5,6XBW,V-type proton ATPase subunit E 1,3.37,EM
P39942,6XBW_4,6XBW,V-type proton ATPase subunit D,3.37,EM
P61420,6XBW_11,6XBW,V-type proton ATPase subunit d 1,3.37,EM
Q2KIB5,6XBW_12,6XBW,V-type proton ATPase subunit e 2,3.37,EM
Q0VCV6,6XBW_7,6XBW,V-type proton ATPase subunit G,3.37,EM
Q15758,7BCT_1,7BCT,Neutral amino acid transporter B(0),3.37,EM
Q3ZC23,6XBW_16,6XBW,Ribonuclease kappa,3.37,EM
P21282,6XBW_3,6XBW,V-type proton ATPase subunit C 1,3.37,EM
O14493,7KP4_1,7KP4,Claudin-4,3.37,X-ray
Q38162,8A60_2,8A60,Lytic conversion lipoprotein,3.37,X-ray
Q1LX78,5W81_1,5W81,Cystic fibrosis transmembrane conductance regulator,3.37,EM
P81134,6XBW_14,6XBW,Renin receptor,3.37,EM
O46563,6XBW_8,6XBW,V-type proton ATPase subunit H,3.37,EM
Q28029,6XBW_6,6XBW,V-type proton ATPase subunit F,3.37,EM
Q2TA24,6XBW_10,6XBW,V-type proton ATPase 21 kDa proteolipid subunit,3.37,EM
P31404,6XBW_1,6XBW,V-type proton ATPase catalytic subunit A,3.37,EM
P31408,6XBW_2,6XBW,"V-type proton ATPase subunit B, brain isoform",3.37,EM
P40682,6XBW_13,6XBW,V-type proton ATPase subunit S1,3.37,EM
P23956,6XBW_15,6XBW,V-type proton ATPase 16 kDa proteolipid subunit,3.37,EM
P43115,7WU9_1,7WU9,Prostaglandin E2 receptor EP3 subtype,3.375,EM
Q05586,8E96_1,8E96,"Glutamate receptor ionotropic, NMDA 1",3.38,EM
O15399,8E96_2,8E96,"Glutamate receptor ionotropic, NMDA 2D",3.38,EM
Q3MIR4,7VGH_1,7VGH,Cell cycle control protein 50B,3.39,EM
Q15006,7ADO_2,7ADO,ER membrane protein complex subunit 2,3.39,EM
Q5UCC4,7ADO_9,7ADO,ER membrane protein complex subunit 10,3.39,EM
Q8N766,7ADO_1,7ADO,ER membrane protein complex subunit 1,3.39,EM
Q5J8M3,7ADO_4,7ADO,ER membrane protein complex subunit 4,3.39,EM
O43402,7ADO_8,7ADO,ER membrane protein complex subunit 8,3.39,EM
Q9NPA0,7ADO_7,7ADO,ER membrane protein complex subunit 7,3.39,EM
Q8N4V1,7ADO_5,7ADO,Membrane magnesium transporter 1,3.39,EM
Q9BV81,7ADO_6,7ADO,ER membrane protein complex subunit 6,3.39,EM
Q9P0I2,7ADO_3,7ADO,ER membrane protein complex subunit 3,3.39,EM
A0A0D8G707,5GKO_1,5GKO,Macrolide export ATP-binding/permease protein MacB,3.393,X-ray
Q5T848,7SHF_3,7SHF,G-protein coupled receptor 158,3.4,EM
O14957,5XTE_7,5XTE,Cytochrome b-c1 complex subunit 10,3.4,EM
P22695,5XTE_10,5XTE,"Cytochrome b-c1 complex subunit 2, mitochondrial",3.4,EM
O14949,5XTE_1,5XTE,Cytochrome b-c1 complex subunit 8,3.4,EM
Q9SDM1,7EW6_12,7EW6,Chlorophyll a-b binding protein Lhca1,3.4,EM
Q1RAG3,6P6J_2,6P6J,ABC transporter protein,3.4,EM
P49675,3P0L_1,3P0L,"Steroidogenic acute regulatory protein, mitochondrial",3.4,X-ray
P48067,6ZBV_1,6ZBV,"Sodium- and chloride-dependent glycine transporter 1,Sodium- and chloride-dependent glycine transporter 1",3.4,X-ray
Q1RAG2,6P6J_1,6P6J,inner membrane ABC-transporter,3.4,EM
P07822,7LB8_2,7LB8,Iron(3+)-hydroxamate-binding protein FhuD,3.4,EM
A0A6I8WFU2,6QPH_9,6QPH,PsaE,3.4,X-ray
P47985,5XTE_3,5XTE,"Cytochrome b-c1 complex subunit Rieske, mitochondrial",3.4,EM
P03620,6A7F_1,6A7F,major coat protein p8,3.4,EM
A1E9J0,7EW6_2,7EW6,Photosystem I P700 chlorophyll a apoprotein A2,3.4,EM
Q63664,7MIT_1,7MIT,ATP-sensitive inward rectifier potassium channel 8,3.4,EM
P31930,5XTE_11,5XTE,"Cytochrome b-c1 complex subunit 1, mitochondrial",3.4,EM
F2DAN8,7EW6_14,7EW6,"Chlorophyll a-b binding protein, chloroplastic",3.4,EM
P75742,4Q65_1,4Q65,Dipeptide permease D,3.4,X-ray
A0A6I8WFU0,6QPH_4,6QPH,Lhc4,3.4,X-ray
P23993,7EW6_11,7EW6,"Photosystem I reaction center subunit XI, chloroplastic",3.4,EM
O15455,7C76_1,7C76,Toll-like receptor 3,3.4,EM
P38405,8IW1_1,8IW1,"Guanine nucleotide-binding protein G(i) subunit alpha-1,Guanine nucleotide-binding protein G(olf) subunit alpha",3.4,EM
P38631,7XE4_1,7XE4,"1,3-beta-glucan synthase component FKS1",3.4,EM
Q8NHX9,6NQ2_1,6NQ2,Two pore calcium channel protein 2,3.4,EM
Q8NCM2,7YIE_1,7YIE,Potassium voltage-gated channel subfamily H member 5,3.4,EM
P00156,5XTE_9,5XTE,Cytochrome b,3.4,EM
Q9H1C4,7C76_2,7C76,Protein unc-93 homolog B1,3.4,EM
P69051,1UAZ_1,1UAZ,archaerhodopsin-1,3.4,X-ray
Q13635,6RMG_1,6RMG,"Protein patched homolog 1,GFP-like fluorescent chromoprotein FP506, related",3.4,EM
Q869C3,5X61_1,5X61,Acetylcholinesterase,3.4,X-ray
G4CRQ5,5L26_1,5L26,Nucleoside permease,3.4,X-ray
P69416,7EW6_3,7EW6,Photosystem I iron-sulfur center,3.4,EM
P32839,6SH3_1,6SH3,Mitochondrial chaperone BCS1,3.4,EM
P34712,4F4C_1,4F4C,Multidrug resistance protein pgp-1,3.4,X-ray
P49802,7SHF_1,7SHF,Isoform 2 of Regulator of G-protein signaling 7,3.4,EM
Q9LVM1,7N58_1,7N58,"ABC transporter B family member 25, mitochondrial",3.4,EM
Q9X1H2,6Y86_1,6Y86,Membrane protein insertase YidC,3.4,X-ray
A5FJE2,6BTM_6,6BTM,Alternative Complex III subunit F,3.4,EM
A5FJF1,6BTM_1,6BTM,Alternative Complex III subunit A,3.4,EM
P14927,5XTE_6,5XTE,Cytochrome b-c1 complex subunit 7,3.4,EM
Q9NUT2,5OCH_5,5OCH,"ATP-binding cassette sub-family B member 8, mitochondrial",3.4,X-ray
A5FJF3,6BTM_3,6BTM,Alternative Complex III subunit C,3.4,EM
Q9H228,7EW1_5,7EW1,Sphingosine 1-phosphate receptor 5,3.4,EM
P13165,7EW6_8,7EW6,Photosystem I reaction center subunit VIII,3.4,EM
Q9NRA2,8DWI_1,8DWI,Sialin,3.4,EM
Q5F651,7OMM_1,7OMM,LPS-assembly protein LptD,3.4,EM
Q5F9V6,7OMM_2,7OMM,LPS-assembly lipoprotein LptE,3.4,EM
P62881,7SHF_2,7SHF,Guanine nucleotide-binding protein subunit beta-5,3.4,EM
Q9NP58,7DNY_1,7DNY,"ATP-binding cassette sub-family B member 6, mitochondrial",3.4,EM
Q61115,7K65_1,7K65,Protein patched homolog 1,3.4,EM
O00180,3UKM_1,3UKM,Potassium channel subfamily K member 1,3.4,X-ray
O15554,6CNM_1,6CNM,Intermediate conductance calcium-activated potassium channel protein 4,3.4,EM
Q6RVG2,7RTM_1,7RTM,Electroneutral sodium bicarbonate exchanger 1,3.4,EM
O32591,7RI4_1,7RI4,EspPbeta9-12,3.4,EM
P20143,7EW6_7,7EW6,"Photosystem I reaction center subunit VI, chloroplastic",3.4,EM
E1BM79,6R3Q_1,6R3Q,Adenylate cyclase 9,3.4,EM
Q1G7W0,6FNP_1,6FNP,Membrane protein,3.4,X-ray
P60881,3HD7_4,3HD7,Synaptosomal-associated protein 25,3.4,X-ray
A1E9J1,7EW6_1,7EW6,Photosystem I P700 chlorophyll a apoprotein A1,3.4,EM
Q16611,7K02_1,7K02,Bcl-2 homologous antagonist/killer,3.4,X-ray
Q9UPY5,7EPZ_2,7EPZ,Cystine/glutamate transporter,3.4,EM
Q43485,7EW6_13,7EW6,"Chlorophyll a-b binding protein, chloroplastic",3.4,EM
P36213,7EW6_4,7EW6,"Photosystem I reaction center subunit II, chloroplastic",3.4,EM
P13194,7EW6_5,7EW6,"Photosystem I reaction center subunit IV, chloroplastic",3.4,EM
A1E9L0,7EW6_9,7EW6,Photosystem I reaction center subunit IX,3.4,EM
Q9UDW1,5XTE_4,5XTE,Cytochrome b-c1 complex subunit 9,3.4,EM
F0NG73,8CWM_1,8CWM,Flagellin,3.4,EM
P08574,5XTE_8,5XTE,"Cytochrome c1, heme protein, mitochondrial",3.4,EM
Q9H0Q3,8D3V_3,8D3V,FXYD domain-containing ion transport regulator 6,3.4,EM
Q8TMG0,4A2N_1,4A2N,ISOPRENYLCYSTEINE CARBOXYL METHYLTRANSFERASE,3.4,X-ray
G0S196,6LCR_1,6LCR,Phospholipid-transporting ATPase,3.4,EM
G0SDN0,6LCR_2,6LCR,Cdc50,3.4,EM
Q9X1B7,4Q2G_1,4Q2G,Phosphatidate cytidylyltransferase,3.4,X-ray
A5FJF5,6BTM_5,6BTM,Alternative Complex III subunit E,3.4,EM
A5FJF4,6BTM_4,6BTM,Alternative Complex III subunit D,3.4,EM
G0LWX8,7DEG_2,7DEG,Cytochrome oxidase subunit IIa,3.4,EM
P36886,7EW6_10,7EW6,"Photosystem I reaction center subunit psaK, chloroplastic",3.4,EM
Q03135,7SC0_1,7SC0,Caveolin-1,3.4,EM
P13637,8D3V_1,8D3V,Sodium/potassium-transporting ATPase subunit alpha-3,3.4,EM
P13192,7EW6_6,7EW6,"Photosystem I reaction center subunit III, chloroplastic",3.4,EM
P43004,7XR6_1,7XR6,Excitatory amino acid transporter 2,3.4,EM
P07919,5XTE_5,5XTE,"Cytochrome b-c1 complex subunit 6, mitochondrial",3.4,EM
P06972,7LB8_1,7LB8,Iron(3+)-hydroxamate import system permease protein FhuB,3.4,EM
P07821,7LB8_3,7LB8,Iron(3+)-hydroxamate import ATP-binding protein FhuC,3.4,EM
A0A157T322,6W8X_1,6W8X,pilin,3.4,EM
Q8IWT6,8DXN_1,8DXN,"Volume-regulated anion channel subunit LRRC8C,Volume-regulated anion channel subunit LRRC8A",3.4,EM
Q32ZE1,7JYI_2,7JYI,M protein,3.4,EM
O67122,8GQY_1,8GQY,Motility protein A,3.4,EM
O67937,7DEG_1,7DEG,Cytochrome c oxidase subunit I,3.4,EM
B7UCZ6,7FBS_1,7FBS,"Sodium channel protein type 5 subunit alpha,Sodium channel protein type 5 subunit alpha,Sodium channel protein type 5 subunit alpha,G protein/GFP fusion protein",3.4,EM
Q9Y3Q4,6GYO_1,6GYO,Potassium/sodium hyperpolarization-activated cyclic nucleotide-gated channel 4,3.4,EM
P23818,7LDD_1,7LDD,Glutamate receptor 1,3.4,EM
A0A1V9IL35,6YSF_1,6YSF,Chemotaxis motB protein,3.4,EM
P08212,3V3C_1,3V3C,"ATP synthase subunit c, chloroplastic",3.402,X-ray
Q3HKN0,5H36_1,5H36,Uncharacterized protein TRIC,3.409,X-ray
Q09427,7TYS_2,7TYS,ATP-binding cassette sub-family C member 8,3.41,EM
P70673,7TYS_1,7TYS,ATP-sensitive inward rectifier potassium channel 11,3.41,EM
Q04641,8AXL_1,8AXL,Outer membrane protein MxiD,3.42,EM
Q8E919,7KZZ_1,7KZZ,Cadmium and zinc efflux pump FieF,3.42,EM
A8J264,7D0J_15,7D0J,"Chlorophyll a-b binding protein, chloroplastic",3.42,EM
A0A401HBH5,8DFU_1,8DFU,Pilin protein,3.44,EM
Q96RD6,7XLB_1,7XLB,Pannexin-2,3.44,EM
A0A8V6WEB9,7ZDM_3,7ZDM,NADH:ubiquinone oxidoreductase core subunit S1,3.44,EM
Q06058,7RSL_1,7RSL,Seipin,3.45,EM
Q9JK62,6WLV_1,6WLV,Potassium channel TASK2,3.45,EM
O15245,8ET8_1,8ET8,OCT1,3.45,EM
Q0Z852,6PW5_1,6PW5,TRP-like ion channel,3.45,EM
Q3U2S8,3WKV_1,3WKV,Ion channel,3.453,X-ray
Q8R6L9,3T9N_1,3T9N,Small-conductance mechanosensitive channel,3.456,X-ray
Q03723,7OCI_3,7OCI,Dolichyl-diphosphooligosaccharide--protein glycosyltransferase subunit OST6,3.46,EM
A0A452EI29,7ZDH_42,7ZDH,NADH:ubiquinone oxidoreductase subunit A6,3.46,EM
P49286,7VH0_1,7VH0,Melatonin receptor type 1B,3.46,EM
A0A4Z2BWB0,7JI3_1,7JI3,Proton-activated chloride channel,3.46,EM
E2JF22,7WLT_1,7WLT,Piezo-type mechanosensitive ion channel component 1,3.46,EM
Q9HVV6,5X5Y_1,5X5Y,Probable ATP-binding component of ABC transporter,3.465,X-ray
Q9HXH5,5X5Y_2,5X5Y,Uncharacterized protein,3.465,X-ray
Q9HXH4,5X5Y_3,5X5Y,Uncharacterized protein,3.465,X-ray
A0A1G7HYD7,5X41_3,5X41,Uncharacterized protein CbiQ,3.47,X-ray
P31602,5XAS_1,5XAS,Citrate-sodium symporter,3.47,X-ray
A0A0Q0R232,5X41_2,5X41,Cobalt transport protein CbiM,3.47,X-ray
Q9KRU4,7PHP_1,7PHP,Multidrug resistance protein NorM,3.47,EM
A0A1G7HZ57,5X41_1,5X41,Cobalt ABC transporter ATP-binding protein,3.47,X-ray
P72712,6NWA_12,6NWA,Photosystem I reaction center subunit PsaK 1,3.48,EM
Q55274,6NWA_11,6NWA,Iron stress-induced chlorophyll-binding protein,3.48,EM
A0A4V8H005,6IGZ_3,6IGZ,PsaC,3.49,EM
Q72GL2,6XXE_1,6XXE,Uncharacterized protein,3.49,EM
A0A4V8H009,6IGZ_8,6IGZ,PsaH,3.49,EM
A0A0D6E2L8,6IGZ_21,6IGZ,Photosystem I reaction center subunit XII,3.49,EM
A0A4V8GZZ9,6IGZ_16,6IGZ,Lhca-b,3.49,EM
A0A4V8H003,6IGZ_2,6IGZ,PsaB,3.49,EM
A0A4V8H007,6IGZ_5,6IGZ,PsaE,3.49,EM
A0A4V8GZZ5,6IGZ_12,6IGZ,PsaL,3.49,EM
A0A4V8GZZ2,6IGZ_1,6IGZ,PsaA,3.49,EM
A0A4V8H010,6IGZ_9,6IGZ,PsaI,3.49,EM
A0A4V8GZZ3,6IGZ_10,6IGZ,PsaJ,3.49,EM
A0A4V8GZZ4,6IGZ_11,6IGZ,PsaK,3.49,EM
P46059,7PMX_1,7PMX,Solute carrier family 15 member 1,3.5,EM
P17255,7TMR_1,7TMR,H(+)-transporting two-sector ATPase,3.5,EM
U6KL66,6AJ5_1,6AJ5,"Dihydroorotate dehydrogenase (quinone), mitochondrial",3.5,X-ray
Q6C338,5FL7_3,5FL7,"ATP SYNTHASE SUBUNIT GAMMA CHAIN, MITOCHONDRIAL",3.5,X-ray
K9IWA3,7U8O_13,7U8O,ATPase H+ transporting accessory protein 1,3.5,EM
P04843,6S7T_5,6S7T,Dolichyl-diphosphooligosaccharide--protein glycosyltransferase subunit 1,3.5,EM
P04844,6S7T_6,6S7T,Dolichyl-diphosphooligosaccharide--protein glycosyltransferase subunit 2,3.5,EM
A0A287AJK1,7U8O_18,7U8O,ATPase H(+)-transporting lysosomal accessory protein 2,3.5,EM
Q9BT56,7XJL_1,7XJL,spexin,3.5,EM
A0A480L8C4,7U8O_16,7U8O,Ribonuclease kappa,3.5,EM
A0A480L444,7U8O_12,7U8O,V-type proton ATPase 21 kDa proteolipid subunit isoform 1,3.5,EM
P46977,6S7O_1,6S7O,Dolichyl-diphosphooligosaccharide--protein glycosyltransferase subunit STT3A,3.5,EM
O06967,7OW8_1,7OW8,Multidrug resistance ABC transporter ATP-binding/permease protein BmrA,3.5,EM
Q582T1,8APG_13,8APG,ATPTB11,3.5,EM
A5U127,2OAR_1,2OAR,Large-conductance mechanosensitive channel,3.5,X-ray
P0A1L3,6R6B_1,6R6B,Surface presentation of antigens protein SpaP,3.5,EM
A0A4X1U843,7U8O_15,7U8O,V-type proton ATPase subunit,3.5,EM
A0A4X1U3K4,7U8O_11,7U8O,V-type proton ATPase subunit a,3.5,EM
Q585K5,8APG_4,8APG,subunit-8,3.5,EM
Q58584,4Y7K_1,4Y7K,"Large conductance mechanosensitive channel protein,Riboflavin synthase",3.5,X-ray
P19456,5KSD_1,5KSD,"ATPase 2, plasma membrane-type",3.5,X-ray
Q586H1,8APG_18,8APG,"ATP synthase, epsilon chain, putative",3.5,EM
P0A1M4,6R6B_3,6R6B,Surface presentation of antigens protein SpaQ,3.5,EM
Q8N695,7SL9_1,7SL9,Sodium-coupled monocarboxylate transporter 1,3.5,EM
P61165,6S7T_3,6S7T,Transmembrane protein 258,3.5,EM
Q9NRP0,6S7O_8,6S7O,Oligosaccharyltransferase complex subunit OSTC,3.5,EM
Q5I6C7,6H3I_1,6H3I,Protein involved in gliding motility SprA,3.5,EM
Q5SJ23,6PL5_2,6PL5,Penicillin-binding protein 2/cell division protein FtsI,3.5,X-ray
A5FJM7,6H3I_3,6H3I,PorV,3.5,EM
G0S7G9,7OP8_1,7OP8,Cation-transporting ATPase,3.5,EM
O95342,6LR0_1,6LR0,Bile salt export pump,3.5,EM
P61803,6S7T_4,6S7T,Dolichyl-diphosphooligosaccharide--protein glycosyltransferase subunit DAD1,3.5,EM
Q9GPE9,8APG_25,8APG,"ATP synthase subunit beta, mitochondrial",3.5,EM
O32080,4J7C_1,4J7C,Ktr system potassium uptake protein A,3.5,X-ray
P48836,7TMR_4,7TMR,V-type proton ATPase subunit G,3.5,EM
A0A4X1VUN6,7U8O_17,7U8O,V-type proton ATPase proteolipid subunit,3.5,EM
C9ZLR9,8APG_15,8APG,subunit-b,3.5,EM
A0A161CM65,8APG_23,8APG,ATP synthase gamma subunit,3.5,EM
C8WJ67,7QIA_1,7QIA,Divalent metal cation transporter,3.5,EM
D0A5R7,8APG_11,8APG,ATPTB6,3.5,EM
O32081,4J7C_2,4J7C,Ktr system potassium uptake protein B,3.5,X-ray
Q9TVC1,7U8O_9,7U8O,V-type proton ATPase subunit H,3.5,EM
P0A1M6,6R6B_2,6R6B,Surface presentation of antigens protein SpaR,3.5,EM
Q48GF5,6S3R_1,6S3R,Flagellar biosynthetic protein FliP,3.5,EM
Q29048,7U8O_1,7U8O,V-type proton ATPase catalytic subunit A,3.5,EM
P32610,7TMR_5,7TMR,V-type proton ATPase subunit D,3.5,EM
P69411,7V8L_2,7V8L,Outer membrane lipoprotein RcsF,3.5,EM
P69333,5WB2_1,5WB2,"Envelope protein US28, nanobody 7 fusion protein",3.5,X-ray
Q63372,3BIW_2,3BIW,Neurexin-1-beta,3.5,X-ray
Q63424,7NQK_1,7NQK,Solute carrier family 15 member 2,3.5,EM
Q9DA75,7N98_1,7N98,Sodium-dependent lysophosphatidylcholine symporter 1,3.5,EM
Q62765,3BIW_1,3BIW,Neuroligin-1,3.5,X-ray
P31442,2GFP_1,2GFP,Multidrug resistance protein D,3.5,X-ray
O78752,6TT7_11,6TT7,ATP synthase subunit a,3.5,EM
O78751,6TT7_14,6TT7,ATP synthase protein 8,3.5,EM
Q8NEU8,4H8S_1,4H8S,DCC-interacting protein 13-beta,3.5,X-ray
I1J9K0,7W6K_1,7W6K,GmALMT12/QUAC1,3.5,EM
P31412,7TMR_7,7TMR,V-type proton ATPase subunit C,3.5,EM
Q12200,6R4L_1,6R4L,NPC intracellular cholesterol transporter 1-related protein 1,3.5,X-ray
Q12879,7EU7_2,7EU7,"Glutamate receptor ionotropic, NMDA 2A",3.5,EM
Q14165,6S7T_9,6S7T,Malectin,3.5,EM
L7NUA2,7D5K_1,7D5K,Cellulose synthase,3.5,EM
Q9HVW2,7CH9_2,7CH9,Probable permease of ABC transporter,3.5,EM
C6KEI3,2XI1_2,2XI1,NEF,3.5,X-ray
P24499,8APG_3,8APG,ATP synthase subunit a,3.5,EM
P0DPG3,8APG_19,8APG,"ATP synthase subunit epsilon, mitochondrial",3.5,EM
P0DPG4,8APG_20,8APG,"ATP synthase subunit p18, mitochondrial",3.5,EM
P10145,6LFM_4,6LFM,Interleukin-8,3.5,EM
P23415,4X5T_1,4X5T,"Proton-gated ion channel,GLRA1 protein,GLRA1 protein",3.5,X-ray
Q689G3,3G7T_1,3G7T,Envelope protein,3.5,X-ray
F7IVA8,7PGF_1,7PGF,Ion transporter,3.5,X-ray
O67305,4B4A_1,4B4A,SEC-INDEPENDENT PROTEIN TRANSLOCASE PROTEIN TATC,3.5,X-ray
Q8TCJ2,6S7T_1,6S7T,Dolichyl-diphosphooligosaccharide--protein glycosyltransferase subunit STT3B,3.5,EM
Q9H0U3,6S7T_8,6S7T,Magnesium transporter protein 1,3.5,EM
P16140,7TMR_2,7TMR,Vacuolar proton pump subunit B,3.5,EM
E9Q401,7VMP_1,7VMP,Ryanodine receptor 2,3.5,EM
P27915,1UZG_1,1UZG,MAJOR ENVELOPE PROTEIN E,3.5,X-ray
Q6T3U3,6V3H_1,6V3H,NPC1-like intracellular cholesterol transporter 1,3.5,EM
P0C6T2,6S7T_2,6S7T,Dolichyl-diphosphooligosaccharide--protein glycosyltransferase subunit 4,3.5,EM
Q6C326,5FL7_1,5FL7,ATP SYNTHASE SUBUNIT ALPHA,3.5,X-ray
Q48GF6,6S3R_3,6S3R,Flagellar biosynthetic protein FliQ,3.5,EM
P28612,6YSL_2,6YSL,Motility protein B,3.5,EM
P0ADZ7,2RDD_2,2RDD,UPF0092 membrane protein yajC,3.5,X-ray
Q6CFT7,5FL7_2,5FL7,ATP SYNTHASE SUBUNIT BETA,3.5,X-ray
Q60362,4CZB_2,4CZB,NA(+)/H(+) ANTIPORTER 1,3.5,X-ray
Q9GS23,8APG_24,8APG,"ATP synthase subunit alpha, mitochondrial",3.5,EM
P9WQI9,6TQF_1,6TQF,ABC transporter ATP-binding protein/permease,3.5,EM
P28611,6YSL_1,6YSL,Motility protein A,3.5,EM
P18962,3KL4_2,3KL4,Signal peptide of yeast dipeptidyl aminopeptidase B,3.5,X-ray
P22203,7TMR_3,7TMR,V-type proton ATPase subunit E,3.5,EM
B0FAQ4,6C70_1,6C70,Odorant receptor,3.5,EM
P39656,6S7T_7,6S7T,Dolichyl-diphosphooligosaccharide--protein glycosyltransferase 48 kDa subunit,3.5,EM
Q6C877,5FL7_4,5FL7,"ATP SYNTHASE DELTA CHAIN, MITOCHONDRIAL",3.5,X-ray
P17605,6TT7_10,6TT7,"ATP synthase F(0) complex subunit C1, mitochondrial",3.5,EM
P17792,8EXH_1,8EXH,Protein virB2,3.5,EM
P41807,7TMR_8,7TMR,V-type proton ATPase subunit H,3.5,EM
A3KDM5,7DQK_1,7DQK,Protein DETOXIFICATION,3.5,X-ray
P51788,7XJA_1,7XJA,Chloride channel protein 2,3.5,EM
Q38AG1,8APG_21,8APG,OSCP,3.5,EM
Q38C84,8APG_22,8APG,"ATPase subunit 9, putative",3.5,EM
Q3TH73,7RTT_1,7RTT,Protein tweety homolog 2,3.5,EM
Q37695,5FL7_6,5FL7,"ATP SYNTHASE SUBUNIT 9, MITOCHONDRIAL",3.5,X-ray
Q38CI8,8APG_6,8APG,ATPTB1,3.5,EM
Q2YQ73,7ZO9_1,7ZO9,Beta-(1-->2)glucan export ATP-binding/permease protein NdvA,3.5,EM
P40748,3HN8_1,3HN8,Synaptotagmin-3,3.5,X-ray
Q57904,5C8J_3,5C8J,Protein MJ0480,3.502,X-ray
P0CB20,4U5B_2,4U5B,Con-ikot-ikot,3.5037,X-ray
A0A803VFM3,8E4Q_1,8E4Q,Transient receptor potential cation channel subfamily M member 8,3.51,EM
P0CY47,1ZRT_1,1ZRT,Cytochrome b,3.51,X-ray
P0CY48,1ZRT_3,1ZRT,Ubiquinol-cytochrome c reductase iron-sulfur subunit,3.51,X-ray
P0CY49,1ZRT_2,1ZRT,Cytochrome c1,3.51,X-ray
P31644,6A96_3,6A96,"Gamma-aminobutyric acid receptor subunit alpha-5,Gamma-aminobutyric acid receptor subunit alpha-5",3.51,EM
Q9XEA1,6JPF_1,6JPF,Protein OSCA1,3.52,EM
A3DD30,1WZX_1,1WZX,COG3291: FOG: PKD repeat,3.52,X-ray
Q03NM0,4HZU_4,4HZU,Predicted membrane protein,3.53,X-ray
P54826,7RHQ_3,7RHQ,Growth arrest-specific protein 1,3.53,EM
O07550,7M33_1,7M33,Probable multidrug resistance ABC transporter ATP-binding/permease protein YheI,3.55,EM
E0A9E1,5VKQ_1,5VKQ,No mechanoreceptor potential C isoform L,3.55,EM
Q2KJ85,7VAE_1,7VAE,"Solute carrier family 10 (Sodium/bile acid cotransporter family), member 1",3.55,EM
Q0PBE4,5LQ3_1,5LQ3,CmeB,3.55,X-ray
O07549,7M33_2,7M33,Probable multidrug resistance ABC transporter ATP-binding/permease protein YheH,3.55,EM
Q9YBM8,4OD5_1,4OD5,4-hydroxybenzoate octaprenyltransferase,3.557,X-ray
Q7VHG9,7S9Y_1,7S9Y,Cytochrome c biogenesis protein,3.56,EM
P35818,5WLN_1,5WLN,Type II secretion system protein D,3.57,EM
Q8GXJ4,7LZH_1,7LZH,Glutamate receptor 3.4,3.57,EM
P9WQ35,7YZK_1,7YZK,Adenylate cyclase,3.57,EM
Q94AQ8,7WFF_9,7WFF,"Photosynthetic NDH subunit of subcomplex B 2, chloroplastic",3.59,EM
Q9LU21,7WFF_10,7WFF,"Photosynthetic NDH subunit of subcomplex B 3, chloroplastic",3.59,EM
P26289,7WFF_5,7WFF,"NAD(P)H-quinone oxidoreductase subunit 4L, chloroplastic",3.59,EM
P26288,7WFF_4,7WFF,"NAD(P)H-quinone oxidoreductase chain 4, chloroplastic",3.59,EM
P56752,7WFF_6,7WFF,"NAD(P)H-quinone oxidoreductase subunit 5, chloroplastic",3.59,EM
B3H6Z4,7WFF_11,7WFF,NDH dependent flow 6,3.59,EM
P56751,7WFF_3,7WFF,"NAD(P)H-quinone oxidoreductase subunit 3, chloroplastic",3.59,EM
A0A1B1W4Z4,7WFF_2,7WFF,"NAD(P)H-quinone oxidoreductase subunit 2, chloroplastic",3.59,EM
O80634,7WFF_13,7WFF,"Photosynthetic NDH subunit of lumenal location 1, chloroplastic",3.59,EM
P0AFY6,7P34_1,7P34,Peptide antibiotic transporter SbmA,3.59,EM
Q37165,7WFF_1,7WFF,"NAD(P)H-quinone oxidoreductase subunit 1, chloroplastic",3.59,EM
Q9SGH4,7WFF_15,7WFF,"Photosynthetic NDH subunit of lumenal location 3, chloroplastic",3.59,EM
Q9SCY3,7WFF_16,7WFF,"Photosynthetic NDH subunit of lumenal location 4, chloroplastic",3.59,EM
Q9ASS6,7WFF_17,7WFF,"Isoform 2 of Photosynthetic NDH subunit of lumenal location 5, chloroplastic",3.59,EM
Q9XI73,7WFF_14,7WFF,"Photosynthetic NDH subunit of lumenal location 2, chloroplastic",3.59,EM
Q95695,7WFF_7,7WFF,"NAD(P)H-quinone oxidoreductase subunit 6, chloroplastic",3.59,EM
A0A1I2KHB9,8SBB_1,8SBB,Alkane 1-monooxygenase,3.59,EM
Q9FG89,7WFF_12,7WFF,"Photosynthetic NDH subunit of subcomplex B 5, chloroplastic",3.59,EM
Q9S9N6,7WFF_8,7WFF,"Photosynthetic NDH subunit of subcomplex B 1, chloroplastic",3.59,EM
O14678,6JBJ_1,6JBJ,ATP-binding cassette sub-family D member 4,3.6,EM
P40700,7AGX_1,7AGX,Surface presentation of antigens protein SpaP,3.6,EM
P40701,7AGX_2,7AGX,Surface presentation of antigens protein SpaR,3.6,EM
E5QVT2,3P5N_1,3P5N,Riboflavin uptake protein,3.6,X-ray
P40939,6DV2_2,6DV2,"Trifunctional enzyme subunit alpha, mitochondrial",3.6,X-ray
P55084,6DV2_1,6DV2,"Trifunctional enzyme subunit beta, mitochondrial",3.6,X-ray
P00856,6B2Z_2,6B2Z,ATP synthase protein 8,3.6,EM
P00854,6B2Z_3,6B2Z,ATP synthase subunit a,3.6,EM
P00395,5Z62_1,5Z62,Cytochrome c oxidase subunit 1,3.6,EM
Q9U3N4,5H1R_1,5H1R,Innexin-6,3.6,EM
P01239,3JC2_3,3JC2,Prolactin,3.6,EM
P38606,7U4T_12,7U4T,V-type proton ATPase catalytic subunit A,3.6,EM
P00403,5Z62_2,5Z62,Cytochrome c oxidase subunit 2,3.6,EM
P0A1L7,7AGX_3,7AGX,Surface presentation of antigens protein SpaQ,3.6,EM
Q8NA29,7OIX_2,7OIX,Isoform 2 of Sodium-dependent lysophosphatidylcholine symporter 1,3.6,EM
P00414,5Z62_3,5Z62,Cytochrome c oxidase subunit 3,3.6,EM
P60508,7OIX_1,7OIX,Syncytin-2,3.6,EM
P36543,7U4T_3,7U4T,V-type proton ATPase subunit E 1,3.6,EM
P35105,7ZE8_1,7ZE8,Light-harvesting protein,3.6,EM
P09669,5Z62_9,5Z62,Cytochrome c oxidase subunit 6C,3.6,EM
P35672,5TCQ_1,5TCQ,Protein InvG,3.6,EM
Q9Z0G9,6AKE_1,6AKE,Claudin-3,3.6,X-ray
A0A0H2WZS4,7D5Q_1,7D5Q,"Drug transporter, putative",3.6,X-ray
Q8IZY2,8EDW_1,8EDW,Phospholipid-transporting ATPase ABCA7,3.6,EM
P34956,6KOB_1,6KOB,AA3-600 quinol oxidase subunit I,3.6,X-ray
P34957,6KOB_2,6KOB,Quinol oxidase subunit 2,3.6,X-ray
P34958,6KOB_3,6KOB,AA3-600 quinol oxidase subunit IIII,3.6,X-ray
P61316,7ARM_5,7ARM,Outer-membrane lipoprotein carrier protein,3.6,EM
P81451,6B2Z_10,6B2Z,"ATP synthase subunit k, mitochondrial",3.6,EM
P81450,6B2Z_9,6B2Z,"ATP synthase subunit j, mitochondrial",3.6,EM
Q9Y5K8,7U4T_15,7U4T,V-type proton ATPase subunit D,3.6,EM
P34959,6KOB_4,6KOB,"AA3-600 quinol oxidase subunit IV,Quinol oxidase subunit 4",3.6,X-ray
P20674,5Z62_5,5Z62,"Cytochrome c oxidase subunit 5A, mitochondrial",3.6,EM
Q65FG2,6WPY_1,6WPY,BlEst2,3.6,X-ray
P12074,5Z62_7,5Z62,"Cytochrome c oxidase subunit 6A1, mitochondrial",3.6,EM
A9A677,3S0X_1,3S0X,"Peptidase A24B, FlaK domain protein",3.6,X-ray
P30902,6B2Z_5,6B2Z,"ATP synthase subunit d, mitochondrial",3.6,EM
P30659,6M1H_2,6M1H,Maxadilan,3.6,EM
Q9UI12,7U4T_17,7U4T,V-type proton ATPase subunit H,3.6,EM
P98161,6A70_2,6A70,Polycystin-1,3.6,EM
P24311,5Z62_11,5Z62,"Cytochrome c oxidase subunit 7B, mitochondrial",3.6,EM
Q06405,6B2Z_7,6B2Z,"ATP synthase subunit f, mitochondrial",3.6,EM
O75348,7U4T_4,7U4T,V-type proton ATPase subunit G 1,3.6,EM
P05626,6B2Z_4,6B2Z,ATP synthase subunit b,3.6,EM
P10211,5V2S_1,5V2S,Envelope glycoprotein B,3.6,X-ray
P10606,5Z62_6,5Z62,"Cytochrome c oxidase subunit 5B, mitochondrial",3.6,EM
P10176,5Z62_13,5Z62,"Cytochrome c oxidase subunit 8A, mitochondrial",3.6,EM
Q6P9B6,7U4T_18,7U4T,MTOR-associated protein MEAK7,3.6,EM
Q6CZE3,8C0E_1,8C0E,ECA polysaccharide chain length modulation protein,3.6,EM
P23416,5BKF_1,5BKF,Glycine receptor subunit alpha-2,3.6,EM
P15954,5Z62_12,5Z62,"Cytochrome c oxidase subunit 7C, mitochondrial",3.6,EM
Q2JJF6,3KP9_1,3KP9,VKORC1/thioredoxin domain protein,3.6,X-ray
P14854,5Z62_8,5Z62,Cytochrome c oxidase subunit 6B1,3.6,EM
Q9HAS3,6KSW_1,6KSW,Solute carrier family 28 member 3,3.6,EM
Q2FWX0,6XJH_1,6XJH,Phenol-soluble modulin export ABC transporter permease subunit PmtD,3.6,EM
P14406,5Z62_10,5Z62,"Cytochrome c oxidase subunit 7A2, mitochondrial",3.6,EM
Q18593,6LMV_1,6LMV,Calcium homeostasis modulator protein,3.6,EM
Q16864,7U4T_16,7U4T,V-type proton ATPase subunit F,3.6,EM
A0A1L8F5J9,5UN1_1,5UN1,N-methyl-D-aspartate receptor subunit NR1-3a,3.6,X-ray
A7XY94,5UN1_2,5UN1,Ionotropic glutamate receptor subunit NR2B,3.6,X-ray
O00483,5Z62_14,5Z62,Cytochrome c oxidase subunit NDUFA4,3.6,EM
P13073,5Z62_4,5Z62,"Cytochrome c oxidase subunit 4 isoform 1, mitochondrial",3.6,EM
P21283,7U4T_2,7U4T,V-type proton ATPase subunit C 1,3.6,EM
P21281,7U4T_13,7U4T,"V-type proton ATPase subunit B, brain isoform",3.6,EM
T2GB49,5XMJ_1,5XMJ,fumarate reductase flavoprotein subunit,3.6,X-ray
T2GAT5,5XMJ_3,5XMJ,fumarate reductase respiratory complex,3.6,X-ray
O15244,8ET9_1,8ET9,OCT2,3.61,EM
P32876,6ZBB_2,6ZBB,"ATP synthase F(0) complex subunit C1, mitochondrial",3.61,EM
Q96F81,7E2G_1,7E2G,"Protein dispatched homolog 1,Protein dispatched homolog 1",3.61,EM
Q8TDD5,6AYF_1,6AYF,Mucolipin-3,3.62,EM
Q6PCB8,7YR5_1,7YR5,Embigin,3.63,EM
E6K399,8GI1_1,8GI1,Accessory protein Csx28,3.65,EM
A0A0F7J7J8,6R69_3,6R69,Flagellar biosynthetic protein FliQ,3.65,EM
Q9WVL3,6UKN_1,6UKN,Solute carrier family 12 member 7,3.65,EM
P83698,1P7B_1,1P7B,integral membrane channel and cytosolic domains,3.65,X-ray
G5QE81,6R69_1,6R69,Flagellar biosynthetic protein FliP,3.65,EM
Q13255,7DGE_1,7DGE,Metabotropic glutamate receptor 1,3.65,EM
Q5GH54,7P14_1,7P14,XK-related protein,3.66,EM
K3YRE7,8ONT_1,8ONT,NRAMP related aluminium transporter,3.66,EM
Q63472,6PBY_1,6PBY,Potassium voltage-gated channel subfamily H member 1,3.67,EM
Q14832,7WIH_1,7WIH,Metabotropic glutamate receptor 3,3.68,EM
A0A0Y0GRS3,7X2Q_1,7X2Q,Sugiol synthase,3.68,X-ray
P03923,5XTD_36,5XTD,NADH-ubiquinone oxidoreductase chain 6,3.7,EM
P03915,5XTD_35,5XTD,NADH-ubiquinone oxidoreductase chain 5,3.7,EM
A0A097J792,5X33_1,5X33,"LTB4 receptor,Lysozyme,LTB4 receptor",3.7,X-ray
A0A097J809,6E67_1,6E67,"Beta-2 adrenergic receptor,Endolysin,Guanine nucleotide-binding protein G(s) subunit alpha isoforms short,Beta-2 adrenergic receptor chimera",3.7,X-ray
S5U4U1,7B0N_11,7B0N,NADH-ubiquinone oxidoreductase chain 4L,3.7,EM
P03905,5XTD_40,5XTD,NADH-ubiquinone oxidoreductase chain 4,3.7,EM
Q8U0Z8,6CFW_11,6CFW,Probable membrane-bound hydrogenase subunit mbhJ,3.7,EM
Q8U104,6CFW_3,6CFW,MBH subunit,3.7,EM
A0A371CB65,7B0N_25,7B0N,Complex I-B14.7,3.7,EM
A0A371C0F2,7B0N_37,7B0N,Subunit NB2M of NADH:Ubiquinone Oxidoreductase (Complex I),3.7,EM
A0A371C2D0,7B0N_24,7B0N,Subunit NUPM of NADH:Ubiquinone Oxidoreductase (Complex I),3.7,EM
A0A371C5F3,7B0N_22,7B0N,Subunit NUFM of NADH:Ubiquinone Oxidoreductase (Complex I),3.7,EM
Q9Y6M9,5XTD_39,5XTD,NADH dehydrogenase [ubiquinone] 1 beta subcomplex subunit 9,3.7,EM
Q9Y6K0,8GYX_1,8GYX,Choline/ethanolaminephosphotransferase 1,3.7,EM
O96000,5XTD_27,5XTD,NADH dehydrogenase [ubiquinone] 1 beta subcomplex subunit 10,3.7,EM
S4Z232,7EU3_11,7EU3,"NAD(P)H-quinone oxidoreductase subunit K, chloroplastic",3.7,EM
O95178,5XTD_22,5XTD,"NADH dehydrogenase [ubiquinone] 1 beta subcomplex subunit 2, mitochondrial",3.7,EM
O95167,5XTD_19,5XTD,NADH dehydrogenase [ubiquinone] 1 alpha subcomplex subunit 3,3.7,EM
O98691,7EU3_8,7EU3,"NAD(P)H-quinone oxidoreductase subunit H, chloroplastic",3.7,EM
O98692,7EU3_9,7EU3,"NAD(P)H-quinone oxidoreductase subunit I, chloroplastic",3.7,EM
Q9Y5J7,7CGP_4,7CGP,Mitochondrial import inner membrane translocase subunit Tim9,3.7,EM
O98693,7EU3_7,7EU3,"NAD(P)H-quinone oxidoreductase subunit 6, chloroplastic",3.7,EM
Q9Y5U4,6M49_1,6M49,Insulin-induced gene 2 protein,3.7,EM
O95139,5XTD_25,5XTD,NADH dehydrogenase [ubiquinone] 1 beta subcomplex subunit 6,3.7,EM
O95298,5XTD_30,5XTD,NADH dehydrogenase [ubiquinone] 1 subunit C2,3.7,EM
O95182,5XTD_8,5XTD,NADH dehydrogenase [ubiquinone] 1 alpha subcomplex subunit 7,3.7,EM
O95168,5XTD_38,5XTD,NADH dehydrogenase [ubiquinone] 1 beta subcomplex subunit 4,3.7,EM
O95169,5XTD_26,5XTD,"NADH dehydrogenase [ubiquinone] 1 beta subcomplex subunit 8, mitochondrial",3.7,EM
O95299,5XTD_44,5XTD,"NADH dehydrogenase [ubiquinone] 1 alpha subcomplex subunit 10, mitochondrial",3.7,EM
Q86Y39,5XTD_20,5XTD,NADH dehydrogenase [ubiquinone] 1 alpha subcomplex subunit 11,3.7,EM
Q9BSF4,7CGP_3,7CGP,Mitochondrial import inner membrane translocase subunit Tim29,3.7,EM
P0A855,7NST_3,7NST,Tol-Pal system protein TolB,3.7,EM
O50330,7OIU_2,7OIU,TrwK protein,3.7,EM
O50335,7OIU_3,7OIU,TrwG protein,3.7,EM
O43674,5XTD_24,5XTD,"NADH dehydrogenase [ubiquinone] 1 beta subcomplex subunit 5, mitochondrial",3.7,EM
Q9Y584,7CGP_1,7CGP,Mitochondrial import inner membrane translocase subunit Tim22,3.7,EM
Q7S4I4,6DT0_1,6DT0,Mitochondrial calcium uniporter,3.7,EM
Q9Y5J6,7CGP_6,7CGP,Mitochondrial import inner membrane translocase subunit Tim10 B,3.7,EM
O75251,5XTD_3,5XTD,"NADH dehydrogenase [ubiquinone] iron-sulfur protein 7, mitochondrial",3.7,EM
Q7GT16,7EU3_10,7EU3,NAD(P)H-quinone oxidoreductase subunit J,3.7,EM
O75438,5XTD_37,5XTD,NADH dehydrogenase [ubiquinone] 1 beta subcomplex subunit 1,3.7,EM
P0CC72,7EU3_2,7EU3,"NAD(P)H-quinone oxidoreductase subunit 2, chloroplastic",3.7,EM
O75306,5XTD_16,5XTD,"NADH dehydrogenase [ubiquinone] iron-sulfur protein 2, mitochondrial",3.7,EM
O75380,5XTD_18,5XTD,"NADH dehydrogenase [ubiquinone] iron-sulfur protein 6, mitochondrial",3.7,EM
O75489,5XTD_15,5XTD,"NADH dehydrogenase [ubiquinone] iron-sulfur protein 3, mitochondrial",3.7,EM
O34741,7TCH_1,7TCH,Bacitracin export permease protein BceB,3.7,EM
Q9UUU2,7B0N_6,7B0N,Subunit NUBM of NADH:Ubiquinone Oxidoreductase (Complex I),3.7,EM
O43181,5XTD_11,5XTD,"NADH dehydrogenase [ubiquinone] iron-sulfur protein 4, mitochondrial",3.7,EM
P19404,5XTD_14,5XTD,"NADH dehydrogenase [ubiquinone] flavoprotein 2, mitochondrial",3.7,EM
P17568,5XTD_43,5XTD,NADH dehydrogenase [ubiquinone] 1 beta subcomplex subunit 7,3.7,EM
A0A7T7JN26,7EU3_6,7EU3,NAD(P)H-quinone oxidoreductase subunit F,3.7,EM
O43676,5XTD_23,5XTD,NADH dehydrogenase [ubiquinone] 1 beta subcomplex subunit 3,3.7,EM
O43677,5XTD_29,5XTD,"NADH dehydrogenase [ubiquinone] 1 subunit C1, mitochondrial",3.7,EM
O43678,5XTD_5,5XTD,NADH dehydrogenase [ubiquinone] 1 alpha subcomplex subunit 2,3.7,EM
O43920,5XTD_31,5XTD,NADH dehydrogenase [ubiquinone] iron-sulfur protein 5,3.7,EM
O50329,7OIU_1,7OIU,TrwM protein,3.7,EM
P17787,6CNJ_2,6CNJ,Neuronal acetylcholine receptor subunit beta-2,3.7,EM
Q6ZY24,7B0N_39,7B0N,Subunit NB5M of NADH:Ubiquinone Oxidoreductase (Complex I),3.7,EM
O03060,7EU3_4,7EU3,"NAD(P)H-quinone oxidoreductase chain 4, chloroplastic",3.7,EM
O00217,5XTD_2,5XTD,"NADH dehydrogenase [ubiquinone] iron-sulfur protein 8, mitochondrial",3.7,EM
P23942,7ZW1_1,7ZW1,Peripherin-2,3.7,EM
P15319,6CD2_1,6CD2,Chaperone protein PapD,3.7,X-ray
O15239,5XTD_17,5XTD,NADH dehydrogenase [ubiquinone] 1 alpha subcomplex subunit 1,3.7,EM
O14561,5XTD_6,5XTD,"Acyl carrier protein, mitochondrial",3.7,EM
A5FJ36,6H3J_3,6H3J,Plug,3.7,EM
P62072,7CGP_5,7CGP,Mitochondrial import inner membrane translocase subunit Tim10,3.7,EM
Q9P0J0,5XTD_21,5XTD,NADH dehydrogenase [ubiquinone] 1 alpha subcomplex subunit 13,3.7,EM
P51970,5XTD_42,5XTD,NADH dehydrogenase [ubiquinone] 1 alpha subcomplex subunit 8,3.7,EM
P49821,5XTD_1,5XTD,"NADH dehydrogenase [ubiquinone] flavoprotein 1, mitochondrial",3.7,EM
F2CTW7,7EU3_17,7EU3,Photosynthetic NDH subunit of subcomplex L2,3.7,EM
I6U847,6CFW_4,6CFW,MBH subunit,3.7,EM
I6U851,6CFW_14,6CFW,NADH-plastoquinone oxidoreductase subunit,3.7,EM
I6UQL1,6CFW_9,6CFW,Monovalent cation/H+ antiporter subunit G,3.7,EM
I6UQL5,6CFW_1,6CFW,Monovalent cation/H+ antiporter subunit D,3.7,EM
I6UQM0,6CFW_5,6CFW,Mbh13 NADH dehydrogenase subunit,3.7,EM
I6UZT7,6CFW_10,6CFW,Monovalent cation/H+ antiporter subunit F,3.7,EM
I6UZU1,6CFW_2,6CFW,Monovalent cation/H+ antiporter subunit C,3.7,EM
I6V287,6CFW_8,6CFW,MBH subunit,3.7,EM
Q9ET38,3X29_1,3X29,Claudin-19,3.7,X-ray
Q9FF53,6QIM_1,6QIM,Probable aquaporin PIP2-4,3.7,X-ray
P31780,6I1X_1,6I1X,Type II secretion system protein D,3.7,EM
I6TXN1,6CFW_7,6CFW,Monovalent cation/H+ antiporter subunit E,3.7,EM
I6TXN5,6CFW_6,6CFW,Monovalent cation/H+ antiporter subunit B,3.7,EM
P29992,7TRY_3,7TRY,Guanine nucleotide-binding protein subunit alpha-11,3.7,EM
Q9UI09,5XTD_13,5XTD,NADH dehydrogenase [ubiquinone] 1 alpha subcomplex subunit 12,3.7,EM
P28331,5XTD_12,5XTD,"NADH-ubiquinone oxidoreductase 75 kDa subunit, mitochondrial",3.7,EM
A0QQ39,6LAR_1,6LAR,ESX-3 secretion system ATPase EccB3,3.7,EM
A0QQ40,6LAR_3,6LAR,ESX-3 secretion system protein EccC3,3.7,EM
F2DWH9,7EU3_25,7EU3,Photosynthetic NDH subunit of subcomplex B5,3.7,EM
A0QQ46,6LAR_2,6LAR,ESX-3 secretion system protein EccD3,3.7,EM
A0QQ48,6LAR_4,6LAR,ESX-3 secretion system protein EccE3,3.7,EM
P42027,7A23_23,7A23,PSST,3.7,EM
A0A161CFW5,8AP9_1,8AP9,ATP synthase gamma subunit,3.7,EM
F2D138,7EU3_13,7EU3,NAD(P)H-quinone oxidoreductase subunit M,3.7,EM
F6SG69,7S8U_1,7S8U,Solute carrier family 15 member 1,3.7,EM
P43681,6CNJ_1,6CNJ,Neuronal acetylcholine receptor subunit alpha-4,3.7,EM
Q9M9B4,7A23_34,7A23,PDSW,3.7,EM
P69378,7EU3_5,7EU3,"NAD(P)H-quinone oxidoreductase subunit 4L, chloroplastic",3.7,EM
A0A1D8ND94,7B0N_38,7B0N,Subunit NIAM of NADH:Ubiquinone Oxidoreductase (Complex I),3.7,EM
A0A1D8NDL1,7B0N_40,7B0N,Subunit NI2M of NADH:Ubiquinone Oxidoreductase (Complex I),3.7,EM
A0A1D8NKB4,7B0N_15,7B0N,Subunit NUXM of NADH:Ubiquinone Oxidoreductase (Complex I),3.7,EM
A0A1D8NJR0,7B0N_28,7B0N,subunit NI9M of protein NADH:Ubiquinone Oxidoreductase (Complex I),3.7,EM
F2CUR7,7EU3_12,7EU3,NAD(P)H-quinone oxidoreductase subunit L,3.7,EM
Q9FMV1,7A23_31,7A23,CAL1,3.7,EM
A0A1D8N3C8,7B0N_23,7B0N,Subunit NB4M of protein NADH:Ubiquinone Oxidoreductase (Complex I),3.7,EM
Q9FX83,7A23_24,7A23,TYKY,3.7,EM
Q53H12,7CGP_2,7CGP,"Acylglycerol kinase, mitochondrial",3.7,EM
P56556,5XTD_4,5XTD,NADH dehydrogenase [ubiquinone] 1 alpha subcomplex subunit 6,3.7,EM
A0A1D8N596,7B0N_42,7B0N,Subunit NIDM of NADH:Ubiquinone Oxidoreductase (Complex I),3.7,EM
P56181,5XTD_10,5XTD,"NADH dehydrogenase [ubiquinone] flavoprotein 3, mitochondrial",3.7,EM
A0A1D8N5V2,7B0N_32,7B0N,Subunit N7BM of NADH:Ubiquinone Oxidoreductase (Complex I),3.7,EM
Q9NX14,5XTD_28,5XTD,"NADH dehydrogenase [ubiquinone] 1 beta subcomplex subunit 11, mitochondrial",3.7,EM
Q9M9R9,7A23_44,7A23,B12-1,3.7,EM
P92432,7EU3_1,7EU3,"NAD(P)H-quinone oxidoreductase subunit 1, chloroplastic",3.7,EM
Q47450,6CD2_2,6CD2,PapGII adhesin protein,3.7,X-ray
A1E9J6,7EU3_3,7EU3,"NAD(P)H-quinone oxidoreductase subunit 3, chloroplastic",3.7,EM
A0A1D8NNZ0,7B0N_31,7B0N,Subunit NIPM of NADH:Ubiquinone Oxidoreductase (Complex I),3.7,EM
P70057,5VMS_1,5VMS,Potassium voltage-gated channel subfamily KQT member 1,3.7,EM
Q16795,5XTD_9,5XTD,"NADH dehydrogenase [ubiquinone] 1 alpha subcomplex subunit 9, mitochondrial",3.7,EM
Q8U0Z6,6CFW_13,6CFW,Membrane-bound hydrogenase subunit alpha,3.7,EM
Q16718,5XTD_7,5XTD,NADH dehydrogenase [ubiquinone] 1 alpha subcomplex subunit 5,3.7,EM
Q03395,7ZW1_2,7ZW1,Rod outer segment membrane protein 1,3.7,EM
Q07307,5I6C_1,5I6C,Uric acid-xanthine permease,3.7,X-ray
A0A1H6PPE5,7B0N_26,7B0N,GRIM-19,3.7,EM
A0A1H6PKH9,7B0N_41,7B0N,Subunit NB8M of NADH:Ubiquinone Oxidoreductase (Complex I),3.7,EM
A0A1H6PJS3,7B0N_19,7B0N,Subunit NI8M of NADH:Ubiquinone Oxidoreductase (Complex I),3.7,EM
A0A1D8NC63,7B0N_27,7B0N,NADH dehydrogenase [ubiquinone] 1 alpha subcomplex subunit 1,3.7,EM
A0A1D8N7X0,7B0N_17,7B0N,Subunit NUYM of NADH:Ubiquinone Oxidoreductase (Complex I),3.7,EM
P03897,5XTD_33,5XTD,NADH-ubiquinone oxidoreductase chain 3,3.7,EM
P03901,5XTD_34,5XTD,NADH-ubiquinone oxidoreductase chain 4L,3.7,EM
S5U4R9,7B0N_14,7B0N,NADH dehydrogenase subunit 2,3.7,EM
S5TMS4,7B0N_1,7B0N,NADH-ubiquinone oxidoreductase chain 3,3.7,EM
S5U3V2,7B0N_8,7B0N,NADH-ubiquinone oxidoreductase chain 1,3.7,EM
S5U3X7,7B0N_10,7B0N,NADH-ubiquinone oxidoreductase chain 6,3.7,EM
P03886,5XTD_41,5XTD,NADH-ubiquinone oxidoreductase chain 1,3.7,EM
P03891,5XTD_32,5XTD,NADH-ubiquinone oxidoreductase chain 2,3.7,EM
Q12809,5VA1_1,5VA1,Potassium voltage-gated channel subfamily H member 2,3.7,EM
S5TMP9,7B0N_13,7B0N,NADH-ubiquinone oxidoreductase chain 4,3.7,EM
A8DS70,6O2N_1,6O2N,ADP-ribosyltransferase binding component,3.7,EM
Q12770,6M49_2,6M49,"Sterol regulatory element-binding protein cleavage-activating protein,Sterol regulatory element-binding protein cleavage-activating protein",3.7,EM
S5TF58,7B0N_12,7B0N,NADH-ubiquinone oxidoreductase chain 5,3.7,EM
Q8U0Z7,6CFW_12,6CFW,Membrane-bound hydrogenase subunit beta,3.7,EM
W8L932,6Q53_2,6Q53,Light-harvesting protein B:800-850 subunit beta,3.701,X-ray
A0A5S8WF94,6Q53_1,6Q53,light-harvesting protein subunit alpha,3.701,X-ray
Q14957,8E93_2,8E93,"Glutamate receptor ionotropic, NMDA 2C",3.71,EM
Q1LCD8,4K0E_1,4K0E,Heavy metal cation tricomponent efflux pump ZneA(CzcA-like),3.713,X-ray
O82238,7AR7_29,7AR7,NADH dehydrogenase [ubiquinone] iron-sulfur protein 5-A,3.72,EM
Q5XHB4,7Y5H_1,7Y5H,Zinc transporter 8,3.72,EM
P50443,7XLM_1,7XLM,Sulfate transporter,3.73,EM
A0A0H2UQH5,7PAF_2,7PAF,LicB protein,3.75,EM
Q98SW5,6D32_1,6D32,"Smoothened,Soluble cytochrome b562,Smoothened",3.751,X-ray
A0A0H3KP92,5KHS_1,5KHS,Putative RND superfamily efflux pump membrane protein,3.758,X-ray
Q8QFV0,5U76_1,5U76,Potassium channel subfamily T member 1,3.76,EM
E1B792,5TQQ_1,5TQQ,Chloride channel protein,3.76,EM
P28222,6G79_4,6G79,5-hydroxytryptamine receptor 1B,3.78,EM
P19573,7QBA_4,7QBA,Nitrous-oxide reductase,3.78,EM
P04578,7AEJ_1,7AEJ,"Envelope glycoprotein gp160,Envelope glycoprotein gp160",3.8,X-ray
Q12349,6CP3_10,6CP3,"ATP synthase subunit H, mitochondrial",3.8,EM
Q9HW00,8BH1_1,8BH1,Probable peptidoglycan glycosyltransferase FtsW,3.8,EM
Q9HVZ6,8BH1_4,8BH1,Cell division protein FtsL,3.8,EM
P09457,6CP3_2,6CP3,"ATP synthase subunit 5, mitochondrial",3.8,EM
Q9HXZ6,8BH1_5,8BH1,Cell division protein FtsB,3.8,EM
P08190,4J3O_1,4J3O,Protein FimG,3.8,X-ray
Q9BUN8,7CZB_1,7CZB,Derlin-1,3.8,EM
P0C247,3J5Q_2,3J5Q,Kappa-theraphotoxin-Cg1a 1,3.8,EM
P08189,4J3O_4,4J3O,Protein FimF,3.8,X-ray
Q8CD54,6KG7_1,6KG7,Piezo-type mechanosensitive ion channel component 2,3.8,EM
Q74D23,6VK9_1,6VK9,Geopilin domain 1 protein,3.8,EM
A0A1S3TZB2,7JRP_12,7JRP,Cytochrome c oxidase subunit 2,3.8,EM
Q16348,7PMY_1,7PMY,Solute carrier family 15 member 2,3.8,EM
P11151,6U7M_1,6U7M,Lipoprotein lipase,3.8,EM
O60669,7BP3_1,7BP3,Monocarboxylate transporter 2,3.8,EM
P21306,6CP3_7,6CP3,"ATP synthase subunit epsilon, mitochondrial",3.8,EM
P15391,7JIC_1,7JIC,B-lymphocyte antigen CD19,3.8,EM
P18508,6DW0_1,6DW0,Gamma-aminobutyric acid receptor subunit gamma-2,3.8,EM
P18357,8EXR_1,8EXR,Beta-lactam sensor/signal transducer BlaR1,3.8,EM
Q74D22,6VK9_2,6VK9,Geopilin domain 2 protein,3.8,EM
A0A1S3TUX2,7JRP_19,7JRP,COX7a,3.8,EM
P15431,6DW0_3,6DW0,"Gamma-aminobutyric acid receptor subunit beta-1,Gamma-aminobutyric acid receptor subunit beta-1",3.8,EM
A1CWT6,6D7W_1,6D7W,Mitochondrial calcium uniporter,3.8,EM
Q9SU56,7A24_33,7A24,GLDH,3.8,EM
Q5Y388,7WCO_3,7WCO,Capsid protein,3.8,EM
A0A1S3V319,7JRP_18,7JRP,Cytochrome c oxidase subunit 5C,3.8,EM
G3XDA7,8BH1_3,8BH1,Cell division protein FtsQ,3.8,EM
P41783,6PEP_7,6PEP,Protein PrgH,3.8,EM
P41594,7FD8_1,7FD8,Metabotropic glutamate receptor 5,3.8,EM
G3XD46,8BH1_2,8BH1,"Peptidoglycan D,D-transpeptidase FtsI",3.8,EM
A0A1S3V7C2,7JRP_20,7JRP,COX7c,3.8,EM
B3LH69,7TMT_1,7TMT,H(+)-transporting two-sector ATPase,3.8,EM
C6K2K4,7F57_2,7F57,Neuropilin and tolloid-like protein 2,3.8,EM
D6QZ20,7ZEB_21,7ZEB,NADH dehydrogenase [ubiquinone] 1 beta subcomplex subunit 6,3.8,EM
A0A1S3UMA0,7JRP_16,7JRP,"cytochrome c oxidase subunit 6a, mitochondrial",3.8,EM
A4WH64,6W8U_1,6W8U,pilin,3.8,EM
A0A1S3TNX9,7JRP_14,7JRP,COX4,3.8,EM
A0A0E7XN74,7B0K_1,7B0K,Drug/metabolite transporter (DMT) superfamily permease,3.8,X-ray
Q96G97,6DS5_1,6DS5,Seipin,3.8,EM
Q91V14,7D14_1,7D14,Solute carrier family 12 member 5,3.8,EM
A0A097PBL3,7DR2_1,7DR2,Photosystem I P700 chlorophyll a apoprotein A1,3.8,EM
Q8IWU4,6XPD_1,6XPD,Zinc transporter 8,3.8,EM
P62813,6DW0_2,6DW0,"Gamma-aminobutyric acid receptor subunit alpha-1,Gamma-aminobutyric acid receptor subunit alpha-1",3.8,EM
P62532,7LHG_3,7LHG,Fimbrial adapter PapK,3.8,EM
P9WNP9,7NPR_3,7NPR,ESX-5 secretion system protein EccD5,3.82,EM
P9WNA5,7NPR_2,7NPR,ESX-5 secretion system protein EccC5,3.82,EM
O53945,7NPR_4,7NPR,Mycosin-5,3.82,EM
Q5JW98,6YTL_1,6YTL,Calcium homeostasis modulator protein 4,3.82,EM
P68806,3HZQ_1,3HZQ,Large-conductance mechanosensitive channel,3.82,X-ray
P9WNQ9,7NPR_1,7NPR,ESX-5 secretion system ATPase EccB5,3.82,EM
Q08749,6LO8_4,6LO8,Mitochondrial import inner membrane translocase subunit TIM18,3.83,EM
P47045,6LO8_2,6LO8,Mitochondrial import inner membrane translocase subunit TIM54,3.83,EM
P33421,6LO8_3,6LO8,"Succinate dehydrogenase [ubiquinone] cytochrome b subunit, mitochondrial",3.83,EM
P32830,6LO8_6,6LO8,Mitochondrial import inner membrane translocase subunit TIM12,3.83,EM
P87108,6LO8_7,6LO8,Mitochondrial import inner membrane translocase subunit TIM10,3.83,EM
O74700,6LO8_5,6LO8,Mitochondrial import inner membrane translocase subunit TIM9,3.83,EM
Q12328,6LO8_1,6LO8,Mitochondrial import inner membrane translocase subunit TIM22,3.83,EM
P77338,7UW5_1,7UW5,Mechanosensitive channel MscK,3.84,EM
A0A2X3II39,7EFO_1,7EFO,Lipopolysaccharide export system ATP-binding protein LptB,3.85,EM
Q9Z218,7W6T_3,7W6T,Dipeptidyl aminopeptidase-like protein 6,3.85,EM
A0A1Y0Q3P9,7EFO_2,7EFO,Lipopolysaccharide export system permease protein LptF,3.85,EM
A0A1Y0Q3C0,7EFO_3,7EFO,LPS export ABC transporter permease LptG,3.85,EM
Q8WWI5,7WWB_1,7WWB,Choline transporter-like protein 1,3.86,EM
M4NKV9,6OQ5_1,6OQ5,Toxin B,3.87,X-ray
O75908,7N6Q_1,7N6Q,Sterol O-acyltransferase 2,3.87,EM
D0MDD4,6F0K_1,6F0K,Cytochrome c family protein,3.87,EM
D0MDD6,6F0K_3,6F0K,Polysulphide reductase NrfD,3.87,EM
D0MDD7,6F0K_4,6F0K,ActD,3.87,EM
D0MDD9,6F0K_6,6F0K,ActF,3.87,EM
Q9LKC7,7EWK_14,7EWK,"Chlorophyll a-b binding protein, chloroplastic",3.88,EM
Q2V2S7,7WG5_41,7WG5,"NAD(P)H-quinone oxidoreductase subunit M, chloroplastic",3.89,EM
Q9CAC5,7WG5_40,7WG5,"NAD(P)H-quinone oxidoreductase subunit L, chloroplastic",3.89,EM
Q9LVM2,7WG5_42,7WG5,"NAD(P)H-quinone oxidoreductase subunit N, chloroplastic",3.89,EM
P56753,7WG5_36,7WG5,"NAD(P)H-quinone oxidoreductase subunit H, chloroplastic",3.89,EM
P56754,7WG5_38,7WG5,"NAD(P)H-quinone oxidoreductase subunit J, chloroplastic",3.89,EM
P56755,7WG5_37,7WG5,"NAD(P)H-quinone oxidoreductase subunit I, chloroplastic",3.89,EM
P56756,7WG5_39,7WG5,"NAD(P)H-quinone oxidoreductase subunit K, chloroplastic",3.89,EM
A0A178WB24,7WG5_43,7WG5,NdhO,3.89,EM
A0A1B1W4Z0,7WG5_22,7WG5,"NAD(P)H-quinone oxidoreductase chain 4, chloroplastic",3.89,EM
P09732,4FG0_1,4FG0,Polyprotein,3.899,X-ray
V9JN72,5XTH_34,5XTH,NADH-ubiquinone oxidoreductase chain 4L,3.9,EM
A0A1S3UYW0,6X89_25,6X89,NADH dehydrogenase [ubiquinone] 1 alpha subcomplex subunit 13-A,3.9,EM
A0A1S3UIW7,6X89_11,6X89,"NADH dehydrogenase [ubiquinone] iron-sulfur protein 4, mitochondrial",3.9,EM
P02748,6DLW_1,6DLW,Complement component C9,3.9,EM
A0A1S3TQ85,6X89_8,6X89,"NADH dehydrogenase [ubiquinone] iron-sulfur protein 1, mitochondrial",3.9,EM
Q9Y6R1,6CAA_1,6CAA,Electrogenic sodium bicarbonate cotransporter 1,3.9,EM
A0A1S3TCK0,6X89_23,6X89,uncharacterized protein LOC106754061,3.9,EM
A0A1S3TGE7,6X89_29,6X89,"Protein At2g27730, mitochondrial",3.9,EM
P62815,6VQ6_2,6VQ6,"V-type proton ATPase subunit B, brain isoform",3.9,EM
P62942,7EPD_1,7EPD,"Metabotropic glutamate receptor 2,Peptidylprolyl isomerase",3.9,EM
D3ZIM6,6VQ6_14,6VQ6,Ribonuclease K,3.9,EM
P63081,6VQ6_15,6VQ6,V-type proton ATPase 16 kDa proteolipid subunit,3.9,EM
P01730,6MEO_2,6MEO,T-cell surface glycoprotein CD4,3.9,EM
Q8HAX7,5XTH_36,5XTH,NADH-ubiquinone oxidoreductase chain 6,3.9,EM
P0AB58,7T6D_1,7T6D,Lipopolysaccharide assembly protein B,3.9,EM
P57764,6VFE_1,6VFE,"Gasdermin-D, N-terminal",3.9,EM
P63246,3J7R_83,3J7R,Ribosomal protein RACK1,3.9,EM
F1RAX4,5SY1_2,5SY1,STRA6,3.9,EM
Q84V02,7UWB_11,7UWB,"V-type proton ATPase subunit c""",3.9,EM
A0A4X1TV07,3J7R_47,3J7R,Sec61 alpha subunit,3.9,EM
Q5EB76,6VQ6_13,6VQ6,V-type proton ATPase subunit e 2,3.9,EM
Q03032,6IWW_2,6IWW,Probable oxaloacetate decarboxylase gamma chain,3.9,EM
B2RLE9,7SAT_2,7SAT,Por secretion system protein porL/gldL,3.9,EM
C3TPJ2,7OJF_2,7OJF,Outer membrane protein assembly factor BamA,3.9,EM
P42345,7EPD_2,7EPD,Isoform 3 of Metabotropic glutamate receptor 7,3.9,EM
Q9KX51,3CHX_3,3CHX,PmoC,3.9,X-ray
Q9KX50,3CHX_1,3CHX,PmoB,3.9,X-ray
P50408,6VQ6_6,6VQ6,V-type proton ATPase subunit F,3.9,EM
B9EE38,5XTH_33,5XTH,NADH-ubiquinone oxidoreductase chain 3,3.9,EM
Q5FVI6,6VQ6_3,6VQ6,V-type proton ATPase subunit C 1,3.9,EM
Q4GWZ2,3J7R_51,3J7R,Ribosomal protein uS2,3.9,EM
Q50541,3CHX_2,3CHX,PmoA,3.9,X-ray
P0DH92,7UWB_14,7UWB,V-type proton ATPase subunit c,3.9,EM
H9PGF0,5XTH_41,5XTH,NADH-ubiquinone oxidoreductase chain 1,3.9,EM
A0A1S3VNK7,6X89_7,6X89,NADH dehydrogenase [ubiquinone] 1 alpha subcomplex subunit 12,3.9,EM
A6TIG0,7JSV_1,7JSV,Pilin,3.9,EM
A0A1S3TU57,6X89_22,6X89,NADH dehydrogenase [ubiquinone] 1 alpha subcomplex subunit 1,3.9,EM
A0A1S3TVC7,6X89_2,6X89,NADH dehydrogenase [ubiquinone] 1 alpha subcomplex subunit 2,3.9,EM
Q05787,5V7V_1,5V7V,ERAD-associated E3 ubiquitin-protein ligase component HRD3,3.9,EM
A0A1S3W1K8,6X89_4,6X89,NADH dehydrogenase [ubiquinone] 1 alpha subcomplex subunit 6,3.9,EM
A0A1S3U023,6X89_3,6X89,"NADH dehydrogenase [ubiquinone] 1 alpha subcomplex subunit 5, mitochondrial",3.9,EM
Q6AXS4,6VQ8_16,6VQ8,Renin receptor,3.9,EM
A0A1S3VI15,6X89_31,6X89,NDUX1,3.9,EM
B0K022,6VQ8_10,6VQ8,"ATPase, H+ transporting, V0 subunit B (Predicted), isoform CRA_a",3.9,EM
Q08109,6VK1_1,6VK1,ERAD-associated E3 ubiquitin-protein ligase HRD1,3.9,EM
Q0Z8U2,3J7R_54,3J7R,Ribosomal protein uS3,3.9,EM
Q0P9C4,5NBD_1,5NBD,WlaB protein,3.9,X-ray
Q8ZRY4,6IWW_1,6IWW,Oxaloacetate decarboxylase beta chain,3.9,EM
Q8R2H0,6VQ6_7,6VQ6,V-type proton ATPase subunit G,3.9,EM
V4UBK8,7UWB_9,7UWB,V-type proton ATPase subunit a3,3.9,EM
A0A067F7P5,7UWB_13,7UWB,V-type proton ATPase subunit e1,3.9,EM
P25286,6VQ6_9,6VQ6,V-type proton ATPase 116 kDa subunit a isoform 1,3.9,EM
Q6PCU2,6VQ6_5,6VQ6,V-type proton ATPase subunit E 1,3.9,EM
Q6P503,6VQ8_4,6VQ8,ATPase H+-transporting V1 subunit D,3.9,EM
Q70145,6MEO_1,6MEO,Envelope glycoprotein gp160,3.9,EM
O54715,6VQ6_11,6VQ6,V-type proton ATPase subunit S1,3.9,EM
P24959,6Q9E_3,6Q9E,Cytochrome b,3.9,EM
A0A1S3V7V2,6X89_15,6X89,"NADH dehydrogenase [ubiquinone] flavoprotein 1, mitochondrial",3.9,EM
Q5EGM4,6YS8_2,6YS8,GldL,3.9,EM
Q5EGM3,6YS8_1,6YS8,GldM,3.9,EM
Q08DA1,4XE5_1,4XE5,Sodium/potassium-transporting ATPase subunit alpha-1,3.901,X-ray
G3MWR4,4XE5_2,4XE5,Sodium/potassium-transporting ATPase subunit beta,3.901,X-ray
Q04645,4XE5_3,4XE5,Sodium/potassium-transporting ATPase subunit gamma,3.901,X-ray
A9JTM7,6O84_1,6O84,"LOC100127796 protein,LOC100127796 protein,OTOP3,LOC100127796 protein,LOC100127796 protein",3.92,EM
A0A6I8WFL6,6JBH_1,6JBH,TarH,3.94,EM
A0A6I8WFL7,6JBH_2,6JBH,TarG,3.94,EM
Q9RNX2,4R1I_1,4R1I,Aminobenzoyl-glutamate transporter,3.959,X-ray
Q8BU91,6RTC_1,6RTC,"Solute carrier family 26 member 9,Solute carrier family 26 member 9",3.96,EM
Q03519,5U1D_2,5U1D,Antigen peptide transporter 2,3.97,EM
Q03518,5U1D_1,5U1D,Antigen peptide transporter 1,3.97,EM
A0A0B9X4I2,7MET_1,7MET,ATP-dependent lipid A-core flippase,3.97,EM
A1B8N8,5DN6_4,5DN6,ATP synthase subunit alpha,3.98,X-ray
A1B619,5DN6_12,5DN6,"ATP synthase subunit a,ATP synthase subunit a,ATP synthase subunit a,ATP synthase subunit a",3.98,X-ray
A1B618,5DN6_9,5DN6,ATP synthase F0 subcomplex C subunit,3.98,X-ray
A1B8N7,5DN6_7,5DN6,ATP synthase subunit delta,3.98,X-ray
A1B8N9,5DN6_6,5DN6,ATP synthase gamma chain,3.98,X-ray
A1B8P0,5DN6_5,5DN6,ATP synthase subunit beta,3.98,X-ray
A1B8P1,5DN6_8,5DN6,ATP synthase epsilon chain,3.98,X-ray
Q9H313,7P5J_1,7P5J,Protein tweety homolog 1,4.0,EM
F1SJ34,5GUP_64,5GUP,"Cytochrome c oxidase subunit 5A, mitochondrial",4.0,EM
A0A0B4J1U3,6MID_4,6MID,monoclonal antibody ZIKV-195 light chain,4.0,EM
P0ADC6,6MHU_2,6MHU,Lipopolysaccharide export system permease protein LptG,4.0,EM
P15530,8E4C_3,8E4C,B-cell antigen receptor complex-associated protein beta chain,4.0,EM
Q6LWP3,5Z1L_1,5Z1L,Flagellin,4.0,EM
Q6S3H9,2BG9_4,2BG9,"ACETYLCHOLINE RECEPTOR PROTEIN, GAMMA CHAIN",4.0,EM
Q1HBG9,5GUP_47,5GUP,Cytochrome b,4.0,EM
P29066,6U1N_2,6U1N,Beta-arrestin-1,4.0,EM
P28327,7MTB_1,7MTB,Rhodopsin kinase GRK1,4.0,EM
F1SDI2,5GUP_54,5GUP,Cytochrome b-c1 complex subunit 10,4.0,EM
I6UQN5,6U8Y_1,6U8Y,Monovalent cation/H+ antiporter subunit E,4.0,EM
I6V2A1,6U8Y_12,6U8Y,NADH dehydrogenase subunit,4.0,EM
I6UZW2,6U8Y_2,6U8Y,Monovalent cation/H+ antiporter subunit F,4.0,EM
V5YUQ0,7AJQ_2,7AJQ,Biopolymer transport protein ExbD,4.0,EM
A8AAA0,5KYH_1,5KYH,Iho670,4.0,EM
Q14831,7EPC_1,7EPC,Isoform 3 of Metabotropic glutamate receptor 7,4.0,EM
Q14833,7E9H_1,7E9H,Metabotropic glutamate receptor 4,4.0,EM
G8IFA6,5GUP_10,5GUP,"NADH dehydrogenase [ubiquinone] iron-sulfur protein 4, mitochondrial",4.0,EM
A0PK00,7F73_1,7F73,"MCherry fluorescent protein,Transmembrane protein 120B",4.0,EM
I6U860,6U8Y_5,6U8Y,Monovalent cation/H+ antiporter subunit B,4.0,EM
P11911,8E4C_2,8E4C,"B-cell antigen receptor complex-associated protein alpha chain,Yellow fluorescent protein",4.0,EM
I6V2A4,6U8Y_4,6U8Y,DUF4040 domain-containing protein,4.0,EM
Q6S3I0,2BG9_2,2BG9,"ACETYLCHOLINE RECEPTOR PROTEIN, BETA CHAIN",4.0,EM
Q6S3H8,2BG9_3,2BG9,"ACETYLCHOLINE RECEPTOR PROTEIN, DELTA CHAIN",4.0,EM
I6U853,6U8Y_13,6U8Y,NADH dehydrogenase subunit I,4.0,EM
Q9V3X4,6MLU_1,6MLU,Seipin,4.0,EM
V9HW68,6U1N_3,6U1N,Fab30 heavy chain,4.0,EM
F1SKM0,5GUP_45,5GUP,"Cytochrome b-c1 complex subunit 1, mitochondrial",4.0,EM
F1SL07,5GUP_12,5GUP,"NADH dehydrogenase [ubiquinone] 1 alpha subcomplex subunit 9, mitochondrial",4.0,EM
F1S3W0,5GUP_51,5GUP,"Cytochrome b-c1 complex subunit 6, mitochondrial",4.0,EM
F2DMH9,8DQK_1,8DQK,Cellulose synthase-like CslF6,4.0,EM
I6TXQ5,6U8Y_3,6U8Y,Monovalent cation/H+ antiporter subunit G,4.0,EM
I6TXQ1,6U8Y_8,6U8Y,NADH dehydrogenase subunit M,4.0,EM
A0A1L3MZ94,5XSY_2,5XSY,Voltage-gated sodium channel beta subunit 1,4.0,EM
P0AF98,6MHU_1,6MHU,Lipopolysaccharide export system permease protein LptF,4.0,EM
P0A9V1,6MHU_3,6MHU,Lipopolysaccharide export system ATP-binding protein LptB,4.0,EM
F1RRC9,5GUP_30,5GUP,"NADH dehydrogenase [ubiquinone] 1 subunit C1, mitochondrial",4.0,EM
A0A4X1UYT9,5GUP_50,5GUP,Cytochrome b-c1 complex subunit 8,4.0,EM
A0A4X1UIV8,5GUP_26,5GUP,NADH dehydrogenase [ubiquinone] 1 beta subcomplex subunit 6,4.0,EM
F1RNZ1,5GUP_55,5GUP,"Cytochrome b-c1 complex subunit Rieske transit peptide, mitochondrial",4.0,EM
P01872,8E4C_1,8E4C,Isoform 2 of Immunoglobulin heavy constant mu,4.0,EM
A0A4X1VBN1,5GUP_24,5GUP,NADH dehydrogenase [ubiquinone] 1 beta subcomplex subunit 3,4.0,EM
D0FY02,7PIW_8,7PIW,Photosystem II reaction center protein H,4.0,EM
D0FXW2,7PIW_10,7PIW,Photosystem II reaction center protein J,4.0,EM
D0FXW8,7PIW_5,7PIW,Photosystem II D2 protein,4.0,EM
P02719,5XSY_1,5XSY,Sodium channel protein,4.0,EM
P02711,2BG9_1,2BG9,"ACETYLCHOLINE RECEPTOR PROTEIN, ALPHA CHAIN",4.0,EM
Q2EN79,5GUP_52,5GUP,Cytochrome b-c1 complex subunit 9,4.0,EM
D3VB22,6GY6_1,6GY6,XaxA,4.0,EM
I6UQN0,6U8Y_6,6U8Y,Monovalent cation/H+ antiporter subunit C,4.0,EM
I6UZV7,6U8Y_7,6U8Y,NADH dehydrogenase subunit N,4.0,EM
Q9DBV4,6NK6_1,6NK6,Matrix remodeling-associated protein 8,4.06,EM
Q13224,7EU8_2,7EU8,"Glutamate receptor ionotropic, NMDA 2B",4.07,EM
A0A1B0GVW0,7UNF_15,7UNF,ATPase H(+)-transporting lysosomal accessory protein 2,4.08,EM
Q9HBG4,7UNF_1,7UNF,V-type proton ATPase 116 kDa subunit a 4,4.08,EM
P63211,7L0P_5,7L0P,Guanine nucleotide-binding protein G(T) subunit gamma-T1,4.1,EM
Q83XD0,5YQ7_7,5YQ7,Precursor for M subunits of photosynthetic reaction center,4.1,EM
Q83XD1,5YQ7_4,5YQ7,Alpha subunit of light-harvesting 1,4.1,EM
P63097,6K42_1,6K42,Guanine nucleotide-binding protein G(i) subunit alpha-1,4.1,EM
Q83XC9,5YQ7_3,5YQ7,Cytochrome subunit of photosynthetic reaction center,4.1,EM
M9UD72,6NAV_1,6NAV,M9UD72,4.1,EM
P26562,6HJQ_2,6HJQ,Hemagglutinin,4.1,EM
O15537,3JD6_1,3JD6,Retinoschisin,4.1,EM
U3JD03,6BPQ_1,6BPQ,Transient receptor potential cation channel subfamily M member 8,4.1,EM
Q83XD2,5YQ7_1,5YQ7,Beta subunit of light-harvesting 1,4.1,EM
G1SGD4,5VAI_1,5VAI,Uncharacterized protein,4.1,EM
P38307,6VK0_2,6VK0,Degradation in the endoplasmic reticulum protein 1,4.1,EM
A3MU74,8DFT_1,8DFT,Pilin protein,4.1,EM
Q03714,6VK0_1,6VK0,U1 SNP1-associating protein 1,4.1,EM
Q8VYR7,5L25_1,5L25,Boron transporter 1,4.11,X-ray
P0AA25,6GDG_1,6GDG,"TrxA,Adenosine receptor A2a",4.11,EM
Q9Y639,6A69_2,6A69,Neuroplastin,4.11,EM
P20020,6A69_1,6A69,Plasma membrane calcium-transporting ATPase 1,4.11,EM
E8QGV2,4HW9_1,4HW9,Mechanosensitive channel MscS,4.14,X-ray
Q8ILA1,6E10_3,6E10,Translocon component PTEX150,4.16,EM
Q8IIJ8,6E10_1,6E10,Heat shock protein 101,4.16,EM
Q8IKC8,6E10_2,6E10,Exported protein 2,4.16,EM
P64423,5N9Y_1,5N9Y,Zinc transport protein ZntB,4.2,EM
O88602,5WEO_1,5WEO,"Glutamate receptor 2,Voltage-dependent calcium channel gamma-2 subunit chimera",4.2,EM
P43007,7P4I_1,7P4I,Neutral amino acid transporter A,4.2,EM
Q9NYK1,7CYN_1,7CYN,Toll-like receptor 7,4.2,EM
P30990,6UP7_1,6UP7,ARG-ARG-PRO-TYR-ILE-LEU,4.2,EM
P49069,6SO5_3,6SO5,Calcium signal-modulating cyclophilin ligand,4.2,EM
Q8VGC3,3JBR_2,3JBR,Voltage-dependent L-type calcium channel subunit beta-2,4.2,EM
A0A0B4ZYM1,5O4U_1,5O4U,Flagellin,4.2,EM
O00258,6SO5_2,6SO5,Tail-anchored protein insertion receptor WRB,4.2,EM
P0ADV9,6MI7_4,6MI7,Lipopolysaccharide export system protein LptC,4.2,EM
Q837P5,7OCY_1,7OCY,ABC transporter ATP-binding protein,4.25,EM
Q837P4,7OCY_2,7OCY,ABC transporter ATP-binding protein,4.25,EM
A0A923J0P9,7ZC6_1,7ZC6,RnfA,4.27,EM
A0A923E755,7ZC6_2,7ZC6,RnfB,4.27,EM
A0A923J084,7ZC6_6,7ZC6,RnfG,4.27,EM
A0A923IZ11,7ZC6_3,7ZC6,RnfC,4.27,EM
A0A923IZB8,7ZC6_5,7ZC6,RnfE,4.27,EM
A0A923IYK2,7ZC6_4,7ZC6,RnfD,4.27,EM
P34750,6VE3_1,6VE3,Fimbrial assembly protein PilQ,4.3,EM
A0A0H3GIG3,6HCG_1,6HCG,Type II secretion system protein D,4.3,EM
O14775,7EWP_3,7EWP,Guanine nucleotide-binding protein subunit beta-5,4.3,EM
Q9I7A7,6VE2_2,6VE2,LysM domain-containing protein,4.3,EM
P63252,7ZDZ_1,7ZDZ,Inward rectifier potassium channel 2,4.3,EM
A0A0H3GMS7,6HCG_3,6HCG,Pectic enzymes secretion protein OutC,4.3,EM
Q7L1W4,6M04_1,6M04,Volume-regulated anion channel subunit LRRC8D,4.36,EM
C4T9I0,5IV9_1,5IV9,LPS-assembly protein LptD,4.369,X-ray
A0A0J4W1Y0,5IV9_2,5IV9,LPS-assembly lipoprotein LptE,4.369,X-ray
Q5R3K3,6YTV_1,6YTV,Calcium homeostasis modulator protein 6,4.39,EM
D3Z7H4,5WEL_1,5WEL,"Chimera of Glutamate receptor 2, Germ cell-specific gene 1-like protein",4.4,EM
A0A0P0CE34,7LIH_2,7LIH,E1 protein,4.4,EM
Q9XSW5,8D9N_1,8D9N,Anion exchange protein,4.4,EM
A0A0P0BWJ4,7LIH_3,7LIH,E2 protein,4.4,EM
Q8QZ72,7LIH_1,7LIH,Capsid protein,4.4,EM
P21825,7AFT_7,7AFT,"Translocation protein SEC62,Translocation protein SEC62",4.4,EM
Q13530,7RU6_1,7RU6,Serine incorporator 3,4.4,EM
E2QH56,6NZI_1,6NZI,Efflux pump membrane transporter,4.44,X-ray
Q99PJ1,6C14_1,6C14,Protocadherin-15,4.5,EM
S4YZ47,7F9O_3,7F9O,Photosystem I iron-sulfur center,4.5,EM
S4Z8N2,7F9O_19,7F9O,"NAD(P)H-quinone oxidoreductase chain 4, chloroplastic",4.5,EM
A0A218LNN1,7F9O_24,7F9O,"NAD(P)H-quinone oxidoreductase subunit I, chloroplastic",4.5,EM
P9WP45,8HCR_7,8HCR,Cytochrome c oxidase polypeptide 4,4.5,EM
P9WP71,8HCR_5,8HCR,Probable cytochrome c oxidase subunit 1,4.5,EM
P9WP69,8HCR_4,8HCR,CYTOCHROME AA3 SUBUNIT CtaC,4.5,EM
I6YDH3,8HCR_8,8HCR,CYTOCHROME AA3 SUBUNIT CtaJ,4.5,EM
P9WP67,8HCR_6,8HCR,Probable cytochrome c oxidase subunit 3,4.5,EM
Q9X1I9,3DIN_2,3DIN,Preprotein translocase subunit SecY,4.5,X-ray
B7ZSK1,5UOW_2,5UOW,N-methyl-D-aspartate receptor subunit NR2A,4.5,EM
F2D0D5,7F9O_42,7F9O,"Chlorophyll a-b binding protein, chloroplastic",4.5,EM
Q9X1R4,3DIN_1,3DIN,Protein translocase subunit secA,4.5,X-ray
P35874,3DIN_3,3DIN,Preprotein translocase subunit secE,4.5,X-ray
Q9I6X4,6VEJ_1,6VEJ,Probable Resistance-Nodulation-Cell Division (RND) efflux transporter,4.5,EM
Q4KL25,6C14_2,6C14,LHFPL tetraspan subfamily member 5 protein,4.5,EM
S4Z1L1,7F9O_18,7F9O,"NAD(P)H-quinone oxidoreductase subunit 3, chloroplastic",4.5,EM
S4Z268,7F9O_17,7F9O,"NAD(P)H-quinone oxidoreductase subunit 2, chloroplastic",4.5,EM
S4Z272,7F9O_23,7F9O,"NAD(P)H-quinone oxidoreductase subunit H, chloroplastic",4.5,EM
S4Z289,7F9O_2,7F9O,Photosystem I P700 chlorophyll a apoprotein A2,4.5,EM
S4Z1D9,7F9O_8,7F9O,Photosystem I reaction center subunit VIII,4.5,EM
S4Z1E9,7F9O_9,7F9O,Photosystem I reaction center subunit IX,4.5,EM
S4Z1I1,7F9O_20,7F9O,"NAD(P)H-quinone oxidoreductase subunit 4L, chloroplastic",4.5,EM
S4Z1K7,7F9O_1,7F9O,Photosystem I P700 chlorophyll a apoprotein A1,4.5,EM
P08100,6CMO_1,6CMO,chimera protein of Soluble cytochrome b562 and Rhodopsin,4.5,EM
A0A4Y5SEJ9,7F9O_22,7F9O,"NAD(P)H-quinone oxidoreductase subunit 6, chloroplastic",4.5,EM
P22756,7LVT_1,7LVT,"Isoform Glur5-2 of Glutamate receptor ionotropic, kainate 1",4.6,EM
Q8ZRA7,6Z12_1,6Z12,Efflux pump membrane transporter,4.6,EM
P32886,5YWP_1,5YWP,JEV E protein,4.6,EM
D3ZK93,5VHY_1,5VHY,"Glutamate receptor 2,Germ cell-specific gene 1-like protein",4.6,EM
P44543,7QE5_1,7QE5,Sialic acid TRAP transporter permease protein SiaT,4.7,EM
P86218,6FTJ_53,6FTJ,Oligosaccharyltransferase complex subunit OSTC,4.7,EM
E2RQ08,6FTJ_51,6FTJ,"Dolichyl-diphosphooligosaccharide--protein glycosyltransferase subunit 1,RPN1",4.7,EM
F1PJP5,6FTJ_55,6FTJ,Dolichyl-diphosphooligosaccharide--protein glycosyltransferase subunit STT3A,4.7,EM
P60467,6FTJ_50,6FTJ,Protein transport protein Sec61 subunit beta,4.7,EM
Q8NBN3,8CTJ_1,8CTJ,Transmembrane protein 87A,4.74,EM
Q02936,6TD6_2,6TD6,Protein hedgehog,4.76,EM
Q9C8G5,5Z1F_1,5Z1F,CSC1-like protein ERD4,4.8,EM
P61009,7P2Q_2,7P2Q,Signal peptidase complex subunit 3,4.9,EM
P07839,7WZN_16,7WZN,"Ferredoxin, chloroplastic",4.9,EM
Q9Y6A9,7P2Q_4,7P2Q,Signal peptidase complex subunit 1,4.9,EM
Q5TKG1,6OCE_1,6OCE,stress-gated cation channel 1.2,4.9,EM
Q15005,7P2Q_3,7P2Q,Signal peptidase complex subunit 2,4.9,EM
Q71RJ2,5VOT_2,5VOT,Voltage-dependent calcium channel gamma-2 subunit,4.9,EM
Q9BY50,7P2Q_1,7P2Q,Signal peptidase complex catalytic subunit SEC11C,4.9,EM
P67812,7P2P_1,7P2P,Signal peptidase complex catalytic subunit SEC11A,4.9,EM
D2KBQ2,6NK7_4,6NK7,E3 glycoprotein,4.99,EM
Q88628,6NK7_3,6NK7,Capsid protein,4.99,EM
P89946,2YEW_3,2YEW,E2 ENVELOPE GLYCOPROTEIN,5.0,EM
P03619,1IFK_1,1IFK,INOVIRUS,5.0,X-ray
Q00959,6MMR_2,6MMR,"Glutamate receptor ionotropic, NMDA 2A",5.13,EM
Q05389,6XKW_5,6XKW,Cytochrome c-type cyt cy,5.2,EM
D5ARP4,6XKW_1,6XKW,"Cytochrome c oxidase, Cbb3-type, subunit I",5.2,EM
D5ARP5,6XKW_2,6XKW,"Cytochrome c oxidase, Cbb3-type, subunit II",5.2,EM
D5ARP7,6XKW_3,6XKW,Cbb3-type cytochrome c oxidase subunit CcoP,5.2,EM
Q9SKI3,5MDX_15,5MDX,Photosystem II reaction center protein X,5.3,EM
Q9KQW9,3B5X_1,3B5X,Lipid A export ATP-binding/permease protein msbA,5.5,X-ray
P07358,6H04_3,6H04,Complement component C8 beta chain,5.6,EM
P07357,6H04_6,6H04,Complement component C8 alpha chain,5.6,EM
A0A1S4NYG1,5WUA_2,5WUA,SUR1,5.6,EM
P13671,6H04_7,6H04,Complement component C6,5.6,EM
P10643,6H04_4,6H04,Complement component C7,5.6,EM
P9WJN5,6CTD_1,6CTD,Large-conductance mechanosensitive channel,5.8,X-ray
P0AE07,5O66_2,5O66,Multidrug efflux pump subunit AcrA,5.9,EM
A0A1C7D1B8,5SV9_1,5SV9,Bor1p boron transporter,5.9,EM
P42264,7VM2_1,7VM2,"Glutamate receptor ionotropic, kainate 3",5.9,EM
A0A1I9GEU1,5KUA_1,5KUA,pilin,6.0,EM
A1JM51,6EL1_1,6EL1,YaxA,6.1,EM
Q460Z9,7TUK_1,7TUK,SAg protein,6.3,EM
Q7DD63,7MBZ_2,7MBZ,Lipoprotein,6.4,EM
A0A1W0WWK2,7FIF_1,7FIF,Protein dispatched-like protein 1,6.5,EM
P19492,6NJN_3,6NJN,Glutamate receptor 3,6.5,EM
P17400,7TUL_1,7TUL,Large envelope protein,6.5,EM
P0AE06,5NG5_1,5NG5,Multidrug efflux pump subunit AcrA,6.5,EM
P24391,5O8O_1,5O8O,Mitochondrial import receptor subunit tom40,6.8,EM
Q8X9Y5,4V6M_4,4V6M,Cell division protein FtsQ,7.1,EM
P09167,5JZT_1,5JZT,Aerolysin,7.4,EM
W8SZY2,7RI8_3,7RI8,Outer membrane protein assembly factor BamC,7.5,EM
C3SYV7,7RI8_4,7RI8,Outer membrane protein assembly factor BamD,7.5,EM
Q9UNL2,8B6L_7,8B6L,Translocon-associated protein subunit gamma,7.6,EM
P43308,8B6L_6,8B6L,Translocon-associated protein subunit beta,7.6,EM
P51571,8B6L_8,8B6L,Translocon-associated protein subunit delta,7.6,EM
P42187,7LHI_3,7LHI,Fimbrial protein,7.6,EM
P43307,8B6L_5,8B6L,Translocon-associated protein subunit alpha,7.6,EM
Q8X974,6GV9_1,6GV9,Prepilin peptidase-dependent protein D,8.0,EM
Q62640,6KSS_1,6KSS,"Glutamate receptor ionotropic, delta-1",8.1,EM
Q7M158,7TUW_2,7TUW,Light-harvesting protein B800-820 beta chain,8.2,EM
G0YP42,8EMA_2,8EMA,Anti-human Langerin 2G3 lambda chain,8.2,EM
Q7M119,7TUW_1,7TUW,Light-harvesting protein B800-820 alpha chain,8.2,EM
P52871,2WW9_3,2WW9,PROTEIN TRANSPORT PROTEIN SEB2,8.6,EM
P38353,2WW9_1,2WW9,SEC SIXTY-ONE PROTEIN HOMOLOG,8.6,EM
F5L478,4BGN_1,4BGN,VOLTAGE-GATED SODIUM CHANNEL,9.0,EM
P0AG99,3J45_3,3J45,Protein-export membrane protein SecG,9.5,EM
Q12518,5AHV_1,5AHV,ENTH DOMAIN OF EPSIN ENT1,13.6,EM
P33338,5AHV_2,5AHV,ANTH DOMAIN OF ENDOCYTIC ADAPTOR SLA2,13.6,EM
Q91R02,3IYW_1,3IYW,Envelope glycoprotein,13.7,EM
P0AG93,5MG3_5,5MG3,Protein translocase subunit SecF,14.0,EM
P0AG90,5MG3_4,5MG3,Protein translocase subunit SecD,14.0,EM
A0A023GYI2,2NB6_1,2NB6,Preproalbumin PawS1,,NMR
A0A023GYK7,2NB5_1,2NB5,Preproalbumin PawS1,,NMR
A0A059TFW7,2N1C_1,2N1C,Hemocyanin subunit L2,,NMR
A0A0A0V2B6,2NDN_1,2NDN,PawS1a Derived Peptide 20,,NMR
A0A0A0V662,5FZV_1,5FZV,Venom peptide U3-SYTX-Sth1a,,NMR
A0A0A0VBR5,5FZW_1,5FZW,Venom peptide U3-SYTX-Sth1h,,NMR
A0A0D8VEJ4,2MI2_1,2MI2,Sec-independent protein translocase protein TatB,,NMR
A0A0M3KKS4,2MP8_1,2MP8,NKR-5-3B,,NMR
A0A0S2KUN2,2N5Q_1,2N5Q,cysteine-rich peptide jS1,,NMR
A0A0U1U1Y3,7LSP_1,7LSP,D-Phenylseptin,,NMR
A0A0U2QEK1,6IHA_1,6IHA,SibaCec-A,,NMR
A0A1L6ZNG9,6O8J_1,6O8J,"Circular bacteriocin, circularin A/uberolysin family",,NMR
A0A2L0ART2,5X0S_1,5X0S,SsTx,,NMR
A0A2L1DGG0,6WQR_1,6WQR,HSTX-I,,NMR
A0A2P1GRC5,8B6X_1,8B6X,Envelope glycoprotein gp160,,NMR
A0A384E0Y8,5XA6_1,5XA6,BmKDfsin3,,NMR
A0A3G2WH77,6HN9_1,6HN9,Nicomicin-1,,NMR
A0A3G5BIB1,6PX8_1,6PX8,Venom polypeptide,,NMR
A0A3G5BIC2,6PX7_1,6PX7,Venom polypeptide,,NMR
A0A452CSQ9,6BA3_1,6BA3,U21-hexatoxin-Hi1a,,NMR
A0A493T764,7LZL_1,7LZL,Avian beta-defensin 3,,NMR
A0A5K4F6V0,7M73_1,7M73,Schistocin-2 antimicrobial peptide,,NMR
A0A9X9ZA81,8BGK_1,8BGK,Cg-BigDef5,,NMR
A0PGP7,2ML7_1,2ML7,Specific abundant protein 3,,NMR
A1JUB7,2LME_1,2LME,Adhesin yadA,,NMR
A4L7R8,7LNS_1,7LNS,Defensin-2,,NMR
A6YB85,2MXQ_1,2MXQ,Paneth cell-specific alpha-defensin 1,,NMR
A9QPL9,2LCY_1,2LCY,Virion spike glycoprotein,,NMR
A9XFZ7,2LN4_1,2LN4,Coprisin,,NMR
B0LX40,2MUV_1,2MUV,Matrix protein 2,,NMR
B0Y4B1,6GCJ_1,6GCJ,Hydrophobin,,NMR
B2KPN7,2JQC_1,2JQC,L-mr12,,NMR
B3EWR6,2L2R_1,2L2R,Antimicrobial peptide EcAMP1,,NMR
B3F051,2LJ7_1,2LJ7,Defensin Lc-def,,NMR
B3RFR8,2K35_1,2K35,hydramacin-1,,NMR
B5AKV3,2K1I_1,2K1I,Mucosal Alpha-Defensin,,NMR
B6ULW5,2LYE_1,2LYE,BTD-2,,NMR
B9T5G6,2MTM_1,2MTM,Putative uncharacterized protein,,NMR
C0HJU9,6CL3_1,6CL3,Toxin LyeTx 1,,NMR
C5IB03,7P4X_1,7P4X,Palustrin-Ca antimicrobial peptide,,NMR
C7G1H4,2MVI_1,2MVI,Bacteriocin plantarican ASM1,,NMR
D0E8G2,6FTK_1,6FTK,Envelope protein,,NMR
D2Y1X6,1NIX_1,1NIX,HAINANTOXIN-I,,NMR
D2Y1X9,2JTB_1,2JTB,Hainantoxin-3,,NMR
D2Y232,1NIY_1,1NIY,HAINANTOXIN-IV,,NMR
D6RKI7,2MN5_1,2MN5,Copsin,,NMR
D8L127,2LA2_1,2LA2,Cecropin,,NMR
E1UYT9,2KUS_1,2KUS,Sm-AMP-1.1a,,NMR
E1UYU0,2N1S_1,2N1S,AMP-2,,NMR
E9K9Z1,2KUY_1,2KUY,Prebacteriocin glycocin F,,NMR
F2EGM1,2M6A_1,2M6A,Predicted protein,,NMR
F6M2J2,6QBL_1,6QBL,Big defensin 1,,NMR
F8J4S0,2L3I_1,2L3I,"AOXKI4A, antimicrobial peptide in spider venom",,NMR
G4VEE0,7M77_1,7M77,Schistocin-3 antimicrobial peptide,,NMR
G5EC68,5IX5_1,5IX5,Antibacterial factor-related peptide 2,,NMR
G7L736,2LR3_1,2LR3,Defensin,,NMR
H0USY4,2L5R_1,2L5R,Antimicrobial peptide Alyteserin-1C,,NMR
I1T3C7,2LR5_1,2LR5,micasin,,NMR
K7N5K9,2LL1_1,2LL1,U1-TRTX-Sp1a,,NMR
K7N5L0,2LT8_1,2LT8,eurocin,,NMR
L0CKG3,5H2S_1,5H2S,Piscidin-4,,NMR
L7QI57,2MB1_1,2MB1,Virion spike glycoprotein,,NMR
M1E1F1,4B2V_1,4B2V,S64,,NMR
M5AE98,8B1L_1,8B1L,Piscidin,,NMR
O00168,2JO1_1,2JO1,Phospholemman,,NMR
O00198,2L5B_1,2L5B,Activator of apoptosis harakiri,,NMR
O00253,1MR0_1,1MR0,AGOUTI RELATED PROTEIN,,NMR
O00631,1JDM_1,1JDM,Sarcolipin,,NMR
O06796,2K3M_1,2K3M,Rv1761c,,NMR
O09114,2KTD_1,2KTD,Prostaglandin-H2 D-isomerase,,NMR
O14763,6NHW_1,6NHW,Tumor necrosis factor receptor superfamily member 10B,,NMR
O15240,7D16_1,7D16,Neurosecretory protein VGF,,NMR
O15431,2LS4_1,2LS4,High affinity copper uptake protein 1,,NMR
O29205,2N4X_1,2N4X,Cytochrome C-type biogenesis protein (CcdA),,NMR
O31467,2L16_1,2L16,Sec-independent protein translocase protein tatAd,,NMR
O39928,2M6X_1,2M6X,p7,,NMR
O43581,2D8K_1,2D8K,synaptotagmin VII,,NMR
O43759,8A6M_1,8A6M,Isoform 1B of Synaptogyrin-1,,NMR
O52685,1KX7_1,1KX7,mono-heme c-type cytochrome ScyA,,NMR
O60602,8AR2_1,8AR2,Toll-like receptor 5,,NMR
O60603,8AR0_1,8AR0,Toll-like receptor 2,,NMR
O61668,1WWN_1,1WWN,Excitatory insect selective toxin 1,,NMR
O61704,1B5N_1,1B5N,PROTEIN (PLASMATOCYTE-SPREADING PEPTIDE),,NMR
O61705,2KBK_1,2KBK,Neurotoxin BmK-M10,,NMR
O75324,1ZZA_1,1ZZA,Stannin,,NMR
O86283,2LGN_1,2LGN,Lactococcin 972,,NMR
O88272,2K72_1,2K72,Matrix metalloproteinase-23,,NMR
O92972,2MTS_1,2MTS,HEPATITIS C VIRUS P7 PROTEIN,,NMR
O95399,6HVB_1,6HVB,Urotensin-2,,NMR
O96060,2DJ9_1,2DJ9,growth-blocking peptide,,NMR
O96061,2DJC_1,2DJC,growth-blocking peptide,,NMR
P00101,1COR_1,1COR,CYTOCHROME C551,,NMR
P00287,9PCY_1,9PCY,PLASTOCYANIN,,NMR
P00533,1Z9I_1,1Z9I,Epidermal growth factor receptor,,NMR
P01263,2GLG_1,2GLG,Calcitonin-1,,NMR
P01272,1KX6_1,1KX6,Glucagon,,NMR
P01302,1V1D_1,1V1D,PANCREATIC HORMONE,,NMR
P01304,1ICY_1,1ICY,NEUROPEPTIDE Y,,NMR
P01375,7ASY_1,7ASY,Tumor necrosis factor,,NMR
P01441,1FFJ_1,1FFJ,CYTOTOXIN 2,,NMR
P01445,7O2K_1,7O2K,Cytotoxin 2,,NMR
P01446,6RC7_1,6RC7,Cytotoxin 3,,NMR
P01451,1RL5_1,1RL5,Cytotoxin 1,,NMR
P01467,2CCX_1,2CCX,CARDIOTOXIN CTX IIB,,NMR
P01491,1B3C_1,1B3C,PROTEIN (NEUROTOXIN CSE-I),,NMR
P01492,1VNA_1,1VNA,NEUROTOXIN,,NMR
P01507,1D9J_1,1D9J,CECROPIN A-MAGAININ 2 HYBRID PEPTIDE,,NMR
P01514,1D7N_1,1D7N,PROTEIN (WASP VENOM PEPTIDE (MASTOPARAN)),,NMR
P01515,2CZP_1,2CZP,Mastoparan X,,NMR
P01518,6TWG_1,6TWG,"Crabrolin Plus, mutant of Crabrolin peptide",,NMR
P01522,2CCO_1,2CCO,OMEGA-CONOTOXIN GVIA,,NMR
P01849,6MF8_1,6MF8,T-cell receptor alpha chain C region,,NMR
P02649,1OEF_1,1OEF,APOLIPOPROTEIN E,,NMR
P02654,1ALE_1,1ALE,APOLIPOPROTEIN C-I PRECURSOR,,NMR
P02655,1I5J_1,1I5J,APOLIPOPROTEIN CII,,NMR
P02656,2JQ3_1,2JQ3,Apolipoprotein C-III,,NMR
P02788,2GMC_1,2GMC,LACTOFERRIN-BASED SYNTHETIC PEPTIDE C12-LF11,,NMR
P02947,1XRD_1,1XRD,"Light-harvesting protein B-880, alpha chain",,NMR
P03086,2MJ2_1,2MJ2,Agnoprotein,,NMR
P03322,1A6S_1,1A6S,GAG POLYPROTEIN,,NMR
P03375,2ARI_1,2ARI,Envelope polyprotein GP160,,NMR
P03377,1P5A_1,1P5A,Envelope polyprotein GP160,,Other
P03404,1ZEC_1,1ZEC,NEF1-25,,NMR
P03442,1IBN_1,1IBN,HEMAGGLUTININ HA2 CHAIN PEPTIDE,,NMR
P03622,2IFO_1,2IFO,INOVIRUS,,X-ray
P04049,1FAQ_1,1FAQ,RAF-1,,NMR
P04370,2LUG_1,2LUG,Myelin basic protein,,NMR
P04624,1JAU_1,1JAU,TRANSMEMBRANE GLYCOPROTEIN (GP41),,NMR
P04626,2KS1_1,2KS1,Receptor tyrosine-protein kinase erbB-2,,NMR
P04629,2N90_1,2N90,High affinity nerve growth factor receptor,,NMR
P05059,1N2Y_1,1N2Y,CATESTATIN,,NMR
P05107,5ZAZ_1,5ZAZ,Integrin beta-2,,NMR
P05129,2E73_1,2E73,Protein kinase C gamma type,,NMR
P05546,2NCW_1,2NCW,Heparin cofactor 2,,NMR
P05878,2M8O_1,2M8O,Transmembrane protein gp41,,NMR
P06213,2MFR_1,2MFR,Insulin receptor,,NMR
P06477,2LQY_1,2LQY,Envelope glycoprotein H,,NMR
P06494,1IIJ_1,1IIJ,ERBB-2 RECEPTOR PROTEIN-TYROSINE KINASE,,NMR
P07017,2L9G_1,2L9G,Methyl-accepting chemotaxis protein II,,NMR
P07174,2MJO_1,2MJO,Tumor necrosis factor receptor superfamily member 16,,NMR
P07492,2N0H_1,2N0H,Neuromedin C (NMC),,NMR
P07525,1CHV_1,1CHV,PROTEIN (CARDIOTOXIN ANALOGUE V),,NMR
P07988,2DWF_1,2DWF,Pulmonary surfactant-associated protein B,,NMR
P08069,7PH8_1,7PH8,Insulin-like growth factor 1 receptor,,NMR
P08104,1QG9_1,1QG9,"PROTEIN (SODIUM CHANNEL PROTEIN, BRAIN II ALPHA SUBUNIT)",,NMR
P08138,5ZGG_1,5ZGG,Tumor necrosis factor receptor superfamily member 16,,NMR
P08411,1FW5_1,1FW5,NONSTRUCTURAL PROTEIN NSP1,,NMR
P08514,1S4W_1,1S4W,Integrin alpha-IIb,,NMR
P08943,1JMP_1,1JMP,viscotoxin B,,NMR
P08949,1C98_1,1C98,NEUROMEDIN B,,NMR
P09237,2MZI_1,2MZI,Matrilysin,,NMR
P09619,2L6W_1,2L6W,Beta-type platelet-derived growth factor receptor,,NMR
P09758,2MAE_1,2MAE,Tumor-associated calcium signal transducer 2,,NMR
P09958,6A8Y_1,6A8Y,YR26_SDS,,NMR
P0AEC3,2KSD_1,2KSD,Aerobic respiration control sensor protein arcB,,NMR
P0C006,6PEZ_1,6PEZ,Piscidin-3,,NMR
P0C0U1,2HN8_1,2HN8,Protein PB1-F2,,NMR
P0C0Y1,1JO5_1,1JO5,LIGHT-HARVESTING PROTEIN B-875,,NMR
P0C1V1,1DTC_1,1DTC,ACETYL-DELTA-TOXIN,,NMR
P0C201,1X5V_1,1X5V,PcFK1,,NMR
P0C250,2M6H_1,2M6H,Contryphan-Lo,,NMR
P0C2X7,2AAP_1,2AAP,Jingzhaotoxin-Vii,,NMR
P0C589,1YP8_1,1YP8,tricyclon A,,NMR
P0CG53,1E0Q_1,1E0Q,POLYUBIQUITIN-B,,NMR
P0CH57,2KFE_1,2KFE,meucin-24,,NMR
P0DJK0,2LDE_1,2LDE,Sarafotoxin-i3,,NMR
P0DKX7,6RFM_1,6RFM,Bifunctional hemolysin/adenylate cyclase,,NMR
P0DKZ0,2MZM_1,2MZM,Conantokin-R1-B,,NMR
P0DM21,6OTA_1,6OTA,Alpha-conotoxin TxIA,,NMR
P0DM24,6ENA_1,6ENA,Nemertide alpha-1,,NMR
P0DN84,7MPA_1,7MPA,Sarcoplasmic/endoplasmic reticulum calcium ATPase regulator DWORF,,NMR
P0DOE5,2NB7_1,2NB7,Small hydrophobic protein,,NMR
P0DQP3,6VH8_1,6VH8,Excelsatoxin A,,NMR
P0DQP5,7AY8_1,7AY8,Tbo-IT2,,NMR
P0DQT1,6VL2_1,6VL2,Stigmurin,,NMR
P0DTC4,7K3G_1,7K3G,Envelope small membrane protein,,NMR
P0DUM4,6GIG_1,6GIG,AapA1,,NMR
P10279,1SKH_1,1SKH,Major prion protein 2,,NMR
P10415,1G5M_1,1G5M,PROTEIN (APOPTOSIS REGULATOR BCL-2 WITH PUTATIVE FLEXIBLE LOOP REPLACED WITH A PORTION OF APOPTOSIS REGULATOR BCL-X PROTEIN),,NMR
P10645,1LV4_1,1LV4,catestatin,,NMR
P10747,7VU5_1,7VU5,T-cell-specific surface glycoprotein CD28,,NMR
P10891,1ICA_1,1ICA,INSECT DEFENSIN A,,NMR
P10912,5OHD_1,5OHD,Growth hormone receptor,,NMR
P10997,2KB8_1,2KB8,Islet amyloid polypeptide,,NMR
P11134,2JRD_1,2JRD,Hemagglutinin,,NMR
P11215,2LKE_1,2LKE,Integrin alpha-M,,NMR
P12764,2JQU_1,2JQU,Allatostatins,,NMR
P13231,1HCE_1,1HCE,HISACTOPHILIN,,NMR
P13473,2MOM_1,2MOM,Lysosome-associated membrane glycoprotein 2,,NMR
P14213,2RTV_1,2RTV,Tachyplesin-1,,NMR
P14616,7PL4_1,7PL4,Insulin receptor-related protein beta chain,,NMR
P14661,2N92_1,2N92,Cecropin-P1,,NMR
P15309,2L3H_1,2L3H,Prostatic acid phosphatase,,NMR
P15382,2K21_1,2K21,Potassium voltage-gated channel subfamily E member,,NMR
P15390,5JR0_1,5JR0,Sodium channel protein type 4 subunit alpha,,NMR
P15471,1QMW_1,1QMW,ALPHA-CONOTOXIN SI,,NMR
P16284,2KY5_1,2KY5,Platelet endothelial cell adhesion molecule,,NMR
P16471,2N7I_1,2N7I,Prolactin receptor,,NMR
P16562,2CQ7_1,2CQ7,Cysteine-rich secretory protein-2,,NMR
P16563,2A05_1,2A05,Cysteine-rich secretory protein-2,,NMR
P17252,2ELI_1,2ELI,Protein kinase C alpha type,,NMR
P18313,1L4V_1,1L4V,Sapecin,,NMR
P18511,1FU3_1,1FU3,DELTA-CONOTOXIN TXVIA,,NMR
P19235,2MV6_1,2MV6,Erythropoietin receptor,,NMR
P19438,7K7A_1,7K7A,Tumor necrosis factor receptor superfamily member 1A,,NMR
P19551,2PJV_1,2PJV,Envelope glycoprotein,,NMR
P19554,1VPU_1,1VPU,VPU PROTEIN,,NMR
P19909,6HKA_1,6HKA,"Immunoglobulin G-binding protein G,Serine-protein kinase ATM",,NMR
P20701,2M3E_1,2M3E,Integrin alpha-L,,NMR
P20702,2LUV_1,2LUV,Integrin alpha-X,,NMR
P21457,1JSA_1,1JSA,RECOVERIN,,NMR
P21709,2K1K_1,2K1K,Ephrin type-A receptor 1,,NMR
P21860,2L9U_1,2L9U,Receptor tyrosine-protein kinase erbB-3,,NMR
P21865,2KSF_1,2KSF,Sensor protein kdpD,,NMR
P22388,3CMH_1,3CMH,PROTEIN (ENDOTHELIN-1),,NMR
P22542,1EHS_1,1EHS,HEAT-STABLE ENTEROTOXIN B,,NMR
P22607,2LZL_1,2LZL,Fibroblast growth factor receptor 3,,NMR
P22646,2K4F_1,2K4F,T-cell surface glycoprotein CD3 epsilon chain,,NMR
P24017,2K0L_1,2K0L,Outer membrane protein A,,NMR
P24627,1LFC_1,1LFC,LACTOFERRICIN,,NMR
P25024,2LNL_1,2LNL,C-X-C chemokine receptor type 1,,NMR
P25098,1BAK_1,1BAK,G-PROTEIN COUPLED RECEPTOR KINASE 2,,NMR
P25110,1A11_1,1A11,ACETYLCHOLINE RECEPTOR M2,,NMR
P25230,1LYP_1,1LYP,CAP18,,NMR
P25445,2NA7_1,2NA7,Tumor necrosis factor receptor superfamily member 6,,NMR
P25446,2NA6_1,2NA6,Tumor necrosis factor receptor superfamily member 6,,NMR
P25810,1C4E_1,1C4E,PROTEIN (GURMARIN),,NMR
P26678,1PLP_1,1PLP,PHOSPHOLAMBAN,,NMR
P27275,1MMC_1,1MMC,ANTIMICROBIAL PEPTIDE 2,,NMR
P28311,1TV0_1,1TV0,Cryptdin-4,,NMR
P28879,6OTB_1,6OTB,Alpha-conotoxin S2,,NMR
P28881,1MVJ_1,1MVJ,SVIB,,NMR
P29317,2K9Y_1,2K9Y,Ephrin type-A receptor 2,,NMR
P30230,2N2R_1,2N2R,Defensin-like protein 2,,NMR
P31041,2NAE_1,2NAE,T-cell-specific surface glycoprotein CD28,,NMR
P31751,1P6S_1,1P6S,RAC-beta serine/threonine protein kinase,,NMR
P31872,1LCX_1,1LCX,GP41,,NMR
P32026,1MR4_1,1MR4,Nicotiana alata plant defensin 1 (NaD1),,NMR
P32194,1PG1_1,1PG1,PROTEGRIN-1,,NMR
P32195,2MUH_1,2MUH,Protegrin-2,,NMR
P32196,2MZ6_1,2MZ6,Protegrin-3,,NMR
P32897,7CLV_1,7CLV,TIM23 isoform 1,,NMR
P32927,2NA8_1,2NA8,Cytokine receptor common subunit beta,,NMR
P33046,1HR1_1,1HR1,INDOLICIDIN,,NMR
P34095,1OF9_1,1OF9,PORE-FORMING PEPTIDE AMEOBAPORE A,,NMR
P34741,6ITH_1,6ITH,Syndecan-2,,NMR
P34929,1EZE_1,1EZE,CHOLESTERYL ESTER TRANSFERASE INHIBITOR PROTEIN,,NMR
P35169,2KIT_1,2KIT,Serine/threonine-protein kinase TOR1,,NMR
P35414,2LOW_1,2LOW,Apelin receptor,,NMR
P35968,2M59_1,2M59,Vascular endothelial growth factor receptor 2,,NMR
P36015,1IOU_1,1IOU,YKT6P,,NMR
P36606,2M7X_1,2M7X,Na(+)/H(+) antiporter,,NMR
P37045,1AGG_1,1AGG,OMEGA-AGATOXIN-IVB,,NMR
P37817,2MVH_1,2MVH,Stage V sporulation protein M,,NMR
P37840,1XQ8_1,1XQ8,Alpha-synuclein,,NMR
P40515,1Y8M_1,1Y8M,Fis1,,NMR
P40719,2KSE_1,2KSE,Sensor protein qseC,,NMR
P41540,2MCE_1,2MCE,Neuropeptide gamma,,NMR
P41964,1MYN_1,1MYN,DROSOMYCIN,,NMR
P42127,1Y7J_1,1Y7J,Agouti Signaling Protein,,NMR
P45663,2KJA_1,2KJA,Beta-toxin Cn5,,NMR
P46158,2LG5_1,2LG5,Gallinacin-2,,NMR
P47708,2K3H_1,2K3H,Rabphilin-3A,,NMR
P49343,1ECI_1,1ECI,ECTATOMIN,,NMR
P49344,1ECI_2,1ECI,ECTATOMIN,,NMR
P49928,1FRY_1,1FRY,MYELOID ANTIMICROBIAL PEPTIDE,,NMR
P49933,6QKF_1,6QKF,Protegrin-4,,NMR
P49934,2NC7_1,2NC7,Protegrin-5,,NMR
P50057,1B3I_1,1B3I,PROTEIN (PLASTOCYANIN),,NMR
P50416,2LE3_1,2LE3,"Carnitine O-palmitoyltransferase 1, liver isoform",,NMR
P50570,2YS1_1,2YS1,Dynamin-2,,NMR
P50637,2N02_1,2N02,Translocator protein,,NMR
P50982,1K64_1,1K64,alpha-conotoxin EI,,NMR
P51524,2I1D_1,2I1D,13-mer from Prophenin-1 containing WWW,,NMR
P53816,2KYT_1,2KYT,Group XVI phospholipase A2,,NMR
P54228,2KET_1,2KET,Cathelicidin-6,,NMR
P54229,2NDC_1,2NDC,Cathelicidin-5,,NMR
P55734,2MPN_1,2MPN,Inner membrane protein YgaP,,NMR
P55847,1J0T_1,1J0T,MOLT-INHIBITING HORMONE,,NMR
P55957,2M5I_1,2M5I,BH3-interacting domain death agonist,,NMR
P55963,1P1P_1,1P1P,AA-CONOTOXIN PIVA,,NMR
P56199,2L8S_1,2L8S,Integrin alpha-1,,NMR
P56254,1NB1_1,1NB1,kalata B1,,NMR
P56529,1AS5_1,1AS5,CONOTOXIN Y-PIIIE,,NMR
P56633,1AV3_1,1AV3,Kappa-conotoxin PVIIA,,NMR
P56636,1MII_1,1MII,PROTEIN (ALPHA CONOTOXIN MII),,NMR
P56640,1DG2_1,1DG2,A-CONOTOXIN AUIB,,NMR
P56676,1QK6_1,1QK6,HUWENTOXIN-I,,NMR
P56714,1F3K_1,1F3K,OMEGA-CONOTOXIN TXVII,,NMR
P56852,1D1H_1,1D1H,HANATOXIN TYPE 1,,NMR
P56917,2MAA_1,2MAA,Temporin-A,,NMR
P56973,1B45_1,1B45,ALPHA-CNIA,,NMR
P57104,6GS5_1,6GS5,Temporin-L,,NMR
P58454,1PT4_1,1PT4,kalata B2,,NMR
P58455,1WN8_1,1WN8,Kalata B3/B6,,NMR
P58457,2JWM_1,2JWM,Kalata-B7,,NMR
P58753,5T7Q_1,5T7Q,Toll/interleukin-1 receptor domain-containing adapter protein,,NMR
P58808,2EW4_1,2EW4,MrIA,,NMR
P58811,1IEN_1,1IEN,PROTEIN TIA,,NMR
P59594,2RUO_1,2RUO,UNP residues 873-888 of Spike glycoprotein,,NMR
P59637,2MM4_1,2MM4,Envelope small membrane protein,,NMR
P60272,1KQI_1,1KQI,ACTX-Hi:OB4219,,NMR
P60274,1MTQ_1,1MTQ,alpha-conotoxin GID,,NMR
P60590,1KOZ_1,1KOZ,Voltage-dependent Channel Inhibitor,,NMR
P60980,1S6X_1,1S6X,KvAP CHANNEL,,NMR
P61013,1FJK_1,1FJK,CARDIAC PHOSPHOLAMBAN,,NMR
P61015,1N7L_1,1N7L,Cardiac phospholamban,,NMR
P62330,2BAU_1,2BAU,ADP-ribosylation factor 6,,NMR
P62520,2I1T_1,2I1T,Jingzhaotoxin-3,,NMR
P62931,1P8B_1,1P8B,"Pea Albumin 1, subunit b",,NMR
P63319,1TBN_1,1TBN,"PROTEIN KINASE C, GAMMA TYPE",,NMR
P68424,1Y29_1,1Y29,huwentoxin-x,,NMR
P69019,6GS9_1,6GS9,Aurein 2.5,,NMR
P69241,1AYJ_1,1AYJ,ANTIFUNGAL PROTEIN 1,,NMR
P69428,2LZS_1,2LZS,Sec-independent protein translocase protein TatA,,NMR
P69437,6N68_1,6N68,Protonectin,,NMR
P69490,1SR3_1,1SR3,APO-CCME,,NMR
P69541,2CPS_1,2CPS,M13 MAJOR COAT PROTEIN,,NMR
P69657,2I28_1,2I28,Alpha-conotoxin BuIA,,NMR
P69658,1ZLC_1,1ZLC,Alpha-conotoxin PIA,,NMR
P69747,2H8S_1,2H8S,Alpha-conotoxin Vc1A,,NMR
P69987,2ML9_1,2ML9,Yop proteins translocation protein U,,NMR
P70406,2LCK_1,2LCK,Mitochondrial uncoupling protein 2,,NMR
P79874,6GIJ_1,6GIJ,temporinB_KKG6A,,NMR
P80398,2G9L_1,2G9L,Gaegurin-4,,NMR
P80710,6C41_1,6C41,Clavanin-A,,NMR
P80957,2RQ2_1,2RQ2,Big defensin,,NMR
P81058,1UEO_1,1UEO,Penaeidin-3a,,NMR
P81418,1DKC_1,1DKC,ANTIFUNGAL PEPTIDE,,NMR
P81534,1KJ6_1,1KJ6,Beta-defensin 3,,NMR
P81662,2KS4_1,2KS4,Sticholysin-1,,NMR
P81861,1XC0_1,1XC0,Pardaxin P-4,,NMR
P81941,1Z64_1,1Z64,Pleruocidin,,NMR
P82140,1D6B_1,1D6B,DEFENSIN-LIKE PEPTIDE-2,,NMR
P82172,1B8W_1,1B8W,PROTEIN (DEFENSIN-LIKE PEPTIDE 1),,NMR
P82319,6KRA_1,6KRA,Neutrophil defensin 4,,NMR
P82358,1KFP_1,1KFP,GOMESIN,,NMR
P82615,3ZPM_1,3ZPM,LATHERIN,,NMR
P82818,1KV4_1,1KV4,moricin,,NMR
P82935,2MJ0_1,2MJ0,Weak tryptophan-containing neurotoxin,,NMR
P82951,1S6W_1,1S6W,Hepcidin,,NMR
P82959,1I25_1,1I25,HUWENTOXIN-II,,NMR
P83080,7OVZ_1,7OVZ,Maximin-1,,NMR
P83561,2GX1_1,2GX1,Neurotoxin magi-5,,NMR
P84567,2JPY_1,2JPY,Phylloseptin-2 protein,,NMR
P85870,2N9A_1,2N9A,Decoralin,,NMR
P85966,2LB7_1,2LB7,Antimicrobial peptide 1a,,NMR
P86471,2LLD_1,2LLD,Lucifensin,,NMR
P86716,2N85_1,2N85,Spiderine-1a,,NMR
P90683,2D56_1,2D56,ASABF,,NMR
P91818,1DQC_1,1DQC,TACHYCITIN,,NMR
P95339,1A8C_1,1A8C,FERROCYTOCHROME C-552,,NMR
P98082,2LSW_1,2LSW,Disabled homolog 2,,NMR
P9WP57,2MMU_1,2MMU,Cell division protein CrgA,,NMR
Q00595,6QWR_1,6QWR,Outer membrane protein AlkL,,NMR
Q00623,2LEM_1,2LEM,Apolipoprotein A-I,,NMR
Q00788,2JX4_1,2JX4,Vasopressin V2 receptor,,NMR
Q03463,2KNU_1,2KNU,Genome polyprotein,,NMR
Q03713,5NF8_1,5NF8,"Respiratory supercomplex factor 1, mitochondrial",,NMR
Q04571,4BWH_1,4BWH,"NCHI2, HYDROPHOBIN, NCHI2",,NMR
Q04759,2ENN_1,2ENN,Protein kinase C theta type,,NMR
Q04884,2MLH_1,2MLH,Opacity protein opA60,,NMR
Q05320,2RLJ_1,2RLJ,Envelope glycoprotein,,NMR
Q06131,1KDL_1,1KDL,YOPD protein,,NMR
Q07812,1F16_1,1F16,"PROTEIN (APOPTOSIS REGULATOR BAX, MEMBRANE ISOFORM ALPHA)",,NMR
Q07932,5X3L_1,5X3L,Pilosulin-1,,NMR
Q09328,7YYI_1,7YYI,"Alpha-1,6-mannosylglycoprotein 6-beta-N-acetylglucosaminyltransferase A",,NMR
Q0MWV8,2LG4_1,2LG4,Aurelin,,NMR
Q12983,2KA2_1,2KA2,BCL2/adenovirus E1B 19 kDa protein-interacting protein 3,,NMR
Q15303,2L2T_1,2L2T,Receptor tyrosine-protein kinase erbB-4,,NMR
Q16760,1R79_1,1R79,"Diacylglycerol kinase, delta",,NMR
Q17027,2NZ3_1,2NZ3,"defensin, mutant DEF-AcAA",,NMR
Q17NR1,2MMM_1,2MMM,K cecropin-like peptide,,NMR
Q1ELT9,2PCO_1,2PCO,Latarcin-1,,NMR
Q1ELU1,2G9P_1,2G9P,antimicrobial peptide Latarcin 2a,,NMR
Q202K4,2ME3_1,2ME3,Envelope glycoprotein gp160,,NMR
Q26443,1RMK_1,1RMK,Mu-O-conotoxin MrVIB,,NMR
Q27913,2EQT_1,2EQT,"Growth-blocking peptide, long form",,NMR
Q27Q69,2ME4_1,2ME4,Envelope glycoprotein gp160,,NMR
Q28735,1M23_1,1M23,PROTEIN (P23),,NMR
Q29075,1NKL_1,1NKL,NK-LYSIN,,NMR
Q29SA6,2M8B_1,2M8B,plant defensin PDF1.1,,NMR
Q2FWU9,7NS1_1,7NS1,Snterotoxin A,,NMR
Q2HY54,2FQA_1,2FQA,violacin 1,,NMR
Q2IAL6,2HFR_1,2HFR,Fowlicidin-3,,NMR
Q2V4I8,2MZ0_1,2MZ0,Defensin-like protein 32,,NMR
Q39837,1JU8_1,1JU8,Leginsulin,,NMR
Q3ZK60,2LM7_1,2LM7,Outer capsid glycoprotein VP7,,NMR
Q40378,1VTP_1,1VTP,VACUOLAR TARGETING PEPTIDE,,NMR
Q42328,1JXC_1,1JXC,Putative trypsin inhibitor ATTI-2,,NMR
Q46312,5UJQ_1,5UJQ,Bacteriocin,,NMR
Q48499,2MWR_1,2MWR,Acidocin B,,NMR
Q4GWU5,1O8Y_1,1O8Y,CYCLIC TRYPSIN INHIBITOR,,NMR
Q4GWV4,2B68_1,2B68,defensin,,NMR
Q51486,2LHF_1,2LHF,Outer membrane protein H1,,NMR
Q53UI9,2LX2_1,2LX2,Type III antifreeze protein nfeAFP11,,NMR
Q56446,2LJ2_1,2LJ2,MerF,,NMR
Q58T52,2MHW_1,2MHW,Antimicrobial peptide,,NMR
Q58T64,6HZ2_1,6HZ2,Maximins 3/H11 type 2,,NMR
Q5BU39,1YGM_1,1YGM,hypothetical protein BSU31320,,NMR
Q5EHP3,2EFZ_1,2EFZ,M conotoxin Mr3.4,,NMR
Q5SC59,2L8X_1,2L8X,Arenicin-2,,NMR
Q5SC60,2JSB_1,2JSB,Arenicin-1,,NMR
Q5SIG0,5VKV_1,5VKV,Cytochrome c-type biogenesis protein CcdA,,NMR
Q5T4F4,1X4U_1,1X4U,"Zinc finger, FYVE domain containing 27 isoform b",,NMR
Q5USN7,1WN4_1,1WN4,VoNTR protein,,NMR
Q61009,5KTF_1,5KTF,Scavenger receptor class B member 1,,NMR
Q61097,1KBF_1,1KBF,Kinase suppressor of Ras 1,,NMR
Q63113,2JP3_1,2JP3,FXYD domain-containing ion transport regulator 4,,NMR
Q66X49,2NCS_1,2NCS,Envelope glycoprotein gp41,,NMR
Q676U5,5ZYX_1,5ZYX,ARG-TRP-LYS-ARG-HIS-ILE-SER-GLU-GLN-LEU-ARG-ARG-ARG-ASP-ARG-LEU-GLN-ARG-GLN-ALA,,NMR
Q69422,2LZQ_1,2LZQ,NS2 peptide,,NMR
Q6BF25,5LBJ_1,5LBJ,Small toxic polypeptide LdrD,,NMR
Q6DN12,2EP6_1,2EP6,MCTP2 protein,,NMR
Q6GU94,6BAM_1,6BAM,Defensin-1,,NMR
Q6PP25,2L24_1,2L24,Hemagglutinin,,NMR
Q6QLQ5,2AMN_1,2AMN,cathelicidin,,NMR
Q6QLR2,5LCS_1,5LCS,Gallinacin-7,,NMR
Q6T418,1TI5_1,1TI5,plant defensin,,NMR
Q6TAN6,5VWL_1,5VWL,Cytoplasmic tail of HIV-1 gp41 protein,,NMR
Q6VMJ8,1XOP_1,1XOP,Hemagglutinin,,NMR
Q6XT21,2LY0_1,2LY0,Membrane ion channel M2,,NMR
Q6YT39,5ID5_1,5ID5,Lactoferrin,,NMR
Q70625,1PI7_1,1PI7,VPU protein,,NMR
Q70627,2NEF_1,2NEF,NEGATIVE FACTOR (F-PROTEIN),,NMR
Q74849,5JYN_1,5JYN,Envelope glycoprotein gp160,,NMR
Q7L8C5,1WFM_1,1WFM,synaptotagmin XIII,,NMR
Q7S3P5,4AOG_1,4AOG,NC2,,NMR
Q7SQ48,2ME2_1,2ME2,Envelope glycoprotein gp160,,NMR
Q7YT39,1LU8_1,1LU8,venom toxin peptide MTx4,,NMR
Q7YZB4,1X22_1,1X22,moricin,,NMR
Q86C51,1QK7_1,1QK7,SELENOCOSMIA HUWENA LECTIN-I,,NMR
Q86FL8,2JSA_1,2JSA,Saposin-like protein family protein 5,,NMR
Q86MA1,2JR8_1,2JR8,Antimicrobial peptide moricin,,NMR
Q86QT3,1NE5_1,1NE5,ergtoxin,,NMR
Q86SC0,1IYC_1,1IYC,scarabaecin,,NMR
Q86UU9,2MOC_1,2MOC,Tachykinin-4,,NMR
Q89806,6QAN_1,6QAN,Envelope glycoprotein N,,NMR
Q8H6Q1,1N4N_1,1N4N,floral defensin-like protein 1,,NMR
Q8JUX5,2RSW_1,2RSW,peptide from E1 envelope glycoprotein,,NMR
Q8MMJ7,1T51_1,1T51,Cytotoxic linear peptide IsCT,,NMR
Q8N104,2LWL_1,2LWL,Beta-defensin 106,,NMR
Q8NFA2,2L73_1,2L73,NADPH oxidase organizer 1,,NMR
Q8T0W8,2E2F_1,2E2F,Diapausin,,NMR
Q8T9R8,1ZRX_1,1ZRX,stomoxyn,,NMR
Q8TCG5,2M76_1,2M76,"Carnitine O-palmitoyltransferase 1, brain isoform",,NMR
Q8UUG0,2OJM_1,2OJM,Moronecidin,,NMR
Q8W1S1,2L7C_1,2L7C,"Digalactosyldiacylglycerol synthase 2, chloroplastic",,NMR
Q8W434,2GL1_1,2GL1,PDF1,,NMR
Q90VW7,6RZ1_1,6RZ1,Pleurocidin-like peptide WF3,,NMR
Q90VX5,6S2D_1,6S2D,Pleurocidin-like prepropolypeptide,,NMR
Q90WJ0,6RYQ_1,6RYQ,Pleurocidin-like prepropolypeptide,,NMR
Q90WP7,2M3N_1,2M3N,Peptide leucine arginine,,NMR
Q90ZX8,6RZC_1,6RZC,Pleurocidin-like peptide WF4,,NMR
Q90ZY0,6RSF_1,6RSF,Pleurocidin,,NMR
Q918V6,2MNS_1,2MNS,Membrane fusion protein p15,,NMR
Q91V70,1E4T_1,1E4T,Beta-defensin 7,,NMR
Q91V82,1E4R_1,1E4R,Beta-defensin 8,,NMR
Q92843,1O0L_1,1O0L,Apoptosis regulator Bcl-W,,NMR
Q93P60,1Z2T_1,1Z2T,Anchor peptide Ser65-Leu87 of alMGS,,NMR
Q95YI2,1IRR_1,1IRR,paralytic peptide,,NMR
Q962A7,1XV3_1,1XV3,Penaeidin-4d,,NMR
Q96662,2AJO_1,2AJO,Nonstructural protein 5A,,NMR
Q969E1,2L1Q_1,2L1Q,Liver-expressed antimicrobial peptide 2,,NMR
Q96D96,5OQK_1,5OQK,Voltage-gated hydrogen channel 1,,NMR
Q96HS1,7QAO_1,7QAO,"Serine/threonine-protein phosphatase PGAM5, mitochondrial",,NMR
Q96I45,2LOR_1,2LOR,Transmembrane protein 141,,NMR
Q96MF2,2DB6_1,2DB6,SH3 and cysteine rich domain 3,,NMR
Q99IB8,2LVG_1,2LVG,Non-structural protein 4B,,NMR
Q99P72,2KO2_1,2KO2,Reticulon-4,,NMR
Q9BSW7,2ENP_1,2ENP,B/K protein,,NMR
Q9BXB4,2D9X_1,2D9X,Oxysterol binding protein-related protein 11,,NMR
Q9DHG0,2L4G_1,2L4G,Haemagglutinin,,NMR
Q9EQX0,2JSH_1,2JSH,"Appetite-regulating hormone, Obestatin",,NMR
Q9ERS5,1V5P_1,1V5P,"pleckstrin homology domain-containing, family A",,NMR
Q9F7P4,2L6X_1,2L6X,Green-light absorbing proteorhodopsin,,NMR
Q9GJY2,2M1J_1,2M1J,Prion-like protein doppel,,NMR
Q9GU57,1IXT_1,1IXT,spasmodic protein tx9a-like protein,,NMR
Q9H2B2,1UGK_1,1UGK,Synaptotagmin IV,,NMR
Q9HAU4,2JQZ_1,2JQZ,E3 ubiquitin-protein ligase SMURF2,,NMR
Q9HB20,2MDX_1,2MDX,Pleckstrin homology domain-containing family A member 3,,NMR
Q9I9P7,2KT4_1,2KT4,Extracellular fatty acid-binding protein,,NMR
Q9JXV4,1YS5_1,1YS5,lipoprotein,,NMR
Q9LKU2,7B7O_1,7B7O,"Sec-independent protein translocase protein TATA, chloroplastic",,NMR
Q9NJC7,2KBJ_1,2KBJ,Toxin Bmka2,,NMR
Q9NP84,2KMZ_1,2KMZ,Tumor necrosis factor receptor superfamily member 12A,,NMR
Q9NR96,8AR3_1,8AR3,Toll-like receptor 9,,NMR
Q9NZC2,6Z0I_1,6Z0I,Triggering receptor expressed on myeloid cells 2,,NMR
Q9NZQ7,7DCV_1,7DCV,Programmed cell death 1 ligand 1,,NMR
Q9P0S9,2LOS_1,2LOS,Transmembrane protein 14C,,NMR
Q9P298,2LON_1,2LON,HIG1 domain family member 1B,,NMR
Q9PWF3,1Z99_1,1Z99,Crotamine,,NMR
Q9Q3N3,1EMZ_1,1EMZ,ENVELOPE GLYCOPROTEIN E1,,NMR
Q9QUG3,1Z65_1,1Z65,Prion-like protein doppel,,NMR
Q9QYE9,2D9V_1,2D9V,Pleckstrin homology domain-containing protein family B member 1,,NMR
Q9QZC7,2DHI_1,2DHI,Pleckstrin homology domain-containing family B member 2,,NMR
Q9SE17,1UGL_1,1UGL,S-locus pollen protein,,NMR
Q9SM57,7BGH_1,7BGH,"Outer envelope pore protein 21, chloroplastic",,NMR
Q9U8X3,1CIX_1,1CIX,PROTEIN (TACHYSTATIN A),,NMR
Q9UHF0,1P9F_1,1P9F,NEUROKININ B,,NMR
Q9UKP6,6HVK_1,6HVK,Urotensin-2 receptor,,NMR
Q9ULH1,2DA0_1,2DA0,"130-kDa phosphatidylinositol 4,5-biphosphate-dependent ARF1 GTPase-activating protein",,NMR
Q9WLK8,3ZD0_1,3ZD0,P7 PROTEIN,,NMR
Q9XZK2,1FYG_1,1FYG,OMEGA CONOTOXIN SO3,,NMR
Q9Y241,2LOM_1,2LOM,HIG1 domain family member 1A,,NMR
Q9Y6G1,2LOP_1,2LOP,Transmembrane protein 14A,,NMR
Q9Y6J6,2M0Q_1,2M0Q,Potassium voltage-gated channel subfamily E member 2,,NMR
Q9YKL3,2M0S_1,2M0S,NS2A protein,,NMR
Q9YP62,2LJC_1,2LJC,"M2 protein, BM2 protein chimera",,NMR
Q9YTC2,2KXA_1,2KXA,Haemagglutinin HA2 CHAIN PEPTIDE,,NMR
S0F209,2H1Z_1,2H1Z,Hybrid atracotoxin,,NMR
U5HKE6,6WPO_1,6WPO,Hylaseptin-4,,NMR
U5KJM4,2MWT_1,2MWT,Cathelicidin-like peptide,,NMR
V7BTW4,6VPN_1,6VPN,Knot1 domain-containing protein,,NMR
V9GZ92,2K10_1,2K10,ranatuerin-2csa,,NMR
W4VSA0,5L34_1,5L34,[D-Trp3]-Contryphan-Vc2,,NMR
W4VSF6,2N24_1,2N24,O2_contryphan_Vc1,,NMR
X5IWS1,2N8H_1,2N8H,conotoxin-muOxi-GVIIJ,,NMR
