pdb,name,n_subunit_uniprots,uniprots,c0_invnm,A_foot_nm2,E_curv_kBT,n_chains,contam_flag,resolution,rank,clears_gate,abs_c0,is_original13,rep_uniprot,n_label_go,label_positive
5ZDH,Type II secretion system lipoprotein,2,"E3PJ86,E3PJ88",-0.0954205360752763,135.757491035,49.44330562609981,15.0,False,3.2,1,True,0.0954205360752763,False,E3PJ86,0,False
6PW5,TRP-like ion channel,1,Q0Z852,-0.1342155220948471,60.382449745,43.50871031698742,4.0,False,3.45,2,True,0.1342155220948471,False,Q0Z852,0,False
8AXL,Outer membrane protein MxiD,1,Q04641,-0.0873597396965092,141.77425047,43.27927867537593,15.0,False,3.42,3,True,0.0873597396965092,False,Q04641,0,False
8GTN,Isoform 4 of Gasdermin-B,1,Q8TAX9,0.0621219373465506,223.40333251500005,34.48574567584302,27.0,False,3.17,4,True,0.0621219373465506,False,Q8TAX9,0,False
5WLN,Type II secretion system protein D,1,P35818,-0.0905887499275242,98.87618645000002,32.45639143673279,15.0,False,3.57,5,True,0.0905887499275242,False,P35818,0,False
5WQ8,Type II secretion system protein D,1,P45779,-0.0743070329684893,127.75838756,28.216897097538627,15.0,False,3.26,6,True,0.0743070329684893,False,P45779,0,False
7BGL,YecR,3,"A0A745A2I3,P0A1N8,P15930",-0.0646352222451124,163.53848335,27.32866707762901,16.0,True,2.2,7,True,0.0646352222451124,False,A0A745A2I3,0,False
5XTH,NADH-ubiquinone oxidoreductase chain 4L,4,"B9EE38,H9PGF0,Q8HAX7,V9JN72",-0.0974246427676555,69.06175944000002,26.220156150527504,2.0,True,3.9,8,True,0.0974246427676555,False,B9EE38,0,False
5WQ7,Putative type II secretion system protein D,1,P45758,-0.0806546672022062,95.27912310999996,24.79229608859138,15.0,False,3.04,9,True,0.0806546672022062,False,P45758,0,False
6MRT,"Hemolysin E, chromosomal",1,P77335,0.1003166121333276,61.23458238499998,24.64917938222352,12.0,False,2.8,10,True,0.1003166121333276,False,P77335,0,False
7CZB,Derlin-1,1,Q9BUN8,-0.1385134341651439,31.115263935,23.8790626134532,4.0,False,3.8,11,True,0.1385134341651439,False,Q9BUN8,0,False
5W68,Putative type II secretion protein,1,B7UI37,-0.0648202987363502,134.98668303,22.68678595152169,15.0,False,3.3,12,True,0.0648202987363502,False,B7UI37,0,False
7B0J,Transient receptor potential cation channel subfamily c member 4a,1,U3N7D8,-0.1128265607206715,43.709184125,22.25642423651685,4.0,False,2.85,13,True,0.1128265607206715,False,U3N7D8,0,False
7STL,Chitin synthase,1,P30572,-0.1785553699856479,15.908901714999995,20.28831700213281,2.0,False,2.95,14,True,0.1785553699856479,False,P30572,0,False
7WFF,"Photosynthetic NDH subunit of subcomplex B 2, chloroplastic",17,"A0A1B1W4Z4,B3H6Z4,O80634,P26288,P26289,P56751,P56752,Q37165,Q94AQ8,Q95695,Q9ASS6,Q9FG89,Q9LU21,Q9S9N6,Q9SCY3,Q9SGH4,Q9XI73",-0.1478328408993663,22.26466456,19.46336796877024,1.0,True,3.59,15,True,0.1478328408993663,False,A0A1B1W4Z4,0,False
7N6Q,Sterol O-acyltransferase 2,1,O75908,0.0806438035323456,73.21940323500002,19.04707018285121,4.0,False,3.87,16,True,0.0806438035323456,False,O75908,0,False
8SI5,Transient receptor potential cation channel subfamily M member 7,1,Q923J1,-0.0968361061977011,50.55980762000001,18.96444075217646,4.0,False,2.17,17,True,0.0968361061977011,False,Q923J1,0,False
6I1X,Type II secretion system protein D,1,P31780,-0.0706800759597433,93.815775425,18.746917967233223,15.0,False,3.7,18,True,0.0706800759597433,False,P31780,0,False
7XE4,"1,3-beta-glucan synthase component FKS1",1,P38631,-0.1320100203086755,26.475818040000007,18.455387771870992,1.0,False,3.4,19,True,0.1320100203086755,False,P38631,0,False
7DXB,Short transient receptor potential channel 3,1,Q13507,-0.0914498028491396,54.563317945,18.25266612893745,4.0,False,2.7,20,True,0.0914498028491396,False,Q13507,0,False
8DDQ,"Transient receptor potential cation channel, subfamily M, member 3",1,J9SQF3,-0.0943682605931934,50.901839205,18.13198563657436,4.0,False,2.7,21,True,0.0943682605931934,False,J9SQF3,0,False
7DLU,Mechanosensitive ion channel MscS,1,Q9HW12,-0.1393257168747537,21.966488100000003,17.056235878583614,7.0,False,2.5,22,True,0.1393257168747537,False,Q9HW12,0,False
6WQZ,Autophagy-related protein 9A,1,Q7Z3C6,-0.103040500996967,39.09670936500001,16.604129826421868,3.0,False,2.8,23,True,0.103040500996967,False,Q7Z3C6,0,False
6J5I,"ATP synthase subunit d, mitochondrial",14,"A0A286ZYL7,A0A287B4I0,A0A4X1TQQ5,A0A8D0MI69,A5GFX4,K7GLT8,P13618,P80021,Q29307,Q2EN81,Q35914,Q35915,Q4VT52,Q95339",-0.1733257009025999,13.687727469999995,16.44815807419123,2.0,True,3.34,24,True,0.1733257009025999,False,A0A286ZYL7,0,False
6W6M,Type IV pilus secretin PilQ family protein,1,Q9KNV0,-0.0677070294091479,87.48113915999998,16.041387903871122,14.0,False,2.7,25,True,0.0677070294091479,False,Q9KNV0,0,False
7MBQ,Transient receptor potential melastatin 5,1,S5UH55,-0.0884133668185683,51.04221442499999,15.95972327879558,4.0,False,2.3,26,True,0.0884133668185683,False,S5UH55,0,False
6BQV,Transient receptor potential cation channel subfamily M member 4,1,Q8TD43,-0.0903797801504163,48.35294891,15.79885153991577,4.0,False,3.1,27,True,0.0903797801504163,False,Q8TD43,0,False
7RSL,Seipin,1,Q06058,0.0750750494548821,68.15577868000001,15.36575588250268,5.0,False,3.45,28,True,0.0750750494548821,False,Q06058,0,False
7EK3,Bestrophin-like protein,1,A0A498JCY7,-0.138909674376389,19.394437935,14.96932356355978,5.0,False,2.7,29,True,0.138909674376389,False,A0A498JCY7,0,False
6KG7,Piezo-type mechanosensitive ion channel component 2,1,Q8CD54,0.033217777674099,320.30592339,14.137288134856716,3.0,False,3.8,30,True,0.033217777674099,False,Q8CD54,0,False
6ZQM,"ATP synthase subunit e, mitochondrial",8,"P00847,P03929,P13620,P14790,Q00361,Q28851,Q28852,Q3ZBI7",-0.1712111007473208,11.947023590000004,14.00823927818615,1.0,True,3.29,31,True,0.1712111007473208,False,P00847,0,False
6S3R,Flagellar biosynthetic protein FliP,2,"Q48GF5,Q48GF6",0.1913585493251538,9.05073779,13.25683083129218,4.0,False,3.5,32,True,0.1913585493251538,False,Q48GF5,0,False
6R6B,Surface presentation of antigens protein SpaP,3,"P0A1L3,P0A1M4,P0A1M6",0.1925855183424431,8.477890880000004,12.577521470666104,4.0,False,3.5,33,True,0.1925855183424431,False,P0A1L3,0,False
7WCO,Capsid protein,1,Q5Y388,-0.091738446019076,37.36024076,12.576865488008051,5.0,True,3.8,34,True,0.091738446019076,False,Q5Y388,1,True
7WL2,Pendrin,1,Q9R155,-0.0912122132613435,37.746909639999984,12.5616700197803,2.0,False,3.25,35,True,0.0912122132613435,False,Q9R155,0,False
6DRJ,"Transient receptor potential cation channel, subfamily M, member 2",1,A0A0R4IMY7,-0.0733818550336901,57.37859347500002,12.359111827245062,4.0,False,3.3,36,True,0.0733818550336901,False,A0A0R4IMY7,0,False
7O0U,Photosynthetic reaction center L subunit,4,"A0A143BHR2,A0A143BHS7,A0A143BHS8,A0A143BJ28",0.1558124779442545,12.653541255,12.287868227999985,2.0,True,2.35,37,True,0.1558124779442545,False,A0A143BHR2,0,False
6P2P,Sterol O-acyltransferase 1,1,P35610,-0.0647220145698566,72.24530188499999,12.105246996526365,4.0,False,3.1,38,True,0.0647220145698566,False,P35610,0,False
6KIG,Photosystem I P700 chlorophyll a apoprotein A1,10,"P15347,P95822,P95823,Q31LJ0,Q31LJ1,Q31NL7,Q31NT9,Q31NU0,Q31PR9,Q31QV2",0.0393789680088514,190.66756917000004,11.826751786788185,6.0,True,2.9,39,True,0.0393789680088514,False,P15347,0,False
6CO7,Predicted protein,1,A7T1N0,-0.0748426303686822,51.13591058999999,11.457347102013989,4.0,False,3.07,40,True,0.0748426303686822,False,A7T1N0,0,False
6PUO,Transient receptor potential cation channel subfamily M member 2,1,O94759,-0.0740314231671897,51.213883365,11.22741810536768,4.0,False,3.3,41,True,0.0740314231671897,False,O94759,0,False
6HWH,Cytochrome c oxidase subunit 1,3,"A0R050,A0R051,A0R0M4",0.0627593575805054,70.70841008500001,11.140073138465738,4.0,True,3.3,42,True,0.0627593575805054,False,A0R050,0,False
7D0I,Autophagy-related protein 9,1,O74312,-0.0859958730333728,37.528581315,11.1013899528826,3.0,False,3.0,43,True,0.0859958730333728,False,O74312,0,False
6ET5,Light-harvesting protein B-1015 beta chain,2,"P04123,P04124",0.1504352306564642,12.0563267,10.913752776946968,2.0,True,2.87,44,True,0.1504352306564642,False,P04123,0,False
8ASI,Cytochrome c1,4,"Q3IY09,Q3IY10,Q3IY11,Q3J2Z2",0.1063267568510808,23.759959655000007,10.744614168413417,2.0,True,2.9,45,True,0.1063267568510808,False,Q3IY09,0,False
6FKF,"ATP synthase subunit b', chloroplastic",8,"P00825,P00833,P05435,P06450,P06451,P06453,P11402,P31853",-0.1923517739791647,7.187637585,10.63747504539239,1.0,True,3.15,46,True,0.1923517739791647,False,P00825,0,False
7XZI,Toc75,6,"A0A2K3CR90,A0A2K3DWN0,A8HYJ1,A8IE32,A8IZ79,P36495",0.0837032126113718,37.655779764999984,10.552998843014706,1.0,True,2.77,47,True,0.0837032126113718,False,A0A2K3CR90,0,False
6GY6,XaxA,1,D3VB22,0.0706597247103663,51.60735123999998,10.306600510714144,13.0,False,4.0,48,True,0.0706597247103663,False,D3VB22,0,False
2YIU,CYTOCHROME B,3,"P05417,P05418,P13627",0.1019607949260612,23.671997315,9.843766868775695,2.0,True,2.7,49,False,0.1019607949260612,False,P05417,0,False
6BCQ,Transient receptor potential cation channel subfamily M member 4,1,Q7TN37,-0.0706195048722014,49.16763121,9.80818419936378,4.0,False,3.25,50,False,0.0706195048722014,False,Q7TN37,0,False
7TLJ,14 kDa peptide of ubiquinol-cytochrome c2 oxidoreductase complex,1,P16536,0.1013572533153771,23.54923615000001,9.677127927070348,2.0,True,2.91,51,False,0.1013572533153771,False,P16536,0,False
2QJY,Ubiquinol-cytochrome c reductase iron-sulfur subunit,3,"Q02760,Q02761,Q02762",0.1008966309394657,23.596024175000004,9.608423870742651,2.0,True,2.4,52,False,0.1008966309394657,False,Q02760,0,False
7RH7,LpqE protein,4,"A0R052,A0R562,I7FPH1,I7GD61",0.0588939580520361,69.204447135,9.601420275863456,4.0,True,3.0,53,False,0.0588939580520361,False,A0R052,0,False
7RH5,Superoxide dismutase [Cu-Zn],1,A0QQQ1,0.0588238347569644,69.14994517000001,9.57102603022741,4.0,True,3.0,54,False,0.0588238347569644,False,A0QQQ1,0,False
3JQO,TraO protein,2,"Q46704,Q46705",-0.10136636341951,23.28311706,9.569491155222682,14.0,False,2.6,55,False,0.10136636341951,False,Q46704,0,False
6LMV,Calcium homeostasis modulator protein,1,Q18593,-0.0610020337228387,63.149993165000005,9.399871729493022,9.0,False,3.6,56,False,0.0610020337228387,False,Q18593,0,False
5IWS,Protein-N(Pi)-phosphohistidine-sugar phosphotransferase (Enzyme II of the phosphotransferase system) (PTS system glucose-specific IIBC component),1,Q63GK8,0.100430282711491,23.238728145000003,9.375657141373347,2.0,False,2.551,57,False,0.100430282711491,False,Q63GK8,0,False
7JJP,Gap junction alpha-8 protein,1,P55917,0.0929408078590128,26.776783100000003,9.251907419102768,6.0,False,1.94,58,False,0.0929408078590128,False,P55917,0,False
6OQT,ATP synthase subunit delta,8,"P0A6E6,P0AB98,P0ABA0,P0ABA4,P0ABA6,P0ABB0,P0ABB4,P68699",-0.1715853123785305,7.840516004999999,9.233468170227498,1.0,True,3.1,59,False,0.1715853123785305,False,P0A6E6,0,False
6SH3,Mitochondrial chaperone BCS1,1,P32839,-0.1908969372021515,6.208650675,9.05013666860759,7.0,False,3.4,60,False,0.1908969372021515,False,P32839,0,False
7JKC,Gap junction alpha-3 protein,1,Q9TU17,-0.0905217004720078,26.972801105,8.840797613091187,6.0,False,1.9,61,False,0.0905217004720078,False,Q9TU17,0,False
5Y5S,LH1 beta polypeptide,6,"A8ASG6,D2Z0P1,D2Z0P2,D2Z0P3,D2Z0P5,D2Z0P9",0.1163673124488142,15.560669885000006,8.428499961370395,3.0,True,1.9,62,False,0.1163673124488142,False,A8ASG6,0,False
6ZKA,NADH-ubiquinone oxidoreductase chain 1,7,"O78747,O78748,O78753,O78754,O78755,O78756,O78757",0.0814578134635107,30.876394385000005,8.19505867792194,1.0,True,2.5,63,False,0.0814578134635107,False,O78747,0,False
5C8J,Protein MJ0480,1,Q57904,-0.1770239014024621,6.444479745000002,8.0781454791008,1.0,False,3.502,64,False,0.1770239014024621,False,Q57904,0,False
7DDQ,Antenna pigment protein alpha chain,6,"A0A2T4JIL7,A0A2T4JIN0,A0A2T4JIP3,A0A2T4JIP4,A0A2T4JIR4,A0A2T4JIS6",0.1172322563738556,14.651422520000004,8.054415544184966,3.0,True,2.84,65,False,0.1172322563738556,False,A0A2T4JIL7,0,False
7E1V,Prokaryotic respiratory supercomplex associate factor 1 PRSAF1,1,A0QVH4,0.0483495874897646,83.158647625,7.7759409783948765,4.0,True,2.68,66,False,0.0483495874897646,False,A0QVH4,0,False
7WRE,Transient receptor potential cation channel subfamily M member 8,1,Q8R4D5,-0.0659353061344869,44.563143135,7.749467480939656,4.0,False,2.52,67,False,0.0659353061344869,False,Q8R4D5,0,False
6M31,Digeranylgeranylglyceryl phosphate synthase,1,Q57727,-0.0960173052447453,20.9230447,7.71585221102603,2.0,False,2.3,68,False,0.0960173052447453,False,Q57727,0,False
7E1W,Cytochrome c oxidase subunit 3,7,"A0R049,A0R056,A0R057,A0R1B6,P9WH23,P9WP35,P9WP37",0.0481097404132957,82.389735775,7.627797034906371,4.0,True,2.67,69,False,0.0481097404132957,False,A0R049,0,False
7ZP9,Ktr system potassium uptake protein B,2,"O87952,O87953",0.0872438248223007,24.932592400000004,7.590962092254754,2.0,False,2.82,70,False,0.0872438248223007,False,O87952,0,False
7AGX,Surface presentation of antigens protein SpaP,3,"P0A1L7,P40700,P40701",0.1340402687634962,10.476038514999995,7.528832890818036,4.0,False,3.6,71,False,0.1340402687634962,False,P0A1L7,0,False
7C9R,Antenna complex alpha/beta subunit,10,"G1BIY4,G1BIY5,G1BIY6,G1BIY7,G1BIY9,G1BIZ0,H8Z0X5,H8Z3R9,H8Z3S2,H8Z3S4",0.1109015333965802,15.254167355000002,7.504531763913023,3.0,True,2.82,72,False,0.1109015333965802,False,G1BIY4,0,False
7QHM,Cytochrome c oxidase subunit 3,12,"P42461,Q79VD7,Q79VE8,Q79VE9,Q8NMB4,Q8NNK2,Q8NNK3,Q8NNK5,Q8NP09,Q8NSJ8,Q8NTD4,Q9AEL8",0.0508169172981173,71.99389589999998,7.436563641885725,4.0,True,2.8,73,False,0.0508169172981173,False,P42461,0,False
7ZNQ,Probable ABC transporter binding protein NosD,4,"P19843,P19844,P19845,Q52529",0.1166491312433901,13.482378735,7.338199786628105,2.0,False,3.04,74,False,0.1166491312433901,False,P19843,0,False
6WHG,Calcium channel YVC1,1,Q12324,-0.0530271304417856,65.226639485,7.336370353758258,4.0,False,3.1,75,False,0.0530271304417856,False,Q12324,0,False
7AR7,NADH dehydrogenase [ubiquinone] iron-sulfur protein 5-A,1,O82238,-0.1196222605850149,12.454931594999998,7.12894638671168,1.0,True,3.72,76,False,0.1196222605850149,False,O82238,0,False
7PIL,Light-harvesting protein B-875 alpha chain,7,"P13402,Q3J170,Q3J1A3,Q3J1A4,Q3J1A5,Q3J1A6,U5NME9",0.1110468334212789,14.263189249999996,7.035403227631905,3.0,True,2.5,77,False,0.1110468334212789,False,P13402,0,False
2J58,OUTER MEMBRANE LIPOPROTEIN WZA,1,Q9X4B7,-0.1472611571351178,7.872424085000001,6.8288078101564365,8.0,False,2.25,78,False,0.1472611571351178,False,Q9X4B7,0,False
6YVR,"Neurotensin receptor type 1,Neurotensin receptor type 1,DARPin crystallisation chaperone",1,P20789,0.0905103536260935,19.390520055,6.353981876650731,1.0,False,2.458,79,False,0.0905103536260935,False,P20789,0,False
7QBA,Nitrous-oxide reductase,1,P19573,0.1147712644681041,12.022162710000003,6.334450192350476,2.0,False,3.78,80,False,0.1147712644681041,False,P19573,0,False
7RK6,BK channel,1,Q5QJC5,-0.053443090361341,54.46882054,6.222875172135469,4.0,False,2.91,81,False,0.053443090361341,False,Q5QJC5,0,False
6UZ8,Short transient receptor potential channel 6,1,Q9Y210,-0.0594432066556733,43.98443315499999,6.216750664170685,4.0,False,2.84,82,False,0.0594432066556733,False,Q9Y210,0,False
8SBB,Alkane 1-monooxygenase,1,A0A1I2KHB9,-0.1815146713088731,4.684988150000001,6.174360106578033,1.0,False,3.59,83,False,0.1815146713088731,False,A0A1I2KHB9,0,False
4Q2G,Phosphatidate cytidylyltransferase,1,Q9X1B7,-0.0960937932155368,16.699205819999996,6.168030080291783,2.0,False,3.4,84,False,0.0960937932155368,False,Q9X1B7,0,False
6XI0,Ubiquinol-cytochrome c reductase iron-sulfur subunit,3,"D5ANZ2,D5ANZ3,D5ANZ4",0.0797465956665249,24.15212876000001,6.143837372337573,2.0,True,3.3,85,False,0.0797465956665249,False,D5ANZ2,0,False
8GHF,Calcium-activated potassium channel subunit alpha-1,1,Q12791,-0.0521450716350947,56.471509825000005,6.14208648549829,4.0,False,2.7,86,False,0.0521450716350947,False,Q12791,0,False
6Z5S,Light harvesting complex 1 Protein W,6,"A0A4Z7,A0A4Z9,O83005,Q6N1K3,Q6N9L4,Q6N9L5",0.1030798896785675,14.257371055,6.059647119083417,3.0,True,2.65,87,False,0.1030798896785675,False,A0A4Z7,0,False
7DZ7,"Photosystem I reaction center subunit VI, chloroplastic",2,"P13352,Q9ZSJ4",0.0640975623319212,36.84577138999999,6.055230381078511,2.0,True,2.84,88,False,0.0640975623319212,False,P13352,0,False
1EYS,PHOTOSYNTHETIC REACTION CENTER,1,Q93RD8,0.1223702102812099,9.940404105000002,5.9540906719343045,2.0,True,2.2,89,False,0.1223702102812099,False,Q93RD8,0,False
6FL9,Cys-loop ligand-gated ion channel,1,G2FID1,0.0798725967162541,23.3051928,5.947141876236902,5.0,False,2.3,90,False,0.0798725967162541,False,G2FID1,0,False
6K33,Photosystem I P700 chlorophyll a apoprotein A2,4,"P0A409,P0A417,P23318,P25936",0.0341324658588422,125.947294515,5.8692710082672335,2.0,True,2.74,91,False,0.0341324658588422,False,P0A409,0,False
1DXR,PHOTOSYNTHETIC REACTION CENTER CYTOCHROME C SUBUNIT,4,"P06008,P06009,P06010,P07173",0.1193934304477141,10.284952035000002,5.86439376445523,2.0,True,2.0,92,False,0.1193934304477141,False,P06008,0,False
7X06,Chitin synthase,1,G4Z2L3,-0.0976835083667801,15.226218854999996,5.81158451024953,2.0,False,3.1,93,False,0.0976835083667801,False,G4Z2L3,0,False
7O3J,TrwH protein,3,"O50334,O50336,O50337",-0.0801938704857977,22.50194860000001,5.788452439439776,14.0,False,2.6,94,False,0.0801938704857977,False,O50334,0,False
6U9V,P2X purinoceptor 7,1,Q64663,-0.1645846392628328,5.32631276,5.771188448661002,3.0,False,2.9,95,False,0.1645846392628328,False,Q64663,1,True
8B64,Reaction center protein L chain,6,"P02948,P02950,P11847,P19056,P19057,P26240",-0.0979717091967515,14.840359765,5.697781492159011,3.0,True,2.589,96,False,0.0979717091967515,False,P02948,0,False
1ZRT,Cytochrome b,3,"P0CY47,P0CY48,P0CY49",0.0784341755909195,23.006521105,5.661371001201961,2.0,True,3.51,97,False,0.0784341755909195,False,P0CY47,0,False
5EKE,Uncharacterized glycosyltransferase sll0501,1,Q55487,-0.1505870649700836,6.222994945,5.644620867627787,4.0,False,3.001,98,False,0.1505870649700836,False,Q55487,0,False
6VXN,"Mechanosensitive ion channel protein 1, mitochondrial",1,Q8VZL4,-0.0502751041876401,55.306696975,5.591697542821856,7.0,False,2.96,99,False,0.0502751041876401,False,Q8VZL4,0,False
7A5V,"Gamma-aminobutyric acid receptor subunit beta-3,Gamma-aminobutyric acid receptor subunit beta-3",1,P28472,0.0766529893487476,23.790090845000005,5.5913191775848174,5.0,False,1.7,100,False,0.0766529893487476,False,P28472,0,False
7YFI,Glutamate receptor,2,"G3V9C5,Q00961",-0.105187367347097,12.616490830000002,5.58374708757342,4.0,False,3.3,101,False,0.105187367347097,False,G3V9C5,0,False
7PXE,Isoform J of Calcium-activated potassium channel slowpoke,1,Q03720,-0.0496456118234038,55.13011382500001,5.435138494244345,4.0,False,2.38,102,False,0.0496456118234038,False,Q03720,0,False
7NHS,Putative transmembrane protein Wzc,1,Q9X4B9,0.0470121991058371,60.94839302000001,5.388195989829282,8.0,False,2.3,103,False,0.0470121991058371,False,Q9X4B9,0,False
5HK7,Ion transport protein,1,Q0ABW0,0.1131090045202619,10.415919109999995,5.330303650777243,4.0,False,2.95,104,False,0.1131090045202619,False,Q0ABW0,0,False
8E4Q,Transient receptor potential cation channel subfamily M member 8,1,A0A803VFM3,-0.0579555951291655,39.576176555,5.317219218643867,4.0,False,3.51,105,False,0.0579555951291655,False,A0A803VFM3,0,False
7D4P,Short transient receptor potential channel 5,1,Q9UL62,-0.0553094630145925,42.98236744000002,5.2595575057599255,4.0,False,2.7,106,False,0.0553094630145925,False,Q9UL62,0,False
4RFS,Substrate binding pritein S,1,Q03SM0,-0.195205120464641,3.4194014850000007,5.211857085310119,1.0,True,3.232,107,False,0.195205120464641,False,Q03SM0,0,False
6A7F,major coat protein p8,1,P03620,0.0984123544940297,13.324438275,5.1618828665178205,10.0,False,3.4,108,False,0.0984123544940297,False,P03620,0,False
6U8Y,Monovalent cation/H+ antiporter subunit E,10,"I6TXQ1,I6TXQ5,I6U853,I6U860,I6UQN0,I6UQN5,I6UZV7,I6UZW2,I6V2A1,I6V2A4",-0.0355301438158674,101.88661527500004,5.144830333073558,4.0,True,4.0,109,False,0.0355301438158674,False,I6TXQ1,0,False
1QL1,PF1 BACTERIOPHAGE COAT PROTEIN B,1,P03621,0.1106198964296346,10.421603909999996,5.101067253972372,6.0,False,3.1,110,False,0.1106198964296346,False,P03621,0,False
7XUJ,Chloride anion exchanger,1,P40879,-0.0606388328810224,34.425952060000014,5.06346274079505,2.0,False,2.8,111,False,0.0606388328810224,False,P40879,0,False
5FGN,lipooligosaccharide phosphoethanolamine transferase A,1,Q7DD94,0.1812081522905275,3.850366404999999,5.057286003072672,1.0,False,2.75,112,False,0.1812081522905275,False,Q7DD94,0,False
6QFA,"Outer membrane protein,Outer membrane protein,Outer membrane protein,Outer membrane protein,Uncharacterized protein,Uncharacterized protein,Mb-c7HopQ-Nb25",1,B5Z8H1,0.0733263252874335,23.25462475,5.0013721265262445,5.0,False,2.49,113,False,0.0733263252874335,False,B5Z8H1,0,False
6L3T,Gap junction gamma-3 protein,1,Q8NFK1,-0.0609258780524337,33.57213347999999,4.984740177302635,6.0,False,2.34,114,False,0.0609258780524337,False,Q8NFK1,0,False
7WWB,Choline transporter-like protein 1,1,Q8WWI5,0.0551409806192767,40.83739597999999,4.966689418233337,2.0,False,3.86,115,False,0.0551409806192767,False,Q8WWI5,0,False
7PUY,Glycoprotein G2,1,P08669,0.1667085711038336,4.432211095,4.927155696577615,6.0,False,3.3,116,False,0.1667085711038336,False,P08669,1,True
5Z96,Short transient receptor potential channel 4,1,Q9QUQ5,-0.051439442665653,46.27469050500001,4.897743343352691,4.0,False,3.28,117,False,0.051439442665653,False,Q9QUQ5,0,False
4Y7K,"Large conductance mechanosensitive channel protein,Riboflavin synthase",1,Q58584,0.1094440263730486,10.102282435,4.840203502925183,5.0,False,3.5,118,False,0.1094440263730486,False,Q58584,0,False
7XNH,Gap junction delta-2 protein,1,Q9UKL4,0.0592331975083876,33.89270191,4.7565989727859925,6.0,False,3.1,119,False,0.0592331975083876,False,Q9UKL4,0,False
6UIW,Calcium homeostasis modulator protein 2,1,Q9HA72,-0.0380369087192796,81.34852232500002,4.707822590298447,11.0,False,2.7,120,False,0.0380369087192796,False,Q9HA72,0,False
4J7C,Ktr system potassium uptake protein A,2,"O32080,O32081",0.0691092405897574,24.43578748,4.66829800856827,2.0,False,3.5,121,False,0.0691092405897574,False,O32080,0,False
7M6N,Glycine receptor subunit alphaZ1,1,O93430,0.0680691756280325,25.00519925,4.634376281513054,5.0,False,2.61,122,False,0.0680691756280325,False,O93430,0,False
4X5T,"Proton-gated ion channel,GLRA1 protein,GLRA1 protein",1,P23415,0.0693822572402996,23.86344014499999,4.595046308531175,5.0,False,3.5,123,False,0.0693822572402996,False,P23415,0,False
7W4O,ATP-binding cassette sub-family C member 8 isoform X2,2,"A0A1U7R319,Q61743",-0.0243086229637646,193.2688854,4.568174114775959,4.0,True,2.96,124,False,0.0243086229637646,False,A0A1U7R319,0,False
7VH5,Plasma membrane ATPase 1,1,P05030,-0.0347081543485635,94.75616648,4.565943297175131,6.0,False,3.2,125,False,0.0347081543485635,False,P05030,0,False
3TIJ,NupC family protein,1,Q9KPL5,0.0516662983878935,42.70094639,4.559447164574998,3.0,False,2.436,126,False,0.0516662983878935,False,Q9KPL5,0,False
5TIN,Glycine receptor subunit alpha-3,1,O75311,0.0688581308112959,23.970940945,4.546273218510363,5.0,False,2.61,127,False,0.0688581308112959,False,O75311,0,False
6BL6,Lipid A export ATP-binding/permease protein MsbA,1,P63359,-0.0959047073568518,12.299070485,4.524932766972068,2.0,False,2.8,128,False,0.0959047073568518,False,P63359,0,False
8J3W,ATP-binding cassette sub-family C member 4,1,O15439,-0.10210819309008,10.830698579999996,4.516870535364814,1.0,False,3.07,129,False,0.10210819309008,False,O15439,0,False
7QEQ,Gap junction beta-2 protein,1,P29033,-0.0559674001152704,35.721631784999985,4.475705955208637,6.0,False,1.9,130,False,0.0559674001152704,False,P29033,0,False
7MLY,Glycine receptor alpha 1,2,"A0A4X1TUM3,Q6KBX4",0.068087663042,23.56259339,4.3693812096355575,5.0,False,2.7,131,False,0.068087663042,False,A0A4X1TUM3,0,False
7B1L,CDP-diacylglycerol--serine O-phosphatidyltransferase,1,Q58609,-0.0951359710580237,12.04263264,4.359843905080679,2.0,False,1.85,132,False,0.0951359710580237,False,Q58609,0,False
6K61,Photosystem I reaction center subunit III,12,"P0A410,P58560,P58564,P58565,P58566,P58568,P58573,P58575,P58576,P58577,P58583,Q8YNB0",0.0289487259775414,129.63302186,4.345447896690375,4.0,True,2.37,133,False,0.0289487259775414,False,P0A410,0,False
4HUQ,Energy-coupling factor transporter transmembrane protein EcfT,4,"Q03PY5,Q03PY6,Q03PY7,Q03S56",-0.1755872109145216,3.50145573,4.318116865959719,1.0,False,2.998,134,False,0.1755872109145216,False,Q03PY5,0,False
7FIX,Photosystem I 4.8K protein,11,"P0A401,P0A403,P0A405,P0A407,P0A415,P0A423,P0A425,P0A427,P0A429,Q8DGB4,Q8DKP6",0.0235760142579299,192.873333215,4.288179420697421,6.0,True,1.97,135,False,0.0235760142579299,False,P0A401,0,False
6RBG,Chain length determinant protein,1,P76372,0.0415369236247798,61.19220686999999,4.223035802785303,8.0,False,3.0,136,False,0.0415369236247798,False,P76372,0,False
7N72,Isoform 3 of Polyamine-transporting ATPase 13A2,1,Q9NQ11,-0.0926704738877014,12.28540247,4.220191394946643,1.0,False,2.5,137,False,0.0926704738877014,False,Q9NQ11,0,False
5KUK,ATP-sensitive inward rectifier potassium channel 12,1,F1NHE9,0.0960495285189079,11.3969032,4.20569065687562,4.0,False,2.0,138,False,0.0960495285189079,False,F1NHE9,0,False
6V22,Calcium-activated potassium channel subunit beta-4,1,Q86W47,-0.0435109058973622,54.749772405,4.146088425795512,4.0,True,3.2,139,False,0.0435109058973622,False,Q86W47,0,False
7ZC2,Amino acid/peptide transporter,1,P39276,0.0894032347998796,12.86078819,4.111819507360297,1.0,False,2.72,140,False,0.0894032347998796,False,P39276,0,False
5UN1,N-methyl-D-aspartate receptor subunit NR1-3a,2,"A0A1L8F5J9,A7XY94",-0.0769125017287369,17.332821915,4.101315146893737,4.0,False,3.6,141,False,0.0769125017287369,False,A0A1L8F5J9,0,False
6IGZ,PsaC,11,"A0A0D6E2L8,A0A4V8GZZ2,A0A4V8GZZ3,A0A4V8GZZ4,A0A4V8GZZ5,A0A4V8GZZ9,A0A4V8H003,A0A4V8H005,A0A4V8H007,A0A4V8H009,A0A4V8H010",0.0515494692796063,38.50178703499999,4.092505536773789,2.0,True,3.49,142,False,0.0515494692796063,False,A0A0D6E2L8,0,False
7FH1,Meckelin,1,Q5HYA8,-0.0834104354507039,14.699674205,4.090802170188901,2.0,False,3.34,143,False,0.0834104354507039,False,Q5HYA8,0,False
6PV7,Fusion protein of Neuronal acetylcholine receptor subunit alpha-3 and Soluble cytochrome b562,2,"P30926,P32297",0.0689172870070686,21.47620401999999,4.080128657360187,5.0,False,3.34,144,False,0.0689172870070686,False,P30926,0,False
7MHY,Protein-cysteine N-palmitoyltransferase HHAT,1,Q5VTY9,-0.0780253485898625,16.740617504999992,4.076645056819222,1.0,False,2.7,145,False,0.0780253485898625,False,Q5VTY9,0,False
7AWM,"Excitatory amino acid transporter 1,Neutral amino acid transporter B(0),Excitatory amino acid transporter 1",1,P43003,0.0469993338733007,46.084663345,4.071925428657351,3.0,False,3.25,146,False,0.0469993338733007,False,P43003,0,False
7D60,Calcium homeostasis modulator protein 5,1,Q8N5C1,-0.034571645010822,84.43984259000001,4.036895396807794,11.0,False,2.61,147,False,0.034571645010822,False,Q8N5C1,0,False
6BUG,D-alanyl transfer protein DltB,1,Q5M4V4,-0.0927360149161942,11.692119909999995,4.022074499447846,1.0,False,3.27,148,False,0.0927360149161942,False,Q5M4V4,0,False
5VKQ,No mechanoreceptor potential C isoform L,1,E0A9E1,-0.0432875469403923,53.473955795,4.008005003586862,4.0,False,3.55,149,False,0.0432875469403923,False,E0A9E1,0,False
7P0Q,Reaction center protein H chain,3,"P0C0Y7,P0C0Y8,P0C0Y9",0.0862343287720455,13.434251350000002,3.996076883920085,3.0,False,1.73,150,False,0.0862343287720455,False,P0C0Y7,0,False
7YCA,"Photosystem I PsaH, reaction centre subunit VI",14,"A0A090M7B0,A0A090N3J0,A0A096P8E8,A0A096P9N0,A0A096PAU9,A0A1Y5IA87,Q019T9,Q01DV3,Q0P3J4,Q0P3J8,Q0P3K0,Q0P3K1,Q0P3K2,Q0P3P1",0.0514936769484531,37.00333204,3.924719582520089,2.0,True,2.94,151,False,0.0514936769484531,False,A0A090M7B0,0,False
7DKZ,PSI-F,10,"A0A0F6NGI2,A0A0M3KL10,A0A0M3KL12,D5MAL3,E1C9L1,E1C9L3,P05310,Q32904,Q41038,Q9SQL2",0.0506622071218383,37.89800032999999,3.890850094512825,2.0,True,2.393,152,False,0.0506622071218383,False,A0A0F6NGI2,0,False
6A2W,Protein fucoxanthin chlorophyl a/c protein,1,B7FRW2,0.1234408417958059,6.359769050000001,3.8763152127451592,2.0,False,1.8,153,False,0.1234408417958059,False,B7FRW2,0,False
7QN5,Gamma-aminobutyric acid receptor subunit alpha-4,2,"O14764,P48169",0.0636623366473139,23.701265615,3.8423478419037433,5.0,False,2.5,154,False,0.0636623366473139,False,O14764,0,False
3SYA,G protein-activated inward rectifier potassium channel 2,1,P48542,0.0984857487363353,9.89837933,3.8403505270137073,4.0,False,2.98,155,False,0.0984857487363353,False,P48542,0,False
6X3T,Gamma-aminobutyric acid type A receptor subunit gamma-2,3,"P14867,P18507,P47870",0.0637195779189789,23.63536444,3.838557718204561,5.0,False,2.55,156,False,0.0637195779189789,False,P14867,0,False
5MRW,Potassium-transporting ATPase KdpC subunit,4,"P03959,P03960,P03961,P36937",0.0657642128244336,21.9592826,3.7988958868661102,2.0,True,2.9,157,False,0.0657642128244336,False,P03959,0,False
6AEI,Short transient receptor potential channel 5,1,Q9QX29,-0.0462876831188764,44.24175438,3.791606141072804,4.0,False,2.89,158,False,0.0462876831188764,False,Q9QX29,0,False
4RI2,"Photosystem II 22 kDa protein, chloroplastic",1,Q02060,0.1207406993654405,6.481919585000001,3.7798190051657343,2.0,False,2.35,159,False,0.1207406993654405,False,Q02060,0,False
1UUN,MSPA,1,A0QR29,0.0764535081044288,16.02400083,3.746500424347361,8.0,False,2.5,160,False,0.0764535081044288,False,A0QR29,0,False
5BKF,Glycine receptor subunit alpha-2,1,P23416,0.0624993660609573,23.887140375,3.732289969023229,5.0,False,3.6,161,False,0.0624993660609573,False,P23416,0,False
7BCT,Neutral amino acid transporter B(0),1,Q15758,0.0470206180662087,41.913880615,3.706760532555423,3.0,False,3.37,162,False,0.0470206180662087,False,Q15758,0,False
7JI3,Proton-activated chloride channel,1,A0A4Z2BWB0,-0.1218744096735039,6.2346217100000025,3.704206154996589,3.0,False,3.46,163,False,0.1218744096735039,False,A0A4Z2BWB0,0,False
7XLB,Pannexin-2,1,Q96RD6,-0.0422296409551096,51.58372607,3.679658195518187,7.0,False,3.44,164,False,0.0422296409551096,False,Q96RD6,0,False
6MGV,Calcium permeable stress-gated cation channel 1,1,Q5XEZ5,-0.0567184956981961,28.59534045000001,3.679634402269021,2.0,False,3.1,165,False,0.0567184956981961,False,Q5XEZ5,0,False
7ZXM,Gap junction beta-1 protein,1,P08034,0.0504631955284052,35.96447724999999,3.663390712458591,6.0,False,2.14,166,False,0.0504631955284052,False,P08034,0,False
6O72,Transient receptor potential cation channel subfamily M member 8,1,A0A5S8WF66,-0.0492344853579155,37.49621648,3.6356849673604015,4.0,False,3.0,167,False,0.0492344853579155,False,A0A5S8WF66,0,False
1IFP,MAJOR COAT PROTEIN ASSEMBLY,1,P03623,0.0805826116996879,13.983838314999998,3.632194219562024,7.0,False,3.1,168,False,0.0805826116996879,False,P03623,0,False
5OSC,"Proton-gated ion channel,Gamma-aminobutyric acid receptor subunit alpha-2,Gamma-aminobutyric acid receptor subunit alpha-1",1,P26048,0.0624196297701065,23.29720839,3.6308328203817433,5.0,False,3.1,169,False,0.0624196297701065,False,P26048,0,False
7OP8,Cation-transporting ATPase,1,G0S7G9,-0.0861141938021507,12.18633255,3.614785211191789,1.0,False,3.5,170,False,0.0861141938021507,False,G0S7G9,0,False
1KQF,"FORMATE DEHYDROGENASE, NITRATE-INDUCIBLE, IRON-SULFUR SUBUNIT",3,"P0AAJ3,P0AEK7,P24183",0.1013137019877419,8.800487179999998,3.613292131788199,3.0,True,1.6,171,False,0.1013137019877419,False,P0AAJ3,0,False
7F4V,Photosystem I reaction center subunit Z,9,"P0C029,Q7NF26,Q7NFT5,Q7NFT6,Q7NFW6,Q7NG86,Q7NH05,Q7NHY3,Q7NIE7",0.0218839914649562,188.23577292,3.6059128516470738,6.0,True,2.04,172,False,0.0218839914649562,False,P0C029,0,False
6W8X,pilin,1,A0A157T322,0.1510912670467174,3.900281530000001,3.5615141496375613,3.0,False,3.4,173,False,0.1510912670467174,False,A0A157T322,0,False
1HGZ,PH75 INOVIRUS MAJOR COAT PROTEIN,1,P82889,0.0780902194721846,14.58238552,3.5569835262900806,9.0,False,2.4,174,False,0.0780902194721846,False,P82889,0,False
5VRH,Apolipoprotein N-acyltransferase,1,P23930,0.1110415623717627,7.1795614300000015,3.5410253397080784,1.0,False,2.137,175,False,0.1110415623717627,False,P23930,0,False
4O6M,"AF2299, a CDP-alcohol phosphotransferase",1,O27985,-0.0939716197444413,10.003781565,3.533601876353188,2.0,False,1.901,176,False,0.0939716197444413,False,O27985,0,False
3H90,Ferrous-iron efflux pump fieF,1,P69380,0.0780984158899368,14.363656000000002,3.5043658278403065,2.0,False,2.9,177,False,0.0780984158899368,False,P69380,0,False
1RWT,"Chlorophyll A-B binding protein, chloroplast",1,P12333,0.0643368289494228,20.93935376,3.4669100062655644,3.0,False,2.72,178,False,0.0643368289494228,False,P12333,0,False
7URF,SHH-N peptide,1,Q15465,-0.0713863642031068,16.75150875,3.414636250457064,1.0,False,2.8,179,False,0.0713863642031068,False,Q15465,0,False
4WIS,lipid scramblase,1,C7Z7K1,-0.0567647174089016,26.02786447,3.354713900962257,2.0,False,3.3,180,False,0.0567647174089016,False,C7Z7K1,0,False
5OSA,"Proton-gated ion channel,Gamma-aminobutyric acid receptor subunit alpha-1,Gamma-aminobutyric acid receptor subunit alpha-1",1,P62812,0.058788893477997,23.965554205,3.3131266651873306,5.0,False,2.75000236232,181,False,0.058788893477997,False,P62812,0,False
7XJ0,Fusion protein of Transient receptor potential cation channel subfamily V member 3 and 3C-GFP,1,Q8NET8,0.0430372511928841,44.57636134999998,3.302582357567395,4.0,False,2.53,182,False,0.0430372511928841,False,Q8NET8,0,False
6VFE,"Gasdermin-D, N-terminal",1,P57764,-0.0153350602503534,349.432133925,3.286955352385625,33.0,False,3.9,183,False,0.0153350602503534,False,P57764,0,False
7TU9,Glycine receptor beta subunit 2,1,Q6DC22,0.061198739301216,21.93712576,3.286432129352374,5.0,False,3.0,184,False,0.061198739301216,False,Q6DC22,0,False
5L26,Nucleoside permease,1,G4CRQ5,0.0440358166416579,42.328006405,3.2832194735637428,3.0,False,3.4,185,False,0.0440358166416579,False,G4CRQ5,0,False
6M18,Angiotensin-converting enzyme 2,2,"Q695T7,Q9BYF1",0.0467447873383911,37.45231333500001,3.2734447571127574,4.0,False,2.9,186,False,0.0467447873383911,False,Q695T7,0,False
8E93,"Glutamate receptor ionotropic, NMDA 2C",1,Q14957,-0.1060430507031613,7.225174740000001,3.2499207650540867,2.0,True,3.71,187,False,0.1060430507031613,False,Q14957,0,False
6LY5,FCPI-13,26,"A0A1E7F4Y9,A0A6J4B024,A0A6J4B037,A0A6J4B0A4,A0A6J4B0E7,A0A6J4B0N3,A0A6J4B0S3,A0A6J4B109,A0A6J4B112,A0A6J4B118,A0A6J4B125,A0A6J4B150,A0A6J4B2D5,A0A6J4B2D8,A0A6J4B3M5,A0A6J4B492,A0A6J4B499,A0A6J4B7P2,A0A6J4B7P8,A4GGC6,B8C0K4,E1C9K6,P10793,P12355,P17227,Q85G73",0.0453659696283457,39.27901298500001,3.233560216056929,2.0,True,2.38,188,False,0.0453659696283457,False,A0A1E7F4Y9,0,False
5Z1L,Flagellin,1,Q6LWP3,0.1338401461335528,4.499032345000001,3.2236798977588434,4.0,False,4.0,189,False,0.1338401461335528,False,Q6LWP3,0,False
4HFI,Proton-gated ion channel,1,Q7NDN8,0.0577368239175224,24.088234955000004,3.2119645956661653,5.0,False,2.4,190,False,0.0577368239175224,False,Q7NDN8,0,False
6RD4,ATP synthase subunit alpha,10,"A0A5H1ZR73,A0A5H1ZR95,A0ZW40,A0ZW41,D7P7X5,D7P7X6,D8V7I1,D8V7I7,H8PGG3,Q4LDE7",0.035351698982231,64.239843935,3.211330837099142,24.0,False,2.9,191,False,0.035351698982231,False,A0A5H1ZR73,0,False
4MND,CTP L-myo-inositol-1-phosphate cytidylyltransferase/CDP-L-myo-inositol myo-inositolphosphotransferase,1,O29976,-0.0945295442912591,8.970222130000003,3.2062569027948937,2.0,False,2.66,192,False,0.0945295442912591,False,O29976,0,False
8CWM,Flagellin,1,F0NG73,0.1465653926901315,3.72492189,3.2006636192965083,4.0,False,3.4,193,False,0.1465653926901315,False,F0NG73,0,False
4Q65,Dipeptide permease D,1,P75742,-0.0807333815491502,12.250239054999998,3.193822984478309,1.0,False,3.4,194,False,0.0807333815491502,False,P75742,0,False
5SY1,STRA6,1,F1RAX4,0.0511706472852754,30.396064254999995,3.1836049148894108,2.0,False,3.9,195,False,0.0511706472852754,False,F1RAX4,0,False
7CFF,Hemolysin,1,A0A109QFA5,-0.1480500719563804,3.61825528,3.172315998739855,2.0,False,2.0,196,False,0.1480500719563804,False,A0A109QFA5,0,False
6CVL,MetQ periplasmic binding protein,1,P28635,0.1007590222585344,7.7556021899999985,3.14951299820914,2.0,False,2.953,197,False,0.1007590222585344,False,P28635,0,False
7Z1T,Gap junction alpha-1 protein,1,P17302,-0.048480288843654,33.326959335000005,3.1331852996954326,6.0,False,2.26,198,False,0.048480288843654,False,P17302,0,False
4ZR1,Ceramide very long chain fatty acid hydroxylase SCS7,1,Q03529,-0.1600889122664253,3.05298232,3.1297293900718457,1.0,False,2.6008,199,False,0.1600889122664253,False,Q03529,0,False
5AZB,Prolipoprotein diacylglyceryl transferase,1,P60955,0.1177387911271074,5.627366024999999,3.1203571141854325,1.0,False,1.6,200,False,0.1177387911271074,False,P60955,0,False
6NWA,Photosystem I reaction center subunit PsaK 1,2,"P72712,Q55274",0.0199410914246132,193.49017117,3.0776324283244816,6.0,True,3.48,201,False,0.0199410914246132,False,P72712,0,False
1OKC,"ADP, ATP CARRIER PROTEIN HEART ISOFORM T1",1,P02722,0.1180967319804597,5.4316420700000005,3.0301693036675443,1.0,False,2.2,202,False,0.1180967319804597,False,P02722,0,False
6X6K,Cag pathogenicity island protein,2,"O25262,Q6VRP0",-0.057582687376176,22.731257930000005,3.014861183117644,14.0,False,3.1,203,False,0.057582687376176,False,O25262,0,False
1IFI,INOVIRUS,1,P69539,0.0805642251477626,11.577035450000004,3.0056736462170104,5.0,False,3.3,204,False,0.0805642251477626,False,P69539,0,False
4GX0,TrkA domain protein,1,Q74FS9,0.1350585804692851,4.066839345000001,2.96729940420649,2.0,True,2.601,205,False,0.1350585804692851,False,Q74FS9,0,False
7VD5,Photosystem II reaction center X protein,22,"A0A679BVT0,A0A679BVT2,A0A679BVT8,A0A679BVV7,A0A679BWI3,A0A679BXP6,A0A679C012,A0A679C209,A0A679C215,A0A679C261,A0A679C262,A0A679C298,A0A679C2A0,A0A679C6E3,A0A679C6E6,A0A679C6E8,B6ZHE8,B6ZHE9,B6ZHF0,B6ZHF2,B6ZHF4,B7XBY7",0.0292690335833218,86.54421514500001,2.9656152138000844,3.0,True,2.5,206,False,0.0292690335833218,False,A0A679BVT0,0,False
7KR5,Calcium release-activated calcium channel protein 1,1,Q9U6B8,-0.0552124457302966,24.308704055,2.964119909524044,6.0,False,3.3,207,False,0.0552124457302966,False,Q9U6B8,0,False
2BG9,"ACETYLCHOLINE RECEPTOR PROTEIN, GAMMA CHAIN",4,"P02711,Q6S3H8,Q6S3H9,Q6S3I0",0.05307457212268,25.767022525,2.903335549161908,5.0,False,4.0,208,False,0.05307457212268,False,P02711,0,False
7MIJ,Transient receptor potential cation channel subfamily V member 3,1,Q8K424,0.0398172380230495,45.53752509000001,2.887830357472811,4.0,False,1.98,209,False,0.0398172380230495,False,Q8K424,0,False
7EKP,Neuronal acetylcholine receptor subunit alpha-7,1,P36544,0.0586069724838959,20.96797460500001,2.880812864038556,5.0,False,2.85,210,False,0.0586069724838959,False,P36544,0,False
7NNU,Energy-coupling factor transporter ATP-binding protein EcfA2,4,"Q1G929,Q1GBI8,Q1GBI9,Q1GBJ0",-0.1507482324423093,3.168040170000001,2.8797522635229083,1.0,False,2.7,211,False,0.1507482324423093,False,Q1G929,0,False
6M96,Transport permease protein,1,O67182,0.0670466557896166,15.894445815000006,2.8579828785301675,2.0,False,2.05,212,False,0.0670466557896166,False,O67182,0,False
7RXG,afTMEM16 lipid scramblase,1,Q4WA18,-0.0528672805683626,25.523917135,2.853522229029225,2.0,False,2.28,213,False,0.0528672805683626,False,Q4WA18,0,False
6L35,"Chlorophyll a-b binding protein, chloroplastic",1,A0A2K1KN29,0.0425406479566193,39.21546099,2.838739344701553,2.0,True,3.23,214,False,0.0425406479566193,False,A0A2K1KN29,0,False
4Z3N,Putative drug/sodium antiporter,1,Q0P7K3,0.077810967008173,11.650099375,2.821442776246778,1.0,False,2.7,215,False,0.077810967008173,False,Q0P7K3,0,False
7XS6,Chitin synthase 1,1,P08004,-0.0738589010552226,12.924348315,2.820163764803884,2.0,False,2.9,216,False,0.0738589010552226,False,P08004,0,False
6KMX,Photosystem I reaction center subunit XI,5,"A0A1Z3HIL0,A0A1Z3HIL5,A0A1Z3HIN6,A0A1Z3HIQ7,A0A1Z3HR36",0.0191182648496416,192.863214495,2.819722304514497,6.0,True,2.41,217,False,0.0191182648496416,False,A0A1Z3HIL0,0,False
3LDC,Calcium-gated potassium channel mthK,1,O27564,0.0819402670841176,10.466351915,2.8109302865114527,4.0,False,1.45,218,False,0.0819402670841176,False,O27564,0,False
6N2Z,ATP synthase subunit c,4,"A0A0M4TPJ7,A0A0M4U1P9,A0A0M5MQR7,P00845",-0.1113044249098826,5.630540024999999,2.790197218786607,1.0,True,3.0,219,False,0.1113044249098826,False,A0A0M4TPJ7,0,False
7ZYV,"Cytochrome b6-f complex iron-sulfur subunit, chloroplastic",7,"P00165,P00166,P08980,P16013,P61045,P69461,Q9M3L0",0.1568766130477403,2.810135805,2.766328229395586,2.0,True,2.13,220,False,0.1568766130477403,False,P00165,0,False
7USX,Transmembrane inner ear expressed protein,2,"D3KZG3,Q9XXE7",-0.0457827909820395,32.90022629499999,2.758439131489997,2.0,True,3.09,221,False,0.0457827909820395,False,D3KZG3,0,False
6N2Y,ATP synthase subunit alpha,1,A0A0M3VGF9,-0.1106103249996168,5.610762575000001,2.745827306165106,1.0,True,3.0,222,False,0.1106103249996168,False,A0A0M3VGF9,0,False
7KUX,PsaE,8,"A0A2K1IB10,A0A2K1IHL7,A0A2K1IN36,A0A2K1IW94,A0A2K1JDR4,A0A2K1JLW2,A0A2K1JLZ3,A0A2K1KIF2",0.0427716332218085,37.49177491,2.743517029357299,2.0,True,2.8,223,False,0.0427716332218085,False,A0A2K1IB10,0,False
7PAF,LicB protein,1,A0A0H2UQH5,0.0586907159052962,19.841598824999995,2.7338549584390384,2.0,False,3.75,224,False,0.0586907159052962,False,A0A0H2UQH5,0,False
7WLD,GPI-anchor transamidase,5,"O43292,Q92643,Q969N2,Q96S52,Q9H490",0.064315510817634,16.477907205,2.726424594399214,3.0,True,2.53,225,False,0.064315510817634,False,O43292,0,False
6TT7,ATP synthase subunit a,3,"O78751,O78752,P17605",-0.0600388283852169,18.81355561,2.712659542331111,9.0,True,3.5,226,False,0.0600388283852169,False,O78751,0,False
7TC0,"ATP-binding cassette, sub-family A (ABC1), member 1",1,O95477,0.0693586708550273,14.084275985000003,2.7101669319191792,1.0,False,3.1,227,False,0.0693586708550273,False,O95477,0,False
5C78,ATP-driven flippase PglK,1,O86150,-0.0735113168400541,12.510161204999998,2.704153262777177,2.0,False,2.9,228,False,0.0735113168400541,False,O86150,0,False
7RCP,Glutamate transporter homolog,1,O59010,0.0389392771377566,44.31836096499999,2.6879392679434995,3.0,False,2.2,229,False,0.0389392771377566,False,O59010,0,False
8B3P,Capsid protein G8P,3,"P69534,P69537,P69540",0.064706863512845,16.024197840000003,2.683718671957583,10.0,False,2.81,230,False,0.064706863512845,False,P69534,0,False
1R3J,Voltage-gated potassium channel,1,P0A334,0.0862663561482477,8.97077682,2.6703792922504226,4.0,False,1.9,231,False,0.0862663561482477,False,P0A334,0,False
7URD,Isoform 2 of Protein-serine O-palmitoleoyltransferase porcupine,1,Q9H237,-0.0700779766086367,13.542957629999997,2.6603367791963337,1.0,False,2.92,232,False,0.0700779766086367,False,Q9H237,0,False
5CTG,Bidirectional sugar transporter SWEET2b,1,Q5N8J1,-0.0558193717250239,21.025322100000004,2.620429844468266,3.0,False,3.103,233,False,0.0558193717250239,False,Q5N8J1,0,False
1S5H,Voltage-gated potassium channel,1,P0A333,0.0850264330078443,8.939012039999996,2.584981467221444,4.0,False,2.2,234,False,0.0850264330078443,False,P0A333,0,False
7L6Q,Gamma-aminobutyric-acid receptor subunit beta-1,1,E0SJQ4,0.0534286581906328,22.591603665,2.579619116168653,5.0,False,2.5,235,False,0.0534286581906328,False,E0SJQ4,0,False
7OFQ,Archaellin,2,"A0A8X6EH06,A0A8X6EH07",0.1428132730843884,3.156263775,2.5749596478385213,4.0,False,3.08,236,False,0.1428132730843884,False,A0A8X6EH06,0,False
6ZBB,"ATP synthase F(0) complex subunit C1, mitochondrial",1,P32876,-0.0733384902606935,11.963744885,2.5738964188135824,8.0,True,3.61,237,False,0.0733384902606935,False,P32876,0,False
8DQK,Cellulose synthase-like CslF6,1,F2DMH9,-0.0945228910815738,7.043415305,2.5171974380704354,1.0,False,4.0,238,False,0.0945228910815738,False,F2DMH9,0,False
4MT0,MtrE protein,1,Q51006,-0.0912413255991688,7.540689655000001,2.511043470872813,3.0,False,3.292,239,False,0.0912413255991688,False,Q51006,0,False
6L6P,Acid-sensing ion channel 2,1,Q16515,-0.1068677145055503,5.4338222950000015,2.482323997935674,3.0,False,3.08,240,False,0.1068677145055503,False,Q16515,0,False
5N6M,Apolipoprotein N-acyltransferase,1,Q9ZI86,0.1032631973642753,5.743143140000002,2.449631556976455,1.0,False,3.1,241,False,0.1032631973642753,False,Q9ZI86,0,False
6Q9E,Cytochrome b,1,P24959,0.0505759652299217,23.92782137,2.448226018285981,2.0,True,3.9,242,False,0.0505759652299217,False,P24959,0,False
6V9Z,ABC-type bacteriocin transporter,1,A3DCU1,-0.0730924509287149,11.436052469999996,2.443887332585147,2.0,False,3.35,243,False,0.0730924509287149,False,A3DCU1,0,False
7EU3,"NAD(P)H-quinone oxidoreductase subunit K, chloroplastic",15,"A0A7T7JN26,A1E9J6,F2CTW7,F2CUR7,F2D138,F2DWH9,O03060,O98691,O98692,O98693,P0CC72,P69378,P92432,Q7GT16,S4Z232",-0.0428413898738917,32.985097120000006,2.421613685241997,1.0,True,3.7,244,False,0.0428413898738917,False,A0A7T7JN26,0,False
7OY8,Light-harvesting protein B-870 beta chain,5,"Q2RQ23,Q2RQ24,Q2RQ25,Q2RQ26,Q2RWS4",0.0667060784481705,13.452615044999998,2.3944045319640144,3.0,True,2.5,245,False,0.0667060784481705,False,Q2RQ23,0,False
7MIT,ATP-sensitive inward rectifier potassium channel 8,1,Q63664,-0.0545952910271676,20.064208855,2.3921719960380567,1.0,True,3.4,246,False,0.0545952910271676,False,Q63664,0,False
7B0N,NADH-ubiquinone oxidoreductase chain 4L,26,"A0A1D8N3C8,A0A1D8N596,A0A1D8N5V2,A0A1D8N7X0,A0A1D8NC63,A0A1D8ND94,A0A1D8NDL1,A0A1D8NJR0,A0A1D8NKB4,A0A1D8NNZ0,A0A1H6PJS3,A0A1H6PKH9,A0A1H6PPE5,A0A371C0F2,A0A371C2D0,A0A371C5F3,A0A371CB65,Q6ZY24,Q9UUU2,S5TF58,S5TMP9,S5TMS4,S5U3V2,S5U3X7,S5U4R9,S5U4U1",0.0436655192870742,31.293304475,2.386649675116821,1.0,True,3.7,247,False,0.0436655192870742,False,A0A1D8N3C8,0,False
8F6T,Alkane 1-monooxygenase,1,A0A1I2I8Z9,-0.1231101681915192,3.8920217150000007,2.3595169161707976,1.0,False,2.76,248,False,0.1231101681915192,False,A0A1I2I8Z9,0,False
6OHT,"3-beta-hydroxysteroid-Delta(8),Delta(7)-isomerase",1,Q15125,0.0846999458149878,8.190333250000002,2.3503245074772137,2.0,False,3.2,249,False,0.0846999458149878,False,Q15125,0,False
8G2J,Cellulose synthase,1,Q6J8X0,-0.0427920673770365,31.96723566,2.3414862476092724,3.0,False,3.3,250,False,0.0427920673770365,False,Q6J8X0,0,False
3VOU,"Ion transport 2 domain protein, Voltage-gated sodium channel",1,A9VEV6,0.0760887814774587,10.095031319999997,2.337808429912278,4.0,False,3.2,251,False,0.0760887814774587,False,A9VEV6,0,False
7EN0,SLow Anion Channel 1,1,A0A0Q3IDG7,-0.0411544055310741,34.448521265000004,2.333797879923854,3.0,False,2.97,252,False,0.0411544055310741,False,A0A0Q3IDG7,0,False
7VHQ,Modulator of FtsH protease HflC,2,"P0ABC3,P0ABC7",0.0516789580114256,21.845091095,2.333680237412206,6.0,False,3.27,253,False,0.0516789580114256,False,P0ABC3,0,False
6ZG3,Conserved hypothetical membrane protein,1,Q1GBG0,-0.1349918026657411,3.19748426,2.3306829569838814,1.0,True,2.8,254,False,0.1349918026657411,False,Q1GBG0,0,False
6HUJ,"Gamma-aminobutyric acid receptor subunit alpha-1,Gamma-aminobutyric acid receptor subunit alpha-1",1,P08219,0.0511285696678386,22.24628169,2.3261874603648853,5.0,False,3.04,255,False,0.0511285696678386,False,P08219,0,False
6JBH,TarH,2,"A0A6I8WFL6,A0A6I8WFL7",0.0583085947036757,17.050938285,2.318854094243275,2.0,False,3.94,256,False,0.0583085947036757,False,A0A6I8WFL6,0,False
4QKM,influenza M2 monomer,1,P0DOF5,-0.1478426715878119,2.6401396,2.308269357290349,4.0,False,1.44,257,False,0.1478426715878119,False,P0DOF5,0,False
7DNY,"ATP-binding cassette sub-family B member 6, mitochondrial",1,Q9NP58,-0.0721525543498047,11.02080225,2.2949679367824043,2.0,False,3.4,258,False,0.0721525543498047,False,Q9NP58,0,False
7N5G,Mechanosensitive ion channel Flycatcher1,1,A0A7U3W892,-0.1038542100124023,5.313940095000001,2.2925818963055224,1.0,False,2.4,259,False,0.1038542100124023,False,A0A7U3W892,0,False
6WDN,"Essential MCU regulator, mitochondrial",4,"Q8IYU8,Q8NE86,Q9BPX6,Q9H4I9",-0.0800983667557384,8.901881405000003,2.284489239910993,4.0,True,3.2,260,False,0.0800983667557384,False,Q8IYU8,1,True
7TPG,Putative cell surface polysaccharide polymerase/ligase,1,Q1LJU1,0.0696025317422798,11.766394205,2.280097716912259,1.0,False,3.23,261,False,0.0696025317422798,False,Q1LJU1,0,False
6QTI,Nicotinamide nucleotide transhydrogenase,1,W5PFI3,-0.0435851549429751,29.93472134499999,2.274638572727952,2.0,False,2.9,262,False,0.0435851549429751,False,W5PFI3,0,False
4RP9,Ascorbate-specific permease IIC component UlaA,1,P39301,0.0443401675932574,28.891974325000007,2.272123179019338,2.0,False,1.651,263,False,0.0443401675932574,False,P39301,0,False
7D5K,Cellulose synthase,1,L7NUA2,-0.0410048939083425,33.75584674499999,2.2702850169779367,3.0,False,3.5,264,False,0.0410048939083425,False,L7NUA2,0,False
5UM1,Matrix protein 2,1,Q0HD59,-0.1456011747658542,2.66643825,2.261107861996204,4.0,False,1.451,265,False,0.1456011747658542,False,Q0HD59,0,False
1EZV,HEAVY CHAIN (VH) OF FV-FRAGMENT,1,P18531,0.0491127530608309,23.42942454000001,2.2605294655645527,2.0,True,2.3,266,False,0.0491127530608309,False,P18531,0,False
2A65,Na(+):neurotransmitter symporter (Snf family),1,O67854,0.0433983628049517,29.969898875,2.257833753081896,2.0,False,1.65,267,False,0.0433983628049517,False,O67854,0,False
7TYS,ATP-binding cassette sub-family C member 8,2,"P70673,Q09427",-0.0529698642404857,20.109000005,2.2568785311025272,1.0,True,3.41,268,False,0.0529698642404857,False,P70673,0,False
5AZP,Multidrug efflux outer membrane protein OprN,1,Q9I0Y7,-0.0837401878849653,7.997696815000003,2.24332806550662,3.0,False,1.69,269,False,0.0837401878849653,False,Q9I0Y7,0,False
8EXR,Beta-lactam sensor/signal transducer BlaR1,1,P18357,-0.0679614099935881,12.13301336,2.2415757947347363,2.0,True,3.8,270,False,0.0679614099935881,False,P18357,0,False
1WP1,Outer membrane protein oprM,1,Q51487,-0.0828080965543376,8.171028194999998,2.2412087241612424,3.0,False,2.56,271,False,0.0828080965543376,False,Q51487,0,False
7Q1U,Megabody 177,1,P42592,-0.0558626436443042,17.934755199999998,2.238712959409676,1.0,False,2.7,272,False,0.0558626436443042,False,P42592,0,False
5U76,Potassium channel subfamily T member 1,1,Q8QFV0,0.0358838169324191,43.43601388500001,2.237212408159219,4.0,False,3.76,273,False,0.0358838169324191,False,Q8QFV0,0,False
6DT0,Mitochondrial calcium uniporter,1,Q7S4I4,-0.0792706121762233,8.797932345,2.2113884323902,4.0,False,3.7,274,False,0.0792706121762233,False,Q7S4I4,0,False
7SAA,"Glutamate receptor ionotropic, NMDA 1",2,"P35439,Q00960",-0.0531784367184454,19.467776605,2.2021529418080363,4.0,False,2.97,275,False,0.0531784367184454,False,P35439,0,False
7T3P,"Inositol 1,4,5-trisphosphate receptor type 3",1,Q14573,0.0322557156237286,52.87676803500001,2.200585548443956,4.0,False,3.2,276,False,0.0322557156237286,False,Q14573,0,False
7SQH,Proton-activated chloride channel,1,Q9H813,-0.0913219614171746,6.523705225,2.176229944842165,3.0,False,2.5,277,False,0.0913219614171746,False,Q9H813,0,False
4C9Q,"ADP, ATP CARRIER PROTEIN 3",1,P18238,0.0980935873720114,5.650987914999999,2.1750317683037976,1.0,False,3.2,278,False,0.0980935873720114,False,P18238,0,False
5ZUG,Succinate-acetate/proton symporter SatP,1,P0AC98,0.0389104492414557,35.89680187,2.173943432704072,6.0,False,2.802,279,False,0.0389104492414557,False,P0AC98,0,False
7BLZ,PsaO,10,"M1VFJ4,Q85FP8,Q85FQ6,Q85FS8,Q85FS9,Q85FY6,Q85FY7,Q85FZ1,Q85G47,Q85G51",0.0377253213249281,38.18725819,2.1739240342445982,2.0,True,3.1,280,False,0.0377253213249281,False,M1VFJ4,0,False
5NIK,Macrolide export ATP-binding/permease protein MacB,2,"P75830,P75831",-0.0891029488792759,6.743750315000001,2.1416358508862525,2.0,False,3.3,281,False,0.0891029488792759,False,P75830,0,False
4HZU,Predicted membrane protein,1,Q03NM0,-0.1232218524687364,3.517986865,2.136631722085845,1.0,False,3.53,282,False,0.1232218524687364,False,Q03NM0,0,False
1NKZ,"Light-harvesting protein B-800/850, alpha chain",2,"P26789,P26790",0.0675514685273223,11.671819934999998,2.130434369373552,9.0,True,2.0,283,False,0.0675514685273223,False,P26789,0,False
8CV2,Excitatory amino acid transporter 3,1,P43005,0.0342495128413353,45.368189250000015,2.1287283023860075,3.0,False,2.44,284,False,0.0342495128413353,False,P43005,0,False
1RH5,Preprotein translocase secY subunit,3,"P60460,Q57817,Q60175",0.0777969657667346,8.716538405,2.110227883563644,1.0,True,3.2,285,False,0.0777969657667346,False,P60460,0,False
7XL6,Pannexin-3,1,Q96QZ0,-0.0334766512588551,46.914366575,2.1030512896371154,7.0,False,3.25,286,False,0.0334766512588551,False,Q96QZ0,0,False
8DXN,"Volume-regulated anion channel subunit LRRC8C,Volume-regulated anion channel subunit LRRC8A",1,Q8IWT6,-0.0320307940754641,50.61388163999998,2.077136547498042,7.0,False,3.4,287,False,0.0320307940754641,False,Q8IWT6,0,False
6MJP,FIG000988: Predicted permease,4,"O30650,Q9KP51,Q9KP75,Q9KP76",0.0630244981383276,13.040151110000004,2.0718647787756046,2.0,True,2.85,288,False,0.0630244981383276,False,O30650,0,False
7KOO,Alpha-bungarotoxin isoform V31,1,P60616,0.0484871103062081,21.995811170000003,2.068485964394103,5.0,False,3.0,289,False,0.0484871103062081,False,P60616,0,False
7B03,Proteorhodopsin,1,Q6J4G7,0.0343728576595422,43.52953435000001,2.05719420352608,5.0,False,2.93,290,False,0.0343728576595422,False,Q6J4G7,0,False
7WLT,Piezo-type mechanosensitive ion channel component 1,1,E2JF22,-0.0156012890714417,211.110691245,2.055375553567853,3.0,False,3.46,291,False,0.0156012890714417,True,E2JF22,0,False
6CNJ,Neuronal acetylcholine receptor subunit beta-2,2,"P17787,P43681",0.0459887884791102,24.249960004999995,2.051516222276177,5.0,False,3.7,292,False,0.0459887884791102,False,P17787,0,False
8GYX,Choline/ethanolaminephosphotransferase 1,1,Q9Y6K0,-0.0465422298062585,23.672312285,2.051138777217293,2.0,False,3.7,293,False,0.0465422298062585,False,Q9Y6K0,0,False
5XJ5,Glycerol-3-phosphate acyltransferase,1,O66905,-0.116778380222808,3.760184230000001,2.0511338843355853,1.0,False,1.481,294,False,0.116778380222808,False,O66905,0,False
6WLV,Potassium channel TASK2,1,Q9JK62,0.067213228433761,11.313904175000005,2.0444759206657475,2.0,False,3.45,295,False,0.067213228433761,False,Q9JK62,0,False
3CX5,Cytochrome b-c1 complex subunit 7,9,"P00127,P00128,P00163,P07143,P07256,P07257,P08067,P08525,P22289",0.0468877336565403,23.20686938,2.04077456075784,2.0,True,1.9,296,False,0.0468877336565403,False,P00127,0,False
7O3H,"Cytochrome b-c1 complex subunit 2, mitochondrial",10,"P00158,P99028,Q8R1I1,Q9CPX8,Q9CQ69,Q9CR68,Q9CZ13,Q9D0M3,Q9D855,Q9DB77",0.0464344729635773,23.350911425,2.0139323080997547,2.0,True,2.6,297,False,0.0464344729635773,False,P00158,0,False
7M1Q,Retinal-specific phospholipid-transporting ATPase ABCA4,1,P78363,0.0619654119850519,13.089069964999997,2.010330508432563,1.0,False,2.92,298,False,0.0619654119850519,False,P78363,0,False
6YTL,Calcium homeostasis modulator protein 4,1,Q5JW98,0.0213209304403907,109.4189843,1.98959635641659,11.0,False,3.82,299,False,0.0213209304403907,False,Q5JW98,0,False
7SGR,"Membrane fusion protein (MFP) family protein,Hemolysin secretion protein D, chromosomal",2,"A0A0H2VCZ1,Q8FDZ8",-0.0313665568092084,50.49895165000001,1.987357732629505,6.0,True,2.9,300,False,0.0313665568092084,False,A0A0H2VCZ1,0,False
5XTE,Cytochrome b-c1 complex subunit 10,10,"O14949,O14957,P00156,P07919,P08574,P14927,P22695,P31930,P47985,Q9UDW1",0.0461432182493107,23.32504414,1.986544178155984,2.0,True,3.4,301,False,0.0461432182493107,False,O14949,0,False
8EDW,Phospholipid-transporting ATPase ABCA7,1,Q8IZY2,0.0549807947038912,16.411309089999996,1.984381832195452,1.0,False,3.6,302,False,0.0549807947038912,False,Q8IZY2,0,False
6Y5A,5-hydroxytryptamine receptor 3A,1,P23979,0.0433706326212277,26.067454205,1.96132753107646,5.0,False,2.8,303,False,0.0433706326212277,False,P23979,0,False
7S5V,ATP-binding cassette sub-family C member 8,1,Q09428,-0.0511768841894671,18.61880152,1.950560368147668,1.0,False,3.3,304,False,0.0511768841894671,False,Q09428,0,False
7P5V,Volume-regulated anion channel subunit LRRC8A,1,Q80WG5,-0.0369490438515229,35.675588074999986,1.9482179522287029,6.0,False,3.06,305,False,0.0369490438515229,False,Q80WG5,0,False
6GYO,Potassium/sodium hyperpolarization-activated cyclic nucleotide-gated channel 4,1,Q9Y3Q4,0.0329509947692963,44.376951795,1.927323067774528,4.0,False,3.4,306,False,0.0329509947692963,False,Q9Y3Q4,0,False
3RKO,NADH-QUINONE OXIDOREDUCTASE SUBUNIT K,1,C5W716,-0.0332796644999434,43.30782465,1.918599115188433,2.0,True,3.0,307,False,0.0332796644999434,False,C5W716,0,False
7S5T,ATP-sensitive inward rectifier potassium channel 11,1,Q14654,0.0710885123335684,9.468642854999995,1.9140204732531825,4.0,False,3.1,308,False,0.0710885123335684,False,Q14654,0,False
6SL5,Photosystem I iron-sulfur center,4,"D0FXV2,D0FXW0,D0FXW7,D0FXZ0",0.034776804226479,39.376658775,1.904926373357756,2.0,True,2.84,309,False,0.034776804226479,False,D0FXV2,0,False
2FYU,Ubiquinol-cytochrome c reductase complex 6.4 kDa protein,1,P07552,0.0453888257557452,22.93186492,1.889719136058902,2.0,True,2.26,310,False,0.0453888257557452,False,P07552,0,False
8B6J,Apocytochrome b,6,"I7M484,I7MFL6,I7MM45,Q23K66,Q24IM5,Q950Z1",0.0428408764876579,25.71058023,1.8875069708498464,2.0,True,2.8,311,False,0.0428408764876579,False,I7M484,0,False
7QL5,Acetylcholine receptor subunit beta,4,"P02710,P02712,P02714,P02718",0.0474619545613613,20.91579194,1.8846275817524747,5.0,False,2.5,312,False,0.0474619545613613,False,P02710,0,False
6KLV,Cytochrome c,3,"O66458,O66459,O66460",0.0455264358951047,22.44051586,1.860459121523728,2.0,True,3.2,313,False,0.0455264358951047,False,O66458,0,False
5AZS,Outer membrane protein OprJ,1,Q51397,-0.0757372469336032,8.089057720000001,1.8559956518045464,3.0,False,3.1,314,False,0.0757372469336032,False,Q51397,0,False
7OMM,LPS-assembly protein LptD,2,"Q5F651,Q5F9V6",-0.0471637284303159,20.827482175000004,1.8531604494990992,1.0,True,3.4,315,False,0.0471637284303159,False,Q5F651,0,False
3MP7,Preprotein translocase subunit secE,2,"Q8TZK2,Q8U019",0.069997959681805,9.444070245,1.850929863705796,1.0,True,2.9,316,False,0.069997959681805,False,Q8TZK2,0,False
6WTW,DASS family sodium-coupled anion symporter,1,Q5FKK5,0.0386229958775151,30.749282845000003,1.834792254750286,2.0,False,2.86,317,False,0.0386229958775151,False,Q5FKK5,0,False
8A3B,Pannexin-1,1,Q9JIP4,-0.0330733131266583,41.69124323999999,1.8241487194883723,7.0,False,3.1,318,False,0.0330733131266583,False,Q9JIP4,0,False
7WG5,"NAD(P)H-quinone oxidoreductase subunit M, chloroplastic",9,"A0A178WB24,A0A1B1W4Z0,P56753,P56754,P56755,P56756,Q2V2S7,Q9CAC5,Q9LVM2",0.0116992205551955,331.324894625,1.813960879558516,7.0,True,3.89,319,False,0.0116992205551955,False,A0A178WB24,0,False
7DUW,Bifunctional lysylphosphatidylglycerol flippase/synthetase MprF,1,A0A6P1C618,-0.0369445735487589,33.220380164999995,1.813701888244276,2.0,False,2.96,320,False,0.0369445735487589,False,A0A6P1C618,0,False
7MPE,Metal resistance protein YCF1,1,P39109,-0.0482299767561488,19.23547628,1.7897692437676136,1.0,False,3.2,321,False,0.0482299767561488,False,P39109,0,False
6TEJ,Drug ABC transporter ATP-binding protein,2,"A0A100XE85,A0A100XEC2",-0.0626971087976931,11.3301046,1.781512768060939,2.0,False,2.7,322,False,0.0626971087976931,False,A0A100XE85,0,False
7JRG,cytochrome b-c1 complex subunit 8,7,"A0A1S3TB49,A0A1S3TQD2,A0A1S3U9J1,A0A1S3U9S5,A0A1S3VF71,A0A1S3VHC0,A0A1S3W199",0.0425121589974383,24.339726575000004,1.7595516076687965,2.0,True,3.2,323,False,0.0425121589974383,False,A0A1S3TB49,0,False
4US3,TRANSPORTER,1,Q9KDT3,0.0672170509012552,9.675809175,1.7486632960068065,1.0,False,2.098,324,False,0.0672170509012552,False,Q9KDT3,0,False
7DYR,Microcin E492,3,"P69801,P69805,Q9Z4N4",0.0303416512660674,47.42887016499998,1.7465506929456227,6.0,True,2.28,325,False,0.0303416512660674,False,P69801,0,False
7Y8A,Photosystem I reaction center subunit XI,10,"A0A222AI25,A0A222AI28,A0A222AI34,A0A222AI52,A0A222AI55,A0A222AI68,A0A222AI78,A0A222AI95,A0A222AIB4,A0A222AIF3",0.0339334806737909,37.86885408999999,1.744210806646481,2.0,True,2.71,326,False,0.0339334806737909,False,A0A222AI25,0,False
5V7P,Protein-S-isoprenylcysteine O-methyltransferase,1,D6WJ77,-0.0824371244956362,6.367466175000001,1.7309013125793111,1.0,False,2.3,327,False,0.0824371244956362,False,D6WJ77,0,False
7KZZ,Cadmium and zinc efflux pump FieF,1,Q8E919,-0.0668556230332126,9.649399474999996,1.725186925780275,2.0,False,3.42,328,False,0.0668556230332126,False,Q8E919,0,False
6A96,"Gamma-aminobutyric acid receptor subunit alpha-5,Gamma-aminobutyric acid receptor subunit alpha-5",1,P31644,0.0403837130359117,26.395037635000005,1.7218478443838727,5.0,False,3.51,329,False,0.0403837130359117,False,P31644,0,False
7PQT,Potassium voltage-gated channel subfamily C member 1,1,P48547,-0.0299241544001026,47.9352055,1.7169528093946422,4.0,False,2.65,330,False,0.0299241544001026,False,P48547,0,False
6RV2,Potassium channel subfamily K member 3,1,O14649,0.0656082824955154,9.924052209999996,1.7087021641457805,2.0,False,3.0,331,False,0.0656082824955154,False,O14649,0,False
7KAJ,Protein transport protein SSS1,4,"P32915,P33754,P35179,P52870",0.0462348962824186,19.75671406,1.6893299476674746,2.0,True,3.1,332,False,0.0462348962824186,False,P32915,0,False
6UWZ,Alpha-bungarotoxin,1,P60615,0.0463559741806136,19.490647205,1.675319626945927,5.0,False,2.69,333,False,0.0463559741806136,False,P60615,0,False
5CBG,Ion transport 2 domain protein,1,D5UM26,-0.0511898836655006,15.964471369999998,1.6733347065637556,4.0,False,3.14,334,False,0.0511898836655006,False,D5UM26,0,False
7N7P,Ion channel TACAN,1,Q9BXJ8,-0.0576614608521369,12.575795114999998,1.672502311339698,2.0,False,3.24,335,False,0.0576614608521369,False,Q9BXJ8,0,False
4HYG,Putative uncharacterized protein,1,A3CWV0,0.0298823145967658,46.52988918000002,1.6619596547177036,4.0,False,3.32,336,False,0.0298823145967658,False,A3CWV0,0,False
3JC2,Prolactin,1,P01239,0.0636392892926719,10.23006351,1.6572535692901802,1.0,True,3.6,337,False,0.0636392892926719,False,P01239,0,False
5OY0,Photosystem I reaction center subunit XI,10,"P12975,P29254,P29255,P29256,P32422,P37277,P72986,P74564,Q55329,Q55330",0.0146591223507786,192.595313435,1.6554712599912385,6.0,True,2.501,338,False,0.0146591223507786,False,P12975,0,False
7DR2,Photosystem I P700 chlorophyll a apoprotein A1,1,A0A097PBL3,0.0116530173500713,303.9955496149999,1.651216437258535,8.0,True,3.8,339,False,0.0116530173500713,False,A0A097PBL3,0,False
4H33,Lmo2059 protein,1,Q8Y5K1,0.0656895717719219,9.502647124999998,1.6402024455040354,4.0,False,3.1,340,False,0.0656895717719219,False,Q8Y5K1,0,False
7KAH,Protein translocation protein SEC63,1,P14906,0.0464686806133027,18.9486584,1.636662535950032,2.0,True,3.1,341,False,0.0464686806133027,False,P14906,0,False
4MT4,CmeC,1,Q8RTE3,-0.0701751475818508,8.263944865000003,1.627848829728233,3.0,False,2.373,342,False,0.0701751475818508,False,Q8RTE3,0,False
6DW0,Gamma-aminobutyric acid receptor subunit gamma-2,3,"P15431,P18508,P62813",0.0479120730110288,17.688308350000003,1.6241876935564927,5.0,False,3.8,343,False,0.0479120730110288,False,P15431,0,False
7ZE8,Light-harvesting protein,1,P35105,0.0340127457012629,35.080171990000004,1.623323550960053,18.0,False,3.6,344,False,0.0340127457012629,False,P35105,0,False
4IL3,Ste24p,1,M4GGS2,-0.0690153131223984,8.514149299999998,1.622154360273027,1.0,False,3.102,345,False,0.0690153131223984,False,M4GGS2,0,False
8FWW,"Glutamate receptor ionotropic, kainate 2",1,P42260,-0.0481943246659846,17.42666155000001,1.619071343034716,4.0,False,3.1,346,False,0.0481943246659846,False,P42260,0,False
5BUN,Outer membrane protein,1,A0A0X1KHE0,-0.0675390120637335,8.836719924999997,1.6123543331668548,3.0,False,2.98,347,False,0.0675390120637335,False,A0A0X1KHE0,0,False
7BGI,"Chlorophyll a-b binding protein, chloroplastic",1,Q75VY9,0.0324720806459675,38.036753935,1.604292939566693,2.0,True,2.54,348,False,0.0324720806459675,False,Q75VY9,0,False
4TNW,Avermectin-sensitive glutamate-gated chloride channel GluCl alpha,1,G5EBR3,0.0416549587204947,23.081711475,1.6019959586479295,5.0,False,3.2,349,False,0.0416549587204947,False,G5EBR3,0,False
6EBU,LpxE,1,O67603,0.1104734484491441,3.2797319650000003,1.6010841768967528,1.0,False,2.372,350,False,0.1104734484491441,False,O67603,0,False
8E96,"Glutamate receptor ionotropic, NMDA 1",2,"O15399,Q05586",-0.0618616974169214,10.24304682,1.5679521824654792,4.0,False,3.38,351,False,0.0618616974169214,False,O15399,0,False
5YS3,Succinate-Acetate Permease,1,A8ALU5,0.033205423459116,35.52699398,1.5668827515336314,6.0,False,1.823,352,False,0.033205423459116,False,A8ALU5,0,False
7LZH,Glutamate receptor 3.4,1,Q8GXJ4,-0.0495899304296975,15.883242579999996,1.5623781553310838,4.0,False,3.57,353,False,0.0495899304296975,False,Q8GXJ4,0,False
6VD7,Pannexin,1,B3DLA5,-0.031115360341933,40.161268045,1.5553104059926983,7.0,False,3.02,354,False,0.031115360341933,False,B3DLA5,0,False
6I1R,CMP-sialic acid transporter 1,1,B4FZ94,0.069310773794535,8.047164920000002,1.5463378561208747,1.0,False,2.8,355,False,0.069310773794535,False,B4FZ94,0,False
6D7W,Mitochondrial calcium uniporter,1,A1CWT6,-0.0651859104818556,8.985594709999997,1.5272646131091168,4.0,False,3.8,356,False,0.0651859104818556,False,A1CWT6,0,False
4R0C,AbgT putative transporter family,1,Q0VR69,0.0363666964753772,28.783854985,1.5227080826992136,2.0,False,2.963,357,False,0.0363666964753772,False,Q0VR69,0,False
2A79,Potassium voltage-gated channel subfamily A member 2,1,P63142,-0.0302255115050923,41.418372565000006,1.5135624332061173,4.0,True,2.9,358,False,0.0302255115050923,False,P63142,0,False
7NG8,Outer membrane channel protein,1,A0A1C3Q001,-0.0664832803648569,8.555581429999998,1.5126358890361942,3.0,True,3.2,359,False,0.0664832803648569,False,A0A1C3Q001,0,False
7OCE,Protein cornichon homolog 2,1,Q5BJU5,-0.0466922164294385,17.30992427,1.509538309044771,4.0,True,3.1,360,False,0.0466922164294385,False,Q5BJU5,0,False
6DNF,Mitochondrial calcium uniporter MCU,1,W2SDE2,-0.063804703911123,9.23356867,1.5036091850129996,4.0,False,3.2,361,False,0.063804703911123,False,W2SDE2,0,False
5ZLG,Cytochrome b reductase 1,1,Q53TN4,-0.0592626892069327,10.683006985000002,1.5007771662775968,2.0,False,2.8,362,False,0.0592626892069327,False,Q53TN4,0,False
6M2R,Sodium-dependent dopamine transporter,1,Q7K4Y6,0.0573779278415732,11.350080415,1.494681467716415,1.0,False,2.802,363,False,0.0573779278415732,False,Q7K4Y6,0,False
7LFT,cGMP-gated cation channel alpha-1,1,P29973,0.0284455084682778,46.162488970000005,1.4940894899071973,4.0,False,2.6,364,False,0.0284455084682778,False,P29973,0,False
6HZM,ATP-binding cassette sub-family G member 2,1,Q9UNQ0,0.0594887752912203,10.48862884,1.4847343795044865,2.0,False,3.09,365,False,0.0594887752912203,False,Q9UNQ0,0,False
7W6T,Dipeptidyl aminopeptidase-like protein 6,1,Q9Z218,-0.1109218660117154,3.0104028300000025,1.4815589586264275,2.0,True,3.85,366,False,0.1109218660117154,False,Q9Z218,1,True
7QRM,Cytochrome b6-f complex subunit 7,1,P80883,0.1102044620087167,3.048122365,1.4807807036449745,2.0,True,2.7,367,False,0.1102044620087167,False,P80883,0,False
7SK0,Potassium channel subfamily K member 1,1,Q9Z2T2,0.0583125286716815,10.877758655000004,1.4795279008487956,2.0,False,3.33,368,False,0.0583125286716815,False,Q9Z2T2,0,False
5KHS,Putative RND superfamily efflux pump membrane protein,1,A0A0H3KP92,-0.0398476272170569,23.17251810500001,1.4717639235764397,2.0,False,3.758,369,False,0.0398476272170569,False,A0A0H3KP92,0,False
2BHW,CHLOROPHYLL A-B BINDING PROTEIN AB80,1,P07371,0.0437878308451303,19.08358276000001,1.4636147157624535,3.0,False,2.5,370,False,0.0437878308451303,False,P07371,0,False
7RHS,Cyclic nucleotide-gated cation channel beta-3,2,"Q16281,Q9NQW8",0.0272058820458817,49.117852405000015,1.4542028206008275,4.0,False,2.93,371,False,0.0272058820458817,False,Q16281,0,False
8DNZ,Protein transport protein Sec61 subunit beta,3,"P60059,P60468,P61619",0.0633111293528397,9.049979370000004,1.4510009665269674,1.0,True,2.57,372,False,0.0633111293528397,False,P60059,0,False
7N0L,Ion channel TACAN,1,Q8C1E7,-0.0513634280863074,13.74571912,1.4505592066240924,2.0,False,2.8,373,False,0.0513634280863074,False,Q8C1E7,0,False
7F57,Neuropilin and tolloid-like protein 2,1,C6K2K4,-0.0443415117122791,18.122006650000003,1.4252375868162022,4.0,True,3.8,374,False,0.0443415117122791,False,C6K2K4,0,False
5VRE,Putative integral membrane protein,1,K9UJK2,-0.0378538106840463,24.78447811500001,1.4205580362572665,4.0,False,3.299,375,False,0.0378538106840463,False,K9UJK2,0,False
7LDD,Glutamate receptor 1,1,P23818,-0.0449473422994844,17.440755775,1.4093969478477049,4.0,True,3.4,376,False,0.0449473422994844,False,P23818,0,False
1EK9,OUTER MEMBRANE PROTEIN TOLC,1,P02930,-0.0637078316548825,8.677045185000003,1.4086967022133856,3.0,False,2.1,377,False,0.0637078316548825,False,P02930,0,False
4TPH,Proton:oligopeptide symporter POT family,1,Q8EHE6,-0.0519992288519333,12.881805534999998,1.3932547624495717,1.0,False,3.155,378,False,0.0519992288519333,False,Q8EHE6,0,False
5KYH,Iho670,1,A8AAA0,0.1199858238389885,2.411379145,1.3886262395533866,3.0,False,4.0,379,False,0.1199858238389885,False,A8AAA0,0,False
7M1T,"Hemolysin, contains CBS domains",1,A0A1G8XA46,-0.0987387624430492,3.553017635,1.3855835340192098,2.0,False,3.26,380,False,0.0987387624430492,False,A0A1G8XA46,0,False
5M87,Divalent metal cation transporter MntH,1,E4KPW4,0.0568123016007383,10.715127724999997,1.3833819710066213,1.0,False,3.3,381,False,0.0568123016007383,False,E4KPW4,0,False
8AYN,Isoform Flip of Glutamate receptor 2,3,"P19490,P19491,Q8VHW5",-0.0452111312850582,16.90757619,1.3823948043959504,4.0,True,2.8,382,False,0.0452111312850582,False,P19490,0,False
2VPZ,HYPOTHETICAL MEMBRANE SPANNING PROTEIN,1,Q72LA6,0.0491782484086315,14.270088335,1.3804884120499523,2.0,False,2.4,383,False,0.0491782484086315,False,Q72LA6,0,False
6W8U,pilin,1,A4WH64,0.0962945152030963,3.693073080000001,1.369780549751917,3.0,False,3.8,384,False,0.0962945152030963,False,A4WH64,0,False
7LEP,Glutamate receptor 2,3,"O35089,P23819,Q8VHW2",-0.0449060827581945,16.963143080000005,1.3682853005835354,4.0,True,3.25,385,False,0.0449060827581945,False,O35089,0,False
7EEB,Cation channel sperm-associated protein subunit delta,12,"A0A2R8VHF7,A2ARP9,A2RTF1,C6KI89,D3Z338,E9Q9F6,P0DP43,Q80W99,Q8BVN3,Q8C0X7,Q91ZR5,Q9CQP8",-0.030883852741532,35.513362189999995,1.3549233523073323,3.0,True,2.9,386,False,0.030883852741532,False,A0A2R8VHF7,0,False
6GS4,Dipeptide and tripeptide permease A,1,P77304,-0.0515330676072143,12.735417650000002,1.352836070247546,1.0,False,2.645,387,False,0.0515330676072143,False,P77304,0,False
6PNJ,Photosystem I reaction center subunit IV,10,"G6FMD2,G6FMD3,G6FME9,G6FMF0,G6FMF1,G6FQU3,G6FSH2,G6FV28,G6FW50,G6FWT6",0.0132065893845152,193.68824504000008,1.3512776873851489,6.0,True,3.19,388,False,0.0132065893845152,False,G6FMD2,0,False
1YC9,multidrug resistance protein,1,Q9KS51,-0.0636201901257382,8.275510865,1.3398146734589689,3.0,False,1.8,389,False,0.0636201901257382,False,Q9KS51,0,False
3PIK,Cation efflux system protein cusC,1,P77211,-0.0622353327295757,8.605556665,1.3332542952855424,3.0,False,2.3,390,False,0.0622353327295757,False,P77211,0,False
1Q16,Respiratory nitrate reductase 1 beta chain,3,"P09152,P11349,P11350",0.0537686116539862,11.500441639999998,1.329940328003821,2.0,False,1.9,391,False,0.0537686116539862,False,P09152,0,False
7DSD,Calcium homeostasis modulator 1,1,E7F2J4,-0.0298303870995075,37.070946430000006,1.3195062247591107,7.0,False,2.9,392,False,0.0298303870995075,False,E7F2J4,0,False
8DRK,Volume-regulated anion channel subunit LRRC8C,1,Q8R502,-0.0300024934185814,36.42869512,1.3116510301440265,6.0,False,2.95,393,False,0.0300024934185814,False,Q8R502,0,False
7TYN,Calcitonin-1,1,B5XGR7,0.0791636513130738,5.22146413,1.30889233560534,1.0,False,2.6,394,False,0.0791636513130738,False,B5XGR7,0,False
7ARL,Lipoprotein-releasing ABC transporter permease subunit LolC,4,"P0ADC3,P69776,P75957,P75958",0.0759007070486967,5.655487275,1.3032317861969962,2.0,False,3.2,395,False,0.0759007070486967,False,P0ADC3,0,False
7BR3,"Gonadotropin-releasing hormone receptor,GlgA glycogen synthase,Gonadotropin-releasing hormone receptor",1,P30968,0.0820946221205248,4.75695603,1.2823853404858911,1.0,False,2.79,396,False,0.0820946221205248,False,P30968,0,False
6ZMQ,Cytochrome C-type biogenesis protein ccmF,1,Q72IU4,0.0491129988009494,13.27126796,1.2804579316442797,1.0,False,2.67,397,False,0.0491129988009494,False,Q72IU4,0,False
5W81,Cystic fibrosis transmembrane conductance regulator,1,Q1LX78,-0.0533569292093135,11.194344665,1.274794907872307,1.0,False,3.37,398,False,0.0533569292093135,False,Q1LX78,0,False
6YEZ,"Ferredoxin-1, chloroplastic",3,"A0A0F6NFW5,P09911,P16002",0.0284511883996722,39.32264578,1.273220274059315,2.0,True,2.7,399,False,0.0284511883996722,False,A0A0F6NFW5,0,False
7EU7,"Glutamate receptor ionotropic, NMDA 2A",1,Q12879,-0.040964772627493,18.890286455,1.268001106006366,4.0,False,3.5,400,False,0.040964772627493,False,Q12879,0,False
7VLT,Isoform SUR2B of ATP-binding cassette sub-family C member 9,1,Q63563,-0.0566235611850085,9.877582585000004,1.2667911483232484,1.0,False,3.1,401,False,0.0566235611850085,False,Q63563,0,False
6V4J,Potassium uptake protein TrkA,2,"Q87KD2,Q87TN7",0.0293380317695138,36.553562875,1.2584954635815668,2.0,False,2.97,402,False,0.0293380317695138,False,Q87KD2,0,False
6XJH,Phenol-soluble modulin export ABC transporter permease subunit PmtD,1,Q2FWX0,0.04664532175238,14.45563897,1.258095099607957,2.0,False,3.6,403,False,0.04664532175238,False,Q2FWX0,0,False
6ZZX,Photosystem I reaction center subunit IV,13,"A0A2P6TC44,A0A2P6THB2,A0A2P6TMT4,A0A2P6TPU7,A0A2P6TZI8,A0A2P6U0J1,A0A2P6U4S6,W8SIP9,W8SKM2,W8SU98,W8SUA3,W8SUD1,W8SY74",0.028509035886412,38.62284821999999,1.2556521658120494,2.0,True,2.7,404,False,0.028509035886412,False,A0A2P6TC44,0,False
4Q35,LPS-assembly protein LptD,2,"Q83LX4,Q83SQ0",-0.0398949151031429,19.629140380000003,1.2496729309596435,1.0,True,2.393,405,False,0.0398949151031429,False,Q83LX4,0,False
5SV0,Biopolymer transport protein ExbB,1,P0ABU7,-0.0430681757535454,16.721148080000003,1.240620741182601,5.0,False,2.6,406,False,0.0430681757535454,False,P0ABU7,0,False
6VGC,5-lipoxygenase-activating protein,1,P20292,-0.0570867045586672,9.48454423,1.2363641508923209,3.0,False,2.37,407,False,0.0570867045586672,False,P20292,0,False
3B9Y,Ammonium transporter family Rh-like protein,1,Q82X47,0.0331393822836468,27.7067618,1.21712331061789,3.0,False,1.85,408,False,0.0331393822836468,False,Q82X47,0,False
3L1L,Arginine/agmatine antiporter,1,P60063,0.0351402589599624,24.47006370500001,1.2086623850317075,2.0,False,3.002,409,False,0.0351402589599624,False,P60063,0,False
5BZ3,Na(+)/H(+) antiporter,1,Q5SIA2,0.036139476592029,23.071816865,1.2053287173461051,2.0,False,2.3,410,False,0.036139476592029,False,Q5SIA2,0,False
4KNF,Blue-light absorbing proteorhodopsin,1,Q9AFF7,0.0264024697343773,43.06940460499999,1.2009307532653684,5.0,False,2.6,411,False,0.0264024697343773,False,Q9AFF7,0,False
7O82,Arginine/agmatine antiporter,1,P60061,0.0347048843267211,24.864633575,1.1979074262361875,2.0,False,1.69,412,False,0.0347048843267211,False,P60061,0,False
7XR6,Excitatory amino acid transporter 2,1,P43004,-0.0255914199651986,45.65969284,1.196139258366726,3.0,False,3.4,413,False,0.0255914199651986,False,P43004,0,False
7ZQC,"Chlorophyll a-b binding protein, chloroplastic",13,"A8IFG7,A8IL32,P09144,P12154,P12352,P12356,P14224,P14225,P59777,Q00914,Q05093,Q39615,Q75VZ0",0.0277001580725664,38.915261770000015,1.1943852797596524,2.0,True,2.31,414,False,0.0277001580725664,False,A8IFG7,0,False
1PP9,Cytochrome b,9,"P00125,P00126,P00129,P00130,P00157,P13271,P13272,P23004,P31800",0.0356179924731266,23.311166045000004,1.182940401717244,2.0,True,2.1,415,False,0.0356179924731266,False,P00125,0,False
6WBN,Pannexin-1,1,Q96RD7,0.026819662278428,40.95549633999999,1.1783621778239504,7.0,False,2.83,416,False,0.026819662278428,False,Q96RD7,0,False
5SYT,CAAX prenyl protease 1 homolog,1,O75844,-0.0609231873171768,7.92845072,1.1771005291551473,1.0,False,2.0,417,False,0.0609231873171768,False,O75844,0,False
4XK8,Photosystem I P700 chlorophyll a apoprotein A2,4,"C6T221,P05311,P12357,Q01667",0.027556407277929,38.628848340000005,1.1733212646320947,2.0,True,2.8,418,False,0.027556407277929,False,C6T221,0,False
7ZCU,Light-harvesting protein B-800-850 alpha chain,2,"P35101,P35106",0.029093889463274,34.337802725,1.1626153737493856,18.0,False,2.7,419,False,0.029093889463274,False,P35101,0,False
7ABW,PepSY domain-containing protein,1,Q9I117,0.1022905765227853,2.77397395,1.1610037497303152,1.0,False,3.35,420,False,0.1022905765227853,False,Q9I117,0,False
6V3H,NPC1-like intracellular cholesterol transporter 1,1,Q6T3U3,-0.0504737321998592,11.369219780000003,1.1585679001995806,1.0,False,3.5,421,False,0.0504737321998592,False,Q6T3U3,0,False
7VLY,Mannose/fructose/sorbose family PTS transporter subunit IIC,2,"Q8YAM0,S5LAD9",0.0226905692530827,56.12675054,1.1559010911063046,6.0,True,2.45,422,False,0.0226905692530827,False,Q8YAM0,0,False
6VRH,"8B6 antibody, light chain",1,A0A0U5BC76,0.0502554772783456,11.385189265000005,1.150183279000153,1.0,False,3.3,423,False,0.0502554772783456,False,A0A0U5BC76,0,False
3M73,Tellurite resistance protein tehA homolog,1,P44741,-0.0298918552113941,31.988883224999995,1.143312126443573,3.0,False,1.15,424,False,0.0298918552113941,False,P44741,0,False
5O0T,Putative ferric reductase,1,K9WT99,-0.0781054356391523,4.678773945,1.1417067591645502,1.0,False,2.05,425,False,0.0781054356391523,False,K9WT99,0,False
7TBG,Two pore calcium channel protein 1,1,Q94KI8,0.0251796674422256,44.826230435,1.1368212695364044,2.0,False,2.5,426,False,0.0251796674422256,False,Q94KI8,0,False
6BMS,Palmitoyltransferase,1,F1QXD3,-0.1037596318765575,2.638669735,1.136323194899492,1.0,False,2.441,427,False,0.1037596318765575,False,F1QXD3,0,False
6VPV,Photosystem I iron-sulfur center,10,"K9YZN5,K9Z0B2,K9Z0X2,K9Z1F7,K9Z1N0,K9Z2J7,K9Z6P4,K9Z7M2,K9Z7Y0,K9Z9J3",0.0122025739308812,190.16466258,1.1326421089316248,6.0,True,2.7,428,False,0.0122025739308812,False,K9YZN5,0,False
6LMT,Calcium homeostasis modulator 1,1,H2MCM1,-0.0249318659293954,45.518502685,1.1317682977071242,8.0,False,2.66,429,False,0.0249318659293954,False,H2MCM1,0,False
6LUM,Succinate dehydrogenase subunit A,4,"A0QT08,A0QT09,A0QT10,A0R4D1",0.0311486218194728,29.076470105,1.1284422677662,5.0,True,2.84,430,False,0.0311486218194728,False,A0QT08,0,False
6HCY,Metalloreductase STEAP4,1,Q687X5,-0.0369790021353228,20.478543835,1.1201326047236424,3.0,False,3.1,431,False,0.0369790021353228,False,Q687X5,0,False
7QP9,Auxin efflux carrier component 8,1,Q9LFP6,0.0369257399484701,20.47685779,1.1168162363675669,2.0,False,2.89,432,False,0.0369257399484701,False,Q9LFP6,0,False
4Q79,CsgG,1,A0A0F6C2F5,-0.0326377274904157,26.145482294999987,1.1140289392868872,9.0,False,3.1,433,False,0.0326377274904157,False,A0A0F6C2F5,0,False
2QKS,Kir3.1-prokaryotic Kir channel chimera,1,P63250,0.0526983114776935,10.015034574999998,1.112514921005502,4.0,False,2.2,434,False,0.0526983114776935,False,P63250,0,False
7EPZ,Cystine/glutamate transporter,1,Q9UPY5,-0.0476008692264458,12.269500380000004,1.1120303398321436,2.0,False,3.4,435,False,0.0476008692264458,False,Q9UPY5,0,False
8I2Z,Xanthorhodopsin,1,A0A977XLG0,0.0260498571655678,40.91479520499999,1.1105831135748567,5.0,False,2.3,436,False,0.0260498571655678,False,A0A977XLG0,0,False
7F47,Hypothetical conserved protein,1,Q2K4J4,-0.0289965527974884,32.98666610999999,1.1094076524335206,2.0,False,2.99,437,False,0.0289965527974884,False,Q2K4J4,0,False
5U1D,Antigen peptide transporter 2,2,"Q03518,Q03519",-0.046727631328682,12.692344215,1.1085348894879592,2.0,False,3.97,438,False,0.046727631328682,False,Q03518,0,False
7COY,Photosystem I iron-sulfur center,8,"B0C474,B0C475,B0C5D5,B0C7S4,B0C7S6,B0C7S7,B0CA71,B0CB42",0.0122075856537923,185.82534740499992,1.1077059922111776,6.0,True,2.5,439,False,0.0122075856537923,False,B0C474,0,False
8CS9,Glycophorin-B,1,P06028,0.0110298647618337,227.5953744550001,1.1075511639454336,6.0,True,2.74,440,False,0.0110298647618337,False,P06028,0,False
4U3F,Mitochondrial ubiquinol-cytochrome c reductase 7.2 kda protein,1,F1NC51,0.0346361906134152,23.05781349,1.1064667186306192,2.0,True,3.2312,441,False,0.0346361906134152,False,F1NC51,0,False
4MRS,ABC transporter related protein,1,Q2G506,-0.0515340130362089,10.396664870000002,1.104439580380146,2.0,False,2.35,442,False,0.0515340130362089,False,Q2G506,0,False
7W6S,Isoform 2 of Potassium voltage-gated channel subfamily D member 3,2,"Q9NS61,Q9UK17",0.0250606026881615,43.94967854000001,1.1040753573611493,4.0,False,2.8,443,False,0.0250606026881615,False,Q9NS61,0,False
6K4J,CD9 antigen,1,P21926,0.1032322381288523,2.586783429999999,1.102683174921335,1.0,False,2.701,444,False,0.1032322381288523,False,P21926,0,False
8GFA,Transient receptor potential cation channel subfamily V member 1,1,Q8NER1,0.0257706948521229,41.46070720500002,1.1014098449124543,4.0,False,2.29,445,False,0.0257706948521229,False,Q8NER1,0,False
5DWY,"Proton/glutamate symporter, SDF family",1,Q5JID0,0.0247195221074292,44.63881111,1.0910703439846892,3.0,False,2.7,446,False,0.0247195221074292,False,Q5JID0,0,False
6Z70,Aq128,1,O66528,0.0316910853145038,26.97853858000001,1.083808709954185,2.0,False,2.0,447,False,0.0316910853145038,False,O66528,0,False
4W6V,Di-/tripeptide transporter,1,A0A2R9TD79,-0.0461553708671555,12.703440915000003,1.0824948857836194,1.0,False,3.01819,448,False,0.0461553708671555,False,A0A2R9TD79,0,False
7SSY,"Potassium voltage-gated channel subfamily A member 3,Green fluorescent protein fusion",1,P22001,0.0236264730633171,48.06950257500001,1.0733155224037834,4.0,False,2.89,449,False,0.0236264730633171,False,P22001,0,False
6WVG,"Green fluorescent protein, Leukocyte surface antigen CD53 chimera",1,P19397,0.1037871389092792,2.48867003,1.072295266967538,1.0,False,2.9,450,False,0.1037871389092792,False,P19397,0,False
5L8R,Lhca1,2,"E1C9L2,Q9S7N7",0.0262833430173426,38.59998762,1.066616659447147,2.0,True,2.6,451,False,0.0262833430173426,False,E1C9L2,0,False
8D1I,Bestrophin-1,1,O76090,0.0337444265852145,23.363342925,1.0641407643272671,5.0,False,1.82,452,False,0.0337444265852145,False,O76090,0,False
4IKV,Di-tripeptide ABC transporter (Permease),1,Q5KYD1,-0.0455690062144686,12.740414439999997,1.0582363171853972,1.0,False,1.9,453,False,0.0455690062144686,False,Q5KYD1,0,False
5NBD,WlaB protein,1,Q0P9C4,-0.048314215100633,11.308529474999998,1.0558834497631804,2.0,False,3.9,454,False,0.048314215100633,False,Q0P9C4,0,False
4UVM,GLUTATHIONE UPTAKE TRANSPORTER,1,Q8EKT7,-0.046088009803775,12.407427605,1.0541869856578017,1.0,False,3.0,455,False,0.046088009803775,False,Q8EKT7,0,False
4UC1,Translocator protein TspO,1,Q9RFC8,0.0614022394737614,6.988466855,1.0539264967867998,2.0,False,1.8,456,False,0.0614022394737614,False,Q9RFC8,0,False
4O9P,NAD(P) transhydrogenase subunit beta,2,"Q72GR9,Q72GS0",-0.0319927594665544,25.568400875,1.0468078235713525,2.0,True,2.89,457,False,0.0319927594665544,False,Q72GR9,0,False
7OY2,Cytochrome bd-II ubiquinol oxidase subunit 1,3,"P24244,P26458,P26459",0.0391278719170549,17.076473780000004,1.045756670116296,2.0,True,2.06,458,False,0.0391278719170549,False,P24244,0,False
6WVF,"Green fluorescent protein,Disulfide bond formation protein B,Green fluorescent protein",1,P0A6M2,0.0961373628848713,2.821401045,1.043059839103584,1.0,False,2.9,459,False,0.0961373628848713,False,P0A6M2,0,False
6BPL,Lipid A export ATP-binding/permease protein MsbA,1,Q8FJB1,-0.0479315418769644,11.349536374999998,1.042991842953703,2.0,False,2.908,460,False,0.0479315418769644,False,Q8FJB1,0,False
5MDR,Chitoporin,1,L0RVU0,-0.0273509711212098,34.67580259500001,1.0376049027761316,3.0,False,1.9,461,False,0.0273509711212098,False,L0RVU0,0,False
7BVQ,"Endolysin,Beta-1 adrenergic receptor chimera",1,D9IEF7,0.0736492539310204,4.762206625000001,1.0332488480406086,1.0,False,2.5,462,False,0.0736492539310204,False,D9IEF7,0,False
7LQY,Osm-9-like TRP channel 1,1,I3LZN5,0.0250223853171156,41.24486673999999,1.032969054058836,4.0,False,3.19,463,False,0.0250223853171156,False,I3LZN5,0,False
5T0O,CmeB,1,Q8RTE4,-0.0230697722937293,48.40669445999999,1.0305095816920282,3.0,False,3.15,464,False,0.0230697722937293,False,Q8RTE4,0,False
8D1N,Bestrophin,1,E1BF86,0.033047721889823,23.480627255000005,1.025776487553132,5.0,False,1.93,465,False,0.033047721889823,False,E1BF86,0,False
6WZG,Secretin,2,"P09683,P47872",0.0749020745952261,4.55083784,1.0212664037641723,1.0,False,2.3,466,False,0.0749020745952261,False,P09683,0,False
5MKK,Multidrug resistance ABC transporter ATP-binding and permease protein,2,"Q72J04,Q72J05",-0.0469496205050591,11.335802635,0.9994853657184404,2.0,False,2.7,467,False,0.0469496205050591,False,Q72J04,0,False
7WNQ,Guard cell S-type anion channel SLAC1,1,Q9LD83,-0.0265787918328508,35.194462965,0.9945000412267858,3.0,False,2.7,468,False,0.0265787918328508,False,Q9LD83,0,False
7M96,Sigma intracellular receptor 2,1,Q3MHW7,0.0582186230140567,7.328826019999999,0.9936152809581796,2.0,False,2.41,469,False,0.0582186230140567,False,Q3MHW7,0,False
6W6O,Huwentoxin-IV,1,P83303,0.0228893046402989,47.384040030000016,0.9930183560038164,4.0,False,3.2,470,False,0.0228893046402989,False,P83303,0,False
8D1E,Bestrophin-2,1,Q8NFU1,0.0332242946794984,22.45133579,0.991319654413631,5.0,False,1.78,471,False,0.0332242946794984,False,Q8NFU1,0,False
6FMX,Phosphatidylglycerophosphatase B,1,O34349,0.0691075508461069,5.1591090850000025,0.9855659845428832,1.0,False,1.79,472,False,0.0691075508461069,False,O34349,0,False
6Z3Z,Sodium/hydrogen exchanger,1,F7B113,0.0305388767778071,26.398256475000004,0.9847848405014068,2.0,False,3.19,473,False,0.0305388767778071,False,F7B113,0,False
7XKF,Adhesion G-protein coupled receptor G2,1,Q8CJ12,0.0712519568090266,4.823879809999999,0.979602899302836,1.0,False,2.4,474,False,0.0712519568090266,False,Q8CJ12,0,False
8BC1,"Anoctamin-6,mTMEM16F",1,Q6P9J9,-0.0317801273956531,24.04956096499999,0.9715796537858912,2.0,False,2.93,475,False,0.0317801273956531,False,Q6P9J9,0,False
3W4T,Putative uncharacterized protein,1,Q8U2X0,0.0478270348509605,10.540978024999998,0.9644679770906112,1.0,False,2.096,476,False,0.0478270348509605,False,Q8U2X0,0,False
4X5M,Uncharacterized protein,1,P0DMV3,-0.0814812260167248,3.610561235000001,0.958848109732756,2.0,False,2.0,477,False,0.0814812260167248,False,P0DMV3,0,False
7N58,"ABC transporter B family member 25, mitochondrial",1,Q9LVM1,-0.0465213102419702,11.01963972,0.9539624115777284,2.0,False,3.4,478,False,0.0465213102419702,False,Q9LVM1,0,False
5OC9,Anoctamin-10,1,Q9NW15,-0.0303138593087787,25.87088458,0.9509413471822435,2.0,False,3.2,479,False,0.0303138593087787,False,Q9NW15,0,False
3S0X,"Peptidase A24B, FlaK domain protein",1,A9A677,-0.0652624659467694,5.57397702,0.9496249672786604,1.0,False,3.6,480,False,0.0652624659467694,False,A9A677,0,False
6EI3,Proton-dependent oligopeptide transporter family protein,1,Q8PAS2,-0.0438752306211689,12.332486045,0.9496191161995534,1.0,False,2.1,481,False,0.0438752306211689,False,Q8PAS2,0,False
8GQY,Motility protein A,1,O67122,0.0339023509922347,20.598337410000003,0.947003950704742,5.0,False,3.4,482,False,0.0339023509922347,False,O67122,0,False
5DIR,Lipoprotein signal peptidase,1,Q9HVM5,0.1064806492485453,2.085924164999999,0.946019062677355,1.0,False,2.8,483,False,0.1064806492485453,False,Q9HVM5,0,False
6A70,Polycystin-1,1,P98161,-0.0373162214531895,16.935642999999995,0.9433155749222182,1.0,True,3.6,484,False,0.0373162214531895,False,P98161,0,False
7NP4,"Potassium/sodium hyperpolarization-activated cyclic nucleotide-gated channel 4,Potassium/sodium hyperpolarization-activated cyclic nucleotide-gated channel 4",1,Q9TV66,0.0227916852231215,45.06670558,0.936415685223462,4.0,False,3.3,485,False,0.0227916852231215,False,Q9TV66,0,False
7TYF,Receptor activity-modifying protein 1,3,"O60894,P12969,P30988",0.0684526435074389,4.98854786,0.9350063994332248,1.0,True,2.2,486,False,0.0684526435074389,False,O60894,1,True
7UM5,5-hydroxytryptamine receptor 5A,1,P47898,0.0664588198741453,5.207844569999999,0.9200750536699234,1.0,False,2.73,487,False,0.0664588198741453,False,P47898,0,False
6G79,5-hydroxytryptamine receptor 1B,1,P28222,0.0696411317041105,4.740914485,0.9197160238303078,1.0,False,3.78,488,False,0.0696411317041105,False,P28222,0,False
7F73,"MCherry fluorescent protein,Transmembrane protein 120B",1,A0PK00,-0.0411793374196311,13.55256514,0.9192638962308703,2.0,False,4.0,489,False,0.0411793374196311,False,A0PK00,0,False
7TUY,"G-protein coupled receptor 183,Soluble cytochrome b562 fusion",1,P32249,0.0628621074109905,5.81273723,0.9187948553905322,1.0,False,2.98,490,False,0.0628621074109905,False,P32249,0,False
6P9X,Corticotropin-releasing factor receptor 1,2,"P06850,P34998",0.0648915388391289,5.449476234999999,0.9178905540853904,1.0,False,2.91,491,False,0.0648915388391289,False,P06850,0,False
7DQK,Protein DETOXIFICATION,1,A3KDM5,0.044882224280406,11.388366095000002,0.9176353896281472,1.0,False,3.5,492,False,0.044882224280406,False,A3KDM5,0,False
6BAR,Rod shape determining protein RodA,1,Q5SIX3,0.050786540331974,8.882571449999999,0.9164229543713672,1.0,False,2.908,493,False,0.050786540331974,False,Q5SIX3,0,False
7ZE3,Light-harvesting protein B-800-850 beta chain,2,"P35104,P35109",0.0256108674349465,34.858436940000004,0.914569001030547,18.0,False,2.7,494,False,0.0256108674349465,False,P35104,0,False
6FNP,Membrane protein,1,Q1G7W0,-0.08019185545715,3.54675406,0.9123292317683164,1.0,False,3.4,495,False,0.08019185545715,False,Q1G7W0,0,False
6S8N,"Lipopolysaccharide ABC transporter, ATP-binding protein LptB",4,"A0A0H2V3J7,P0A9V4,P0ADW2,P0AFA1",0.0415431413673818,13.204127955,0.9115245763574352,2.0,True,3.1,496,False,0.0415431413673818,False,A0A0H2V3J7,0,False
7LHV,"Sulfate transporter 4.1, chloroplastic",1,Q9FY46,0.0276259952959288,29.497642690000003,0.900498863440692,2.0,False,2.75,497,False,0.0276259952959288,False,Q9FY46,0,False
6MIT,LPS export ABC transporter permease LptF,4,"A0A0H3CQA2,A0A0H3CR83,A0A0H3CU18,A0A421IFY4",0.0415851668220867,12.9061324,0.8927564641792551,2.0,True,3.2,498,False,0.0415851668220867,False,A0A0H3CQA2,0,False
3TGU,"Mitochondrial cytochrome c1, heme protein",9,"D0VX26,D0VX27,D0VX28,D0VX29,D0VX30,D0VX31,D0VX32,P18946,Q5ZLR5",0.0310013061243975,23.191186235,0.8915443210798185,2.0,True,2.7,499,False,0.0310013061243975,False,D0VX26,0,False
7PHP,Multidrug resistance protein NorM,1,Q9KRU4,0.0443288530150125,11.318539975,0.8896586157968273,1.0,False,3.47,500,False,0.0443288530150125,False,Q9KRU4,0,False
7XQP,Photosystem I reaction center subunit VIII,18,"A0A2K1IAD0,A0A2K1IKE2,A0A2K1J0L9,A0A2K1JC42,A0A2K1JDE1,A0A2K1K0C7,A0A2K1K0E4,A0A2K1KGQ2,A0A2K1KU02,A0A2K1KU97,A9RT62,A9SL09,Q6YXK4,Q6YXM2,Q6YXQ2,Q6YXR3,Q8MFA2,Q8MFA3",0.0236282996317994,39.729656965,0.8872372063042616,2.0,True,2.68,501,False,0.0236282996317994,False,A0A2K1IAD0,0,False
7L17,Melibiose carrier protein,1,P30878,0.0480259083609924,9.522385194999998,0.8785306393143011,1.0,False,3.05,502,False,0.0480259083609924,False,P30878,0,False
8EA0,Muscarinic acetylcholine receptor M3,1,P20309,0.0665907991622547,4.949418745,0.8778951383826521,1.0,False,2.56,503,False,0.0665907991622547,False,P20309,0,False
8AB6,Cytochrome b-c1 complex subunit 7,9,"Q6C0H4,Q6C2E3,Q6C387,Q6C3K7,Q6CC60,Q6CG23,Q6CGP7,Q6CI02,Q9B6D0",0.0304354304343114,23.538773125,0.8721731459301376,2.0,True,2.0,504,False,0.0304354304343114,False,Q6C0H4,0,False
6UQF,Potassium/sodium hyperpolarization-activated cyclic nucleotide-gated channel 1,1,O60741,0.0214474400525154,47.38022935,0.8717823562176799,4.0,False,3.04,505,False,0.0214474400525154,False,O60741,0,False
6L7C,Major curlin subunit CsgA,1,P28307,-0.0280704182324436,27.53237104,0.8677634860594776,9.0,True,3.34,506,False,0.0280704182324436,False,P28307,0,False
3QF4,Uncharacterized ABC transporter ATP-binding protein TM_0288,2,"Q9WYC3,Q9WYC4",-0.0447630302902092,10.821285199999998,0.8673168672881765,2.0,False,2.9,507,False,0.0447630302902092,False,Q9WYC3,0,False
6HCP,BauA,1,Q76HJ9,-0.0183305919264738,63.85264086000002,0.8582065676356758,3.0,False,1.83,508,False,0.0183305919264738,False,Q76HJ9,0,False
7M33,Probable multidrug resistance ABC transporter ATP-binding/permease protein YheI,2,"O07549,O07550",-0.0451000762887597,10.512142705,0.8552750288039793,2.0,False,3.55,509,False,0.0451000762887597,False,O07549,0,False
7WU2,Adhesion G-protein coupled receptor D1,1,Q6QNK2,0.0681390447654688,4.56481386,0.8477643429798314,1.0,False,2.8,510,False,0.0681390447654688,False,Q6QNK2,0,False
5ZKC,"Muscarinic acetylcholine receptor M2,Apo-cytochrome b562,Muscarinic acetylcholine receptor M2",1,P08172,0.0633974693646825,5.263288224999999,0.8461765577388254,1.0,False,2.3,511,False,0.0633974693646825,False,P08172,0,False
5AYN,Solute carrier family 39 (Iron-regulated transporter),1,Q6MLJ0,0.046269462958757,9.876360444999998,0.8457574660498359,1.0,False,2.202,512,False,0.046269462958757,False,Q6MLJ0,0,False
4A2N,ISOPRENYLCYSTEINE CARBOXYL METHYLTRANSFERASE,1,Q8TMG0,-0.0822944656539525,3.12018757,0.845243720648983,1.0,False,3.4,513,False,0.0822944656539525,False,Q8TMG0,0,False
8GJJ,Efflux pump membrane transporter,1,A0A1C9A1J1,-0.0206265418478299,49.411984975,0.8409015180458862,3.0,False,3.08,514,False,0.0206265418478299,False,A0A1C9A1J1,0,False
7FFF,Capsid protein,1,P05674,0.0210764052782355,46.95168199,0.8342653926497277,8.0,False,3.0,515,False,0.0210764052782355,False,P05674,1,True
6OIJ,Muscarinic acetylcholine receptor M1,2,"A0A3B3ITX3,P11229",0.0617343619155562,5.450487384999999,0.8309009536962481,1.0,False,3.3,516,False,0.0617343619155562,False,A0A3B3ITX3,0,False
6E67,"Beta-2 adrenergic receptor,Endolysin,Guanine nucleotide-binding protein G(s) subunit alpha isoforms short,Beta-2 adrenergic receptor chimera",1,A0A097J809,0.0658769046021621,4.7780337500000005,0.8294220436248634,1.0,False,3.7,517,False,0.0658769046021621,False,A0A097J809,0,False
7DR1,Photosystem I reaction center subunit IX,9,"P31173,P48112,P48113,P48114,P48115,P48116,P48117,P48185,Q9T4W8",0.0231888337190756,38.450842615,0.8270345739331749,2.0,True,3.2,518,False,0.0231888337190756,False,P31173,0,False
4O6Y,Probable transmembrane ascorbate ferrireductase 2,1,Q9SWS1,-0.044564119592614,10.400554754999998,0.8262037429733049,2.0,False,1.7,519,False,0.044564119592614,False,Q9SWS1,0,False
6XPD,Zinc transporter 8,1,Q8IWU4,0.0414389347959334,12.003885210000004,0.8245158171929996,2.0,False,3.8,520,False,0.0414389347959334,False,Q8IWU4,0,False
7TYX,Receptor activity-modifying protein 2,1,O60895,0.0644745569196926,4.930028755,0.8197589675713196,1.0,True,2.55,521,False,0.0644745569196926,False,O60895,1,True
4UMW,ZINC-TRANSPORTING ATPASE,1,Q3YW59,-0.0591008367225553,5.859307150000001,0.8186410439888688,1.0,False,2.705,522,False,0.0591008367225553,False,Q3YW59,0,False
5VMS,Potassium voltage-gated channel subfamily KQT member 1,1,P70057,0.0214987062935983,44.278331555,0.8186078263793521,4.0,False,3.7,523,False,0.0214987062935983,False,P70057,0,False
7P14,XK-related protein,1,Q5GH54,-0.0529950503770162,7.283982004999999,0.8182753606492219,1.0,False,3.66,524,False,0.0529950503770162,False,Q5GH54,0,False
7ZDI,Light-harvesting protein,2,"P35102,P35107",0.0241674411652319,34.867075625000005,0.8145858373318247,18.0,False,2.9,525,False,0.0241674411652319,False,P35102,0,False
7RJA,Ubiquinol--cytochrome-c reductase subunit 9,9,"A0A1D8PHA2,A0A1D8PHA3,A0A1D8PJT8,A0A1D8PJX3,A0A1D8PLP3,A0A1D8PP59,P0C8L0,P83782,Q5ABS1",0.0300497493429604,22.516153205,0.8132721376636445,2.0,True,3.0,526,False,0.0300497493429604,False,A0A1D8PHA2,0,False
6O7U,"V-type proton ATPase subunit a, Golgi isoform",1,P37296,0.0508643004273202,7.852094640000002,0.8125903643817631,1.0,True,3.1,527,False,0.0508643004273202,False,P37296,0,False
6Y9B,Metalloreductase STEAP1,1,Q9UHE8,-0.0324784726831559,19.251299245,0.8122902350347493,3.0,False,2.97,528,False,0.0324784726831559,False,Q9UHE8,0,False
7LHF,"Inositol 1,4,5-trisphosphate receptor type 1",1,P29994,-0.0178655876931136,63.43053410000002,0.8098283451144402,4.0,False,2.96,529,False,0.0178655876931136,False,P29994,0,False
3BEH,Mll3241 protein,1,Q98GN8,0.0221766948338514,41.14139266,0.8093430109314755,4.0,False,3.1,530,False,0.0221766948338514,False,Q98GN8,0,False
5ZJI,"Photosystem I reaction center subunit VI, chloroplastic",18,"A0A059Q6U2,A0A172FJJ4,A0A1D6HY75,B6SQZ7,B6SSN3,B6STT2,B6SUC4,B6SZR1,B6SZT9,B6T892,B6TR16,B6TXS5,B6U534,O65101,P04966,P12329,P30980,P62596",0.0230983415071636,37.91870054,0.8092356991512868,2.0,True,3.3,531,False,0.0230983415071636,False,A0A059Q6U2,0,False
7BW1,3-oxo-5-alpha-steroid 4-dehydrogenase 2,1,P31213,-0.0690279109005634,4.232793465,0.8067454581193935,1.0,False,2.8,532,False,0.0690279109005634,False,P31213,0,False
7S4H,Particulate methane monooxygenase alpha subunit,3,"G1UBD1,Q603F1,Q607G3",0.0244729551859955,33.56879684999999,0.8042083852270739,3.0,True,2.14,533,False,0.0244729551859955,False,G1UBD1,0,False
7UNL,Endosomal/lysosomal potassium channel TMEM175,1,Q9BSA9,0.032869363139108,18.565374805,0.8023175491308682,2.0,False,2.45,534,False,0.032869363139108,False,Q9BSA9,0,False
5X5Y,Probable ATP-binding component of ABC transporter,3,"Q9HVV6,Q9HXH4,Q9HXH5",0.0395802118287686,12.79673873,0.8018913388939256,2.0,False,3.465,535,False,0.0395802118287686,False,Q9HVV6,0,False
6RKO,Cytochrome bd-I ubiquinol oxidase subunit 2,4,"A5A618,P0ABJ9,P0ABK2,P56100",0.0343303689956226,16.869557084999993,0.7952810137031597,2.0,True,2.68,536,False,0.0343303689956226,False,A5A618,0,False
4AYT,ATP-BINDING CASSETTE SUB-FAMILY B MEMBER 10 MITOCHONDRIAL,1,Q9NRK6,-0.0379138156379514,13.81962466,0.7946048782804881,2.0,False,2.85,537,False,0.0379138156379514,False,Q9NRK6,0,False
3RFZ,Chaperone protein fimC,3,"P08191,P30130,P31697",-0.0335836742900847,17.56154299,0.792280708069173,1.0,True,2.8,538,False,0.0335836742900847,False,P08191,0,False
4XU4,Uncharacterized protein,1,A1T557,0.0330594690718394,18.046746249999995,0.7889521289715308,3.0,False,1.901,539,False,0.0330594690718394,False,A1T557,0,False
7VGF,"Iron-sulfur clusters transporter ABCB7, mitochondrial",1,O75027,-0.0441494642234413,10.099175805,0.7874025172337679,2.0,False,3.3,540,False,0.0441494642234413,False,O75027,0,False
7EQ1,Adhesion G-protein coupled receptor G5,1,Q8IZF4,0.0643838731889225,4.741885080000001,0.7862582484553227,1.0,False,3.3,541,False,0.0643838731889225,False,Q8IZF4,0,False
7NHQ,Tsl0063 protein,2,"Q8DLJ8,Q8DMP8",0.0234116099958603,35.76820911500001,0.7841871992893819,2.0,True,2.68,542,False,0.0234116099958603,False,Q8DLJ8,0,False
7PR1,Putative iron-sulfur protein,1,G0SBE6,-0.0438056940916589,10.13655043,0.7780568108625094,2.0,False,2.81,543,False,0.0438056940916589,False,G0SBE6,0,False
7VFX,fMet-Leu-Phe receptor,1,P21462,0.0605290367691185,5.28520997,0.7745505425940465,1.0,False,2.8,544,False,0.0605290367691185,False,P21462,0,False
4RJW,Porin O,1,P32977,-0.023511945467045,35.02658406,0.7745240505514963,3.0,False,1.52,545,False,0.023511945467045,False,P32977,0,False
4RWS,Viral macrophage inflammatory protein 2,1,Q98157,0.0608107010977437,5.229567984999999,0.7735454315398134,1.0,False,3.1,546,False,0.0608107010977437,False,Q98157,0,False
7NHP,Photosystem II lipoprotein Psb27,1,Q8DG60,0.0232312787472476,35.745841334999994,0.7716702305110288,2.0,True,2.72,547,False,0.0232312787472476,False,Q8DG60,0,False
7KYO,"Manganese ABC transporter, permease protein",1,A0A0H2ZPI2,-0.0349511897351135,15.782880184999996,0.7712056067618338,2.0,False,2.85,548,False,0.0349511897351135,False,A0A0H2ZPI2,0,False
7CAF,"ABC transporter, ATP-binding protein SugC",4,"A0R2C0,A0R2C1,A0R2C2,A0R2C3",0.0418665706934408,10.95106873,0.7678055980476545,2.0,False,3.3,549,False,0.0418665706934408,False,A0R2C0,0,False
7VH0,Melatonin receptor type 1B,1,P49286,0.0613081639512371,5.093850495,0.7658483937268222,1.0,False,3.46,550,False,0.0613081639512371,False,P49286,0,False
7C7S,Gamma-aminobutyric acid type B receptor subunit 1,2,"O75899,Q9UBS5",0.0358950861236056,14.80025115,0.7627796108711791,2.0,False,2.9,551,False,0.0358950861236056,False,O75899,0,False
7L2P,Transient receptor potential cation channel subfamily V member 1,1,O35433,0.0215846193806562,40.921409785,0.7626045078206727,4.0,False,2.6,552,False,0.0215846193806562,False,O35433,0,False
5XLS,Uracil permease,1,P0AGM8,0.0282130933662721,23.81496196,0.7582480387251573,2.0,False,2.5,553,False,0.0282130933662721,False,P0AGM8,0,False
6H2F,AhlB,1,A0KLE1,-0.0269417510930697,25.97979959000001,0.7543057649101047,10.0,False,2.55,554,False,0.0269417510930697,False,A0KLE1,0,False
5C6P,protein C,1,Q5F9J8,0.0412600025415216,10.99291056,0.7485678772302511,1.0,False,3.0,555,False,0.0412600025415216,False,Q5F9J8,0,False
4C9G,"ADP, ATP CARRIER PROTEIN 2",1,P18239,0.0575088817558684,5.647310314999999,0.7470875339234476,1.0,False,2.49,556,False,0.0575088817558684,False,P18239,0,False
7YJO,atLCB1,4,"A8MSB8,Q94IB8,Q9C5I0,Q9LSZ9",-0.086479614423191,2.48774441,0.7442061242174728,1.0,True,2.8,557,False,0.086479614423191,False,A8MSB8,0,False
6QD5,Urea transporter 1,1,Q13336,-0.0245423100529618,30.74762468,0.7408025001818034,3.0,False,2.398,558,False,0.0245423100529618,False,Q13336,0,False
3UKM,Potassium channel subfamily K member 1,1,O00180,0.0424440579983802,10.277833589999997,0.7406198906764551,2.0,False,3.4,559,False,0.0424440579983802,False,O00180,0,False
8DKX,Isoform 2 of Cystinosin,1,O60931,-0.0595029807483933,5.19047476,0.7350967769449404,1.0,False,3.0,560,False,0.0595029807483933,False,O60931,0,False
6EUS,DcaP-like protein,1,A0A0B9X9I7,-0.0235882254115684,33.01716325000001,0.7348357673460633,3.0,False,2.2,561,False,0.0235882254115684,False,A0A0B9X9I7,0,False
7KGG,Efflux pump membrane transporter,1,Q2FD70,-0.0191881728276955,49.441607010000006,0.7281482542000379,3.0,False,2.97,562,False,0.0191881728276955,False,Q2FD70,0,False
6D91,Divalent metal cation transporter MntH,1,Q9RTP8,0.0465079968853165,8.401816590000003,0.726923079074046,1.0,False,2.356,563,False,0.0465079968853165,False,Q9RTP8,0,False
7F61,Histamine H3 receptor,1,Q9Y5N1,0.0618158354820464,4.752232950000001,0.7263688298250159,1.0,False,2.6,564,False,0.0618158354820464,False,Q9Y5N1,0,False
5WO7,Transient receptor potential cation channel subfamily V member 6,1,Q9R186,0.0493310243712754,7.404330115,0.7207522918420906,1.0,False,3.246,565,False,0.0493310243712754,False,Q9R186,0,False
8B70,Potassium transporter KimA,1,P96589,-0.0251505778924145,28.438352455,0.7195489778366272,2.0,False,3.3,566,False,0.0251505778924145,False,P96589,0,False
7PSN,"Iron-sulfur clusters transporter ATM1, mitochondrial",1,P40416,-0.0419508865513825,10.2014526,0.7181320239247395,2.0,False,2.9,567,False,0.0419508865513825,False,P40416,0,False
5GKO,Macrolide export ATP-binding/permease protein MacB,1,A0A0D8G707,0.0577803952912977,5.357040469999999,0.7153950583501101,2.0,False,3.393,568,False,0.0577803952912977,False,A0A0D8G707,0,False
8HFS,Bacteriocin lactococcin-A,1,P0A312,-0.0368475802037442,13.094620719999998,0.7111657959989146,2.0,True,2.98,569,False,0.0368475802037442,False,P0A312,0,False
6BMM,human DHHC20 palmitoyltransferase,1,Q5W0Z9,-0.0806747393598387,2.729637339999999,0.7106243482783241,1.0,False,2.35,570,False,0.0806747393598387,False,Q5W0Z9,0,False
7ZKZ,Cystinosin homolog,1,P57758,-0.0586246123336152,5.1683936500000005,0.7105187503683122,1.0,False,2.329,571,False,0.0586246123336152,False,P57758,0,False
4U5B,Con-ikot-ikot,1,P0CB20,-0.0340212527674397,15.325424950000002,0.7095338514988587,4.0,False,3.5037,572,False,0.0340212527674397,False,P0CB20,0,False
5TCX,CD81 antigen,1,P60033,0.0849256058532322,2.456532385000001,0.7086956920016969,1.0,False,2.955,573,False,0.0849256058532322,False,P60033,2,True
6HLP,"Substance-P receptor,Substance-P receptor",1,P25103,0.0578157824441096,5.27733862,0.7056149405215866,1.0,False,2.2,574,False,0.0578157824441096,False,P25103,0,False
7CGE,Phospholipid ABC transporter ATP-binding protein MlaF,3,"P63386,P64604,P64606",0.0482958097230584,7.548631305,0.7042828430801228,2.0,True,2.9,575,False,0.0482958097230584,False,P63386,0,False
6JPF,Protein OSCA1,1,Q9XEA1,-0.0254603115505432,27.13635153,0.7036211336523256,2.0,False,3.52,576,False,0.0254603115505432,False,Q9XEA1,0,False
7XNO,Mannose permease IID component,2,"Q38YH5,Q38YH6",0.017849845412952,55.12584700999999,0.702561238562927,6.0,True,2.54,577,False,0.017849845412952,False,Q38YH5,0,False
6S7O,Dolichyl-diphosphooligosaccharide--protein glycosyltransferase subunit STT3A,2,"P46977,Q9NRP0",0.0347448381206221,14.452001505000004,0.6978604315200696,2.0,True,3.5,578,False,0.0347448381206221,False,P46977,1,True
7SF8,Isoform 2 of Adhesion G-protein coupled receptor G1,2,"Q14344,Q9Y653",0.0586689322888839,5.060499885,0.6967384529006488,1.0,False,2.7,579,False,0.0586689322888839,False,Q14344,0,False
7XXF,Reaction center protein M chain,5,"A0A2S6MZS1,A0A2S6NEG7,A0A2S6NEK3,A0A2S6NEL9,A0A2S6NEP5",-0.0433261484315052,9.278910044999998,0.6967181466066205,2.0,True,2.24,580,False,0.0433261484315052,False,A0A2S6MZS1,0,False
6UCU,Mitochondrial import receptor subunit TOM22,2,"P49334,P53507",0.0255271514399546,26.62705981500001,0.694045455519725,2.0,True,3.06,581,False,0.0255271514399546,False,P49334,0,False
6M22,Solute carrier family 12 member 6,1,Q9UHW9,0.0248032796800847,28.026118855,0.689669740421922,2.0,False,2.7,582,False,0.0248032796800847,False,Q9UHW9,0,False
7TYO,Calcitonin,1,P01258,0.0584557004465025,5.043632719999999,0.6893776233852634,1.0,False,2.7,583,False,0.0584557004465025,False,P01258,0,False
6O9U,Inward rectifier potassium channel Kirbac3.1,1,D9N164,0.0419083581126829,9.79887045,0.688394354422649,4.0,False,2.0,584,False,0.0419083581126829,False,D9N164,0,False
6I9K,Kumopsin1,1,B1B1U5,0.0594847185380467,4.821629475,0.682440270827715,1.0,False,2.145,585,False,0.0594847185380467,False,B1B1U5,0,False
5NXR,Porin 1,1,E3U904,-0.0223014906922615,34.25056162,0.6813895603369373,3.0,False,2.7,586,False,0.0223014906922615,False,E3U904,0,False
8EIS,Octopus sensory receptor,1,A0A0L8FVQ9,0.0350167242554595,13.87551111,0.6805499608884357,5.0,False,2.62,587,False,0.0350167242554595,False,A0A0L8FVQ9,0,False
5D91,"AF2299 protein,Phosphatidylinositol synthase",1,A9WSF5,-0.0714881834815077,3.3266267700000003,0.6800370784578109,1.0,False,2.501,588,False,0.0714881834815077,False,A9WSF5,0,False
8BX7,cGMP-gated cation channel alpha-1,2,"Q00194,Q28181",0.0185361367950928,49.324148255,0.6778881426690978,4.0,False,2.76,589,False,0.0185361367950928,False,Q00194,0,False
7D3F,Isoform 2 of Dual oxidase maturation factor 1,2,"Q1HG43,Q9NRD9",0.0318832821146274,16.6695035,0.6778111362002799,2.0,True,2.6,590,False,0.0318832821146274,False,Q1HG43,1,True
7T6U,N-formyl peptide receptor 2,1,P25090,0.0565983582684246,5.229910670000001,0.6701344276995106,1.0,False,2.9,591,False,0.0565983582684246,False,P25090,0,False
7PH4,ATP-dependent lipid A-core flippase,1,P60752,-0.0421537462666439,9.38231518,0.6668718165648728,2.0,False,2.8,592,False,0.0421537462666439,False,P60752,0,False
5LQ3,CmeB,1,Q0PBE4,-0.0183526819390092,49.43086379999999,0.6659739892425115,3.0,False,3.55,593,False,0.0183526819390092,False,Q0PBE4,0,False
3S8G,Cytochrome c oxidase polypeptide 2A,3,"P82543,Q5SJ79,Q5SJ80",0.037880292215179,11.595429860000005,0.665538962995876,1.0,True,1.8,594,False,0.037880292215179,False,P82543,0,False
6MJH,Matrix protein 2,1,A0A0R5TVW3,-0.0517740184540005,6.182124799999998,0.6628595347750378,8.0,False,2.06,595,False,0.0517740184540005,False,A0A0R5TVW3,0,False
1IJD,"LIGHT-HARVESTING PROTEIN B-800/820, BETA CHAIN",2,"P35089,P35094",0.0212669922678231,36.4736318,0.6598590041632683,18.0,False,3.0,596,False,0.0212669922678231,False,P35089,0,False
4KJR,cation exchanger YfkE,1,O34840,-0.0200473420277364,41.00432778,0.6591788853837534,3.0,False,3.0,597,False,0.0200473420277364,False,O34840,0,False
7EW6,Chlorophyll a-b binding protein Lhca1,14,"A1E9J0,A1E9J1,A1E9L0,F2DAN8,P13165,P13192,P13194,P20143,P23993,P36213,P36886,P69416,Q43485,Q9SDM1",0.0203500480055981,39.65084843,0.6568154379990281,2.0,True,3.4,598,False,0.0203500480055981,False,A1E9J0,0,False
6MSM,Cystic fibrosis transmembrane conductance regulator,1,P13569,-0.0389992545562847,10.794215030000002,0.6566949376482903,1.0,False,3.2,599,False,0.0389992545562847,False,P13569,0,False
7Y5H,Zinc transporter 8,1,Q5XHB4,0.0333430365365236,14.712595805,0.6542738937819306,2.0,False,3.72,600,False,0.0333430365365236,False,Q5XHB4,0,False
3QE7,Uracil permease,1,P0AGM7,0.0362833109124603,12.307150755000002,0.648084048830744,1.0,False,2.781,601,False,0.0362833109124603,False,P0AGM7,0,False
7ARM,Outer-membrane lipoprotein carrier protein,1,P61316,0.0518214465823758,6.031654185,0.647911203064577,2.0,False,3.6,602,False,0.0518214465823758,False,P61316,0,False
8F4N,Efflux pump membrane transporter,1,P24177,-0.0232858636594132,29.849339540000003,0.6474100220723052,2.0,False,2.95,603,False,0.0232858636594132,False,P24177,0,False
6RYO,Lipoprotein signal peptidase,1,Q6GHN9,0.0871507597798537,2.119575755,0.6439487281243345,1.0,False,1.924,604,False,0.0871507597798537,False,Q6GHN9,0,False
6WVH,"Vitamin K epoxide reductase, termini restrained by green fluorescent protein",1,P42212,0.0821448574245727,2.382302295,0.6430098426293851,1.0,False,1.99,605,False,0.0821448574245727,False,P42212,0,False
2Z73,Rhodopsin,1,P31356,0.036491691108673,12.062095750000005,0.6424964657101954,2.0,False,2.5,606,False,0.036491691108673,False,P31356,0,False
4BWZ,NA(+)/H(+) ANTIPORTER,1,Q72IM4,0.0263508019647634,23.02440802,0.6394935058133464,2.0,False,2.984,607,False,0.0263508019647634,False,Q72IM4,0,False
7D68,Glucagon-like peptide 2 receptor,1,O95838,0.0563220286166917,5.023685154999998,0.6374395158851123,1.0,False,3.0,608,False,0.0563220286166917,False,O95838,0,False
7RH9,Cyclic nucleotide-gated cation channel beta-1,1,Q14028,0.0183672582239912,47.1700534,0.6365243509540554,4.0,False,2.61,609,False,0.0183672582239912,False,Q14028,0,False
3O7Q,L-fucose-proton symporter,1,P11551,0.0431222187857584,8.551652379999997,0.6360807132548805,1.0,False,3.143,610,False,0.0431222187857584,False,P11551,0,False
4LZ6,BH2163 protein,1,Q9KAX3,0.0376865269626445,11.180428184999998,0.6351709990534358,1.0,False,3.2,611,False,0.0376865269626445,False,Q9KAX3,0,False
4TQ4,prenyltransferase,1,O28625,-0.0483397367840505,6.741363955,0.6301099368649044,1.0,False,2.5025,612,False,0.0483397367840505,False,O28625,0,False
5F1C,Putative uncharacterized protein,1,G3MM57,0.0526015725236279,5.672329485000001,0.6277965084197792,3.0,False,2.9,613,False,0.0526015725236279,False,G3MM57,0,False
4D65,PORIN 2,1,E3U905,-0.0212497761277988,34.63951763499999,0.6256631041490265,3.0,False,2.2,614,False,0.0212497761277988,False,E3U905,0,False
6TQJ,"ATP synthase subunit c, chloroplastic",1,P69447,0.0280503230095681,19.850054335000003,0.6247372831031754,14.0,False,2.3,615,False,0.0280503230095681,False,P69447,0,False
3W9I,Multidrug resistance protein MexB,1,P52002,-0.0181303214605145,47.33202572999998,0.6223376737057938,3.0,False,2.71,616,False,0.0181303214605145,False,P52002,0,False
2BL2,V-TYPE SODIUM ATP SYNTHASE SUBUNIT K,1,P43457,0.0201939390692438,38.13527072999999,0.6220551762423683,10.0,False,2.1,617,False,0.0201939390692438,False,P43457,0,False
4BVN,BETA-1 ADRENERGIC RECEPTOR,1,P07700,0.0572648554013434,4.71770686,0.6188241873618706,1.0,False,2.1,618,False,0.0572648554013434,False,P07700,0,False
7BTX,Sorting assembly machinery 35 kDa subunit,3,"E9P977,P14693,P50110",0.0241560691726642,26.3888596,0.6159325319132001,2.0,False,2.8,619,False,0.0241560691726642,False,E9P977,0,False
6H3J,Plug,1,A5FJ36,-0.0193009929965745,41.10976111499999,0.6125820272699273,1.0,True,3.7,620,False,0.0193009929965745,False,A5FJ36,0,False
7ZH0,Solute carrier family 22 member 3,1,O75751,0.0427754999537031,8.367177444999998,0.6123915070227653,1.0,False,3.2,621,False,0.0427754999537031,False,O75751,0,False
7NKZ,Probable integral membrane cytochrome D ubiquinol oxidase (Subunit II) CydB (Cytochrome BD-I oxidase subunit II),2,"L7N662,O06139",0.0454405222182491,7.40706993,0.6117768848723506,1.0,True,2.5,622,False,0.0454405222182491,False,L7N662,0,False
8IK3,"Stimulator of interferon genes protein,Immune protein Tsi3",1,Q86WV6,-0.0179945977661433,47.045430215,0.6093428539066882,8.0,False,3.3,623,False,0.0179945977661433,False,Q86WV6,0,False
6M23,Solute carrier family 12 member 5,1,Q9H2X9,0.0231349774666544,27.9997882,0.5994499098238305,2.0,False,3.2,624,False,0.0231349774666544,False,Q9H2X9,0,False
6OR2,"Membrane protein, MmpL family protein",1,A0QP27,-0.0385948039940487,9.998702980000004,0.5957462786284781,1.0,False,2.59,625,False,0.0385948039940487,False,A0QP27,0,False
7M4P,Efflux pump membrane transporter,1,Q2FD94,-0.0173282163289481,49.54858921,0.59511241027326,3.0,False,2.86,626,False,0.0173282163289481,False,Q2FD94,0,False
3WO7,Membrane protein insertase YidC 2,1,Q9KDP2,0.0643468894574828,3.593061865,0.5950860942559004,1.0,False,3.201,627,False,0.0643468894574828,False,Q9KDP2,0,False
6CB2,Undecaprenyl-diphosphatase,1,P60933,0.0303471191845236,16.131845655,0.5942634091992205,2.0,False,2.0,628,False,0.0303471191845236,False,P60933,0,False
6VYH,Solute carrier family 40 protein,1,A0A1U7U6F1,0.0387975552861836,9.864850075,0.5939627398883669,1.0,False,3.0,629,False,0.0387975552861836,False,A0A1U7U6F1,0,False
4J3O,Protein FimG,2,"P08189,P08190",-0.0293990083809186,17.175397864999994,0.593789018643504,1.0,True,3.8,630,False,0.0293990083809186,False,P08189,0,False
5DOQ,Bd-type quinol oxidase subunit I,2,"A4IKP6,A4IKP7",0.0459157769088549,7.038718504999999,0.5935775441582725,1.0,True,3.05,631,False,0.0459157769088549,False,A4IKP6,0,False
7V8L,Outer membrane lipoprotein RcsF,1,P69411,0.0535893184005385,5.165783059999999,0.5934069407742617,2.0,False,3.5,632,False,0.0535893184005385,False,P69411,0,False
7D99,potassium-chloride co-transporter KCC4,1,Q9Y666,-0.0230948755405273,27.77480144500001,0.5925734737370133,2.0,False,2.9,633,False,0.0230948755405273,False,Q9Y666,0,False
4DVE,Biotin transporter BioY,1,A2RMJ9,0.0593092470296979,4.196841815,0.5905102119899946,1.0,False,2.09,634,False,0.0593092470296979,False,A2RMJ9,0,False
6PIS,Potassium channel subfamily K member 4,1,O88454,0.0355755578912415,11.641416894999995,0.5893445506976347,2.0,False,2.77,635,False,0.0355755578912415,False,O88454,0,False
7W6X,Regulator of sigma-E protease RseP,1,P0AEH1,-0.0539919478768587,5.049164010000001,0.5887588671828482,1.0,False,3.2,636,False,0.0539919478768587,False,P0AEH1,0,False
8EQM,Photosystem II reaction center protein T,2,"A0A2W4UG77,A0A2W4Z125",0.0118182462160863,105.36111588999998,0.5886354591055174,4.0,True,2.6,637,False,0.0118182462160863,False,A0A2W4UG77,0,False
6ZGS,L-lactate transporter,1,A0LNN5,0.0439740424172886,7.607669540000002,0.5884430161944568,1.0,False,2.151,638,False,0.0439740424172886,False,A0LNN5,0,False
4R1I,Aminobenzoyl-glutamate transporter,1,Q9RNX2,0.0230934980633063,27.51923086,0.5870508582107108,2.0,False,3.959,639,False,0.0230934980633063,False,Q9RNX2,0,False
4B4A,SEC-INDEPENDENT PROTEIN TRANSLOCASE PROTEIN TATC,1,O67305,-0.0560187909486765,4.553480759999999,0.5715720185679245,1.0,False,3.5,640,False,0.0560187909486765,False,O67305,0,False
2BS2,QUINOL-FUMARATE REDUCTASE IRON-SULFUR SUBUNIT B,3,"P17412,P17413,P17596",0.0371331801999392,10.273711335000003,0.5666457562751547,2.0,False,1.78,641,False,0.0371331801999392,False,P17412,0,False
6KMW,Photosystem I P700 chlorophyll a apoprotein A2,6,"A0A1Z3HI16,A0A1Z3HPE3,A0A1Z3HRW4,A0A1Z3HRY4,A0A1Z3HS05,A0A1Z3HSF0",0.0085979750781984,191.228407865,0.5654637440619794,6.0,True,2.35,642,False,0.0085979750781984,False,A0A1Z3HI16,0,False
7QKS,Plasma membrane ATP-binding cassette transporter required for the export of a-factor,1,F2QQK6,-0.0363372356363711,10.700113585000004,0.565134927981923,1.0,False,3.1,643,False,0.0363372356363711,False,F2QQK6,0,False
4YBQ,"Solute carrier family 2, facilitated glucose transporter member 5",1,P43427,0.0397775128778347,8.922371964999998,0.5646971110854881,1.0,False,3.27,644,False,0.0397775128778347,False,P43427,0,False
7OPH,Potassium channel protein,1,Q81HW2,0.0356622423894555,11.097756069999996,0.5645630635105119,4.0,False,1.42,645,False,0.0356622423894555,False,Q81HW2,0,False
4FSP,Probable porin,1,Q9HY38,-0.0358778639299444,10.95695591,0.5641610024073969,1.0,False,2.323,646,False,0.0358778639299444,False,Q9HY38,0,False
6IU3,VIT1,1,P0DO17,-0.0450872667509203,6.936798140000003,0.564062029031198,2.0,False,2.7,647,False,0.0450872667509203,False,P0DO17,0,False
6LI0,Chimera of G-protein coupled receptor 52 and Flavodoxin,1,P00323,0.0531201752277081,4.994378595,0.5637161145839164,1.0,False,2.2,648,False,0.0531201752277081,False,P00323,0,False
1P7B,integral membrane channel and cytosolic domains,1,P83698,0.0366789738194511,10.467989430000005,0.5633231774612156,4.0,False,3.65,649,False,0.0366789738194511,False,P83698,0,False
6YSF,Chemotaxis motB protein,1,A0A1V9IL35,-0.0258122714080556,20.942041085,0.5581249591736926,5.0,True,3.4,650,False,0.0258122714080556,False,A0A1V9IL35,0,False
2Y0K,PYROGLUTATMATE PORIN OPDO,1,Q9I202,-0.0358071746237295,10.830561735000002,0.5554578156898128,1.0,False,2.295,651,False,0.0358071746237295,False,Q9I202,0,False
8HCQ,"Endothelin-1 receptor,Oplophorus-luciferin 2-monooxygenase catalytic subunit chimera",1,Q9GV45,0.0503693507987006,5.452101714999999,0.5532948750234932,1.0,False,3.01,652,False,0.0503693507987006,False,Q9GV45,0,False
7WUJ,"Adhesion G-protein coupled receptor G4,Uncharacterized protein",1,Q8IZF6,0.0543341792629199,4.67593229,0.5521720601394904,1.0,False,3.3,653,False,0.0543341792629199,False,Q8IZF6,0,False
4DW1,P2X purinoceptor,1,F8W463,0.0449896208247621,6.80501672,0.5509521139837159,3.0,False,2.8,654,False,0.0449896208247621,False,F8W463,0,False
2Y0H,PROBABLE PORIN,1,Q9HWP4,-0.0357415452310649,10.756699355,0.5496492896672883,1.0,False,2.2,655,False,0.0357415452310649,False,Q9HWP4,0,False
4K0E,Heavy metal cation tricomponent efflux pump ZneA(CzcA-like),1,Q1LCD8,-0.0163725250554757,51.20551825,0.5490451818559469,3.0,False,3.713,656,False,0.0163725250554757,False,Q1LCD8,0,False
5D0O,Outer membrane protein assembly factor BamE,1,P0A937,-0.0385299094037642,9.221530505,0.547594369890459,1.0,False,2.9,657,False,0.0385299094037642,False,P0A937,1,True
6PT2,Delta opioid receptor,1,P41143,0.0520120031980487,5.053086740000001,0.5467942082354289,1.0,False,2.8,658,False,0.0520120031980487,False,P41143,0,False
6YSL,Motility protein B,2,"P28611,P28612",-0.0258887721876595,20.388476975,0.5465975543116294,5.0,True,3.5,659,False,0.0258887721876595,False,P28611,0,False
8E9X,miniGo,1,P09471,0.0511184588488514,5.19587801,0.543093295336067,1.0,False,2.7,660,False,0.0511184588488514,False,P09471,0,False
8ANQ,Bacteriorhodopsin,1,A0A411LJN5,0.0264613790781696,19.32770184,0.5413338160714622,3.0,False,2.8,661,False,0.0264613790781696,False,A0A411LJN5,0,False
7YTW,Solute carrier family 23 member 1,1,Q9Z2J0,0.0230924268433582,25.360896895,0.540958255207555,2.0,False,3.2,662,False,0.0230924268433582,False,Q9Z2J0,0,False
3V3C,"ATP synthase subunit c, chloroplastic",1,P08212,0.02630856711943,19.52541239,0.540573307004564,14.0,False,3.402,663,False,0.02630856711943,False,P08212,0,False
7PBW,Light-harvesting protein B-800/850 beta chain,2,"Q3J144,Q3J145",0.0196518862260101,34.98769858,0.5404852544570329,18.0,False,2.1,664,False,0.0196518862260101,False,Q3J144,0,False
4N6H,"Soluble cytochrome b562, Delta-type opioid receptor chimeric protein",1,P0ABE7,0.0517293526388717,5.039291569999999,0.5393908381183412,1.0,False,1.8,665,False,0.0517293526388717,False,P0ABE7,0,False
6L6N,Acid-sensing ion channel 1,1,P78348,0.061757069372501,3.530389705,0.5385871615793544,2.0,False,2.86,666,False,0.061757069372501,False,P78348,0,False
7E2Y,"Soluble cytochrome b562,5-hydroxytryptamine receptor 1A",1,P08908,0.0511133430447239,5.146380480000002,0.5378119599345609,1.0,False,3.0,667,False,0.0511133430447239,False,P08908,0,False
5XPD,sugar transporter,1,Q9FGQ2,-0.0496433056346193,5.446025940000002,0.5368600430387394,1.0,False,2.788,668,False,0.0496433056346193,False,Q9FGQ2,0,False
7BVC,Integral membrane indolylacetylinositol arabinosyltransferase EmbA,2,"A0R613,A0R614",0.019267732852712,36.12375235,0.5364312624352403,2.0,False,2.9,669,False,0.019267732852712,False,A0R613,0,False
7VBY,Mitochondrial import receptor subunit TOM7 homolog,5,"O96008,Q8N4H5,Q96B49,Q9NS69,Q9P0U1",0.0221480673724687,27.166400615,0.5330448649982136,2.0,True,2.54,670,False,0.0221480673724687,False,O96008,0,False
7ZDH,NADH:ubiquinone oxidoreductase subunit A6,1,A0A452EI29,-0.0199051902723432,33.605375895,0.5326003108553891,1.0,True,3.46,671,False,0.0199051902723432,False,A0A452EI29,0,False
7WQ4,Galanin receptor type 2,2,"O43603,P22466",0.0518212779634787,4.9572340850000005,0.5324951497063298,1.0,False,2.6,672,False,0.0518212779634787,False,O43603,0,False
6H59,CDP-diacylglycerol--inositol 3-phosphatidyltransferase,1,P9WPG7,-0.0361514473828286,10.115448695000005,0.5288061804966525,2.0,False,1.8,673,False,0.0361514473828286,False,P9WPG7,0,False
5IXM,LPS-assembly protein LptD,2,"Q7CJV2,Q8ZIK3",-0.0257919465809057,19.811718945000003,0.5271696398554552,1.0,True,2.746,674,False,0.0257919465809057,False,Q7CJV2,0,False
3J5Q,Kappa-theraphotoxin-Cg1a 1,1,P0C247,0.0179483870113165,40.70012517,0.5244530157029803,4.0,False,3.8,675,False,0.0179483870113165,False,P0C247,0,False
5NV9,Putative sodium:solute symporter,1,B4EZY7,0.0334176911126728,11.722300845,0.5236314647939606,1.0,False,1.95,676,False,0.0334176911126728,False,B4EZY7,0,False
7ZO9,Beta-(1-->2)glucan export ATP-binding/permease protein NdvA,1,Q2YQ73,-0.0353898667813372,10.429297349999995,0.5224838811043857,2.0,False,3.5,677,False,0.0353898667813372,False,Q2YQ73,0,False
7XNN,Potassium voltage-gated channel subfamily KQT member 1,1,P51787,0.01682658449356,46.09743134,0.5220699049120368,4.0,False,2.5,678,False,0.01682658449356,False,P51787,0,False
7Z0S,Formate hydrogenlyase subunit 4,2,"P16429,P16430",-0.0285325739928734,15.983031495,0.5204764106651206,1.0,True,2.6,679,False,0.0285325739928734,False,P16429,0,False
2XOK,ATP SYNTHASE,4,"P00830,P07251,P38077,Q12165",-0.031309356118045,13.18206786,0.5168824744166242,10.0,False,3.01,680,False,0.031309356118045,False,P00830,0,False
6LOD,MULTIHEME_CYTC domain-containing protein,5,"A7NJ87,A7NJ89,A7NJ90,A7NJ91,A7NJ92",0.0250266487149442,20.591758595,0.5158920376177919,2.0,True,3.2,681,False,0.0250266487149442,False,A7NJ87,0,False
4GC0,D-xylose-proton symporter,1,P0AGF4,0.0394148362004347,8.294775240000002,0.5154470591062821,1.0,False,2.6,682,False,0.0394148362004347,False,P0AGF4,0,False
5GAE,Protein translocase subunit SecE,2,"P0AG96,P0AGA2",0.0366004869015034,9.556268770000004,0.5120614397039253,1.0,True,3.33,683,False,0.0366004869015034,False,P0AG96,0,False
3KLY,Putative formate transporter 1,1,Q9KRE7,0.018743010996888,36.42508818,0.5118460111183166,5.0,False,2.1,684,False,0.018743010996888,False,Q9KRE7,0,False
2QI9,Vitamin B12-binding protein btuF,3,"P06609,P06611,P37028",0.0269693340387588,17.582336585,0.511536969011752,2.0,False,2.6,685,False,0.0269693340387588,False,P06609,0,False
7TS0,G protein gamma subunit,1,A0A9X9ZA26,0.0467832194352936,5.838297625,0.5111241859448988,1.0,False,2.8,686,False,0.0467832194352936,False,A0A9X9ZA26,0,False
5EDL,Putative HMP/thiamine permease protein YkoE,1,O34738,0.0588124854188094,3.67388631,0.5083054547775648,1.0,False,1.95,687,False,0.0588124854188094,False,O34738,0,False
7B0P,Hypothetical Membrane Spanning Protein,1,Q813T3,0.0770388910881774,2.137536010000001,0.5074502570388753,1.0,False,1.935,688,False,0.0770388910881774,False,Q813T3,0,False
7TAI,Metalloreductase STEAP2,1,Q8NFT2,-0.0249128664653012,20.39136237,0.5062367089439339,3.0,False,3.2,689,False,0.0249128664653012,False,Q8NFT2,1,True
6F7H,Aquaporin-10,1,Q96PS8,-0.0203279515963387,30.354037765,0.5017226382663424,4.0,False,2.304,690,False,0.0203279515963387,False,Q96PS8,0,False
7YK7,Relaxin-3 receptor 2,2,"P04899,Q8TDU9",0.051491725846877,4.7205557250000005,0.5006428483566393,1.0,False,2.75,691,False,0.051491725846877,False,P04899,0,False
5XJJ,multi drug efflux transporter,1,A0A2D0TCI5,0.0334622164075005,11.040244559999998,0.4944792732683108,1.0,False,2.9,692,False,0.0334622164075005,False,A0A2D0TCI5,0,False
6B2Z,ATP synthase protein 8,7,"P00854,P00856,P05626,P30902,P81450,P81451,Q06405",0.0320984628660478,11.953185035,0.4926200732819329,2.0,True,3.6,693,False,0.0320984628660478,False,P00854,0,False
7CMI,4F2 cell-surface antigen heavy chain,2,"P08195,Q9UHI5",-0.0294647795866463,14.164065205000002,0.4918744930083857,2.0,False,2.9,694,False,0.0294647795866463,False,P08195,1,True
5XU1,ABC transporter permeae,1,Q8DQF7,0.0480245697455758,5.30010626,0.4889579743900725,2.0,False,3.3,695,False,0.0480245697455758,False,Q8DQF7,0,False
6ME2,chimera protein of Melatonin receptor type 1A and GlgA glycogen synthase,1,P48039,0.0477284103743939,5.36515473,0.488873147268322,1.0,False,2.8,696,False,0.0477284103743939,False,P48039,0,False
1LDF,Glycerol uptake facilitator protein,1,P0AER0,0.0210330125854271,27.48499350000001,0.4863608326687764,4.0,False,2.1,697,False,0.0210330125854271,False,P0AER0,0,False
4DX5,Acriflavine resistance protein B,1,P31224,-0.0158948754933706,48.00418813,0.4851246932939466,3.0,False,1.9,698,False,0.0158948754933706,False,P31224,0,False
5LIL,Macrolide export ATP-binding/permease protein MacB,1,Q2EHL8,0.0495334066835839,4.94147481,0.4849678767270672,2.0,False,3.35,699,False,0.0495334066835839,False,Q2EHL8,0,False
4PHU,"Free fatty acid receptor 1,Lysozyme",1,O14842,0.0498134025660189,4.869420445,0.4833143409165211,1.0,False,2.332,700,False,0.0498134025660189,False,O14842,0,False
5DA0,Sulphate transporter,1,Q1J2S8,-0.0325225155231901,11.255494510000004,0.476203771989776,1.0,False,3.2,701,False,0.0325225155231901,False,Q1J2S8,0,False
4OH3,Nitrate transporter 1.1,1,Q05085,-0.0212178452804501,26.35560153,0.4746084657664781,2.0,False,3.25,702,False,0.0212178452804501,False,Q05085,0,False
4G1U,Hemin import ATP-binding protein HmuV,2,"Q56992,Q56993",0.0255289287098182,18.160324445,0.4734223704302522,2.0,False,3.008,703,False,0.0255289287098182,False,Q56992,0,False
7TJ5,"Putative transcriptional regulator, Crp/Fnr family",1,G0GA88,0.016228178723816,44.896125340000005,0.4729425810520214,4.0,False,2.41,704,False,0.016228178723816,False,G0GA88,0,False
3SZD,porin,1,Q9I6P8,-0.0329745125423885,10.860828565000002,0.4723671831474639,1.0,False,2.311,705,False,0.0329745125423885,False,Q9I6P8,0,False
5OQT,Amino acid transporter,2,"A5A616,Q5L1G5",-0.032820699081104,10.953644,0.471969862641987,1.0,True,2.86,706,False,0.032820699081104,False,A5A616,0,False
8FEF,Virulence factor mce family protein,5,"A0QNR0,A0QNR1,A0QNR2,A0QNR4,A0QNR5",-0.035155236194298,9.543832149999997,0.4718053098556152,3.0,True,2.71,707,False,0.035155236194298,False,A0QNR0,0,False
7SF7,Isoform 1 of Adhesion G protein-coupled receptor L3,1,Q9HAR2,0.0480633279114035,5.08218647,0.4696110022814889,1.0,False,2.9,708,False,0.0480633279114035,False,Q9HAR2,0,False
5OGE,GDP-mannose transporter 1,1,P40107,0.0236276873960124,21.029389625,0.4696010848445751,2.0,False,3.22,709,False,0.0236276873960124,False,P40107,0,False
6GYH,Family A G protein-coupled receptor-like protein,1,I0YUS5,-0.0235859019702052,21.096287225000005,0.4694301714625743,3.0,False,2.0,710,False,0.0235859019702052,False,I0YUS5,0,False
6TYI,Biopolymer transport protein ExbD,1,P0ABV2,-0.0260788305223927,17.140597219999997,0.4662965101125041,5.0,True,3.3,711,False,0.0260788305223927,False,P0ABV2,0,False
6ZHH,Calcium-transporting ATPase,1,Q8Y8Q5,-0.0385779909141465,7.81383258,0.4651610112728894,1.0,False,3.0,712,False,0.0385779909141465,False,Q8Y8Q5,0,False
4U9N,Magnesium transporter MgtE,1,Q5SMG8,-0.0398697099535647,7.285082280000001,0.4632128567681148,2.0,False,2.2,713,False,0.0398697099535647,False,Q5SMG8,0,False
7OW8,Multidrug resistance ABC transporter ATP-binding/permease protein BmrA,1,O06967,0.0311609259575014,11.918320544999998,0.4629091462986454,2.0,False,3.5,714,False,0.0311609259575014,False,O06967,0,False
4Z9G,"Corticotropin-releasing factor receptor 1,Lysozyme,Corticotropin-releasing factor receptor 1",1,C3V2B5,0.0472316178887045,5.1638512950000015,0.4607860930575236,1.0,False,3.183,715,False,0.0472316178887045,False,C3V2B5,0,False
4NTF,Leukotriene C4 synthase,1,Q60860,0.0349048844613857,9.452416725,0.4606544393701758,3.0,False,2.65,716,False,0.0349048844613857,False,Q60860,0,False
6LI3,G-protein coupled receptor 52,1,Q9Y2T5,0.0452195435126952,5.630439749999999,0.4605265305669811,1.0,False,3.32,717,False,0.0452195435126952,False,Q9Y2T5,0,False
7OJF,Outer membrane protein assembly factor BamA,1,C3TPJ2,0.0352464719768387,9.233926479999996,0.4588573669012625,1.0,True,3.9,718,False,0.0352464719768387,False,C3TPJ2,0,False
4YSX,"Succinate dehydrogenase [ubiquinone] iron-sulfur subunit, mitochondrial",4,"O44074,P92506,P92507,Q33862",0.0482202553401153,4.933320565000001,0.4588369027260902,2.0,False,2.25,719,False,0.0482202553401153,False,O44074,0,False
7OQZ,Transmembrane protein 45A,1,Q9NWC5,0.0194272195087758,30.308434089999995,0.4575565584145589,4.0,False,3.27,720,False,0.0194272195087758,False,Q9NWC5,0,False
4BW5,POTASSIUM CHANNEL SUBFAMILY K MEMBER 10,1,P57789,0.0315752971611459,11.448480454999997,0.4565651215755452,2.0,False,3.2,721,False,0.0315752971611459,False,P57789,0,False
4PL0,Microcin-J25 export ATP-binding/permease protein McjD,1,Q9X2W0,-0.0318341033461232,11.252220020000005,0.4561245527640354,2.0,False,2.7,722,False,0.0318341033461232,False,Q9X2W0,0,False
7KF7,Cation efflux system protein CusA,1,P38054,-0.0146041035510169,53.453210985000005,0.4560196925853763,3.0,False,2.8,723,False,0.0146041035510169,False,P38054,0,False
6VK1,ERAD-associated E3 ubiquitin-protein ligase HRD1,1,Q08109,-0.0364323378105796,8.574641255,0.4552500800438492,1.0,False,3.9,724,False,0.0364323378105796,False,Q08109,0,False
7WY8,Isoform 3 of Adhesion G protein-coupled receptor L3,1,Q80TS3,0.0485224867673136,4.784623024999998,0.4506027291309636,1.0,False,2.83,725,False,0.0485224867673136,False,Q80TS3,0,False
6H3I,Protein involved in gliding motility SprA,2,"A5FJM7,Q5I6C7",-0.0166155429007902,40.692836680000006,0.449373055960185,1.0,True,3.5,726,False,0.0166155429007902,False,A5FJM7,0,False
6SNI,"Dolichyl pyrophosphate Man9GlcNAc2 alpha-1,3-glucosyltransferase",1,Q12001,0.0291560210961564,13.161375875,0.4475255090250833,1.0,False,3.0,727,False,0.0291560210961564,False,Q12001,0,False
7R8D,Isoform 4 of ATP-binding cassette sub-family G member 1,1,P45844,0.0295722005809862,12.783923495000002,0.4471893383463085,2.0,False,3.2,728,False,0.0295722005809862,False,P45844,0,False
7R89,ATP-binding cassette sub-family G member 5,2,"Q9H221,Q9H222",0.0307226287606042,11.83507663,0.44683564634389,2.0,False,2.6,729,False,0.0307226287606042,False,Q9H221,0,False
2VQI,OUTER MEMBRANE USHER PROTEIN PAPC,1,P07110,0.0221825744264473,22.56859015,0.444209984265002,1.0,False,3.2,730,False,0.0221825744264473,False,P07110,0,False
7V0K,Protein 4.2,1,P16452,-0.0182961557038089,32.963831785,0.4413848024644593,2.0,True,2.4,731,False,0.0182961557038089,False,P16452,0,False
6XBM,Smoothened homolog,1,Q99835,0.0477460622170668,4.829895264999999,0.4404258730195539,1.0,False,3.14,732,False,0.0477460622170668,False,Q99835,0,False
7XHB,Protein translocase subunit SecE,2,"A4IJH4,A4IJK8",0.0325304094685293,10.29806605,0.4359078841923005,1.0,True,3.33,733,False,0.0325304094685293,False,A4IJH4,0,False
7WFE,"Photosystem I chlorophyll a/b-binding protein 5, chloroplastic",2,"Q9C639,Q9SYW8",0.0170751168565625,37.36113414,0.4357199164270721,2.0,True,3.25,734,False,0.0170751168565625,False,Q9C639,0,False
7PGF,Ion transporter,1,F7IVA8,0.0525437637636979,3.925725304999999,0.4335330945900187,2.0,False,3.5,735,False,0.0525437637636979,False,F7IVA8,0,False
6F0K,Cytochrome c family protein,4,"D0MDD4,D0MDD6,D0MDD7,D0MDD9",0.0228503172735025,20.688028710000008,0.4320794094481443,2.0,True,3.87,736,False,0.0228503172735025,False,D0MDD4,0,False
7WLI,Voltage-dependent T-type calcium channel subunit alpha-1I,1,Q9P0X4,0.0154569985229323,45.173869025,0.4317154691838976,1.0,False,3.3,737,False,0.0154569985229323,False,Q9P0X4,0,False
8I2G,Follicle-stimulating hormone receptor,3,"P01225,P23945,Q5JWF2",0.0494835993203322,4.406392870000002,0.4315844319600794,1.0,False,2.8,738,False,0.0494835993203322,False,P01225,0,False
7K65,Protein patched homolog 1,1,Q61115,-0.0322728436277004,10.298456415000002,0.4290487035562458,1.0,False,3.4,739,False,0.0322728436277004,False,Q61115,1,True
1TLY,Nucleoside-specific channel-forming protein tsx,1,P0A927,-0.0477360287135806,4.70289532,0.4286648521414011,1.0,False,3.01,740,False,0.0477360287135806,False,P0A927,1,True
7TAK,Putative membrane protein PurT,1,Q47WB4,-0.0212186650561191,23.762816865000005,0.4279509818062608,2.0,False,2.79828,741,False,0.0212186650561191,False,Q47WB4,0,False
7X5V,ion channel,1,R1DBK9,0.0150790587165969,47.03517670000001,0.427790598468002,4.0,False,2.83,742,False,0.0150790587165969,False,R1DBK9,0,False
3CHX,PmoC,3,"Q50541,Q9KX50,Q9KX51",0.0176570531976477,34.25830555,0.4272305702060988,3.0,True,3.9,743,False,0.0176570531976477,False,Q50541,0,False
4QTN,Nicotinamide riboside transporter PnuC,1,D2ZZC1,-0.0206025994162059,25.14872747,0.4269922994359873,3.0,False,2.8,744,False,0.0206025994162059,False,D2ZZC1,0,False
4XYD,NorC-like protein,2,"Q16A03,Q16A04",0.0321192829388849,10.32582965,0.4261049992595582,1.0,True,2.85,745,False,0.0321192829388849,False,Q16A03,0,False
6ZFZ,"Muscarinic acetylcholine receptor M1,Endolysin,Muscarinic acetylcholine receptor M1",1,P00720,0.0454833369998273,5.124580610000001,0.4240557543980094,1.0,False,2.17,746,False,0.0454833369998273,False,P00720,0,False
5XMJ,fumarate reductase flavoprotein subunit,2,"T2GAT5,T2GB49",0.0322051513690626,10.20573444,0.4234039880517972,2.0,False,3.6,747,False,0.0322051513690626,False,T2GAT5,0,False
7DHI,Beta-2 adrenergic receptor,1,P07550,0.0469658012853476,4.79423942,0.4230027417703247,1.0,False,3.26,748,False,0.0469658012853476,False,P07550,0,False
6L85,Phosphate transporter,1,Q9WY99,0.0211425600349977,23.50727823,0.4203175111797331,2.0,False,2.302,749,False,0.0211425600349977,False,Q9WY99,0,False
8IHP,Capsid protein,2,"P03315,P98155",0.0144400848515808,50.150198539999984,0.4182848532958983,8.0,False,3.0,750,False,0.0144400848515808,False,P03315,2,True
7XN9,"Somatostatin receptor type 2,Endo-1,4-beta-xylanase",1,P09850,0.0446133267235827,5.250944104999999,0.4180484374172145,1.0,False,2.6,751,False,0.0446133267235827,False,P09850,0,False
6FJ3,"Parathyroid hormone/parathyroid hormone-related peptide receptor,Parathyroid hormone/parathyroid hormone-related peptide receptor,GlgA glycogen synthase,Parathyroid hormone/parathyroid hormone-related peptide receptor",2,"Q03431,Q27IM2",0.0473101025268241,4.661536799999999,0.4173466067706655,1.0,False,2.5,752,False,0.0473101025268241,False,Q03431,0,False
6RCP,OmpK36,1,E5G6G2,-0.0175154468632361,33.99421414000001,0.4171645932306677,3.0,False,3.231,753,False,0.0175154468632361,False,E5G6G2,0,False
7UL3,Histamine H2 receptor,1,P25021,0.0434856430355162,5.499914779999999,0.4160138070019936,1.0,False,3.0,754,False,0.0434856430355162,False,P25021,0,False
7EWK,"Chlorophyll a-b binding protein, chloroplastic",1,Q9LKC7,0.0161059208926364,39.97573889499999,0.4147893665868273,2.0,True,3.88,755,False,0.0161059208926364,False,Q9LKC7,0,False
2XTV,RHOMBOID PROTEASE GLPG,1,P09391,0.0481637439104034,4.456197045,0.4134898513595195,1.0,False,1.7,756,False,0.0481637439104034,False,P09391,0,False
6LQH,Curli production assembly/transport component CsgF,2,"P0AE98,P0AEA2",-0.0200378380717012,25.695487725,0.4126849034805056,9.0,True,2.94,757,False,0.0200378380717012,False,P0AE98,0,False
7CZ9,Efflux pump membrane transporter,1,U5U6L7,-0.0144758252816577,49.140676155,0.4118961992833961,3.0,False,1.85,758,False,0.0144758252816577,False,U5U6L7,0,False
6YKP,"Chemotaxis protein MotA, putative",2,"A0A0H3PAV1,A0A0H3PBX6",-0.0227344965568811,19.921440305,0.4118617007761277,5.0,False,2.98,759,False,0.0227344965568811,False,A0A0H3PAV1,0,False
5AWW,Protein translocase subunit SecY,3,"P38383,Q5SHE6,Q5SHQ8",0.0339169851301917,8.943818205,0.4115451011023503,1.0,True,2.724,760,False,0.0339169851301917,False,P38383,0,False
7ZYI,Sodium/bile acid cotransporter,1,Q14973,0.0368827304726592,7.548367185,0.4107325666814487,1.0,False,2.88,761,False,0.0368827304726592,False,Q14973,0,False
6P6J,ABC transporter protein,2,"Q1RAG2,Q1RAG3",-0.0338898360798149,8.88161915,0.4080290405867473,2.0,False,3.4,762,False,0.0338898360798149,False,Q1RAG2,0,False
7JIC,B-lymphocyte antigen CD19,1,P15391,0.0607981741202257,2.7439194750000007,0.4057069309222345,2.0,False,3.8,763,False,0.0607981741202257,False,P15391,0,False
4K3B,Outer membrane protein assembly factor BamA,1,Q5F5W8,-0.033351650457041,9.117568910000005,0.4056707609532384,1.0,False,3.2,764,False,0.033351650457041,False,Q5F5W8,0,False
8EAU,Vacuolar ATPase assembly integral membrane protein VMA21,1,P41806,0.0359350291550144,7.850250850000001,0.4054894217650234,1.0,True,3.1,765,False,0.0359350291550144,False,P41806,0,False
6Z3T,Protein transport protein Sec61 subunit gamma,2,"P38377,P60058",0.0326362924612028,9.488251229999998,0.4042479249720408,1.0,True,2.69,766,False,0.0326362924612028,False,P38377,0,False
6NQ2,Two pore calcium channel protein 2,1,Q8NHX9,0.0144872804021268,48.11844652,0.4039664717765961,2.0,False,3.4,767,False,0.0144872804021268,False,Q8NHX9,0,False
8H9S,"ATP synthase F(0) complex subunit C1, mitochondrial",17,"O75947,O75964,P00846,P03928,P05496,P06576,P18859,P24539,P25705,P30049,P36542,P48047,P56134,P56378,P56381,P56385,Q9UII2",-0.0282408760033279,12.651503405,0.4036067826328409,2.0,True,2.53,768,False,0.0282408760033279,False,O75947,0,False
6XQN,Calcium uniporter protein,2,"D6WIX5,D6X268",-0.0364184698172942,7.605639755000001,0.4034959043228236,4.0,True,3.3,769,False,0.0364184698172942,False,D6WIX5,0,False
7JVP,D(1A) dopamine receptor,1,P21728,0.0439593706256868,5.131704905000001,0.3966656538716012,1.0,False,2.9,770,False,0.0439593706256868,False,P21728,0,False
6R2Q,"Decaheme c-type cytochrome, OmcA/MtrC family",3,"P0DSN2,P0DSN3,P0DSN4",-0.0231716787755665,18.411189765000003,0.3954183725392275,1.0,True,2.697,771,False,0.0231716787755665,False,P0DSN2,0,False
7JZ2,Succinate dehydrogenase iron-sulfur subunit,3,"P07014,P0AC41,P69054",0.0214563375892992,21.457010109999995,0.3951303457298308,6.0,False,2.5,772,False,0.0214563375892992,False,P07014,0,False
7MTB,Rhodopsin kinase GRK1,1,P28327,0.0456594019830017,4.726627830000002,0.3941593537666913,6.0,False,4.0,773,False,0.0456594019830017,False,P28327,0,False
6WEL,Cyclic nucleotide-gated cation channel,1,Q03611,0.0137418403151467,51.54549395999999,0.389350280864448,4.0,False,2.5,774,False,0.0137418403151467,False,Q03611,0,False
7XV3,Probable G-protein coupled receptor 174,1,Q9BXC1,0.041434538774689,5.614363064999999,0.385554257244199,1.0,False,2.76,775,False,0.041434538774689,False,Q9BXC1,0,False
6K41,"Alpha-2A adrenergic receptor,Endolysin,Alpha-2B adrenergic receptor,Alpha-2B adrenergic receptor",1,P18089,0.0437603786361674,5.013634884999999,0.3840385639079947,1.0,False,2.9,776,False,0.0437603786361674,False,P18089,0,False
6LFL,"C-X-C chemokine receptor type 2,GlgA glycogen synthase,C-X-C chemokine receptor type 2",1,P25025,0.0451290387776714,4.703449440000001,0.3831674758462974,1.0,False,3.2,777,False,0.0451290387776714,False,P25025,0,False
4YB9,"Solute carrier family 2, facilitated glucose transporter member 5",1,P58353,-0.0340737031915101,8.24159547,0.3827453800583804,1.0,False,3.2,778,False,0.0340737031915101,False,P58353,0,False
3NE5,Cation efflux system protein cusB,1,P77239,-0.0133356608429762,53.79778720000001,0.3826956164950348,3.0,False,2.898,779,False,0.0133356608429762,False,P77239,0,False
5LWE,C-C chemokine receptor type 9,1,P51686,0.0435542642387068,4.993861005,0.378928966135334,1.0,False,2.8,780,False,0.0435542642387068,False,P51686,0,False
7S4L,"Particulate methane monooxygenase, B subunit",3,"G4SZ62,G4SZ63,G4SZ64",0.016339277960663,35.136902180000014,0.3752227679615039,3.0,True,2.46,781,False,0.016339277960663,False,G4SZ62,0,False
7EFO,Lipopolysaccharide export system ATP-binding protein LptB,3,"A0A1Y0Q3C0,A0A1Y0Q3P9,A0A2X3II39",0.0288098600025164,11.279051369999998,0.3744681298332772,2.0,False,3.85,782,False,0.0288098600025164,False,A0A1Y0Q3C0,0,False
8FHQ,"Solute carrier family 12 member 2,Solute carrier family 12 member 3 chimera",1,A0A0G2KTI4,0.0185246962064845,27.155162285000007,0.3727473658142968,2.0,False,2.81,783,False,0.0185246962064845,False,A0A0G2KTI4,0,False
6IZ4,Trimeric intracellular cation channel type B-B,1,Q6GN30,-0.0179678113798206,28.732827985,0.371046828572445,3.0,False,3.098,784,False,0.0179678113798206,False,Q6GN30,0,False
7DL9,Nucleoside permease NupG,1,P0AFF4,-0.0315452665039668,9.317987385,0.3708946006704833,1.0,False,3.0,785,False,0.0315452665039668,False,P0AFF4,0,False
3GP6,Protein pagP,1,P37001,-0.0499160624382718,3.711974440000001,0.3699521937759913,1.0,False,1.4,786,False,0.0499160624382718,False,P37001,0,False
7DW9,Vasopressin V2 receptor,2,"P01185,P30518",0.0442138541993209,4.72453725,0.3694332821476568,1.0,False,2.6,787,False,0.0442138541993209,False,P01185,1,True
7S8U,Solute carrier family 15 member 1,1,F6SG69,-0.0319611389976577,9.03963894,0.369364856099921,1.0,False,3.7,788,False,0.0319611389976577,False,F6SG69,0,False
6NC9,Lipid II flippase MurJ,1,B7IE18,0.0263472335172984,13.265937365000005,0.3683561923346081,1.0,False,1.8,789,False,0.0263472335172984,False,B7IE18,0,False
6PB1,Corticotropin-releasing factor receptor 2,2,"P55089,Q13324",0.0418611752999208,5.19667904,0.3642576830454515,1.0,False,2.8,790,False,0.0418611752999208,False,P55089,0,False
8AP9,ATP synthase gamma subunit,1,A0A161CFW5,-0.0252149117201631,14.298007639999998,0.3636222251439351,10.0,False,3.7,791,False,0.0252149117201631,False,A0A161CFW5,0,False
5Y50,Protein DETOXIFICATION 14,1,Q9C994,0.0294168631711472,10.502603189999997,0.3635378793187313,1.0,False,2.6,792,False,0.0294168631711472,False,Q9C994,0,False
6QUM,V-type ATP synthase subunit I,2,"Q5SIT6,Q5SIT7",-0.0318498502464374,8.956306414999998,0.363415732302402,1.0,True,3.25,793,False,0.0318498502464374,False,Q5SIT6,0,False
7VX8,"Peroxisomal Membrane Protein related,ATP-binding cassette sub-family D member 1",1,O45730,0.0263398514460974,13.076749705000005,0.3628995628653952,2.0,False,2.8,794,False,0.0263398514460974,False,O45730,0,False
6VWX,BH1501 protein,1,Q9KCR8,0.0140256037073759,45.92352297999999,0.3613585343068461,4.0,False,3.1,795,False,0.0140256037073759,False,Q9KCR8,0,False
7AHC,ABC transporter permease subunit,1,A0A0V8ETW8,0.0253896433727073,13.974984194999998,0.3603499932040232,2.0,False,3.3,796,False,0.0253896433727073,False,A0A0V8ETW8,0,False
6T9N,Polycystin-2,1,Q13563,0.0142073324344298,44.55337237,0.3597208898014497,4.0,False,2.96,797,False,0.0142073324344298,False,Q13563,0,False
7D06,Intermembrane phospholipid transport system permease protein MlaE,2,"V5V921,V5V9F4",-0.0352775870088256,7.221246355,0.359475996281698,2.0,True,3.1,798,False,0.0352775870088256,False,V5V921,0,False
8ERO,Cholinephosphotransferase 1,1,Q4KLV1,-0.0190252860431157,24.76637902500001,0.3585790369963621,2.0,False,3.2,799,False,0.0190252860431157,False,Q4KLV1,0,False
6KUX,alpha2A adrenergic receptor,1,P08913,0.0429373745454751,4.835096934999999,0.3565628953397654,1.0,False,2.7,800,False,0.0429373745454751,False,P08913,0,False
6U1N,Beta-arrestin-1,2,"P29066,V9HW68",0.0384517930666195,5.997005905000001,0.3546726179935862,1.0,False,4.0,801,False,0.0384517930666195,False,P29066,2,True
4QUV,Delta(14)-sterol reductase,1,G4SW86,-0.0305773982815424,9.472316234999996,0.3542560208955963,1.0,False,2.743,802,False,0.0305773982815424,False,G4SW86,0,False
7E84,Kv channel-interacting protein 1,1,Q9NZI2,0.014444524387917,42.41854678999998,0.354015494278537,4.0,False,3.1,803,False,0.014444524387917,False,Q9NZI2,0,False
7DSL,Large neutral amino acids transporter small subunit 1,1,Q01650,-0.0244533298785866,14.788227790000002,0.353713907610157,2.0,False,2.9,804,False,0.0244533298785866,False,Q01650,0,False
6QZI,Aquaporin-7,1,O14520,0.0181377147543237,26.87973366,0.3537122393005704,4.0,False,1.9,805,False,0.0181377147543237,False,O14520,0,False
6KOB,AA3-600 quinol oxidase subunit I,4,"P34956,P34957,P34958,P34959",-0.0237537910506594,15.663988075000004,0.3535315675945509,1.0,True,3.6,806,False,0.0237537910506594,False,P34956,0,False
4CZ8,"NA+/H+ ANTIPORTER, PUTATIVE",1,Q9UZ55,0.0183635416117092,26.068197295,0.3516283456927192,2.0,False,3.15,807,False,0.0183635416117092,False,Q9UZ55,0,False
7CAL,Potassium channel KAT1,1,Q39128,0.0139148363446008,45.383295995,0.3514893986603505,4.0,False,3.2,808,False,0.0139148363446008,False,Q39128,0,False
1QD6,OUTER MEMBRANE PHOSPHOLIPASE (OMPLA),1,P0A921,0.0260249271427844,12.950733965,0.3508596438705834,2.0,False,2.1,809,False,0.0260249271427844,False,P0A921,0,False
5H1R,Innexin-6,1,Q9U3N4,-0.0114922354433061,66.16983825,0.349565926809613,8.0,False,3.6,810,False,0.0114922354433061,False,Q9U3N4,0,False
8H8J,G-protein coupled receptor 35,1,Q9HC97,0.0412737702314438,5.129505955000001,0.3495294824882775,1.0,False,3.2,811,False,0.0412737702314438,False,Q9HC97,0,False
4N4R,LPS-assembly lipoprotein LptE,2,"Q8ZQZ7,Q8ZRW0",-0.0212801338806138,19.27277668,0.3491025268465527,1.0,True,2.8,812,False,0.0212801338806138,False,Q8ZQZ7,0,False
8E3X,Pituitary adenylate cyclase-activating polypeptide type I receptor,1,P41586,0.0431846866988763,4.676595865,0.3488585561486582,1.0,False,2.3,813,False,0.0431846866988763,False,P41586,0,False
5I20,Uncharacterized protein,1,D7A5Q8,0.0359740648083549,6.728558340000001,0.3483060668038047,1.0,False,2.4,814,False,0.0359740648083549,False,D7A5Q8,0,False
8EVU,Na(+)-translocating NADH-quinone reductase subunit F,5,"A5F5X0,A5F5Y4,A5F5Y5,A5F5Y6,A5F5Y7",0.0349043608028976,7.136483779999999,0.3477792390547957,1.0,True,2.5804,815,False,0.0349043608028976,False,A5F5X0,0,False
7T92,Peroxin-2,3,"G2Q0E2,G2Q1C9,G2Q5N0",-0.019448651163386,22.887116265000003,0.3462820984536894,3.0,False,3.1,816,False,0.019448651163386,False,G2Q0E2,0,False
5C1M,Mu-type opioid receptor,1,P42866,0.0427094857350586,4.74050892,0.3458865254067781,1.0,False,2.07,817,False,0.0427094857350586,False,P42866,0,False
7ZDM,NADH:ubiquinone oxidoreductase core subunit S1,1,A0A8V6WEB9,-0.0160394765794062,33.50540847999999,0.3447905004443233,1.0,True,3.44,818,False,0.0160394765794062,False,A0A8V6WEB9,0,False
3MK7,"Cytochrome c oxidase, cbb3-type, subunit P",3,"D9IA43,D9IA44,D9IA45",0.0292386916263804,10.069734099999998,0.3443450655275178,1.0,True,3.2,819,False,0.0292386916263804,False,D9IA43,0,False
7OCI,Dolichyl-diphosphooligosaccharide--protein glycosyltransferase subunit OST6,1,Q03723,-0.0275993424830016,11.285602495,0.3438604380489569,1.0,True,3.46,820,False,0.0275993424830016,False,Q03723,0,False
7TMT,H(+)-transporting two-sector ATPase,1,B3LH69,0.0315713104000776,8.609240984999998,0.3432496254897892,1.0,True,3.8,821,False,0.0315713104000776,False,B3LH69,0,False
7PGG,Ion transport protein,1,Q0VNY2,-0.0152043018844942,37.10298500999999,0.3430850628450196,2.0,False,2.85,822,False,0.0152043018844942,False,Q0VNY2,0,False
1KPL,"putative ClC family, chlorine transport protein",1,Q8ZRP8,0.0181986224905504,25.781472645,0.3415424932065259,2.0,False,3.0,823,False,0.0181986224905504,False,Q8ZRP8,0,False
5AF1,MEP2,1,Q59UP8,0.0170720908442019,29.223997945000004,0.3407007158825073,3.0,False,1.639,824,False,0.0170720908442019,False,Q59UP8,0,False
3SY9,Histidine porin OpdC,1,Q9I6X0,-0.0282207786013141,10.680280665000003,0.3402362947288975,1.0,False,2.8,825,False,0.0282207786013141,False,Q9I6X0,0,False
3WFD,Nitric oxide reductase subunit C,2,"Q59646,Q59647",0.0289820235809686,10.100680095,0.3393657571435495,1.0,True,2.3,826,False,0.0289820235809686,False,Q59646,0,False
6S7T,Dolichyl-diphosphooligosaccharide--protein glycosyltransferase subunit 1,9,"P04843,P04844,P0C6T2,P39656,P61165,P61803,Q14165,Q8TCJ2,Q9H0U3",-0.0260662563053411,12.48089169,0.3392055334544004,1.0,True,3.5,827,False,0.0260662563053411,False,P04843,0,False
8ONT,NRAMP related aluminium transporter,1,K3YRE7,0.0269602867271612,11.639865435,0.3384207349464292,1.0,False,3.66,828,False,0.0269602867271612,False,K3YRE7,0,False
3WKV,Ion channel,1,Q3U2S8,-0.0623965395804158,2.1715072300000005,0.3381756091993804,1.0,False,3.453,829,False,0.0623965395804158,False,Q3U2S8,0,False
6LQA,Sodium channel protein type 5 subunit alpha,1,Q14524,0.0132756120456468,47.95186111499997,0.3380450368636513,1.0,False,3.3,830,False,0.0132756120456468,False,Q14524,0,False
6YE4,Biopolymer transport protein ExbB,1,A0A1C3HJ46,-0.0224079618837049,16.75258792,0.3364702038934379,5.0,False,3.2,831,False,0.0224079618837049,False,A0A1C3HJ46,0,False
7BVF,Probable arabinosyltransferase B,2,"P9WNL7,P9WNL9",0.0150968470507288,36.76521196,0.3351734238107421,2.0,False,2.97,832,False,0.0150968470507288,False,P9WNL7,0,False
5WB2,"Envelope protein US28, nanobody 7 fusion protein",1,P69333,0.0412306518421262,4.919296074999999,0.3345055710200783,1.0,False,3.5,833,False,0.0412306518421262,False,P69333,0,False
5KBW,Riboflavin transporter RibU,1,Q9X1G6,0.0487410008171833,3.517485745,0.3342575474892766,1.0,False,2.6093,834,False,0.0487410008171833,False,Q9X1G6,0,False
5GUW,Nitrite reductase,1,P24474,0.0288313064615744,9.98089011,0.3318622934788076,1.0,True,3.2,835,False,0.0288313064615744,False,P24474,0,False
7T3N,Vesicular glutamate transporter 2,1,Q9JI12,0.031294843097732,8.465570315,0.3316360773599392,1.0,False,3.0,836,False,0.031294843097732,False,Q9JI12,0,False
7MH6,Multidrug transporter EmrE,1,P23895,-0.0371822905792217,5.975113015000001,0.3304291829517907,2.0,False,2.85,837,False,0.0371822905792217,False,P23895,0,False
1NEK,Succinate dehydrogenase hydrophobic membrane anchor protein,1,P0AC44,0.0186180068170177,23.80324066000001,0.3300368617243533,6.0,False,2.6,838,False,0.0186180068170177,False,P0AC44,0,False
8ECY,Glutamine synthetase,1,P15103,0.0190337443299558,22.59509657000001,0.3274331573329483,5.0,False,2.0,839,False,0.0190337443299558,False,P15103,0,False
4XT1,G-protein coupled receptor homolog US28,2,"P69332,P78423",0.0405878084169251,4.96317323,0.3270473454910465,1.0,False,2.886,840,False,0.0405878084169251,False,P69332,0,False
7NVH,Trehalose monomycolate exporter MmpL3,1,P9WJV5,-0.0281159008909204,10.2793754,0.325035446702783,1.0,False,3.0,841,False,0.0281159008909204,False,P9WJV5,0,False
6XBW,V-type proton ATPase subunit a,16,"O46563,P11019,P21282,P23956,P31404,P31408,P39942,P40682,P61420,P81134,Q0VCV6,Q28029,Q29466,Q2KIB5,Q2TA24,Q3ZC23",0.02941298141838,9.355793244999996,0.3237566548833693,1.0,True,3.37,842,False,0.02941298141838,False,O46563,1,True
1OTS,Voltage-gated ClC-type chloride channel eriC,1,P37019,0.0180587646610303,24.813210525,0.3236823573519196,2.0,False,2.51,843,False,0.0180587646610303,False,P37019,0,False
8ET8,OCT1,1,O15245,0.0300452422957253,8.932798470000002,0.3225514130334991,1.0,False,3.45,844,False,0.0300452422957253,False,O15245,0,False
6A95,Mu-diguetoxin-Dc1a,1,P49126,0.0129950693796991,47.63034770499999,0.3217369557577803,1.0,False,2.6,845,False,0.0129950693796991,False,P49126,0,False
3PUW,Maltose transport system permease protein malF,3,"P02916,P68183,P68187",0.0260319823733518,11.854469435,0.3213339374067956,1.0,True,2.3,846,False,0.0260319823733518,False,P02916,0,False
6Z16,"Multisubunit Na+/H+ antiporter, A subunit",7,"B7GIG3,B7GL82,B7GL83,B7GL84,B7GL96,B7GL97,B7GL98",-0.0071417108922213,157.433051285,0.3211888309661578,2.0,True,2.98,847,False,0.0071417108922213,False,B7GIG3,0,False
7KC4,Protein Wnt-8a,1,Q9H1J5,0.034236142954582,6.834069514999999,0.3204122012761359,1.0,False,3.19,848,False,0.034236142954582,False,Q9H1J5,0,False
4RHB,LPS-assembly lipoprotein LptE,2,"P0ADC1,P31554",-0.020237033904367,19.55053308,0.3202670899056621,1.0,True,3.355,849,False,0.020237033904367,False,P0ADC1,0,False
7TRP,Muscarinic acetylcholine receptor M4,1,P08173,0.0395237072026379,5.120309799999999,0.3199422365105188,1.0,False,2.4,850,False,0.0395237072026379,False,P08173,0,False
7DUQ,Guanine nucleotide-binding protein G(I)/G(S)/G(O) subunit gamma-2,1,P63212,0.0417547797824368,4.580806115000001,0.3194583886963637,1.0,False,2.5,851,False,0.0417547797824368,False,P63212,0,False
7T6O,Transient receptor potential cation channel subfamily V member 5,1,Q9XSM3,0.0140216938185157,40.519434655,0.318657634281485,4.0,False,2.6,852,False,0.0140216938185157,False,Q9XSM3,0,False
7XW9,Thyrotropin-releasing hormone receptor,1,P34981,0.0393887213674124,5.122186115000002,0.3178770045659815,1.0,False,2.7,853,False,0.0393887213674124,False,P34981,0,False
3HZQ,Large-conductance mechanosensitive channel,1,P68806,0.0273627383769302,10.57135208,0.3165990772314127,4.0,False,3.82,854,False,0.0273627383769302,False,P68806,0,False
7DYS,Mucolipin-2,1,Q8K595,0.0134354399156933,43.679467975,0.3153850576407552,4.0,False,3.18,855,False,0.0134354399156933,False,Q8K595,0,False
7Y89,Uracil nucleotide/cysteinyl leukotriene receptor,1,Q13304,0.0381793367854723,5.404291185000001,0.3151051434444934,1.0,False,3.02,856,False,0.0381793367854723,False,Q13304,0,False
4FRX,Anaerobically-induced outer membrane porin OprE,1,G3XDA5,-0.0268614687272572,10.882483375,0.3140852301782078,1.0,False,1.9,857,False,0.0268614687272572,False,G3XDA5,0,False
4QND,Chemical transport protein,1,F9RBV9,0.0479745719195613,3.411323930000001,0.3140546068874549,2.0,False,1.698,858,False,0.0479745719195613,False,F9RBV9,0,False
7YJ4,Insulin-like peptide INSL5 B chain,1,Q9Y5Q6,0.0395820638952456,5.010287239999999,0.3139926535677456,1.0,False,3.19,859,False,0.0395820638952456,False,Q9Y5Q6,0,False
6G94,Hydrogenase-1 large chain,3,"P0AAM1,P0ACD8,P69739",0.0298377868107449,8.812323374999998,0.3138221764978891,2.0,False,2.5,860,False,0.0298377868107449,False,P0AAM1,0,False
5OXP,Di-or tripeptide:H+ symporter,1,Q5M4H8,-0.0257884808074389,11.74883922,0.3125406200352804,1.0,False,2.372,861,False,0.0257884808074389,False,Q5M4H8,0,False
1LGH,LIGHT HARVESTING COMPLEX II,2,"P95673,P97253",0.0302013464284215,8.460436930000002,0.3086777980755367,8.0,True,2.4,862,False,0.0302013464284215,False,P95673,0,False
2B2F,ammonium transporter,1,O29285,0.0161166816930175,29.701963375000005,0.3086003446716462,3.0,False,1.72,863,False,0.0161166816930175,False,O29285,0,False
6V00,"MCherry fluorescent protein,Potassium voltage-gated channel subfamily E member 3",1,Q9Y6H6,0.0129397958967739,46.0225561,0.3082375750619571,4.0,True,3.1,864,False,0.0129397958967739,False,Q9Y6H6,0,False
7LGU,Prestin,1,P58743,0.0158436243057911,30.66488107,0.3079004666856757,2.0,False,2.3,865,False,0.0158436243057911,False,P58743,0,False
5DN6,ATP synthase subunit alpha,7,"A1B618,A1B619,A1B8N7,A1B8N8,A1B8N9,A1B8P0,A1B8P1",-0.0397321633634714,4.859998010000001,0.3068884245371565,1.0,True,3.98,866,False,0.0397321633634714,False,A1B618,0,False
8IK0,"Stimulator of interferon genes protein,Immune protein Tsi3",1,E1C7U0,0.0175875860270832,24.72002957,0.3058591284861995,4.0,False,3.3,867,False,0.0175875860270832,False,E1C7U0,0,False
5U09,"Cannabinoid receptor 1,GlgA glycogen synthase",1,P21554,0.0400987949438031,4.742242805,0.3050046217317752,1.0,False,2.6,868,False,0.0400987949438031,False,P21554,0,False
4ZP0,Multidrug transporter MdfA,1,P0AEY8,-0.0300829829271712,8.390409069999999,0.3037280633215559,1.0,False,2.0,869,False,0.0300829829271712,False,P0AEY8,0,False
7DDZ,Human Neuropeptide Y Y2 Receptor fusion protein,1,P49146,0.0383039106663984,5.164534564999999,0.3030940503901819,1.0,False,2.8,870,False,0.0383039106663984,False,P49146,0,False
7SK8,Atypical chemokine receptor 3,2,"P25106,P48061",0.0385070619413749,5.107335065,0.3029249947106673,1.0,False,3.3,871,False,0.0385070619413749,False,P25106,0,False
6RMG,"Protein patched homolog 1,GFP-like fluorescent chromoprotein FP506, related",1,Q13635,-0.0269507757050619,10.364997105,0.3011422672732772,1.0,False,3.4,872,False,0.0269507757050619,False,Q13635,1,True
4RYO,Integral membrane protein,1,Q81BL7,0.0502776244436015,2.9754321100000003,0.3008565950327225,1.0,False,1.6,873,False,0.0502776244436015,False,Q81BL7,0,False
5ULD,"Transporter, NadC family",1,Q9KNE0,0.0164412583015547,27.810100445000007,0.300699463748067,2.0,False,2.78,874,False,0.0164412583015547,False,Q9KNE0,0,False
5EIK,Uncharacterized protein Y57A10A.28,1,Q9NA73,0.0168132452334934,26.583133705,0.3005863549702871,3.0,False,2.3,875,False,0.0168132452334934,False,Q9NA73,0,False
6O3C,Smoothened homolog,1,P56726,0.0395930087648745,4.779104365,0.2996701726679155,1.0,False,2.8,876,False,0.0395930087648745,False,P56726,0,False
8FED,Transmembrane protein,1,A0QWR2,-0.0280228296537787,9.535792589999998,0.2995302998310396,3.0,True,2.76,877,False,0.0280228296537787,False,A0QWR2,0,False
7DFL,Histamine H1 receptor,1,P35367,0.0380303141181882,5.177056205,0.2995040478948969,1.0,False,3.3,878,False,0.0380303141181882,False,P35367,0,False
6T1Z,LmrP integral membrane protein,1,Q48658,0.0278576727602683,9.647848505,0.299488486902718,1.0,False,2.9,879,False,0.0278576727602683,False,Q48658,0,False
5WQC,"Orexin receptor type 2,GlgA glycogen synthase,Orexin receptor type 2",1,O43614,0.0381367664630951,5.138793075000002,0.2989570891129014,1.0,False,1.96,880,False,0.0381367664630951,False,O43614,0,False
6O84,"LOC100127796 protein,LOC100127796 protein,OTOP3,LOC100127796 protein,LOC100127796 protein",1,A9JTM7,-0.0163566831623279,27.906312719999995,0.2986434063033135,2.0,False,3.92,881,False,0.0163566831623279,False,A9JTM7,0,False
6UKN,Solute carrier family 12 member 7,1,Q9WVL3,-0.026458225147198,10.624453185,0.2975007014803092,1.0,False,3.65,882,False,0.026458225147198,False,Q9WVL3,0,False
7CZ5,Somatoliberin,2,"P01286,Q02643",0.0393461778712572,4.803657810000001,0.2974658783140415,1.0,False,2.6,883,False,0.0393461778712572,False,P01286,0,False
7NQK,Solute carrier family 15 member 2,1,Q63424,0.0285398601750636,9.11295973,0.2969088374947711,1.0,False,3.5,884,False,0.0285398601750636,False,Q63424,0,False
2O4V,Porin P,1,P05695,-0.0146103795898771,34.709969885000014,0.2963720383022361,3.0,False,1.94,885,False,0.0146103795898771,False,P05695,0,False
6PSY,Cell division control protein 50,2,"P25656,P39524",-0.0290229485381791,8.765994470000003,0.2953549455104742,1.0,True,2.8,886,False,0.0290229485381791,False,P25656,1,True
7WC5,5-hydroxytryptamine receptor 2A,1,P28223,0.0371558517070743,5.340965499999999,0.2949403598378282,1.0,False,3.2,887,False,0.0371558517070743,False,P28223,0,False
4TKR,Thiamine transporter thia,1,A0A0B8R2U7,0.0476965513422875,3.2345430850000003,0.2943383761348079,1.0,False,3.0023,888,False,0.0476965513422875,False,A0A0B8R2U7,0,False
8DE8,"Potassium channel, subfamily K, member 2a",1,F1QAI2,0.0255477977767007,11.221677675000002,0.2929710591580499,2.0,False,2.82,889,False,0.0255477977767007,False,F1QAI2,0,False
3CN5,Aquaporin,1,Q41372,-0.016480530316607,26.655159215,0.289590050902543,4.0,False,2.05,890,False,0.016480530316607,False,Q41372,0,False
7XER,Transient receptor potential cation channel subfamily V member 2,1,Q9WTR1,0.0129448851226171,43.122855465000015,0.289043963301566,4.0,False,2.47,891,False,0.0129448851226171,False,Q9WTR1,0,False
6C08,Sodium-coupled neutral amino acid transporter 9,1,Q08BA4,-0.0265595160780054,10.19922796,0.287784636749085,1.0,False,3.17,892,False,0.0265595160780054,False,Q08BA4,0,False
7AR9,ND4,9,"A0A024FSS5,A0A7S0UW27,A0A7S0VJV3,A0A7S0YCV2,E5Q323,Q8LYV7,Q8LYV9,Q8LYW0,Q8LYW1",-0.0152842769445896,30.745881940000007,0.2873007390590719,2.0,True,2.97,893,False,0.0152842769445896,False,A0A024FSS5,0,False
6TQF,ABC transporter ATP-binding protein/permease,1,P9WQI9,-0.0199806503594832,17.895363319999998,0.2857720509716533,2.0,False,3.5,894,False,0.0199806503594832,False,P9WQI9,0,False
7TZC,Peptidyl-prolyl cis-trans isomerase FKBP1A,2,"P11716,P62943",0.0126154156668411,44.84403207,0.2854747985952216,4.0,False,2.45,895,False,0.0126154156668411,False,P11716,0,False
3UPG,Outer membrane protein C,1,P0A264,-0.0144298118290987,34.26126117000001,0.285354464903479,3.0,False,3.2,896,False,0.0144298118290987,False,P0A264,0,False
4CZB,NA(+)/H(+) ANTIPORTER 1,1,Q60362,0.0169016243833152,24.962033325,0.2852310769276677,2.0,False,3.5,897,False,0.0169016243833152,False,Q60362,0,False
7RPK,Sonic hedgehog protein,1,Q62226,-0.0266696939772832,9.956903415,0.2832828939741328,1.0,False,2.7,898,False,0.0266696939772832,False,Q62226,1,True
6KZP,"Voltage-dependent T-type calcium channel subunit alpha-1G,Voltage-dependent T-type calcium channel subunit alpha-1G",1,O43497,0.0121566329936785,47.863099085,0.282935484335493,1.0,False,3.1,899,False,0.0121566329936785,False,O43497,0,False
7AD3,Guanine nucleotide-binding protein subunit gamma,2,"P08539,P18852",0.0239766026250732,12.30094369,0.2828614171777246,2.0,False,3.3,900,False,0.0239766026250732,False,P08539,0,False
8AGE,OST4 isoform 1,8,"P33767,P39007,P41543,P46964,P48439,Q02795,Q92316,Q99380",-0.0252087284039646,11.085691959999998,0.28178941563536,1.0,True,2.8,901,False,0.0252087284039646,False,P33767,1,True
4FC4,Nitrite transporter NirC,1,E8XEH9,0.0140996614568557,35.290098385,0.2806275020935187,5.0,False,2.4,902,False,0.0140996614568557,False,E8XEH9,0,False
4FT6,Probable porin,1,Q9I1Q4,-0.0253174160706374,10.910694400000002,0.279737790879834,1.0,False,2.603,903,False,0.0253174160706374,False,Q9I1Q4,0,False
4F4C,Multidrug resistance protein pgp-1,1,P34712,-0.0247222691953748,11.40222081,0.2787572044682089,1.0,False,3.4,904,False,0.0247222691953748,False,P34712,0,False
5TQQ,Chloride channel protein,1,E1B792,0.0161970366322124,26.539574555000005,0.2784999212805591,2.0,False,3.76,905,False,0.0161970366322124,False,E1B792,0,False
7NPR,ESX-5 secretion system protein EccD5,4,"O53945,P9WNA5,P9WNP9,P9WNQ9",0.0051704986235978,260.06506970500004,0.2781037656584564,22.0,False,3.82,906,False,0.0051704986235978,False,O53945,0,False
2YEV,CYTOCHROME C OXIDASE SUBUNIT 2,3,"P98005,Q5SH67,Q5SLI2",0.0191398274650647,18.937123265,0.2774917235913364,1.0,True,2.36,907,False,0.0191398274650647,False,P98005,0,False
6V78,OmpK37,1,S5UCA2,-0.0143040315162181,33.89140432999999,0.2773744618969794,3.0,False,2.6,908,False,0.0143040315162181,False,S5UCA2,0,False
7UZQ,Ankyrin-1,3,"P16157,P18577,Q02094",0.0146645184745349,32.21594236,0.2771190904623217,3.0,False,2.17,909,False,0.0146645184745349,False,P16157,1,True
7WKW,Auxin efflux carrier component 3,1,Q9S7Z8,0.0174101674123952,22.854335250000005,0.2770986943919365,2.0,False,2.62,910,False,0.0174101674123952,False,Q9S7Z8,0,False
6QIM,Probable aquaporin PIP2-4,1,Q9FF53,-0.0160928506919886,26.579577465000003,0.2753429923752539,4.0,False,3.7,911,False,0.0160928506919886,False,Q9FF53,0,False
6HJX,Cys-loop ligand-gated ion channel,1,P0C7B7,0.0174351239611851,22.615040685,0.2749840118092197,5.0,False,2.5,912,False,0.0174351239611851,False,P0C7B7,0,False
7DFW,NPC1-like intracellular cholesterol transporter 1,1,Q9UHC9,-0.0259732656899543,10.16876095,0.2743981288013517,1.0,False,2.69,913,False,0.0259732656899543,False,Q9UHC9,0,False
7DRT,Protein wntless homolog,2,"P56704,Q5T9L3",0.0304014490032005,7.419837165000001,0.2743108165258945,1.0,False,2.2,914,False,0.0304014490032005,False,P56704,0,False
6EU6,Ammonium transporter,1,Q1Q357,0.0152713065195895,29.33008332,0.2736060375144885,3.0,False,1.98,915,False,0.0152713065195895,False,Q1Q357,0,False
7XMT,Somatostatin receptor type 4,1,P31391,0.0357146267534118,5.359161375,0.2734318227437011,1.0,False,2.8,916,False,0.0357146267534118,False,P31391,0,False
3JCU,"Photosystem II reaction center W protein, chloroplastic",18,"P04160,P05146,P06003,P06005,P12163,P12301,P12302,P12359,P60128,P60150,P61840,P62103,P62112,P69383,P69560,Q41387,Q9M3L2,Q9M3M6",0.0081445490508781,102.47169816499998,0.271892990299059,4.0,True,3.2,917,False,0.0081445490508781,False,P04160,0,False
6E3Y,Calcitonin gene-related peptide 1,1,P06881,0.0370940497970103,4.928902005,0.2712805619209964,1.0,True,3.3,918,False,0.0370940497970103,False,P06881,0,False
6KAC,4.1 kDa photosystem II subunit,25,"A8I5A0,A8I846,O19930,P06007,P07753,P10898,P11471,P12852,P12853,P18263,P22666,P32974,P37255,P37256,P48268,P50370,P59763,P92276,P92277,Q08363,Q93VE0,Q93WD2,Q93WE0,Q93WL4,Q9SPI9",0.007957165135675,106.421827265,0.2695302071175764,4.0,True,2.7,919,False,0.007957165135675,False,A8I5A0,0,False
8F7X,Nociceptin,2,"P41146,Q13519",0.0353449590855816,5.371922394999998,0.2684384286358482,1.0,False,3.28,920,False,0.0353449590855816,False,P41146,0,False
1ORS,33H1 Fab heavy chain,2,"P01869,Q9YDF8",-0.0560641354419702,2.1281548850000007,0.2675675748191591,1.0,False,1.9,921,False,0.0560641354419702,False,P01869,0,False
7CH9,Probable permease of ABC transporter,1,Q9HVW2,-0.0311962419069672,6.853803569999999,0.2668063757094691,2.0,True,3.5,922,False,0.0311962419069672,False,Q9HVW2,0,False
3SYB,Glycine-glutamate dipeptide porin OpdP,1,Q9HVS0,-0.0246154959063549,10.98227671,0.2661764033291999,1.0,False,2.7,923,False,0.0246154959063549,False,Q9HVS0,0,False
6V1Q,Two pore channel 3,1,C4IXV6,0.0121626992861753,44.915319545,0.2657751816310257,2.0,False,3.11,924,False,0.0121626992861753,False,C4IXV6,0,False
5NUP,OmpK36,1,F2VN85,-0.0139239502707077,34.241342204999995,0.2655435141813695,3.0,False,2.9,925,False,0.0139239502707077,False,F2VN85,0,False
8HMV,Probable G-protein coupled receptor 21,1,Q99679,0.0363025830495527,5.025252884999999,0.2649067156084322,1.0,False,2.91,926,False,0.0363025830495527,False,Q99679,0,False
5L22,ABC transporter (HlyB subfamily),1,O67184,-0.0249110511302196,10.667917985,0.2648035272702731,2.0,False,3.15,927,False,0.0249110511302196,False,O67184,0,False
8F76,Olfactory receptor 51E2,1,Q9H255,0.0368705404838708,4.8197450150000005,0.2620855410351825,1.0,False,3.1,928,False,0.0368705404838708,False,Q9H255,0,False
7U8G,"EGFP, Cytochrome b-245 heavy chain chimera",2,"P04839,P13498",-0.0391229848692195,4.253540574999999,0.2604201199521258,1.0,True,3.2,929,False,0.0391229848692195,False,P04839,0,False
2NS1,Nitrogen regulatory protein P-II 2,1,P0AC55,0.0146464577696913,30.00888340499999,0.2574986965078619,3.0,False,1.962,930,False,0.0146464577696913,False,P0AC55,0,False
7LJ5,Isoform 2 of Potassium channel subfamily K member 4,1,Q9NYG8,0.0234968494789138,11.55304435,0.2551383258319317,2.0,False,2.26,931,False,0.0234968494789138,True,Q9NYG8,0,False
7E4I,Mitochondrial import receptor subunit TOM6,4,"P23644,P33448,P53969,P80967",-0.0262878179752976,9.229616655,0.255124832431869,1.0,True,3.05,932,False,0.0262878179752976,False,P23644,0,False
5MLZ,Dolichol monophosphate mannose synthase,1,Q8U4M3,-0.0474355185964821,2.834527345,0.2551220219622308,1.0,False,2.0,933,False,0.0474355185964821,False,Q8U4M3,0,False
7VLX,PTS mannose family transporter subunit IID,1,A0A1E8EBU8,0.0116731836913863,46.75862070000001,0.2548592040843857,6.0,False,3.12,934,False,0.0116731836913863,False,A0A1E8EBU8,0,False
7RHQ,Growth arrest-specific protein 1,1,P54826,-0.0245920593597173,10.5281521,0.2546841622182885,1.0,False,3.53,935,False,0.0245920593597173,False,P54826,0,False
7WIH,Metabotropic glutamate receptor 3,1,Q14832,0.0191255202638687,17.36872634,0.2541291475669762,2.0,False,3.68,936,False,0.0191255202638687,False,Q14832,0,False
6RNK,Succinate receptor 1,1,Q6IYF9,0.0358940810776761,4.92296267,0.2537068614918457,1.0,False,1.94,937,False,0.0358940810776761,False,Q6IYF9,0,False
2NR9,Protein glpG homolog,1,P44783,0.0375597750811689,4.480166875,0.2528134340508211,1.0,False,2.2,938,False,0.0375597750811689,False,P44783,0,False
6OB7,Equilibrative nucleoside transporter 1,1,Q99808,0.0285572410255406,7.712714514999999,0.2515936882413859,1.0,False,2.3,939,False,0.0285572410255406,False,Q99808,0,False
8FMZ,Neurotensin/neuromedin N,1,P20068,0.0357857327818816,4.909644535000003,0.2514952983279651,1.0,False,2.59,940,False,0.0357857327818816,False,P20068,0,False
7XJL,spexin,1,Q9BT56,0.0357074821942511,4.890651869999999,0.2494279960812971,1.0,False,3.5,941,False,0.0357074821942511,False,Q9BT56,0,False
6C70,Odorant receptor,1,B0FAQ4,0.011492654356449,47.18306942499999,0.2492796762864496,4.0,False,3.5,942,False,0.011492654356449,False,B0FAQ4,0,False
6S7P,Phosphatidylcholine translocator ABCB4,1,P21439,-0.0254489866266475,9.53995514,0.2471424290505535,1.0,False,3.2,943,False,0.0254489866266475,False,P21439,0,False
7AJQ,Biopolymer transport protein ExbD,1,V5YUQ0,-0.0185988190260325,17.83637264,0.2467955164702887,5.0,True,4.0,944,False,0.0185988190260325,False,V5YUQ0,0,False
5JWY,Phosphatidylglycerophosphatase B,1,P0A924,0.0377353506806134,4.31770689,0.2459291046297698,1.0,False,3.2,945,False,0.0377353506806134,False,P0A924,0,False
2FGQ,Outer membrane porin protein 32,1,P24305,-0.0131371199850093,35.53321893,0.2452984906590517,3.0,False,1.45,946,False,0.0131371199850093,False,P24305,0,False
7JJO,Guanine nucleotide-binding protein G(s) subunit alpha isoforms short,1,P04896,0.0348661365292461,5.04307407,0.2452240106750879,1.0,False,2.6,947,False,0.0348661365292461,False,P04896,0,False
7F16,Tuberoinfundibular peptide of 39 residues,2,"P49190,Q96A98",0.0346253006265399,5.106541910000001,0.2448916613000142,1.0,False,2.8,948,False,0.0346253006265399,False,P49190,0,False
6FMV,Undecaprenyl-diphosphatase,1,P60932,0.0306377826960615,6.492311645,0.2437664951439173,1.0,False,2.3,949,False,0.0306377826960615,False,P60932,0,False
6WWZ,C-C motif chemokine 20,1,P78556,0.0338411050684773,5.320646880000002,0.2437325322787109,1.0,False,3.34,950,False,0.0338411050684773,False,P78556,0,False
7WFD,"Photosystem I reaction center subunit III, chloroplastic",14,"P27521,P56766,P56767,P56768,P56769,P62090,Q8LCQ4,Q9S831,Q9SA56,Q9SHE8,Q9SUI4,Q9SUI5,Q9SUI6,Q9SY97",0.0127535554527511,37.38306714499999,0.2432189850166055,2.0,True,3.25,951,False,0.0127535554527511,False,P27521,0,False
7RYC,Oxytocin,2,"P01178,P30559",0.032543720389543,5.732999345,0.2428713479730591,1.0,False,2.9,952,False,0.032543720389543,False,P01178,0,False
2YDV,ADENOSINE RECEPTOR A2A,1,P29274,0.0359285831000562,4.700271425,0.2426962746130954,1.0,False,2.6,953,False,0.0359285831000562,False,P29274,0,False
7ZK3,Anoctamin-1,1,Q8BHY3,-0.0152400367559142,26.083270915000003,0.2423226849807968,2.0,False,2.85,954,False,0.0152400367559142,False,Q8BHY3,0,False
6VQ8,Renin receptor,3,"B0K022,Q6AXS4,Q6P503",0.0280727937105383,7.685507635000002,0.2422723312551182,1.0,True,3.9,955,False,0.0280727937105383,False,B0K022,0,False
8EX4,Sphingosine-1-phosphate transporter SPNS2,1,Q8IVW8,-0.0264679970771531,8.602355775,0.2410568890168944,1.0,False,2.93,956,False,0.0264679970771531,False,Q8IVW8,0,False
3SY7,Porin D,1,P32722,-0.0234802787932352,10.894878605,0.240264100787655,1.0,False,2.15,957,False,0.0234802787932352,False,P32722,0,False
8D2S,Sodium-dependent lysophosphatidylcholine symporter 1-B,1,Q6DEJ6,-0.0250893277364309,9.52865066,0.2399216534229597,1.0,False,2.9,958,False,0.0250893277364309,False,Q6DEJ6,0,False
1KF6,FUMARATE REDUCTASE FLAVOPROTEIN,4,"P00363,P0A8Q0,P0A8Q3,P0AC47",0.0360568701335386,4.610648635,0.2397717813373095,2.0,False,2.7,959,False,0.0360568701335386,False,P00363,0,False
7Y7V,Sodium- and chloride-dependent GABA transporter 1,1,P30531,0.0223519691662593,11.866720824999998,0.2371495451455335,1.0,False,2.2,960,False,0.0223519691662593,False,P30531,0,False
6L3H,Nitric-oxide reductase,1,C6S880,0.0133571430301666,33.090636425000014,0.2361523459437478,2.0,False,3.06,961,False,0.0133571430301666,False,C6S880,0,False
7RKX,G-protein coupled receptor homolog US27,1,P09703,0.0351194068478172,4.76992375,0.2353237564981019,1.0,False,3.1,962,False,0.0351194068478172,False,P09703,0,False
4G7V,Voltage-sensor containing phosphatase,1,F6XHE4,-0.05123449600007,2.24044093,0.2352439299861864,1.0,False,2.5,963,False,0.05123449600007,False,F6XHE4,0,False
7EGK,Membrane-associated protein SbtB,2,"P73953,P73954",0.0133926810246798,32.64993780500001,0.2342488137461139,3.0,False,2.7,964,False,0.0133926810246798,False,P73953,0,False
4I0U,Magnesium transport protein CorA,1,Q9WZ31,-0.0241441409362336,9.891194594999996,0.2306387377031354,5.0,False,2.7,965,False,0.0241441409362336,False,Q9WZ31,0,False
2RDD,UPF0092 membrane protein yajC,1,P0ADZ7,-0.0109188850739611,48.34295966,0.2305418725826343,3.0,True,3.5,966,False,0.0109188850739611,False,P0ADZ7,0,False
7W56,Neuromedin-S,1,Q5H8A3,0.0342551028285622,4.89447039,0.229729225235282,1.0,False,2.9,967,False,0.0342551028285622,False,Q5H8A3,0,False
5VA1,Potassium voltage-gated channel subfamily H member 2,1,Q12809,0.0112035712913175,45.753081835,0.2297170909920908,4.0,False,3.7,968,False,0.0112035712913175,False,Q12809,0,False
6PEQ,Protein cornichon homolog 3,1,Q6ZWS4,-0.0208314432233999,13.202555820000002,0.2291694499584833,4.0,True,2.97,969,False,0.0208314432233999,False,Q6ZWS4,0,False
8F7W,Dynorphin,1,P01213,0.0329277060706511,5.2767009,0.2288471044455246,1.0,False,3.19,970,False,0.0329277060706511,False,P01213,0,False
8HW1,Far-red light-harvesting complex,1,C0HLU5,0.0051356689383869,215.11724563500005,0.2269495154170675,11.0,False,3.13,971,False,0.0051356689383869,False,C0HLU5,0,False
7VBP,"NADH dehydrogenase [ubiquinone] 1 subunit C1, mitochondrial",1,A0A8D1K2Z9,-0.0135200426280319,30.908476115,0.2259923335813127,1.0,True,2.8,972,False,0.0135200426280319,False,A0A8D1K2Z9,0,False
7NB6,AI-2 transport protein TqsA,1,P0AFS5,-0.0090640720235939,68.42685340000001,0.2248708991341615,5.0,False,3.3,973,False,0.0090640720235939,False,P0AFS5,0,False
7YQ7,Photosystem II protein D1 3,1,Q8DIV4,0.0073078576479923,105.23709414000002,0.224806568741658,4.0,True,1.9,974,False,0.0073078576479923,False,Q8DIV4,0,False
4YUU,Cytochrome b559 subunit alpha,16,"O19882,O19895,O19925,O19927,O19928,Q76B86,Q76FB0,Q9TLR0,Q9TLX0,Q9TM20,Q9TM21,Q9TM22,Q9TM23,Q9TM46,Q9TM47,Q9ZQS5",0.0072437621857752,106.989056695,0.2245575790617468,4.0,True,2.77000368116,975,False,0.0072437621857752,False,O19882,0,False
5NC5,Multidrug efflux pump accessory protein AcrZ,1,P0AAX1,-0.0107979064947045,48.00326577999999,0.2238772174799277,3.0,True,3.2,976,False,0.0107979064947045,False,P0AAX1,0,False
2F2B,Aquaporin aqpM,1,Q9C4Z5,0.0145688540143621,26.159219255000004,0.2220933486580115,4.0,False,1.68,977,False,0.0145688540143621,False,Q9C4Z5,0,False
7CR0,Potassium voltage-gated channel subfamily KQT member 2,1,O43526,-0.0109189314323566,46.558667695,0.2220346800349267,4.0,False,3.1,978,False,0.0109189314323566,False,O43526,0,False
6IYX,Trimeric intracellular cation channel type A,1,Q5ZK43,-0.0144402480505995,26.578537325000003,0.2216870761083288,3.0,False,1.8,979,False,0.0144402480505995,False,Q5ZK43,0,False
7MGL,Mucolipin-1,1,Q9GZU1,0.0111454044373517,44.54163489,0.2213185468365752,4.0,False,2.9,980,False,0.0111454044373517,False,Q9GZU1,0,False
7T10,Somatostatin-14,3,"P08754,P30874,P61278",0.0307246034973556,5.830216785,0.2201492796607843,1.0,False,2.5,981,False,0.0307246034973556,False,P08754,0,False
5XTD,NADH-ubiquinone oxidoreductase chain 6,44,"O00217,O14561,O15239,O43181,O43674,O43676,O43677,O43678,O43920,O75251,O75306,O75380,O75438,O75489,O95139,O95167,O95168,O95169,O95178,O95182,O95298,O95299,O96000,P03886,P03891,P03897,P03901,P03905,P03915,P03923,P17568,P19404,P28331,P49821,P51970,P56181,P56556,Q16718,Q16795,Q86Y39,Q9NX14,Q9P0J0,Q9UI09,Q9Y6M9",-0.0131627988168429,31.749890695,0.2200385187955126,1.0,True,3.7,982,False,0.0131627988168429,False,O00217,0,False
7UKG,Dipeptidyl-peptidase 6,2,"P42658,Q9NZV8",0.0114794567839874,41.28664075500001,0.2176267190025181,4.0,True,2.24,983,False,0.0114794567839874,False,P42658,1,True
1U7G,Probable ammonium transporter,1,P69681,0.0136859878851889,28.83827541,0.2160635855439642,3.0,False,1.4,984,False,0.0136859878851889,False,P69681,0,False
7OIX,Isoform 2 of Sodium-dependent lysophosphatidylcholine symporter 1,2,"P60508,Q8NA29",0.0235562493079982,9.732098640000002,0.2160124474161045,1.0,False,3.6,985,False,0.0235562493079982,False,P60508,0,False
7X9Y,C-C chemokine receptor type 3,1,P51677,0.032967823622828,4.96809241,0.2159882933539147,1.0,False,3.1,986,False,0.032967823622828,False,P51677,0,False
5KSD,"ATPase 2, plasma membrane-type",1,P19456,0.0260259047992479,7.92057873,0.2145994379501164,1.0,False,3.5,987,False,0.0260259047992479,False,P19456,0,False
6M17,Spike protein S1,1,P0DTC2,0.0120149630809991,37.06502135,0.2140272775611544,4.0,False,2.9,988,False,0.0120149630809991,False,P0DTC2,0,False
6VBG,Galactoside permease,1,P02920,0.0237418847192508,9.461985934999998,0.2133401879068693,1.0,False,2.8,989,False,0.0237418847192508,False,P02920,0,False
8GWA,Ric1 protein,1,Q8KG87,0.0119442172366146,36.99256049999999,0.2111007475353019,2.0,True,2.9,990,False,0.0119442172366146,False,Q8KG87,0,False
7WSM,"Solute carrier family 2, facilitated glucose transporter member 4",1,P14672,-0.0251598324494171,8.304834275,0.2102841072320342,1.0,False,3.25,991,False,0.0251598324494171,False,P14672,0,False
1YMG,Lens fiber major intrinsic protein,1,P06624,0.0143317829339295,25.58674056500001,0.2102206625957841,4.0,False,2.24,992,False,0.0143317829339295,False,P06624,0,False
7PY4,Phospholipid-transporting ATPase IC,1,O43520,-0.0241819033367044,8.960895095000001,0.209600515305859,1.0,True,3.1,993,False,0.0241819033367044,False,O43520,0,False
6GCI,mitochondrial ADP/ATP carrier,1,G2QNH0,-0.0347535369137717,4.3372431250000005,0.2095423346803604,1.0,False,3.3,994,False,0.0347535369137717,False,G2QNH0,0,False
7NH9,CmaX protein,1,Q9ZIH2,0.0211513848903047,11.629938635,0.2081205815666314,5.0,False,3.03,995,False,0.0211513848903047,False,Q9ZIH2,0,False
5A43,PUTATIVE FLUORIDE ION TRANSPORTER CRCB,1,B7LI20,0.0317280774727214,5.14953584,0.2073555151690924,2.0,False,2.58,996,False,0.0317280774727214,False,B7LI20,0,False
7ZL3,Protein transport protein Sec61 subunit alpha,1,A0A6P3YN15,0.0235097327613902,9.37783652,0.2073280360810256,1.0,True,3.2,997,False,0.0235097327613902,False,A0A6P3YN15,0,False
6K7L,Cell cycle control protein 50A,2,"Q9NV96,Q9Y2Q0",-0.0250061721873085,8.273665145,0.206943774454713,1.0,True,2.83,998,False,0.0250061721873085,False,Q9NV96,0,False
4RL9,Carbapenem-associated resistance protein,1,A6XB80,-0.0469140410651185,2.3311597500000003,0.2052285206274409,1.0,False,2.7,999,False,0.0469140410651185,False,A6XB80,0,False
3WU2,Cytochrome b559 subunit beta,19,"D0VWR1,D0VWR2,D0VWR3,D0VWR4,D0VWR5,D0VWR7,D0VWR8,P0A387,P12238,P12239,P12240,P12241,P12312,P12313,P19052,P19054,P51765,P56152,Q7DGD4",0.0069848425800786,105.085639155,0.2050768352599919,4.0,True,1.9,1000,False,0.0069848425800786,False,D0VWR1,0,False
3DDL,Xanthorhodopsin,1,Q2S2F8,0.0352218377275489,4.115728925,0.2042352861167497,1.0,False,1.9,1001,False,0.0352218377275489,False,Q2S2F8,0,False
3KP9,VKORC1/thioredoxin domain protein,1,Q2JJF6,0.0426631455576441,2.786503105,0.2028734750616375,1.0,False,3.6,1002,False,0.0426631455576441,False,Q2JJF6,0,False
6TKO,Beta-arrestin-1,1,P49407,0.0313594184098353,5.152700575,0.2026893345744282,1.0,False,3.3,1003,False,0.0313594184098353,False,P49407,1,True
6MWA,Ion transport protein,1,A8EVM5,-0.010802100028473,43.13722545,0.2013393159121941,4.0,False,2.4,1004,False,0.010802100028473,False,A8EVM5,0,False
6ZTQ,NADH-ubiquinone oxidoreductase chain 6,44,"G5E814,O09111,O35683,P03888,P03893,P03899,P03903,P03911,P03921,P03925,P0DN34,P52503,Q3UIU2,Q7TMF3,Q8BK30,Q8K3J1,Q91VD9,Q91WD5,Q91YT0,Q99LC3,Q99LY9,Q9CPP6,Q9CPU2,Q9CQ54,Q9CQ75,Q9CQ91,Q9CQC7,Q9CQH3,Q9CQJ8,Q9CQY9,Q9CQZ5,Q9CQZ6,Q9CR21,Q9CR61,Q9CXZ1,Q9D6J5,Q9D6J6,Q9DC69,Q9DC70,Q9DCJ5,Q9DCS9,Q9DCT2,Q9ERS2,Q9Z1P6",-0.0122809412292136,33.23354342999999,0.2004933380478862,1.0,True,3.0,1005,False,0.0122809412292136,False,G5E814,0,False
4YMU,"ABC-type amino acid transport system, permease component",1,Q8RCC3,-0.0243965593204307,8.402121935,0.2000350662014139,2.0,False,2.503,1006,False,0.0243965593204307,False,Q8RCC3,0,False
4FSO,Probable porin,1,Q9HWK2,-0.0213718003264217,10.918861410000002,0.1994892791126511,1.0,False,2.75,1007,False,0.0213718003264217,False,Q9HWK2,0,False
7WU9,Prostaglandin E2 receptor EP3 subtype,1,P43115,0.0312081619480247,5.114678715000001,0.1992575249338668,1.0,False,3.375,1008,False,0.0312081619480247,False,P43115,0,False
5O9C,Osmoporin Omp36,1,Q9ALY0,-0.0120536725579307,34.22049327000001,0.1988772178048609,3.0,False,2.469,1009,False,0.0120536725579307,False,Q9ALY0,0,False
7JM6,Chloride channel protein,1,Q5ZL60,0.0135378810545085,27.083178220000008,0.1985459382688267,2.0,False,2.92,1010,False,0.0135378810545085,False,Q5ZL60,0,False
6E9C,Major facilitator family transporter,1,Q0C3L7,-0.0242064836760528,8.277172635000001,0.1940016475523186,1.0,False,3.2,1011,False,0.0242064836760528,False,Q0C3L7,0,False
7Y9T,Auxin efflux carrier component 1,1,Q9C6B8,0.0145764906725839,22.819918845000004,0.1939456507899708,2.0,False,3.1,1012,False,0.0145764906725839,False,Q9C6B8,0,False
7EPD,"Metabotropic glutamate receptor 2,Peptidylprolyl isomerase",2,"P42345,P62942",0.0190477521481487,13.329727874999998,0.1934500015021003,2.0,False,3.9,1013,False,0.0190477521481487,False,P42345,0,False
5O78,Phosphoporin PhoE,1,A0A0H3FYJ7,-0.0119350277637426,33.825598895,0.1927313454681692,3.0,False,2.85,1014,False,0.0119350277637426,False,A0A0H3FYJ7,0,False
7LHG,Fimbrial adapter PapK,1,P62532,-0.0166448044962121,17.386570584999994,0.1926776391176954,1.0,True,3.8,1015,False,0.0166448044962121,False,P62532,0,False
6SX5,Ion transport protein,1,A0L5S6,0.0103988948146229,44.28409739999998,0.1915500012970773,4.0,False,2.2,1016,False,0.0103988948146229,False,A0L5S6,0,False
8F0P,"Sodium channel protein PaFPC1,Sodium channel protein type 9 subunit alpha chimera",1,D0E0C2,0.0099647985372275,47.842687565000006,0.1900258155490156,1.0,False,2.2,1017,False,0.0099647985372275,False,D0E0C2,0,False
5O79,OmpK36,1,D6QLY0,-0.0117764892272341,34.20784748499999,0.1897655689317657,3.0,False,1.65,1018,False,0.0117764892272341,False,D6QLY0,0,False
7ZLG,CMT2-Fab light chain,2,"P34413,Q7Z3Y4",0.0201018811100715,11.740273465,0.1897630292381643,1.0,False,2.72,1019,False,0.0201018811100715,False,P34413,0,False
6BTM,Alternative Complex III subunit F,5,"A5FJE2,A5FJF1,A5FJF3,A5FJF4,A5FJF5",0.014776112842301,21.69019393,0.1894278475646801,2.0,True,3.4,1020,False,0.014776112842301,False,A5FJE2,0,False
7MC0,"ABC transporter, ATP-binding protein",2,"Q9JXP2,Q9JXP3",0.0238725545418735,8.303990800000001,0.1892973957326449,2.0,False,3.3,1021,False,0.0238725545418735,False,Q9JXP2,0,False
3D31,"Sulfate/molybdate ABC transporter, permease protein",2,"Q8TTZ3,Q8TTZ4",0.0208471056072248,10.86295224,0.1888423491733134,2.0,False,3.0,1022,False,0.0208471056072248,False,Q8TTZ3,0,False
7COU,Photosystem II protein Y,1,P0DM37,0.0066101545008689,107.32062397,0.1875713055862186,4.0,True,2.25,1023,False,0.0066101545008689,False,P0DM37,0,False
6QGW,Outer membrane protein assembly factor BamA,1,P0A940,-0.0223836642733174,9.317721565,0.1867377348967592,1.0,False,1.938,1024,False,0.0223836642733174,False,P0A940,0,False
7VU0,Chitoporin,1,P75733,-0.0199727411410119,11.51113746,0.1836764927354028,1.0,False,1.85,1025,False,0.0199727411410119,False,P75733,0,False
7D0J,"Chlorophyll a-b binding protein, chloroplastic",1,A8J264,-0.0107871916471701,39.40067743499999,0.1833920348736588,2.0,True,3.42,1026,False,0.0107871916471701,False,A8J264,0,False
7B4L,Sodium/hydrogen exchanger 9B2,1,Q86UD5,-0.0122665910513104,30.380928420000004,0.1828558278622784,2.0,False,3.1,1027,False,0.0122665910513104,False,Q86UD5,0,False
6QPH,PsaE,2,"A0A6I8WFU0,A0A6I8WFU2",0.0108186973368715,38.799848865000016,0.1816519095486413,2.0,True,3.4,1028,False,0.0108186973368715,False,A0A6I8WFU0,0,False
4K1C,Vacuolar calcium ion transporter,1,Q99385,-0.0218503461389649,9.502506749999998,0.1814741706999781,1.0,False,2.3,1029,False,0.0218503461389649,False,Q99385,0,False
4TWK,Potassium channel subfamily K member 2,1,O95069,0.0189449641316692,12.624449900000004,0.1812424938125699,2.0,False,2.6,1030,False,0.0189449641316692,True,O95069,0,False
7UZE,Aquaporin-1,1,P29972,-0.0132784903161058,25.67792857,0.1810995537318859,4.0,False,2.4,1031,False,0.0132784903161058,False,P29972,0,False
6S7V,MFS transporter,1,Q2FZP8,0.0217245839012818,9.582188205,0.1808954411004947,1.0,False,3.301,1032,False,0.0217245839012818,False,Q2FZP8,0,False
6CAA,Electrogenic sodium bicarbonate cotransporter 1,1,Q9Y6R1,-0.0116073423766124,33.5419148,0.180764619950036,2.0,False,3.9,1033,False,0.0116073423766124,False,Q9Y6R1,0,False
7RHR,Patched-1,1,Q98SW6,-0.0208511174501422,10.359531350000005,0.1801601644107641,1.0,False,3.0,1034,False,0.0208511174501422,False,Q98SW6,0,False
2OAR,Large-conductance mechanosensitive channel,1,A5U127,0.0209851561257752,10.177237130000002,0.1792727556966473,5.0,False,3.5,1035,False,0.0209851561257752,False,A5U127,0,False
6LFM,Interleukin-8,1,P10145,0.0293418534617334,5.204637315000002,0.1792361266391654,1.0,False,3.5,1036,False,0.0293418534617334,False,P10145,0,False
7EPC,Isoform 3 of Metabotropic glutamate receptor 7,1,Q14831,0.0169428857713338,15.565451419999995,0.1787295975148606,2.0,False,4.0,1037,False,0.0169428857713338,False,Q14831,0,False
7TRY,Guanine nucleotide-binding protein subunit alpha-11,1,P29992,0.0287931712202787,5.353888110000001,0.1775449327009179,1.0,False,3.7,1038,False,0.0287931712202787,False,P29992,0,False
6CNM,Intermediate conductance calcium-activated potassium channel protein 4,1,O15554,-0.0098784078883165,45.46390471999999,0.177460063837298,4.0,False,3.4,1039,False,0.0098784078883165,False,O15554,0,False
4IU9,Nitrite extrusion protein 2,1,P37758,0.0238734132776785,7.76405038,0.1770016719385831,1.0,False,3.005,1040,False,0.0238734132776785,False,P37758,0,False
6M20,Hexose transporter 1,1,O97467,0.0226686115013276,8.6105957,0.1769876766817077,1.0,False,2.6,1041,False,0.0226686115013276,False,O97467,0,False
7XQ0,Reduced folate transporter,1,P41440,-0.0215394255750157,9.516851385,0.1766125304409436,1.0,False,3.0,1042,False,0.0215394255750157,False,P41440,0,False
6RTC,"Solute carrier family 26 member 9,Solute carrier family 26 member 9",1,Q8BU91,0.0121026072246116,29.970082004999995,0.1755924346989731,2.0,False,3.96,1043,False,0.0121026072246116,False,Q8BU91,0,False
6LN7,Sarcoplasmic/endoplasmic reticulum calcium ATPase 2,1,P16615,0.0216533023308338,9.3202325,0.1747974195315746,1.0,False,2.8,1044,False,0.0216533023308338,False,P16615,0,False
6OFR,TonB-dependent outer membrane receptor,1,P31827,-0.017290266567492,14.600670469999995,0.1745967552666041,1.0,False,2.4,1045,False,0.017290266567492,False,P31827,0,False
7SJ1,Potassium voltage-gated channel protein Shaker,1,P08510,-0.0097721549046295,45.68851994999999,0.1745210294853142,4.0,False,2.9,1046,False,0.0097721549046295,False,P08510,0,False
8EQS,ORF3a protein,1,P59632,-0.0334338217522299,3.87800314,0.1733964465794636,2.0,False,3.1,1047,False,0.0334338217522299,False,P59632,0,False
6CSE,Sodium/alanine symporter AgcS,1,Q6LX42,0.0212423780980967,9.604480504999998,0.173356503945825,1.0,False,3.24,1048,False,0.0212423780980967,False,Q6LX42,0,False
7ZMG,Subunit NDUFC2 of NADH-ubiquinone oxidoreductase (Complex I),27,"G0S086,G0S0R3,G0S0S8,G0S1P3,G0S2B3,G0S3Y7,G0S4Q3,G0S569,G0S5C8,G0S681,G0S775,G0S812,G0S8H4,G0SA46,G0SAE9,G0SAN0,G0SAY0,G0SB83,G0SEZ1,G0SG48,G1DJ96,G1DJ98,G1DJ99,G1DJA2,G1DJA3,G1DJA6,G1DJA7",-0.0089767735284939,53.24589745,0.1716274224080403,2.0,True,2.44,1049,False,0.0089767735284939,False,G0S086,0,False
7VGX,Neuropeptide Y receptor type 1,1,P25929,0.028606675139275,5.24178851,0.1715829988892151,1.0,False,3.2,1050,False,0.028606675139275,False,P25929,0,False
7SHF,G-protein coupled receptor 158,3,"P49802,P62881,Q5T848",-0.0171364608719627,14.597428094999998,0.1714662316212253,2.0,False,3.4,1051,False,0.0171364608719627,False,P49802,1,True
2JLN,MHP1,1,D6R8X8,0.0197356681845275,10.924371170000002,0.1702002165415838,1.0,False,2.85,1052,False,0.0197356681845275,False,D6R8X8,0,False
7MJS,Major Facilitator Superfamily Domain containing 2A,1,F1NCD6,-0.0211362474557059,9.486875950000002,0.1695270414473462,1.0,False,3.03,1053,False,0.0211362474557059,False,F1NCD6,0,False
7UTZ,Glycoprotein hormones alpha chain analog TR1402,3,"P01215,P01222,P16473",0.0307979951932506,4.467117690000002,0.1694853948720814,1.0,False,2.4,1054,False,0.0307979951932506,False,P01215,0,False
6RCK,OmpK36,1,D6QLY1,-0.0110830586619777,34.470322425000006,0.1693653644060513,3.0,False,2.029,1055,False,0.0110830586619777,False,D6QLY1,0,False
7EW1,Sphingosine 1-phosphate receptor 5,1,Q9H228,0.029455081420258,4.87764117,0.1692740145435483,1.0,False,3.4,1056,False,0.029455081420258,False,Q9H228,0,False
8E9G,NADH-quinone oxidoreductase subunit I,11,"A0QU23,A0QU24,A0QU25,A0QU26,A0QU27,A0QU28,A0QU29,A0QU33,A0QU34,A0QU35,A0QU36",0.0089649683767604,52.3915343,0.1684296834050981,3.0,True,2.6,1057,False,0.0089649683767604,False,A0QU23,0,False
1YEW,particulate methane monooxygenase subunit C2,1,O05111,0.0112206576951746,33.39094826,0.1681610348675488,3.0,True,2.801,1058,False,0.0112206576951746,False,O05111,0,False
7V2H,NADH-ubiquinone oxidoreductase chain 1,35,"A0A287BMW6,A0A480JRW3,A0A480KM09,A0A4X1SN37,A0A4X1SZP7,A0A4X1T6M0,A0A4X1V1H9,A0A4X1VD84,A0A4X1VLA2,A0A4X1VPG4,A0A5G2QW32,A0A8D1NRT6,A0A8D2CGH8,A1XQS6,F1RGE3,F1RWL7,F1S031,F1S1A8,F1SCH1,F1SGC6,F1SJP6,F1SQP4,F1SV23,I3LDC3,I3LGM4,I3LRR4,K7GR43,K7GSE5,O79874,O79875,O79880,O79881,O79882,P56632,Q9TDR1",-0.0114991640186221,31.664671740000006,0.1674817609999341,1.0,True,2.5,1059,False,0.0114991640186221,False,A0A287BMW6,0,False
7EIB,B1 bradykinin receptor,1,P46663,0.0302391221247276,4.567123694999999,0.1670479396063961,1.0,False,3.0,1060,False,0.0302391221247276,False,P46663,0,False
7CH1,Solute carrier family 26 member 9,1,Q7LBE3,0.0119817888440796,29.02269736500001,0.1666637264408249,2.0,False,2.6,1061,False,0.0119817888440796,False,Q7LBE3,0,False
6Y7F,Elongation of very long chain fatty acids protein 7,1,A1L3X0,-0.0267773509249153,5.80937123,0.1666189300513653,1.0,False,2.052,1062,False,0.0267773509249153,False,A1L3X0,0,False
6D32,"Smoothened,Soluble cytochrome b562,Smoothened",1,Q98SW5,0.0296572680272929,4.728882229999999,0.1663722055199147,1.0,False,3.751,1063,False,0.0296572680272929,False,Q98SW5,0,False
1M56,CYTOCHROME C OXIDASE,3,"P33517,P84153,Q03736",0.0200932554215841,10.279037605000005,0.1660018989528383,1.0,True,2.3,1064,False,0.0200932554215841,False,P33517,0,False
6KHJ,NAD(P)H-quinone oxidoreductase subunit M,2,"Q8DLN5,Q8DMR6",-0.0116711244479895,30.38549687,0.1655585955518902,1.0,True,3.0,1065,False,0.0116711244479895,False,Q8DLN5,0,False
8HK2,C3a anaphylatoxin,1,P01024,0.0292025234728541,4.847644715,0.1653604088807166,1.0,False,2.9,1066,False,0.0292025234728541,False,P01024,0,False
6JXI,Potassium-transporting ATPase alpha chain 1,2,"P18434,P19156",0.0226401333096268,8.05897818,0.1652334347344553,1.0,True,2.6,1067,False,0.0226401333096268,False,P18434,0,False
6VYI,Diacylglycerol O-acyltransferase 1,1,O75907,-0.012606109401657,25.97060232,0.1650836859063915,2.0,False,3.0,1068,False,0.012606109401657,False,O75907,0,False
7W55,Neuromedin-U-25,1,P48645,0.0287157734187652,4.994544544999999,0.1647391868306208,1.0,False,2.8,1069,False,0.0287157734187652,False,P48645,0,False
6CD2,Chaperone protein PapD,2,"P15319,Q47450",-0.0161076736351918,15.863827835,0.1646393422869553,1.0,False,3.7,1070,False,0.0161076736351918,False,P15319,0,False
8DZR,Kappa-type opioid receptor,1,P41145,0.0276915479563067,5.353315225,0.1642015587141348,1.0,False,2.61,1071,False,0.0276915479563067,False,P41145,0,False
7LB8,Iron(3+)-hydroxamate-binding protein FhuD,3,"P06972,P07821,P07822",-0.0143266258309293,19.925547980000005,0.1635905085006532,1.0,False,3.4,1072,False,0.0143266258309293,False,P06972,0,False
8GVC,Anion exchange protein 2,1,P04920,-0.011008370006679,33.654590254999995,0.1631361975915888,2.0,False,2.89,1073,False,0.011008370006679,False,P04920,0,False
7UW5,Mechanosensitive channel MscK,1,P77338,0.0048451910479142,172.890661215,0.1623503909806344,7.0,False,3.84,1074,False,0.0048451910479142,False,P77338,0,False
4XTL,Sodium pumping rhodopsin,1,N0DKS8,0.0303260940423932,4.409414470000001,0.1622085974273538,1.0,False,1.45,1075,False,0.0303260940423932,False,N0DKS8,0,False
7VOJ,Aluminum-activated malate transporter 1,1,Q9SJE9,-0.019825666707631,10.233488049999997,0.1608937892237077,2.0,False,3.0,1076,False,0.019825666707631,False,Q9SJE9,0,False
6JOD,Type-2 angiotensin II receptor,1,P50052,0.0299439442488886,4.469281884999999,0.1602934401163639,1.0,False,3.2,1077,False,0.0299439442488886,False,P50052,0,False
4EV6,Magnesium transport protein CorA,1,Q58439,-0.0201906394205541,9.740836665000003,0.1588387271725595,5.0,False,3.2,1078,False,0.0201906394205541,False,Q58439,0,False
4GEY,Porin B,1,A5VZA8,-0.0212322596477211,8.800590204999999,0.1586953578968691,1.0,False,2.7,1079,False,0.0212322596477211,False,A5VZA8,0,False
6HD8,TMEM175,1,E4TN31,0.0107830034326247,34.1082478,0.1586349542819475,4.0,False,2.4,1080,False,0.0107830034326247,False,E4TN31,0,False
6TOD,Orexin receptor type 1,1,O43613,0.0275955279930146,5.204992899999999,0.1585468247276601,1.0,False,2.11,1081,False,0.0275955279930146,False,O43613,0,False
3FID,Putative outer membrane protein (LpxR),1,Q8ZPT3,0.0260678482545047,5.786399605000001,0.1572819127955309,1.0,False,1.9,1082,False,0.0260678482545047,False,Q8ZPT3,0,False
7X0Z,ATP-binding cassette sub-family D member 1,1,P33897,0.0175350449761519,12.76340904,0.1569785984670061,2.0,False,2.96,1083,False,0.0175350449761519,False,P33897,0,False
6WLW,V-type proton ATPase 116 kDa subunit a isoform 1,8,"O15342,O75787,P27449,P61421,Q15904,Q6P5S7,Q93050,Q99437",0.020864362185681,9.014277335000004,0.1569643886875135,1.0,True,3.0,1084,False,0.020864362185681,False,O15342,0,False
6ZBV,"Sodium- and chloride-dependent glycine transporter 1,Sodium- and chloride-dependent glycine transporter 1",1,P48067,0.0185897426077388,11.256107254999996,0.1555947600481543,1.0,False,3.4,1085,False,0.0185897426077388,False,P48067,0,False
7L1U,Orexin,1,O43612,0.0281971890211375,4.88096792,0.1552306856992285,1.0,False,3.2,1086,False,0.0281971890211375,False,O43612,0,False
4M5B,Cobalamin biosynthesis protein CbiM,1,Q8R9C0,0.0296229626171916,4.362122245,0.1531139655299003,1.0,False,1.833,1087,False,0.0296229626171916,False,Q8R9C0,0,False
5EQG,"Solute carrier family 2, facilitated glucose transporter member 1",1,P11166,-0.0214536678384497,8.297768975,0.1527652007053818,1.0,False,2.9,1088,False,0.0214536678384497,False,P11166,0,False
4QNC,chemical transport protein,1,B0SR19,-0.0334333834872822,3.390151865000001,0.1515792675528874,2.0,False,2.388,1089,False,0.0334333834872822,False,B0SR19,0,False
7WQ3,Galanin receptor type 1,1,P47211,0.0271544958637625,5.125500995,0.1511749390311992,1.0,False,2.7,1090,False,0.0271544958637625,False,P47211,0,False
1PW4,Glycerol-3-phosphate transporter,1,P08194,-0.021447326920781,8.18405921,0.1505827061340406,1.0,False,3.3,1091,False,0.021447326920781,False,P08194,0,False
4RLB,Carbapenem-associated resistance protein,1,Q5DL42,-0.0401902797473668,2.324425410000001,0.1501819240567179,1.0,False,2.7,1092,False,0.0401902797473668,False,Q5DL42,0,False
7VKT,Leukotriene B4 receptor 1,1,Q15722,0.0270829634294492,5.101480734999999,0.1496747732461359,1.0,False,2.9,1093,False,0.0270829634294492,False,Q15722,0,False
1E12,HALORHODOPSIN,1,P0DMH7,0.0137769197026745,19.599684055,0.1488035582323688,3.0,False,1.8,1094,False,0.0137769197026745,False,P0DMH7,0,False
7EZZ,Phospholipase A1,1,P0A232,0.0168113019801819,13.088288405000004,0.1479604169366313,2.0,False,2.76,1095,False,0.0168113019801819,False,P0A232,0,False
7X2U,Calcineurin B homologous protein 1,2,"P48764,Q99653",0.0120029527412129,25.669442215,0.1479287595216895,2.0,False,3.2,1096,False,0.0120029527412129,False,P48764,0,False
4AIP,FE-REGULATED PROTEIN B,1,Q51162,-0.0078959709076035,59.22824224500001,0.1477066044096594,3.0,False,2.4,1097,False,0.0078959709076035,False,Q51162,0,False
6KHI,NAD(P)H-quinone oxidoreductase subunit O,13,"Q8DJ01,Q8DJ02,Q8DJD9,Q8DJU2,Q8DKX9,Q8DKY0,Q8DKZ3,Q8DKZ4,Q8DL29,Q8DL30,Q8DL31,Q8DL32,Q8DMU4",-0.0108629848528802,31.14461902,0.1470081329514816,1.0,True,3.0,1098,False,0.0108629848528802,False,Q8DJ01,0,False
8DJM,UbiA prenyltransferase domain-containing protein 1,2,"G3IEF0,P00347",0.0146794530048304,17.037060059999998,0.1468501490226521,2.0,False,3.23,1099,False,0.0146794530048304,False,G3IEF0,0,False
7QSM,"NADH dehydrogenase [ubiquinone] iron-sulfur protein 2, mitochondrial",41,"O97725,P03887,P03892,P03910,P03920,P03924,P04394,P15690,P17694,P23709,P23934,P23935,P25708,P25712,P34942,P42026,P42028,P42029,P48305,P52505,Q02365,Q02366,Q02367,Q02368,Q02369,Q02370,Q02371,Q02372,Q02373,Q02374,Q02375,Q02376,Q02377,Q02378,Q02379,Q02380,Q02827,Q05752,Q8HXG5,Q8HXG6,Q95KV7",-0.0107239848875503,31.894064539999995,0.1467176109535831,1.0,True,2.3,1100,False,0.0107239848875503,False,O97725,0,False
6VQ6,"V-type proton ATPase subunit B, brain isoform",10,"D3ZIM6,O54715,P25286,P50408,P62815,P63081,Q5EB76,Q5FVI6,Q6PCU2,Q8R2H0",0.0199855311549781,8.993936470000003,0.1436948478376421,1.0,True,3.9,1101,False,0.0199855311549781,False,D3ZIM6,0,False
5O9H,C5a anaphylatoxin chemotactic receptor 1,1,P21730,-0.0164708571587594,13.227099984999995,0.1435347408275235,2.0,False,2.7,1102,False,0.0164708571587594,False,P21730,0,False
6WBV,Solute carrier family 40 member 1,1,Q9NP59,0.0189693386454032,9.92828521,0.1429021014795395,1.0,False,2.5,1103,False,0.0189693386454032,False,Q9NP59,0,False
7SI3,P-type Cu(+) transporter,1,A0A6I8R0A5,0.0240378059241934,6.1827956250000025,0.142900757580988,1.0,False,3.19,1104,False,0.0240378059241934,False,A0A6I8R0A5,0,False
7UZ3,Band 3 anion transport protein,2,"P02724,P02730",-0.0105397089957224,32.12662134000001,0.1427520277355068,2.0,True,2.35,1105,False,0.0105397089957224,False,P02724,0,False
6UVA,Protein ADM2,3,"O60896,Q16602,Q7Z4H4",0.0271380706544663,4.839480179999999,0.1425662231698805,1.0,True,2.3,1106,False,0.0271380706544663,False,O60896,0,False
7FIH,Lutropin-choriogonadotropic hormone receptor,2,"P0DN86,P22888",0.0278987651122117,4.570217915,0.1422875366149335,1.0,False,3.2,1107,False,0.0278987651122117,False,P0DN86,0,False
6SU3,48C12 heliorhodopsin,1,A0A2R4S913,0.0178565893425002,11.13729423,0.1420485178481113,2.0,False,1.5,1108,False,0.0178565893425002,False,A0A2R4S913,0,False
7A23,PSST,5,"P42027,Q9FMV1,Q9FX83,Q9M9B4,Q9M9R9",0.0072107808551348,68.21716867500001,0.1418790512131092,3.0,True,3.7,1109,False,0.0072107808551348,False,P42027,0,False
7YOO,Neuropeptide Y,1,P01303,0.0272966042031061,4.748419445,0.1415227670418889,1.0,False,3.11,1110,False,0.0272966042031061,False,P01303,0,False
7XA9,Chloride channel protein CLC-a,1,P92941,0.0117131900941853,25.6822619,0.140943043346521,2.0,False,2.84,1111,False,0.0117131900941853,False,P92941,0,False
1PHO,PHOSPHOPORIN,1,P02932,-0.0101413518621282,34.02471166,0.1399736047456573,3.0,False,3.0,1112,False,0.0101413518621282,False,P02932,0,False
3LLQ,Aquaporin Z 2,1,Q8UJW4,0.0114555176702554,26.64300572500001,0.1398532774732954,4.0,False,2.01,1113,False,0.0114555176702554,False,Q8UJW4,0,False
6LRY,Sarafotoxin-B,1,P13208,0.0270628247233347,4.765172304999999,0.1395998172933646,1.0,False,3.0,1114,False,0.0270628247233347,False,P13208,0,False
7F6I,Kallidin,2,"P01042,P30411",0.0267516877773258,4.871194870000001,0.1394433697150344,1.0,False,2.8,1115,False,0.0267516877773258,False,P01042,0,False
6WXU,Dual oxidase maturation factor 1,2,"A2AQ92,Q8VE49",0.01402958587474,17.607319184999998,0.1386254381874554,2.0,True,2.7,1116,False,0.01402958587474,False,A2AQ92,1,True
7P34,Peptide antibiotic transporter SbmA,1,P0AFY6,0.0131096826249217,19.99069667,0.1374270666030721,2.0,False,3.59,1117,False,0.0131096826249217,False,P0AFY6,0,False
7XA3,C-C motif chemokine 2,1,P13500,0.0262124434880164,4.988030264999999,0.1370894662633662,1.0,False,2.9,1118,False,0.0262124434880164,False,P13500,0,False
7F8W,Gastrin/cholecystokinin type B receptor,2,"P01350,P32239",0.0251677635669985,5.394528665,0.1366793004444005,1.0,False,3.1,1119,False,0.0251677635669985,False,P01350,0,False
7PMY,Solute carrier family 15 member 2,1,Q16348,-0.0199073334823546,8.600267810000002,0.1363321080186768,1.0,False,3.8,1120,False,0.0199073334823546,False,Q16348,0,False
2QTK,Probable porin,1,Q9HUR5,-0.0176887895651101,10.865733954999998,0.1359926038541275,1.0,False,2.8,1121,False,0.0176887895651101,False,Q9HUR5,0,False
7N8O,Photosystem II reaction center protein Ycf12,21,"P05429,P09190,P09191,P09192,P09193,P10549,P14835,P15819,P16033,P72575,P72701,P73048,P73070,P73528,P73676,P74787,Q54697,Q55013,Q55332,Q55354,Q55438",0.0056294473589879,105.33728123,0.1335283926123681,4.0,True,1.93,1122,False,0.0056294473589879,False,P05429,0,False
2W2E,AQUAPORIN PIP2-7 7,1,F2QVG4,-0.011308422492051,26.06353166,0.133320614241754,4.0,False,1.15,1123,False,0.011308422492051,False,F2QVG4,0,False
6E9N,D-galactonate transport,1,J7QAK3,-0.0205103527485209,7.898010749999997,0.1328996910030032,1.0,False,2.915,1124,False,0.0205103527485209,False,J7QAK3,0,False
7D6V,Succinate dehydrogenase (Membrane anchor subunit),1,A0QPJ4,0.0293311904512711,3.852890574999999,0.1325885575593645,1.0,False,2.53,1125,False,0.0293311904512711,False,A0QPJ4,0,False
5XNL,"Chlorophyll a-b binding protein, chloroplastic",24,"A0A2D0TCJ0,A0A2D0TCJ1,A0A2D0TCJ2,A0A2D0TCJ3,D5MAJ8,D5MAJ9,P06004,P06006,P06585,P13554,P13555,P14226,P16059,P27490,P60147,P62096,P69529,Q04918,Q32902,Q7Y1T5,Q8HS25,Q8VYY1,Q9XQR3,Q9XQR6",0.0056872964363087,102.406443205,0.1324948520366767,4.0,True,2.7,1126,False,0.0056872964363087,False,A0A2D0TCJ0,0,False
4XNV,"P2Y purinoceptor 1, Rubredoxin, P2Y purinoceptor 1",1,P00268,0.0253414773145626,5.121898055,0.1315693652783137,1.0,False,2.2,1127,False,0.0253414773145626,False,P00268,0,False
8EFO,Mu-type opioid receptor,1,P35372,0.0158639899689035,13.04594714,0.1313289460654682,2.0,False,2.8,1128,False,0.0158639899689035,False,P35372,0,False
6IGK,Endothelin-3,2,"P14138,P24530",0.0260265017196944,4.83164284,0.1309140955680179,1.0,False,2.0,1129,False,0.0260265017196944,False,P14138,0,False
3GIA,Uncharacterized protein MJ0609,1,Q58026,-0.0178065958274444,10.30608645,0.1307120346543669,1.0,False,2.32,1130,False,0.0178065958274444,False,Q58026,0,False
3JTY,BenF-like porin,1,Q4KH25,-0.0173163058417783,10.829310725,0.1298886795892155,1.0,False,2.58,1131,False,0.0173163058417783,False,Q4KH25,0,False
6RB9,Epsilon-toxin type B,1,Q02307,-0.0232328402019613,5.985722234999998,0.1292353018887163,7.0,False,3.2,1132,False,0.0232328402019613,False,Q02307,0,False
4CAD,"RAS AND A-FACTOR CONVERTING ENZYME 1, RCE1",1,Q6LZY8,-0.0227695875733923,6.2243064200000005,0.1290806918710391,1.0,False,2.5,1133,False,0.0227695875733923,False,Q6LZY8,0,False
7VAF,Sodium/bile acid cotransporter,1,P26435,0.0211478204532101,7.210006219999999,0.1289813326521784,1.0,False,3.11,1134,False,0.0211478204532101,False,P26435,0,False
7LO8,Quinolone resistance protein NorA,1,P0A0J7,0.0181468296584433,9.784358475,0.1288824764339356,1.0,False,3.16,1135,False,0.0181468296584433,False,P0A0J7,0,False
6M97,Chimera protein of High affinity copper uptake protein 1 and Soluble cytochrome b562,1,C0HAK2,-0.020757919029785,7.468130680000001,0.1287180723494942,3.0,False,3.03,1136,False,0.020757919029785,False,C0HAK2,0,False
5ONU,Outer membrane protein OmpU,1,P0C6Q6,-0.0096098131436074,34.816399165,0.1286097015850665,3.0,False,2.22,1137,False,0.0096098131436074,False,P0C6Q6,0,False
7D5Q,"Drug transporter, putative",1,A0A0H2WZS4,0.0163714323549369,11.964129309999995,0.128266854787194,1.0,False,3.6,1138,False,0.0163714323549369,False,A0A0H2WZS4,0,False
8B9Z,"Acyl carrier protein, mitochondrial",36,"A8DYC5,O97418,P03896,P18929,P18930,P18931,P18932,P18933,P18934,P91929,Q6IDF5,Q7JYH3,Q7JZK1,Q7K1C0,Q7PL91,Q94511,Q94519,Q9V3L7,Q9VF27,Q9VJZ4,Q9VMI3,Q9VMU0,Q9VQD7,Q9VQM2,Q9VQR2,Q9VTB4,Q9VTU2,Q9VWI0,Q9VXZ0,Q9VZU4,Q9W125,Q9W2E8,Q9W380,Q9W3N7,Q9W3X7,Q9W402",0.0108270028639892,27.341570215,0.1282035192507678,1.0,True,3.28,1139,False,0.0108270028639892,False,A8DYC5,0,False
6LR0,Bile salt export pump,1,O95342,-0.0168139362785525,11.269629605,0.1274407821412935,1.0,False,3.5,1140,False,0.0168139362785525,False,O95342,0,False
5DL8,Benzoate transport porin BenP,1,A0A0D5YI36,-0.0167853836164928,11.284826175,0.1271795861616709,1.0,False,2.2,1141,False,0.0167853836164928,False,A0A0D5YI36,0,False
7A46,Putative transport protein,1,P75783,0.0135898380761071,17.190526369999997,0.1269923998659198,7.0,False,3.0,1142,False,0.0135898380761071,False,P75783,0,False
7YR5,Embigin,1,Q6PCB8,-0.0199211289954184,7.99853698,0.1269692176844067,1.0,True,3.63,1143,False,0.0199211289954184,False,Q6PCB8,0,False
6SSS,Microsomal glutathione S-transferase 2,1,Q99735,-0.0183158856256633,9.383005335000004,0.1259092973674967,3.0,False,2.498,1144,False,0.0183158856256633,False,Q99735,0,False
6BKL,Matrix protein 2,1,Q9Q0L9,-0.0390040950882449,2.06354167,0.1255722417889382,4.0,False,1.995,1145,False,0.0390040950882449,False,Q9Q0L9,0,False
7XK8,Neuromedin-U receptor 2,1,Q9GZQ4,0.0249173440481662,4.976288215,0.1235859256182918,1.0,False,3.3,1146,False,0.0249173440481662,False,Q9GZQ4,0,False
8IBV,"Soluble cytochrome b562,Motilin receptor,Soluble cytochrome b562, motilin receptor",2,"O43193,P12872",0.0239488094453406,5.355497529999999,0.1228648547416903,1.0,False,3.19,1147,False,0.0239488094453406,False,O43193,0,False
7TJ9,Sodium channel protein type 7 subunit alpha,2,"Q01118,Q9NY72",0.0080835050550814,46.96780544,0.122760793839118,1.0,True,2.9,1148,False,0.0080835050550814,False,Q01118,1,True
1YCE,subunit c,1,Q8KRV3,0.0156004946949874,12.598453210000002,0.122646161075531,11.0,False,2.4,1149,False,0.0156004946949874,False,Q8KRV3,0,False
8DWI,Sialin,1,Q9NRA2,-0.0190237972852264,8.344093205,0.1207907163784503,1.0,False,3.4,1150,False,0.0190237972852264,False,Q9NRA2,0,False
8IA8,C3a anaphylatoxin chemotactic receptor,1,Q16581,0.0246588736511884,4.959967895000001,0.1206383329987464,1.0,False,2.86,1151,False,0.0246588736511884,False,Q16581,0,False
7DD6,Calcium-sensing Receptor,1,A0A8I3AZV5,-0.0138405632883572,15.676336999999998,0.1201191121637217,2.0,False,3.2,1152,False,0.0138405632883572,False,A0A8I3AZV5,0,False
4LDS,Glucose transporter GlcP,1,A0A0H2VG78,-0.0191049603046353,8.14797422,0.1189602633386388,1.0,False,3.2,1153,False,0.0191049603046353,False,A0A0H2VG78,0,False
3QNQ,"PTS system, cellobiose-specific IIC component",1,Q72XQ0,0.0108138284192707,25.38535584,0.1187414083729953,2.0,False,3.295,1154,False,0.0108138284192707,False,Q72XQ0,0,False
8IW1,"Guanine nucleotide-binding protein G(i) subunit alpha-1,Guanine nucleotide-binding protein G(olf) subunit alpha",1,P38405,0.0247872920572275,4.827843385,0.1186509807231194,1.0,False,3.4,1155,False,0.0247872920572275,False,P38405,0,False
7XWO,HIS-LYS-THR-ASP-SER-PHE-VAL-GLY-LEU-MET-NH2,1,P20366,0.0245312045859347,4.878590929999999,0.1174335376892032,1.0,False,2.7,1156,False,0.0245312045859347,False,P20366,0,False
7B0K,Drug/metabolite transporter (DMT) superfamily permease,1,A0A0E7XN74,0.0206505274371646,6.861064164999998,0.1170344636572744,1.0,False,3.8,1157,False,0.0206505274371646,False,A0A0E7XN74,0,False
5ZOV,PTS ascorbate-specific subunit IIBC,1,Q9CMQ1,-0.010225618824066,27.905674415,0.116716354271819,2.0,False,3.333,1158,False,0.010225618824066,False,Q9CMQ1,0,False
7U8O,ATPase H+ transporting accessory protein 1,9,"A0A287AJK1,A0A480L444,A0A480L8C4,A0A4X1U3K4,A0A4X1U843,A0A4X1VUN6,K9IWA3,Q29048,Q9TVC1",0.0184473989818396,8.560450464999997,0.1165270874436554,1.0,True,3.5,1159,False,0.0184473989818396,False,A0A287AJK1,0,False
3ZUY,Transporter,1,Q9K0A9,-0.0199143672306539,7.337521909999997,0.116397171079404,1.0,False,2.2,1160,False,0.0199143672306539,False,Q9K0A9,0,False
7CJ3,Phosphodiesterase,1,F2TZN0,-0.0134179331665264,16.146549849999996,0.1162815943493952,2.0,False,2.6,1161,False,0.0134179331665264,False,F2TZN0,0,False
3Q7K,Probable formate transporter,1,Q7CQU0,0.0088602144176582,37.03001068,0.1162792689158643,5.0,False,2.8,1162,False,0.0088602144176582,False,Q7CQU0,0,False
7YS6,5-hydroxytryptamine receptor 6,1,P50406,0.0239618003313482,5.04035943,0.1157604985504449,1.0,False,3.0,1163,False,0.0239618003313482,False,P50406,0,False
6KKL,Sugar efflux transporter,1,P31122,-0.0184587367502116,8.466806749999995,0.1153940964662827,1.0,False,2.654,1164,False,0.0184587367502116,False,P31122,0,False
7UL2,Neurotensin receptor 1,1,P30989,0.0232667126534141,5.321784815,0.1152357821500317,1.0,False,2.4,1165,False,0.0232667126534141,False,P30989,0,False
2ONK,"Molybdate/tungstate ABC transporter, ATP-binding protein",3,"O30142,O30143,O30144",-0.0162851109204807,10.849443515000004,0.11509299625792,2.0,False,3.1,1166,False,0.0162851109204807,False,O30142,0,False
7CRZ,"Solute carrier family 2, facilitated glucose transporter member 3",1,P11169,0.0187397438533593,8.180800175000002,0.1149166816526462,1.0,False,2.3,1167,False,0.0187397438533593,False,P11169,0,False
6JBJ,ATP-binding cassette sub-family D member 4,1,O14678,0.0152408537325308,12.36306972,0.1148695447894851,2.0,False,3.6,1168,False,0.0152408537325308,False,O14678,0,False
7VQX,Vasoactive intestinal polypeptide receptor 2,1,P41587,0.0251521618089525,4.537415765000001,0.1148204391372544,1.0,False,2.74,1169,False,0.0251521618089525,False,P41587,0,False
6K6I,Cyanobacterial chloride importer,1,A0A6P3CW41,0.0115442823306607,21.528312005,0.1147635170468043,3.0,False,1.9,1170,False,0.0115442823306607,False,A0A6P3CW41,0,False
5XSY,Voltage-gated sodium channel beta subunit 1,2,"A0A1L3MZ94,P02719",-0.0078866515508335,46.001828664999984,0.1144512114043658,1.0,True,4.0,1171,False,0.0078866515508335,False,A0A1L3MZ94,0,False
7ZDT,ATP-binding/permease protein CydD,2,"P23886,P29018",-0.0174989794258099,9.316311625,0.1141115066123262,2.0,False,2.71,1172,False,0.0174989794258099,False,P23886,0,False
4RNG,MtN3/saliva family,1,B5YGD6,-0.029015459795539,3.381193975,0.1138646700006006,2.0,False,2.4,1173,False,0.029015459795539,False,B5YGD6,0,False
7DH5,Beta-3 adrenergic receptor,1,O02662,0.0232060956420307,5.25391482,0.113174132543738,1.0,False,3.16,1174,False,0.0232060956420307,False,O02662,0,False
4BUM,VOLTAGE-DEPENDENT ANION CHANNEL 2,1,Q8AWD0,0.0160630381504494,10.807000235,0.1115374044369401,1.0,False,2.801,1175,False,0.0160630381504494,False,Q8AWD0,0,False
7V2E,NADH dehydrogenase [ubiquinone] 1 beta subcomplex subunit 6,1,Q29259,-0.0093649006301929,31.784862855,0.1115030328401991,1.0,True,2.8,1176,False,0.0093649006301929,False,Q29259,0,False
8GNK,Sodium- and chloride-dependent GABA transporter 1,1,P23978,0.0153968488627323,11.7288203,0.1112187519132184,1.0,False,3.1,1177,False,0.0153968488627323,False,P23978,0,False
4JTC,Potassium channel toxin alpha-KTx 1.1,2,"P13487,P15387",-0.0080974950880157,42.34470262,0.111060714983758,4.0,False,2.56,1178,False,0.0080974950880157,False,P13487,1,True
7W6Y,"Anti sigma-E protein, RseA",1,C7R5Z1,-0.0207618343975193,6.428274109999999,0.1108372709583889,1.0,False,3.1,1179,False,0.0207618343975193,False,C7R5Z1,0,False
4PXF,S-arrestin,1,P08168,0.0237377754665435,4.904077114999998,0.1105343641175908,1.0,False,2.75,1180,False,0.0237377754665435,False,P08168,0,False
6CFW,Probable membrane-bound hydrogenase subunit mbhJ,14,"I6TXN1,I6TXN5,I6U847,I6U851,I6UQL1,I6UQL5,I6UQM0,I6UZT7,I6UZU1,I6V287,Q8U0Z6,Q8U0Z7,Q8U0Z8,Q8U104",0.0136858832118421,14.642429805,0.1097030750526033,1.0,True,3.7,1181,False,0.0136858832118421,False,I6TXN1,0,False
1OSM,OMPK36,1,Q48473,-0.0087664538117887,35.68031083500001,0.1096822923017733,3.0,False,3.2,1182,False,0.0087664538117887,False,Q48473,0,False
6LEO,Sulf_transp domain-containing protein,1,G0GAP6,0.0182029032217309,8.263432985000001,0.1095221147459341,1.0,False,2.52,1183,False,0.0182029032217309,False,G0GAP6,0,False
7VSI,Sodium/glucose cotransporter 2,2,"P31639,Q13113",0.0142447186383831,13.475269995,0.1093717643068464,1.0,True,2.95,1184,False,0.0142447186383831,False,P31639,0,False
7PZF,OmpK36,1,D6QLY2,-0.0088907787878268,34.16204900499999,0.1080148612229051,3.0,False,1.499,1185,False,0.0088907787878268,False,D6QLY2,0,False
7ZD6,NADH dehydrogenase [ubiquinone] 1 beta subcomplex subunit 9,15,"A0A6P3E749,A0A6P3EI17,A0A6P7DQB1,A0A836A4Q3,A0A836ABR5,A0A836CQA7,A0A836D7R1,A0A8N7XJ18,A0A8N7XJ49,A0A8N7XJ68,A0A8N7XJ91,A0A8N7XJB4,A0A8N7XJG2,A0A8N7XJH2,A0A9J4RF63",-0.0091206495711998,32.40161780500001,0.1078147613515694,1.0,True,3.16,1186,False,0.0091206495711998,False,A0A6P3E749,0,False
5FP2,FERRIC ENTEROBACTIN RECEPTOR PIRA,1,Q9I527,-0.0135211400668001,14.624974179999995,0.1069502299752607,1.0,False,2.97,1187,False,0.0135211400668001,False,Q9I527,0,False
7AAQ,Sugar transport protein 10,1,Q9LT15,0.0180603957123396,8.152167185000001,0.1063622687248385,1.0,False,1.81,1188,False,0.0180603957123396,False,Q9LT15,0,False
5EC5,Lysenin,1,O18423,-0.0179885786340451,8.17196641,0.105774324886863,6.0,False,3.1,1189,False,0.0179885786340451,False,O18423,0,False
6I6H,ER lumen protein-retaining receptor 2,1,Q5ZKX9,0.0229744923574201,5.007558469999998,0.1057250424884423,1.0,False,2.0,1190,False,0.0229744923574201,False,Q5ZKX9,0,False
7KKA,Putative fluoride ion transporter CrcB,1,Q6J5N4,0.0230291643115261,4.97944025,0.1056323334838086,2.0,False,2.5,1191,False,0.0230291643115261,False,Q6J5N4,0,False
7XJA,Chloride channel protein 2,1,P51788,0.010189569293586,25.3820532,0.1054140248194334,2.0,False,3.5,1192,False,0.010189569293586,False,P51788,0,False
7F04,Heme exporter protein B,4,"P0ABL8,P0ABM1,P0ABM5,P33931",0.0121702682521975,17.578191549999996,0.1041440555312429,3.0,True,2.86,1193,False,0.0121702682521975,False,P0ABL8,0,False
6PJ4,Peptide aldehyde inhibitor,1,P42287,0.0226693041225127,4.995979205000001,0.1026968188440752,1.0,False,2.3,1194,False,0.0226693041225127,False,P42287,0,False
7ZW1,Peripherin-2,2,"P23942,Q03395",-0.018378277856215,7.566844035,0.1022314216715467,2.0,False,3.7,1195,False,0.018378277856215,False,P23942,1,True
2GSK,protein TONB,1,P02929,-0.0131839430188928,14.69152007,0.1021450578525123,1.0,False,2.1,1196,False,0.0131839430188928,False,P02929,0,False
6UWR,ADP-ribosyltransferase binding component,1,O32739,0.0208925334115804,5.806547125,0.1013818372123809,7.0,False,2.8,1197,False,0.0208925334115804,False,O32739,0,False
7XW0,OmpT,1,Q3L7I1,-0.0280796997721462,3.1881885750000003,0.1005515830764888,1.0,False,2.95,1198,False,0.0280796997721462,False,Q3L7I1,0,False
7F1Q,"C-C motif chemokine 3,C-C chemokine receptor type 5",1,P10147,0.0226625572904776,4.881275460000001,0.1002792639914376,1.0,False,2.9,1199,False,0.0226625572904776,False,P10147,0,False
6M49,Insulin-induced gene 2 protein,2,"Q12770,Q9Y5U4",0.0193789651888076,6.646115845,0.0998364347263315,1.0,True,3.7,1200,False,0.0193789651888076,False,Q12770,0,False
6OO3,TRPV2,1,G1SNM3,0.0075437083310526,43.71506002999999,0.099508653018823,4.0,False,2.9,1201,False,0.0075437083310526,False,G1SNM3,0,False
2MPR,MALTOPORIN,1,P26466,0.0079986304089628,38.81086052,0.0993217866389277,3.0,False,2.4,1202,False,0.0079986304089628,False,P26466,0,False
3KCU,Probable formate transporter 1,1,P0AC25,0.0081345354913201,37.333091695,0.0988142241301285,5.0,False,2.243,1203,False,0.0081345354913201,False,P0AC25,0,False
4OD5,4-hydroxybenzoate octaprenyltransferase,1,Q9YBM8,-0.0197962700756156,6.300013935000002,0.0987570802852648,1.0,False,3.557,1204,False,0.0197962700756156,False,Q9YBM8,0,False
7MBX,Guanine nucleotide-binding protein G(s) subunit alpha isoforms short,4,"P06307,P32238,P59768,P63092",0.0220647897973379,5.06951778,0.0987247927690468,1.0,False,1.95,1205,False,0.0220647897973379,False,P06307,0,False
6X58,"gp41 MPER peptide,Putative fluoride ion transporter CrcB",1,Q73372,0.0220499482077105,5.038197794999999,0.097982914239675,2.0,False,3.26,1206,False,0.0220499482077105,False,Q73372,1,True
8G59,Guanine nucleotide-binding protein G(q) subunit alpha,2,"P50148,Q5NUL3",0.0226594347351974,4.718258860000001,0.0969035971674224,1.0,False,2.64,1207,False,0.0226594347351974,False,P50148,0,False
2HDI,Colicin-Ia,2,"P06716,P17315",-0.012826554246608,14.604067235000002,0.0961067341436785,1.0,False,2.5,1208,False,0.012826554246608,False,P06716,0,False
7TCH,Bacitracin export permease protein BceB,1,O34741,-0.0162778553752255,9.055959560000002,0.0959817882182464,1.0,False,3.7,1209,False,0.0162778553752255,False,O34741,0,False
7ZBC,Rhodopsin,1,P02699,0.0218350174423727,4.999437805,0.0953428758786125,1.0,False,1.8,1210,False,0.0218350174423727,False,P02699,0,False
7QIA,Divalent metal cation transporter,1,C8WJ67,-0.0162721090158292,8.998138639999999,0.0953016373062077,1.0,False,3.5,1211,False,0.0162721090158292,False,C8WJ67,0,False
7KJR,Apolipoprotein A-I,2,"P02647,P0DTC3",-0.0246750452231322,3.90733856,0.0951605512516578,2.0,False,2.08,1212,False,0.0246750452231322,False,P02647,0,False
3DH4,Sodium/glucose cotransporter,1,P96169,-0.0083178669927208,34.34688051999999,0.0950541830505648,2.0,False,2.7,1213,False,0.0083178669927208,False,P96169,0,False
7S9Y,Cytochrome c biogenesis protein,1,Q7VHG9,0.013177112213753,13.683809704999998,0.0950402359811114,1.0,False,3.56,1214,False,0.013177112213753,False,Q7VHG9,0,False
7QRU,Na(+)/H(+) antiporter subunit C,3,"Q9RGY9,Q9RGZ0,Q9RGZ3",-0.0075437797288719,41.34200384500001,0.094108643233173,1.0,True,2.24,1215,False,0.0075437797288719,False,Q9RGY9,0,False
7Y64,C5a anaphylatoxin,1,P01031,0.0209118262608485,5.37980245,0.0941044679917723,1.0,False,2.9,1216,False,0.0209118262608485,False,P01031,0,False
3WAJ,Transmembrane oligosaccharyl transferase,1,O29867,0.0143141645119808,11.434852360000002,0.0937179027865083,1.0,False,2.501,1217,False,0.0143141645119808,False,O29867,0,False
4AUI,PORIN (PORB),1,Q51056,-0.0083285641700592,33.63782654000001,0.0933314881345028,3.0,False,3.2,1218,False,0.0083285641700592,False,Q51056,0,False
5W3S,Mucolipin-3 isoform 1,1,F6RG56,0.0072976130701974,43.76380504999998,0.0932259315179947,4.0,False,2.94,1219,False,0.0072976130701974,False,F6RG56,0,False
6YMX,"Cytochrome c oxidase subunit 5A, mitochondrial",1,P00424,0.0148044091874686,10.627217240000002,0.0931669139875127,1.0,True,3.17,1220,False,0.0148044091874686,False,P00424,0,False
7P5C,Protein tweety homolog 3,1,Q9C0H2,0.0165450236963815,8.491883894999999,0.0929819877066511,2.0,False,3.2,1221,False,0.0165450236963815,False,Q9C0H2,0,False
8DWW,Capsid protein,1,Q5XXP3,0.0066541503726745,52.235284995,0.0925143670375341,8.0,False,3.13,1222,False,0.0066541503726745,False,Q5XXP3,1,True
6U0O,LYZ2 domain-containing protein,2,"Q2FXF4,Q2YYX7",0.0180839555682315,6.989717590000001,0.0914337396831907,2.0,False,2.6,1223,False,0.0180839555682315,False,Q2FXF4,0,False
2X55,COAGULASE/FIBRINOLYSIN,1,P17811,-0.0269862432454924,3.12673219,0.0910826247653078,1.0,False,1.85,1224,False,0.0269862432454924,False,P17811,0,False
2POR,PORIN,1,P31243,-0.0079599761534129,35.550216674999994,0.0901002045077435,3.0,False,1.8,1225,False,0.0079599761534129,False,P31243,0,False
7TXT,Sodium-dependent serotonin transporter,1,P31645,-0.0143830281043314,10.866663615,0.0899201189728135,1.0,False,3.0,1226,False,0.0143830281043314,False,P31645,0,False
8GUR,Cannabinoid receptor 2,1,P34972,0.0217019783291018,4.7413241,0.089321968465663,1.0,False,2.84,1227,False,0.0217019783291018,False,P34972,0,False
7R41,"NADH dehydrogenase [ubiquinone] 1 alpha subcomplex subunit 9, mitochondrial",3,"P03898,P03902,P34943",-0.008508863053707,30.583298595,0.0885701508010558,1.0,True,2.3,1228,False,0.008508863053707,False,P03898,0,False
8IW7,Trace amine-associated receptor 9,1,Q5QD04,0.0208103665190036,5.08884105,0.088153251485953,1.0,False,2.97,1229,False,0.0208103665190036,False,Q5QD04,0,False
2H8A,Microsomal glutathione S-transferase 1,1,P08011,-0.0153193785377853,9.365311265,0.0879153081490971,3.0,False,3.2,1230,False,0.0153193785377853,False,P08011,0,False
7DEG,Cytochrome oxidase subunit IIa,2,"G0LWX8,O67937",0.0082954177256529,31.749318165000005,0.08739184636818,2.0,True,3.4,1231,False,0.0082954177256529,False,G0LWX8,0,False
3GD8,Aquaporin-4,1,P55087,0.0090308654268866,26.651533445000005,0.0869442638603468,4.0,False,1.8,1232,False,0.0090308654268866,False,P55087,0,False
6MHU,Lipopolysaccharide export system permease protein LptG,3,"P0A9V1,P0ADC6,P0AF98",0.0133418857869882,12.200990525,0.0868739399526942,2.0,False,4.0,1233,False,0.0133418857869882,False,P0A9V1,0,False
1J4N,AQUAPORIN 1,1,P47865,-0.0092189329522945,25.54250372,0.0868329927529257,4.0,False,2.2,1234,False,0.0092189329522945,False,P47865,0,False
8DZS,Guanine nucleotide-binding protein G(z) subunit alpha,1,P19086,0.0205093131476343,5.088281949999999,0.0856117534231768,1.0,False,2.65,1235,False,0.0205093131476343,False,P19086,0,False
6OS0,Angiotensinogen,1,P01019,0.0204705218836816,5.076881610000002,0.0850971190013677,1.0,False,2.9,1236,False,0.0204705218836816,False,P01019,0,False
7S8B,Transient receptor potential cation channel subfamily V member 6,1,Q9H1D0,0.0072030168101581,40.828569915,0.0847330845368201,4.0,False,2.43,1237,False,0.0072030168101581,False,Q9H1D0,0,False
6TZK,Cellulose synthase operon protein C,1,P37650,-0.0160776833189302,8.184290299999999,0.0846229102878233,1.0,False,1.852,1238,False,0.0160776833189302,False,P37650,0,False
8ET9,OCT2,1,O15244,0.0155247087214712,8.745319695,0.0843106820659391,1.0,False,3.61,1239,False,0.0155247087214712,False,O15244,0,False
7S8L,Cortistatin 14,2,"O00230,Q96LB1",0.01997229734993,5.2690377050000015,0.0840712189337462,1.0,False,2.45,1240,False,0.01997229734993,False,O00230,0,False
6OUG,Matrix protein 2,1,Q3YPZ4,-0.0300692764375797,2.307349575,0.0834486555407093,4.0,False,3.01,1241,False,0.0300692764375797,False,Q3YPZ4,0,False
6X89,NADH dehydrogenase [ubiquinone] 1 alpha subcomplex subunit 13-A,12,"A0A1S3TCK0,A0A1S3TGE7,A0A1S3TQ85,A0A1S3TU57,A0A1S3TVC7,A0A1S3U023,A0A1S3UIW7,A0A1S3UYW0,A0A1S3V7V2,A0A1S3VI15,A0A1S3VNK7,A0A1S3W1K8",0.0125736538715351,13.155599805,0.0831943143479969,1.0,True,3.9,1242,False,0.0125736538715351,False,A0A1S3TCK0,0,False
7RI4,EspPbeta9-12,1,O32591,0.0139558307918326,10.652584995,0.0829901194605325,1.0,True,3.4,1243,False,0.0139558307918326,False,O32591,0,False
8HPK,Oxalate:formate antiporter,1,Q51330,0.0162342928612303,7.860190935000002,0.0828628448770647,1.0,False,3.0,1244,False,0.0162342928612303,False,Q51330,0,False
7U4T,V-type proton ATPase catalytic subunit A,9,"O75348,P21281,P21283,P36543,P38606,Q16864,Q6P9B6,Q9UI12,Q9Y5K8",0.0153910865068122,8.720893114999999,0.0826341403397297,1.0,True,3.6,1245,False,0.0153910865068122,False,O75348,1,True
7QA8,HIS-ALA-LEU-GLN-LEU-LYS-PRO-GLY-GLN-PRO-NLE-TYR,2,"D6VTK4,P01149",0.0129824376371918,12.126010985,0.0817505040023097,2.0,False,2.7,1246,False,0.0129824376371918,False,D6VTK4,0,False
7OBW,Ferric enterobactin receptor,1,Q05098,-0.0117597239426211,14.679263495,0.0812004640680718,1.0,False,2.66,1247,False,0.0117597239426211,False,Q05098,0,False
6C9A,Two pore calcium channel protein 1,1,Q9EQJ0,0.006513783479536,47.475302355,0.0805738966888561,2.0,False,3.2,1248,False,0.006513783479536,False,Q9EQJ0,0,False
4KPP,Putative uncharacterized protein,1,O29988,0.0139014431569703,10.38825446,0.080301257606688,1.0,False,2.3,1249,False,0.0139014431569703,False,O29988,0,False
7D77,Adhesion G protein-coupled receptor G3; GPR97,1,Q86Y34,-0.0187373956135823,5.64538777,0.0792815664176647,1.0,False,2.9,1250,False,0.0187373956135823,False,Q86Y34,0,False
3ZK1,ATP SYNTHASE SUBUNIT C,1,Q8RGD7,0.0124818260232767,12.541705285,0.0781578910690441,11.0,False,2.2,1251,False,0.0124818260232767,False,Q8RGD7,0,False
8IF8,Galactan 5-O-arabinofuranosyltransferase,1,P9WN03,0.0080226329426704,30.304608955,0.0780193846517128,2.0,False,3.1,1252,False,0.0080226329426704,False,P9WN03,0,False
4PGR,Uncharacterized protein YetJ,1,O31539,0.0198183115338984,4.89547312,0.076910912436306,1.0,False,1.95,1253,False,0.0198183115338984,False,O31539,0,False
2GUF,Vitamin B12 transporter btuB,1,P06129,-0.0115697771076932,14.305923495,0.076599489308587,1.0,False,1.95,1254,False,0.0115697771076932,False,P06129,0,False
8B4O,Cytochrome BD ubiquinol oxidase subunit I,1,Q9KWL8,0.0161602925337046,7.275944884999999,0.0760059913992556,1.0,True,2.0,1255,False,0.0161602925337046,False,Q9KWL8,0,False
4K3C,Outer membrane protein assembly factor BamA,1,Q93PM2,-0.0140669485036637,9.59496342,0.0759456860939623,1.0,False,2.913,1256,False,0.0140669485036637,False,Q93PM2,0,False
4NEF,Aquaporin-2,1,P41181,-0.0084475912205807,26.605736125000004,0.0759453260731655,4.0,False,2.75,1257,False,0.0084475912205807,False,P41181,0,False
7VFS,Voltage-dependent L-type calcium channel subunit beta-1,3,"P54289,Q00975,Q02641",-0.0065686554593101,43.97964929,0.0759040097215993,1.0,False,2.8,1258,False,0.0065686554593101,False,P54289,0,False
3TDS,formate/nitrite transporter,1,Q186B7,0.007225146988814,36.06606482499999,0.0753099091934684,5.0,False,1.975,1259,False,0.007225146988814,False,Q186B7,0,False
4A01,PROTON PYROPHOSPHATASE,1,P21616,0.0078511850295951,30.51380594500001,0.0752361903190754,2.0,False,2.35,1260,False,0.0078511850295951,False,P21616,0,False
1I78,PROTEASE VII,1,P09169,-0.0241200316825279,3.2303548599999994,0.0751737079051441,1.0,False,2.6,1261,False,0.0241200316825279,False,P09169,0,False
5FR8,TONB-DEPENDENT SIDEROPHORE RECEPTOR,1,D0C8V9,-0.0113285348942969,14.48368812,0.0743509717903704,1.0,False,2.83,1262,False,0.0113285348942969,False,D0C8V9,0,False
5H36,Uncharacterized protein TRIC,1,Q3HKN0,0.0095670800293403,19.832159664999995,0.0726087257731485,3.0,False,3.409,1263,False,0.0095670800293403,False,Q3HKN0,0,False
7PMX,Solute carrier family 15 member 1,1,P46059,0.013996550888298,9.18279516,0.071957645239485,1.0,False,3.5,1264,False,0.013996550888298,False,P46059,0,False
1A0S,SUCROSE-SPECIFIC PORIN,1,P22340,0.0068290985014288,38.53543124500001,0.0718864386596805,3.0,False,2.4,1265,False,0.0068290985014288,False,P22340,0,False
8FU6,Glucagon receptor,1,P47871,0.0188765621624801,5.01644422,0.0714992990187384,1.0,False,2.9,1266,False,0.0188765621624801,False,P47871,0,False
7PIU,Melanocortin receptor 4,1,P32245,0.0191778251765319,4.806126374999999,0.0707056124004378,1.0,False,2.58,1267,False,0.0191778251765319,False,P32245,0,False
6KI1,Low affinity sulfate transporter,1,Q55415,0.0130209658867088,10.379175514999996,0.0703897219384026,1.0,False,2.809,1268,False,0.0130209658867088,False,Q55415,0,False
7XK2,Hydroxycarboxylic acid receptor 2,1,Q8TDS4,0.0179395630057266,5.461199855000001,0.0703026637842754,1.0,False,3.1,1269,False,0.0179395630057266,False,Q8TDS4,0,False
2X9K,OUTER MEMBRANE PROTEIN G,1,P76045,-0.0167632118383049,6.17191286,0.0693736018660543,1.0,False,2.18,1270,False,0.0167632118383049,False,P76045,0,False
7VAE,"Solute carrier family 10 (Sodium/bile acid cotransporter family), member 1",1,Q2KJ85,0.0151932597389113,7.496250809999999,0.0692159246560414,1.0,False,3.55,1271,False,0.0151932597389113,False,Q2KJ85,0,False
7VL9,C-C chemokine receptor type 1,2,"P32246,Q16663",0.0189658167592029,4.799084335,0.0690496487571887,1.0,False,2.6,1272,False,0.0189658167592029,False,P32246,0,False
5IVA,LPS-assembly lipoprotein LptE,2,"Q9HX32,Q9I5U2",-0.0093982995218258,19.540563035,0.0690391805687476,1.0,True,2.988,1273,False,0.0093982995218258,False,Q9HX32,0,False
7RF1,Photosystem II 12 kDa extrinsic protein,20,"P0A386,P0A431,P0A444,P59087,Q8CM25,Q8DHA7,Q8DHJ2,Q8DIF8,Q8DIN8,Q8DIN9,Q8DIP0,Q8DIQ0,Q8DIQ1,Q8DJ43,Q8DJI1,Q8DJZ6,Q8DKM3,Q9F1K9,Q9F1L5,Q9F1R6",0.0040144125924964,106.77223785000002,0.0688275561065237,4.0,True,1.89,1274,False,0.0040144125924964,False,P0A386,0,False
5JJE,Sensory rhodopsin II transducer,2,"P42196,P42259",-0.0095866920949631,18.61962027,0.0684491987746956,2.0,True,1.9,1275,False,0.0095866920949631,False,P42196,0,False
7XUF,Potassium channel KAT3,1,P92960,-0.0057160685771697,51.94254423999999,0.0678856640630941,4.0,False,3.3,1276,False,0.0057160685771697,False,P92960,0,False
5FVN,OMPC PORIN,1,Q93K99,-0.0070512574706899,34.130249175,0.0678785561759507,3.0,False,1.45,1277,False,0.0070512574706899,False,Q93K99,0,False
7DE8,Outer membrane protein,1,M4GGR4,-0.0069673291357372,34.45310390499999,0.0668992115419417,3.0,False,2.76,1278,False,0.0069673291357372,False,M4GGR4,0,False
8OPQ,Solute carrier family 26 member 6,1,Q9BXS9,0.0074925867969092,29.697589114999992,0.0666875482350294,2.0,False,3.28,1279,False,0.0074925867969092,False,Q9BXS9,0,False
7MIX,Omega-conotoxin MVIIA,1,P05484,-0.0060505714329831,44.72815068499999,0.0654988566261599,1.0,False,3.0,1280,False,0.0060505714329831,False,P05484,0,False
7KYC,Alkylphosphocholine resistance protein LEM3,2,"P32660,P42838",-0.0138719399181842,8.509382590000001,0.065498663752738,1.0,True,2.8,1281,False,0.0138719399181842,False,P32660,1,True
4Y25,"Poly-beta-1,6-N-acetyl-D-glucosamine export protein",1,P69434,-0.0145386111811661,7.687474464999997,0.0649964327416577,1.0,False,2.821,1282,False,0.0145386111811661,False,P69434,0,False
3EFM,Ferric alcaligin siderophore receptor,1,Q9X6A5,-0.01070309180022,14.170591825,0.0649331513590843,1.0,False,2.33,1283,False,0.01070309180022,False,Q9X6A5,0,False
6SP2,Membrane protein TMS1d,1,Q9U6P4,0.0040740856378118,97.640740395,0.0648263190998618,6.0,False,3.33,1284,False,0.0040740856378118,False,Q9U6P4,0,False
3W5A,Sarcolipin,1,P42532,-0.0133127895457137,9.101556260000002,0.0645228856989447,1.0,True,3.01,1285,False,0.0133127895457137,False,P42532,0,False
6S4M,Major facilitator superfamily domain-containing protein 10,1,Q14728,-0.0132159295810145,9.138868115,0.0638480787014422,1.0,False,2.4,1286,False,0.0132159295810145,False,Q14728,0,False
7EJX,Probable G-protein coupled receptor 88,2,"P63096,Q9GZN0",-0.0179381810980763,4.947756945000001,0.0636832408785851,1.0,False,2.4,1287,False,0.0179381810980763,False,P63096,0,False
6ENE,Outer membrane protein (Porin),1,A0A0M7H8A9,-0.0067028385012626,35.40845305999999,0.0636333014452514,3.0,False,2.3,1288,False,0.0067028385012626,False,A0A0M7H8A9,0,False
5WUF,Putative membrane protein,1,Q47UY7,-0.0088147294764751,20.288060115,0.0630548491610268,3.0,False,2.401,1289,False,0.0088147294764751,False,Q47UY7,0,False
6BQO,Fluoride ion transporter CrcB,1,Q7VYU0,0.0174557279430035,5.16710972,0.0629772371680652,2.0,False,2.8,1290,False,0.0174557279430035,False,Q7VYU0,0,False
3FHH,Outer membrane heme receptor ShuA,1,P72412,-0.0102639791314072,14.721923359999996,0.0620377537514399,1.0,False,2.6,1291,False,0.0102639791314072,False,P72412,0,False
8FFK,Efflux pump membrane transporter,1,W9B4M6,-0.0057231452510124,47.33844184,0.0620216744026318,3.0,False,2.82,1292,False,0.0057231452510124,False,W9B4M6,0,False
3A2S,Outer membrane protein II,1,Q5RT80,-0.0066620957860404,34.47690999,0.0612082653250128,3.0,False,2.2,1293,False,0.0066620957860404,False,Q5RT80,0,False
7RTT,Protein tweety homolog 2,1,Q3TH73,0.012933423262723,8.977572610000003,0.0600683771607958,2.0,False,3.5,1294,False,0.012933423262723,False,Q3TH73,0,False
5FL7,"ATP SYNTHASE SUBUNIT GAMMA CHAIN, MITOCHONDRIAL",5,"Q37695,Q6C326,Q6C338,Q6C877,Q6CFT7",-0.0107415839095799,12.891206290000005,0.0594963331395144,10.0,False,3.5,1295,False,0.0107415839095799,False,Q37695,0,False
3DZM,Hypothetical conserved protein,1,Q72JD8,-0.0255930456184077,2.26888615,0.0594451787020472,1.0,False,2.801,1296,False,0.0255930456184077,False,Q72JD8,0,False
5SVK,P2X purinoceptor 3,1,P56373,0.0159924822474441,5.775537130000001,0.0590859368722031,3.0,False,2.773,1297,False,0.0159924822474441,False,P56373,0,False
7XBW,CX3C chemokine receptor 1,1,P49238,0.0168992840638874,5.018043304999999,0.0573232768434655,1.0,False,2.8,1298,False,0.0168992840638874,False,P49238,0,False
5EZM,4-amino-4-deoxy-L-arabinose transferase or related glycosyltransferases of PMT family,1,Q1LDT6,0.0111705331850195,11.46671231,0.0572330267542764,1.0,False,2.7,1299,False,0.0111705331850195,False,Q1LDT6,0,False
5GUF,CDP-archaeol synthase,1,Q9YF05,-0.0222628570861278,2.859093224999999,0.0566826445948776,1.0,False,2.397,1300,False,0.0222628570861278,False,Q9YF05,0,False
5OR1,Outer membrane protein assembly factor BamA,1,Q8ZRP0,-0.0124898669671407,9.062236465000003,0.0565471871861927,1.0,False,2.92,1301,False,0.0124898669671407,False,Q8ZRP0,0,False
8F6P,"Sodium channel protein type 5 subunit alpha,Green fluorescent protein",1,P15389,0.0055581947436098,45.72757530000002,0.0565074465938233,1.0,False,3.2,1302,False,0.0055581947436098,False,P15389,0,False
6NSK,Acid-activated urea channel,1,P56874,0.0059320815673951,40.10874041,0.0564564079808302,6.0,False,2.7,1303,False,0.0059320815673951,False,P56874,0,False
7T4X,Potassium channel AKT1,1,Q38998,-0.0054862401205207,46.750698975,0.0562856548674269,4.0,False,2.8,1304,False,0.0054862401205207,False,Q38998,0,False
4FRT,Probable porin,1,Q9I4U9,-0.0114267505468465,10.761761709999998,0.0562067994202087,1.0,False,3.166,1305,False,0.0114267505468465,False,Q9I4U9,0,False
4MEE,Diffuse adherence adhesin,1,Q03155,-0.0170213840988611,4.711970395000001,0.0546074992411632,1.0,False,3.0,1306,False,0.0170213840988611,False,Q03155,0,False
5T4Y,SusD homolog,2,"Q8A6W3,Q8A6W4",0.0061567129957894,35.84819226499999,0.0543531938884403,2.0,False,3.1,1307,False,0.0061567129957894,False,Q8A6W3,0,False
4DJI,Probable glutamate/gamma-aminobutyrate antiporter,1,P63235,-0.0112350072112691,10.711869555000003,0.0540843952189044,1.0,False,3.187,1308,False,0.0112350072112691,False,P63235,0,False
6LGY,"Transporter, sodium/bile acid symporter family",1,A0A380PV03,-0.013860266831771,6.999211224999998,0.0537838978935583,1.0,False,2.247,1309,False,0.013860266831771,False,A0A380PV03,0,False
6UUS,ADM,1,P35318,0.0172316480625485,4.5013264500000005,0.0534630995870304,1.0,True,2.4,1310,False,0.0172316480625485,False,P35318,0,False
2UUH,LEUKOTRIENE C4 SYNTHASE,1,Q16873,0.0120744242841287,9.11204785,0.0531384458045253,3.0,False,2.15,1311,False,0.0120744242841287,False,Q16873,0,False
5I6C,Uric acid-xanthine permease,1,Q07307,0.0071444152940736,25.878335355,0.0528359731574593,2.0,False,3.7,1312,False,0.0071444152940736,False,Q07307,0,False
7RPI,Protein dispatched homolog 1,1,Q3TDN0,-0.0114182572419892,10.022210750000005,0.0522664698590513,1.0,False,2.5,1313,False,0.0114182572419892,False,Q3TDN0,0,False
5UIW,C-C motif chemokine 5,1,P13501,0.0164799265854212,4.804350805,0.0521921572637858,1.0,False,2.204,1314,False,0.0164799265854212,False,P13501,0,False
8E3Y,Pituitary adenylate cyclase-activating polypeptide,2,"P18509,P32241",0.0167439988610331,4.573325775000002,0.0512873785789147,1.0,False,2.3,1315,False,0.0167439988610331,False,P18509,0,False
7ZN3,xenorhodopsin,1,A0AA82WPB4,0.0079103594588421,20.257595795,0.0507037791884216,3.0,False,1.6,1316,False,0.0079103594588421,False,A0AA82WPB4,0,False
4B7O,IRON-REGULATED OUTER MEMBRANE PROTEIN,1,Q841A2,-0.0092689887548785,14.618636895000003,0.050237912003824,1.0,False,2.32,1317,False,0.0092689887548785,False,Q841A2,0,False
7YIE,Potassium voltage-gated channel subfamily H member 5,1,Q8NCM2,0.0051906120409203,46.436717425,0.0500447637353691,4.0,False,3.4,1318,False,0.0051906120409203,False,Q8NCM2,0,False
7CX3,Prostaglandin E2 receptor EP2 subtype,1,P43116,0.015545899100959,5.139651279999999,0.0496850045770947,1.0,False,2.8,1319,False,0.015545899100959,False,P43116,0,False
7KXR,Lethal factor,1,P15917,-0.014189853563222,6.165810839999999,0.0496599199947413,7.0,True,3.3,1320,False,0.014189853563222,False,P15917,0,False
7NST,Tol-Pal system protein TolB,1,P0A855,-0.006032024942683,33.93130752500001,0.0493840659555762,4.0,False,3.7,1321,False,0.006032024942683,False,P0A855,0,False
7OUI,Photosystem II reaction center protein K,23,"A0A7G2E9B1,P04778,P23321,P56761,P56777,P56778,P56779,P56780,P56782,P56790,P60129,P61839,P62095,P62100,P62109,P83755,Q07473,Q39142,Q39194,Q39195,Q9LMQ2,Q9S7M0,Q9XF89",0.0034153110149488,105.051280825,0.0490141934793553,4.0,True,2.79,1322,False,0.0034153110149488,False,A0A7G2E9B1,0,False
6AGF,Sodium channel protein type 4 subunit alpha,1,P35499,0.0050595490238176,47.115730015,0.04824469136421,1.0,True,3.2,1323,False,0.0050595490238176,False,P35499,0,False
5O77,OmpK35,1,A0A1P8FCM7,-0.0058993406835495,34.190208155,0.0475958065268446,3.0,False,1.5,1324,False,0.0058993406835495,False,A0A1P8FCM7,0,False
5H35,Membrane protein TRIC,1,Q981D4,0.0077047256502696,19.86536715,0.0471705505731116,3.0,False,2.642,1325,False,0.0077047256502696,False,Q981D4,0,False
6SGR,Multidrug efflux pump accessory protein AcrZ,1,P0AAW9,-0.0049771678484885,47.50771966999999,0.0470748289331552,3.0,True,3.17,1326,False,0.0049771678484885,False,P0AAW9,0,False
6IWW,Probable oxaloacetate decarboxylase gamma chain,2,"Q03032,Q8ZRY4",0.0056696515612609,35.59436522499999,0.0457671619462171,3.0,True,3.9,1327,False,0.0056696515612609,False,Q03032,0,False
4RL8,Protein involved in meta-pathway of phenol degradation-like protein,1,A5W3Z9,0.015368904155775,4.825544484999998,0.0455923648495334,1.0,False,2.3,1328,False,0.015368904155775,False,A5W3Z9,0,False
6WIM,Outer membrane transporter CdiB,1,Q3YL97,-0.011271607380637,8.945735820000001,0.0454619191788079,1.0,False,2.6,1329,False,0.011271607380637,False,Q3YL97,0,False
4FQE,Oligogalacturonate-specific porin kdgM,1,Q934G3,-0.0154500871678552,4.759028365,0.045440191468492,1.0,False,1.93,1330,False,0.0154500871678552,False,Q934G3,0,False
4P02,Cellulose Synthase subunit A,2,"Q3J125,Q3J126",-0.0111904945526909,9.001144125000001,0.0450875116215285,2.0,False,2.65,1331,False,0.0111904945526909,False,Q3J125,0,False
6DU8,Polycystic kidney disease 2-like 1 protein,1,Q9P0L9,0.0046522749739413,51.35962078999998,0.0444644118029557,4.0,False,3.11,1332,False,0.0046522749739413,False,Q9P0L9,0,False
5HK1,Sigma non-opioid intracellular receptor 1,1,Q99720,0.0067863075879426,23.67474601,0.0436126423423039,3.0,False,2.5051,1333,False,0.0067863075879426,False,Q99720,0,False
7QHA,"Putative TRAP-type C4-dicarboxylate transport system, small permease component",2,"Q6LPW0,Q6LPW1",0.0093889268074066,11.814741879999996,0.0416596998095023,1.0,True,2.97,1334,False,0.0093889268074066,False,Q6LPW0,0,False
7P54,Protein tweety homolog 2,1,Q9BSA4,0.0116007924809334,7.7382312450000015,0.0416559469153485,2.0,False,3.3,1335,False,0.0116007924809334,False,Q9BSA4,0,False
7W7C,Putative ABC transport system integral membrane protein,1,Q6NEF1,0.0130821843830168,6.076339794999999,0.0415970541110015,2.0,False,2.8,1336,False,0.0130821843830168,False,Q6NEF1,0,False
7WZ7,Adhesion G-protein coupled receptor F1,1,Q5T601,0.0155340140337093,4.308819779999999,0.0415896923132783,1.0,False,2.83,1337,False,0.0155340140337093,False,Q5T601,0,False
7CKO,Basigin,2,"P35613,P53985",-0.0111754432946297,8.259461915,0.0412611439786279,1.0,True,2.95,1338,False,0.0111754432946297,False,P35613,2,True
7F1S,C-C chemokine receptor type 5,1,P51681,0.0139919522489135,5.247003094999999,0.0410892240941168,1.0,False,2.8,1339,False,0.0139919522489135,False,P51681,1,True
6R4L,NPC intracellular cholesterol transporter 1-related protein 1,1,Q12200,-0.0092038124223867,12.040759105,0.0407989867084152,1.0,False,3.5,1340,False,0.0092038124223867,False,Q12200,0,False
4RDR,ZnuD,1,Q9JZN9,-0.0084209541173019,14.371069625,0.0407635207375844,1.0,False,2.472,1341,False,0.0084209541173019,False,Q9JZN9,0,False
7UWB,"V-type proton ATPase subunit c""",4,"A0A067F7P5,P0DH92,Q84V02,V4UBK8",-0.0105823544514585,9.098736274999998,0.0407573253762897,1.0,True,3.9,1342,False,0.0105823544514585,False,A0A067F7P5,0,False
3AEH,Hemoglobin-binding protease hbp autotransporter,1,O88093,0.0149125806188702,4.56031412,0.0405658292980997,1.0,False,2.0,1343,False,0.0149125806188702,False,O88093,0,False
7BC6,Proton-coupled folate transporter,1,F1NJ67,0.0106473551402849,8.908466699999998,0.0403967505426369,1.0,False,3.2,1344,False,0.0106473551402849,False,F1NJ67,0,False
7JZ3,Outer membrane protein C,1,C6K7N1,-0.0053551841215119,35.03868992499999,0.0401935777474954,3.0,False,2.56,1345,False,0.0053551841215119,False,C6K7N1,0,False
6Y11,NADH-quinone oxidoreductase subunit 14,7,"Q56217,Q56225,Q56226,Q56227,Q56228,Q56229,Q60019",-0.0058103497722391,29.738263399999987,0.0401587465442977,1.0,True,3.109,1346,False,0.0058103497722391,False,Q56217,0,False
4EZC,Urea transporter 1,1,Q5QF96,-0.0057031668001902,30.730570185,0.0399818381542697,3.0,False,2.36,1347,False,0.0057031668001902,False,Q5QF96,0,False
7EW3,Sphingosine 1-phosphate receptor 3,1,Q99500,-0.0144890193450477,4.740500690000001,0.0398072512555352,1.0,False,3.1,1348,False,0.0144890193450477,False,Q99500,0,False
7D5I,Integral membrane cytochrome D ubiquinol oxidase (Subunit II) CydB,2,"A0QXA7,A0QXA8",0.0112945055401667,7.750396545000001,0.0395474385971105,1.0,True,2.79,1349,False,0.0112945055401667,False,A0QXA7,0,False
7JSK,Solute carrier family 13 member 5,1,Q86YT5,0.0059543631760021,27.77813331499999,0.0393943273613028,2.0,False,3.04,1350,False,0.0059543631760021,False,Q86YT5,0,False
8DWG,Proenkephalin-A,2,"P01210,Q96LB2",0.0135227603678793,5.357073945,0.0391848633566263,1.0,False,2.71,1351,False,0.0135227603678793,False,P01210,0,False
7EJ1,Voltage-gated potassium channel subunit beta-2,1,Q13303,0.0046323205245981,45.21638854,0.0388108422138147,4.0,False,3.2,1352,False,0.0046323205245981,False,Q13303,0,False
1XIO,ANABAENA SENSORY RHODOPSIN,1,A0ACD6B968,0.0150233764301443,4.280668680000002,0.0386461917909805,1.0,False,2.0,1353,False,0.0150233764301443,False,A0ACD6B968,0,False
4OGQ,Cytochrome b6-f complex subunit 5,8,"P0A384,P0A3Y1,P58246,P61048,Q8YVQ2,Q93SW9,Q93SX0,Q93SX1",-0.0175948004102447,3.1158515600000003,0.0385838393196079,2.0,True,2.501,1354,False,0.0175948004102447,False,P0A384,0,False
5XAS,Citrate-sodium symporter,1,P31602,0.0061258368761397,25.662016975,0.0385195881475715,2.0,False,3.47,1355,False,0.0061258368761397,False,P31602,0,False
7YON,Peptide YY(3-36),1,P10082,0.0137416405400582,5.073409845,0.0383210240711191,1.0,False,2.95,1356,False,0.0137416405400582,False,P10082,0,False
3PRN,PORIN,1,P39767,0.0051583376190721,35.782823095,0.0380850140623754,3.0,False,1.9,1357,False,0.0051583376190721,False,P39767,0,False
1FEP,FERRIC ENTEROBACTIN RECEPTOR,1,P05825,-0.0079912644545997,14.841299374999997,0.0379107977209623,1.0,False,2.4,1358,False,0.0079912644545997,False,P05825,0,False
7CJS,Aquaporin NIP2-1,1,Q6Z2T3,0.0060810607299269,25.464877765,0.0376669337670513,4.0,False,1.8,1359,False,0.0060810607299269,False,Q6Z2T3,0,False
3DWO,Probable outer membrane protein,1,Q9HVJ6,-0.0129125135036497,5.634914095000003,0.0375810463949766,1.0,False,2.2,1360,False,0.0129125135036497,False,Q9HVJ6,0,False
6Z1R,"ATPase inhibitor, mitochondrial",10,"P00829,P01096,P02721,P05630,P05631,P05632,P07926,P13619,P13621,P19483",-0.0099300695855791,9.448448755,0.0372670560862642,8.0,False,3.29,1361,False,0.0099300695855791,False,P00829,0,False
7WE4,Sodium channel protein type 10 subunit alpha,1,Q9Y5Y9,0.0044541931819434,46.89280381500001,0.0372138231828166,1.0,False,2.7,1362,False,0.0044541931819434,False,Q9Y5Y9,0,False
2R9R,Voltage-gated potassium channel subunit beta-2,1,P62483,0.0047502863334281,41.19853973999999,0.0371861649277237,4.0,False,2.4,1363,False,0.0047502863334281,False,P62483,0,False
6TA6,MexA family multidrug efflux RND transporter periplasmic adaptor subunit,1,P52477,0.0043067446536943,50.04091033999999,0.0371264513047239,3.0,False,3.2,1364,False,0.0043067446536943,False,P52477,0,False
6EHB,Outer membrane protein U,1,A5F934,-0.0052621645298875,33.43122316,0.0370289249619511,3.0,False,1.55,1365,False,0.0052621645298875,False,A5F934,0,False
8BB6,Sucrose transport protein SUC1,1,Q39232,0.0100479679486953,9.106979969999998,0.0367782325771644,1.0,False,2.68,1366,False,0.0100479679486953,False,Q39232,0,False
3V5U,Uncharacterized membrane protein MJ0091,1,Q57556,0.0108410325396961,7.822853590000001,0.0367761692530502,1.0,False,1.9,1367,False,0.0108410325396961,False,Q57556,0,False
8BQ6,NADH-ubiquinone oxidoreductase chain 1,3,"B5TM92,B5TM93,B5TM94",-0.0051863494083499,33.96961422999999,0.0365488865269896,1.0,True,2.8,1368,False,0.0051863494083499,False,B5TM92,0,False
1AF6,MALTOPORIN,1,P02943,0.0048900128713156,38.15594078000001,0.0364957389863017,3.0,False,2.4,1369,False,0.0048900128713156,False,P02943,1,True
7X9C,Pancreatic hormone,2,"P01298,P50391",0.0137297453015608,4.781897485000001,0.036056636721109,1.0,False,3.0,1370,False,0.0137297453015608,False,P01298,0,False
7PIV,NDP-alpha-MSH (other names Afamelanotide; Scenesse),2,"P01189,P63213",0.0136126702225317,4.810433365,0.0356558538934389,1.0,False,2.86,1371,False,0.0136126702225317,False,P01189,0,False
6O2N,ADP-ribosyltransferase binding component,1,A8DS70,0.0120701447471526,6.113780445,0.0356282742251465,7.0,False,3.7,1372,False,0.0120701447471526,False,A8DS70,0,False
6JPA,Voltage-dependent L-type calcium channel subunit beta-1,4,"P07293,P13806,P19517,P19518",-0.0042928429703007,48.272577555,0.03558364930117,1.0,True,2.6,1373,False,0.0042928429703007,False,P07293,0,False
7PI0,Photosystem II reaction center protein L,18,"A0A1C8XRK9,A0A1C8XRM6,A0A1C8XRM8,A0A1C8XRP3,A0A9J4RF13,A0A9J4RF15,A0A9J4RF16,D0FXX2,D0FXX5,D0FXY3,D0FXZ2,D0FXZ3,D0FY01,D0FY04,D0FY08,D0FY13,D0FY18,D0FY19",0.0028981611214914,105.85967832,0.0355660482690442,4.0,True,2.43,1374,False,0.0028981611214914,False,A0A1C8XRK9,0,False
7S24,Na(+)/H(+) antiporter NhaA,1,P13738,-0.0094200401418186,9.79421866,0.0347644444723597,1.0,False,2.2,1375,False,0.0094200401418186,False,P13738,0,False
7ZGO,Solute carrier family 12 member 2,1,P55011,0.005838388522964,25.262598455,0.0344448259813602,2.0,False,2.55,1376,False,0.005838388522964,False,P55011,0,False
4BBJ,COPPER EFFLUX ATPASE,1,Q5ZWR1,0.0122233548004413,5.685350679999999,0.033978021355716,1.0,False,2.75,1377,False,0.0122233548004413,False,Q5ZWR1,0,False
7AVP,Bacteriorhodopsin,1,S5DM51,0.0140544520346877,4.28738136,0.0338750497851173,1.0,False,1.09,1378,False,0.0140544520346877,False,S5DM51,0,False
7TD0,Lysophosphatidic acid receptor 1,1,Q92633,0.0138144620803041,4.416930745000001,0.0337169699153403,1.0,False,2.83,1379,False,0.0138144620803041,False,Q92633,0,False
6YJ4,Subunit NB5M of NADH:Ubiquinone Oxidoreductase (Complex I),27,"A0A1H6Q311,B5FVD3,B5FVE5,B5FVF3,B5FVF8,B5FVG1,B5RSK3,B5RSK9,B5RSL7,F2Z660,Q6C4A6,Q6C4W9,Q6C674,Q6C9Z1,Q6CA88,Q6CD73,Q6CEK9,Q6CG53,Q6CGB4,Q6CI60,Q9B6C7,Q9B6C8,Q9B6D3,Q9B6D4,Q9B6D6,Q9B6E8,Q9B6E9",-0.0052287980373656,30.104690425,0.0329228855248224,1.0,True,2.7,1380,False,0.0052287980373656,False,A0A1H6Q311,0,False
8D3V,FXYD domain-containing ion transport regulator 6,2,"P13637,Q9H0Q3",0.0101060903569102,7.989756894999999,0.0326407335494054,1.0,True,3.4,1381,False,0.0101060903569102,False,P13637,0,False
5TSA,Membrane protein,1,A0A0H3LM39,-0.0128075943454233,4.907521744999999,0.0322001097107757,1.0,False,2.4,1382,False,0.0128075943454233,False,A0A0H3LM39,0,False
5YWY,"Prostaglandin E2 receptor EP4 subtype,Prostaglandin E2 receptor EP4 subtype",1,P35408,0.0125942887448282,4.96666638,0.0315117318335057,1.0,False,3.2,1383,False,0.0125942887448282,False,P35408,0,False
5Z62,Cytochrome c oxidase subunit 1,14,"O00483,P00395,P00403,P00414,P09669,P10176,P10606,P12074,P13073,P14406,P14854,P15954,P20674,P24311",0.0085207157312397,10.840127585000005,0.0314808563939688,1.0,True,3.6,1384,False,0.0085207157312397,False,O00483,1,True
7UHG,Voltage-dependent L-type calcium channel subunit alpha-1D,1,Q01668,-0.0040314710759232,48.396326245,0.0314629531475154,1.0,False,3.0,1385,False,0.0040314710759232,False,Q01668,0,False
6G6U,Voltage-dependent anion-selective channel protein 1,1,P21796,0.008440003822626,10.833024025000002,0.0308670399679325,1.0,False,2.74,1386,False,0.008440003822626,False,P21796,0,False
7DSW,Sodium/hydrogen exchanger 1,1,P19634,0.0054294338801368,25.861128614999995,0.0304941521429585,2.0,False,3.3,1387,False,0.0054294338801368,False,P19634,1,True
2EI4,Archaerhodopsin-2,1,P29563,-0.00628193665154,19.25690693,0.0303972032843725,3.0,False,2.1,1388,False,0.00628193665154,False,P29563,0,False
3SLJ,Serine protease espP,1,Q7BSW5,0.0127920467959159,4.63107537,0.0303125114092451,1.0,False,2.481,1389,False,0.0127920467959159,False,Q7BSW5,0,False
8E3Z,Vasoactive intestinal peptide,1,P01282,0.0126021358872331,4.7453352350000015,0.0301449943272282,1.0,False,2.7,1390,False,0.0126021358872331,False,P01282,0,False
6KUW,Alpha-2C adrenergic receptor,1,P18825,0.0070631921325994,15.004205555,0.0299416022452349,2.0,False,2.8,1391,False,0.0070631921325994,False,P18825,0,False
7BVE,Integral membrane indolylacetylinositol arabinosyltransferase EmbC,1,A0R612,0.0044594993478939,36.715701745,0.0292068038574619,2.0,False,2.81,1392,False,0.0044594993478939,False,A0R612,0,False
1QJP,OUTER MEMBRANE PROTEIN A,1,P0A910,-0.0182087140738548,2.200455845,0.0291830851525763,1.0,False,1.65,1393,False,0.0182087140738548,False,P0A910,1,True
1M0L,BACTERIORHODOPSIN,1,P02945,-0.0060618688650348,19.399139165,0.0285138279117503,3.0,False,1.47,1394,False,0.0060618688650348,False,P02945,0,False
7Z7V,NADH-quinone oxidoreductase,11,"P0AFC3,P0AFC7,P0AFD4,P0AFD6,P0AFE0,P0AFE4,P0AFE8,P0AFF0,P33599,P33602,P33607",-0.0040862721982439,41.42612751499999,0.0276687102049818,2.0,True,2.29,1395,False,0.0040862721982439,False,P0AFC3,0,False
6GIE,33-36 kDa outer membrane protein,1,A0A081GU02,-0.0112647775773348,5.399086829999999,0.0274047311191363,1.0,False,2.1,1396,False,0.0112647775773348,False,A0A081GU02,0,False
5JNQ,Phospho-N-acetylmuramoyl-pentapeptide-transferase,1,R0BTE9,0.0063689703728333,16.77710183,0.0272217091294212,2.0,False,2.6,1397,False,0.0063689703728333,False,R0BTE9,0,False
6BHP,Membrane protein,1,Q39583,0.0083662694341226,9.605426784999995,0.02689306806617,3.0,False,3.209,1398,False,0.0083662694341226,False,Q39583,0,False
4NTX,Neurotoxin MitTx-alpha,2,"G9I929,G9I930",-0.0111219216946939,5.392740214999999,0.0266826621252125,3.0,False,2.27,1399,False,0.0111219216946939,False,G9I929,0,False
5Y79,Putative hexose phosphate translocator,1,B5AJT1,-0.0056638755627012,20.72204889,0.026590107413391,2.0,False,2.2,1400,False,0.0056638755627012,False,B5AJT1,0,False
7ZEB,NADH dehydrogenase [ubiquinone] 1 beta subcomplex subunit 6,1,D6QZ20,-0.0045883000394918,31.474614205,0.026504769162845,1.0,True,3.8,1401,False,0.0045883000394918,False,D6QZ20,0,False
4KYT,Cardiac phospholamban,1,P61012,-0.0087115286231593,8.669635145000003,0.0263177979296908,1.0,True,2.833,1402,False,0.0087115286231593,False,P61012,0,False
7Y6I,Solute carrier family 12 member 3,1,P55017,0.0050567647151888,25.14458997,0.0257187610342672,2.0,False,2.85,1403,False,0.0050567647151888,False,P55017,0,False
5AEX,AMMONIUM TRANSPORTER MEP2,1,P41948,0.0046483758148062,29.709437569999995,0.0256777453393605,3.0,False,3.2,1404,False,0.0046483758148062,False,P41948,0,False
6NWD,Gll0198 protein,1,Q7NP59,0.0073337413060788,11.676597515,0.025120453455908,2.0,False,2.0,1405,False,0.0073337413060788,False,Q7NP59,0,False
4XE5,Sodium/potassium-transporting ATPase subunit alpha-1,3,"G3MWR4,Q04645,Q08DA1",0.0086039500774332,8.449425375000002,0.0250197479114272,1.0,True,3.901,1406,False,0.0086039500774332,False,G3MWR4,0,False
3HD6,Ammonium transporter Rh type C,1,Q9UBD6,0.0043734174819225,32.63366755,0.0249670798079397,3.0,False,2.1,1407,False,0.0043734174819225,False,Q9UBD6,0,False
7VGR,Membrane protein,1,P0DTC5,0.0102423539771386,5.913916975000001,0.0248161712025341,2.0,False,2.7,1408,False,0.0102423539771386,False,P0DTC5,0,False
7W0P,Apelin receptor early endogenous ligand,1,P0DMC3,0.0111646632869462,4.969367384999999,0.0247772074036454,1.0,False,3.16,1409,False,0.0111646632869462,False,P0DMC3,0,False
2WJR,PROBABLE N-ACETYLNEURAMINIC ACID OUTER MEMBRANE CHANNEL PROTEIN NANC,1,P69856,-0.0116032734145915,4.568943405,0.0246057621520625,1.0,False,1.8,1410,False,0.0116032734145915,False,P69856,0,False
7MDF,Beta-lactamase,1,A0A0H2V8D3,-0.009131397011163,7.355785570000002,0.0245337255355013,2.0,False,2.3,1411,False,0.009131397011163,False,A0A0H2V8D3,0,False
6QZH,"C-C chemokine receptor type 7,Sialidase A,C-C chemokine receptor type 7",1,P32248,0.0112488098369947,4.845177085,0.0245235193718692,1.0,False,2.1,1412,False,0.0112488098369947,False,P32248,0,False
7WAX,lipid II flippase MurJ,1,A0A979HMS2,-0.0065832930255725,14.084922695000005,0.0244174794787488,1.0,False,2.35,1413,False,0.0065832930255725,False,A0A979HMS2,0,False
7EPB,Metabotropic glutamate receptor 2,1,Q14416,-0.0064576378587256,14.563081365,0.0242918527532559,2.0,False,3.1,1414,False,0.0064576378587256,False,Q14416,0,False
7NA8,Growth hormone secretagogue receptor type 1,1,Q92847,0.0109178962264241,5.022309734999999,0.0239464648273972,1.0,False,2.7,1415,False,0.0109178962264241,False,Q92847,0,False
3AYF,Nitric oxide reductase,1,B3Y963,0.006715233370758,13.22148358,0.0238485732010929,1.0,False,2.5,1416,False,0.006715233370758,False,B3Y963,0,False
8C8Q,"Cytochrome c oxidase subunit 9, mitochondrial",12,"G2TRP5,O74471,O74988,O94581,O94705,P07657,P14575,P21534,P79010,Q9P3B2,Q9P4W1,Q9UTF6",0.0072909326715231,11.148712365000002,0.0237055959438631,1.0,True,3.36,1417,False,0.0072909326715231,False,G2TRP5,0,False
7R0W,Cytochrome b6-f complex subunit 7,8,"P26287,P26290,P27589,P72717,P72798,P74149,P74810,Q57038",-0.0138528959034928,3.075199665,0.0236055678146027,2.0,True,2.8,1418,False,0.0138528959034928,False,P26287,0,False
6GUX,Archaerhodopsin-3,1,P96787,0.0117598803770154,4.248889019999999,0.0235039679922155,1.0,False,1.3,1419,False,0.0117598803770154,False,P96787,0,False
3HFX,L-carnitine/gamma-butyrobetaine antiporter,1,P31553,-0.0031683009947351,57.967127405,0.0232752651914645,3.0,False,3.15,1420,False,0.0031683009947351,False,P31553,0,False
7E20,Sodium/potassium-transporting ATPase subunit gamma,3,"P05023,P05026,P54710",0.0085040389087545,7.958784795000001,0.0230227517185443,1.0,True,2.7,1421,False,0.0085040389087545,False,P05023,2,True
4Z7F,Folate ECF transporter,1,Q837A3,0.011709423474981,4.193060449999999,0.0229965210495149,1.0,False,3.194,1422,False,0.011709423474981,False,Q837A3,0,False
6AYF,Mucolipin-3,1,Q8TDD5,0.0036093447037927,44.01383037499999,0.0229353767118485,4.0,False,3.62,1423,False,0.0036093447037927,False,Q8TDD5,0,False
5X33,"LTB4 receptor,Lysozyme,LTB4 receptor",1,A0A097J792,0.010727253198744,4.925814615,0.0226733199934185,1.0,False,3.7,1424,False,0.010727253198744,False,A0A097J792,0,False
7W74,Bacteriorhodopsin-like protein,1,A0A8X6EH36,0.0113329184069614,4.382199334999999,0.0225131178083359,1.0,False,2.84,1425,False,0.0113329184069614,False,A0A8X6EH36,0,False
6KLW,Iota toxin component Ib,1,Q46221,0.0096692925480976,5.961852165,0.0222961868048039,7.0,False,2.9,1426,False,0.0096692925480976,False,Q46221,0,False
7W02,Phospholipid-transporting ATPase ABCA3,1,Q99758,0.0069925746743909,11.390423150000004,0.022277891038249,1.0,False,3.3,1427,False,0.0069925746743909,False,Q99758,0,False
6XIW,Transmembrane protein FAM155A,2,"B1AL88,Q8IZF0",-0.0034256681450522,46.06485295499999,0.0216232146233582,1.0,False,2.8,1428,False,0.0034256681450522,False,B1AL88,0,False
5XAP,Protein translocase subunit SecD,1,Q9RTE3,-0.0073314541623258,10.037871634999997,0.0215815124024375,1.0,False,2.605,1429,False,0.0073314541623258,False,Q9RTE3,0,False
2ERV,hypothetical protein Paer03002360,1,Q9HVD1,-0.0148444880693213,2.4051396850000004,0.021199750297974,1.0,False,2.0,1430,False,0.0148444880693213,False,Q9HVD1,0,False
2HYD,ABC transporter homolog,1,Q99T13,0.0066166194491801,12.064721585000004,0.0211275729500776,2.0,False,3.0,1431,False,0.0066166194491801,False,Q99T13,0,False
6Z34,CymD,1,O33458,-0.0096318621019553,5.656761954999999,0.0209917384777209,1.0,False,2.27,1432,False,0.0096318621019553,False,O33458,0,False
7VMP,Ryanodine receptor 2,1,E9Q401,0.0033044802713005,46.57769904999999,0.0203443748163015,4.0,False,3.5,1433,False,0.0033044802713005,False,E9Q401,0,False
7YAG,Calcium-transporting ATPase type 2C member 1,1,P98194,0.0080157391320339,7.817277229999998,0.0200910509501431,1.0,False,3.1,1434,False,0.0080157391320339,False,P98194,0,False
7JHJ,BILF1,1,Q3KSP2,0.0099029449052907,5.1200523,0.0200845966437921,1.0,False,3.2,1435,False,0.0099029449052907,False,Q3KSP2,0,False
3QLB,Enantio-pyochelin receptor,1,C5I2D9,-0.0058725281722559,14.41049515,0.0198787518653473,1.0,False,3.26,1436,False,0.0058725281722559,False,C5I2D9,0,False
7MET,ATP-dependent lipid A-core flippase,1,A0A0B9X4I2,-0.0076570235494364,8.37672295,0.019645093891273,2.0,False,3.97,1437,False,0.0076570235494364,False,A0A0B9X4I2,0,False
7E9H,Metabotropic glutamate receptor 4,1,Q14833,-0.0058916628869528,14.089184629999998,0.0195623772559445,2.0,False,4.0,1438,False,0.0058916628869528,False,Q14833,0,False
6ZHV,Outer membrane porin F,1,P02931,-0.0037135913246948,34.33707121999999,0.0189413730555344,3.0,False,1.945,1439,False,0.0037135913246948,False,P02931,0,False
6V9V,Transient receptor potential cation channel subfamily A member 1,1,O75762,0.0033321238319654,42.57553896,0.0189087322053092,4.0,False,2.6,1440,False,0.0033321238319654,False,O75762,0,False
5OYK,Gram-negative porin family protein,1,O86021,-0.0072403697231327,8.991614040000002,0.0188546786702347,1.0,False,3.2,1441,False,0.0072403697231327,False,O86021,0,False
6MEO,T-cell surface glycoprotein CD4,2,"P01730,Q70145",0.0096278690342064,5.0483192950000015,0.0187183323762866,1.0,False,3.9,1442,False,0.0096278690342064,False,P01730,1,True
4EPA,Pesticin receptor,1,P46359,-0.0056451380617454,14.423054134999996,0.018385115415135,1.0,False,3.2,1443,False,0.0056451380617454,False,P46359,0,False
2O9G,Aquaporin Z,1,P60844,0.0041315833872792,26.63514514,0.0181864571636319,4.0,False,1.9,1444,False,0.0041315833872792,False,P60844,0,False
4HYJ,Rhodopsin,1,B1YFV8,0.0101693494290979,4.300611305000001,0.0177900236041005,1.0,False,2.3,1445,False,0.0101693494290979,False,B1YFV8,0,False
6KFQ,Rhodopsin,1,Q1AUE6,-0.0096737643039039,4.700689220000002,0.0175959425074139,1.0,False,1.84,1446,False,0.0096737643039039,False,Q1AUE6,0,False
5V8K,proteinsubunit pshX,2,"B0TAT4,Q1MX24",0.0052887887724976,15.502804259999998,0.0173453352920753,1.0,True,2.2,1447,False,0.0052887887724976,False,B0TAT4,0,False
7ZKQ,Tafazzin family protein,1,Q6CBZ7,0.0057112633372579,13.27368515,0.0173187233109764,1.0,True,3.15,1448,False,0.0057112633372579,False,Q6CBZ7,0,False
7O37,Cox7a2l protein,14,"P00397,P00405,P00416,P12787,P17665,P19536,P19783,P43023,P48772,P56391,P56393,Q99KD6,Q9CPQ1,Q9CQB4",0.0064894404408049,10.249852225,0.0172660143372682,1.0,True,3.2,1449,False,0.0064894404408049,False,P00397,1,True
6M1H,Maxadilan,1,P30659,0.0095641665850491,4.708603175,0.0172284555299904,1.0,False,3.6,1450,False,0.0095641665850491,False,P30659,0,False
7TMR,H(+)-transporting two-sector ATPase,7,"P16140,P17255,P22203,P31412,P32610,P41807,P48836",0.0066469157390322,9.52472574,0.0168326625601183,1.0,True,3.5,1451,False,0.0066469157390322,False,P16140,0,False
6V81,Probable TonB-dependent receptor YncD,1,P76115,-0.0054380876854555,14.155754755000002,0.016745010852093,1.0,False,2.957,1452,False,0.0054380876854555,False,P76115,0,False
7YKD,Retinoic acid receptor responder protein 2,2,"Q99788,Q99969",0.0092074313408465,4.901161375000001,0.0166201895175624,1.0,False,2.81,1453,False,0.0092074313408465,False,Q99788,0,False
7Y75,Sodium- and chloride-dependent transporter XTRP3,1,Q9NP91,-0.0140802847968777,2.0905089150000005,0.0165781052946804,2.0,True,3.1,1454,False,0.0140802847968777,False,Q9NP91,0,False
4ZGV,Ferredoxin receptor,1,Q6D8U4,-0.0052122781746083,14.86818242,0.0161574582849182,1.0,False,3.2,1455,False,0.0052122781746083,False,Q6D8U4,0,False
7Z6Q,Cytochrome c,2,"O07091,Q8KAY0",0.0032240197039166,38.85316909000001,0.016154064560905,2.0,True,2.5,1456,False,0.0032240197039166,False,O07091,0,False
3P5N,Riboflavin uptake protein,1,E5QVT2,0.0101620072426241,3.8926341,0.0160791310306292,1.0,False,3.6,1457,False,0.0101620072426241,False,E5QVT2,0,False
6W8C,Potassium channel subfamily K member 2,1,P97438,0.0059006560083146,11.440837175000002,0.0159337643736067,2.0,False,2.6,1458,False,0.0059006560083146,False,P97438,0,False
7NA7,Ghrelin-27,1,Q9UBU3,0.008800903215027,5.105774115,0.0158188926400163,1.0,False,2.7,1459,False,0.008800903215027,False,Q9UBU3,0,False
6ZKF,"Mitochondrial complex I, PDSW subunit",8,"A0A6P3E7B5,A0A6P3E975,A0A6P3EDV0,A0A6P3TFB2,A0A6P7EX23,A0A6P9FRJ5,A0A7M4DUF5,A0A7M4DUG1",-0.003580399489474,30.48987428,0.0156343056454564,1.0,True,2.8,1460,False,0.003580399489474,False,A0A6P3E7B5,0,False
7W7S,Aquaporin 1,1,M1K561,-0.0038802462972894,25.662799895000003,0.0154554841903096,4.0,False,1.9,1461,False,0.0038802462972894,False,M1K561,0,False
3CSL,HasR protein,1,Q79AD2,-0.0051645336508331,14.437076339999996,0.0154028635208721,1.0,False,2.7,1462,False,0.0051645336508331,False,Q79AD2,0,False
2J1N,OUTER MEMBRANE PROTEIN C,1,P06996,-0.0033536054548879,34.22040314000001,0.0153946226353018,3.0,False,2.0,1463,False,0.0033536054548879,False,P06996,1,True
5AX0,Rhodopsin I,1,G3CEP6,-0.0094590494156189,4.207361329999999,0.0150579132548179,1.0,False,1.521,1464,False,0.0094590494156189,False,G3CEP6,0,False
3AM6,rhodopsin-2,1,G1K3Q0,-0.0095083008117807,4.12808476,0.0149284398666773,1.0,False,3.2,1465,False,0.0095083008117807,False,G1K3Q0,0,False
4CU4,FERRICHROME-IRON RECEPTOR,1,P06971,0.0051037390190765,14.10755059,0.0146990248704447,1.0,False,2.3,1466,False,0.0051037390190765,False,P06971,0,False
4N4W,"Cytochrome b(562),Smoothened homolog",1,Q0SXH8,0.0086334463488681,4.889250395000001,0.0145770841157774,1.0,False,2.8,1467,False,0.0086334463488681,False,Q0SXH8,0,False
5YHF,Protein translocase subunit SecDF,1,Q5SKE6,-0.0059415342786943,10.296238705,0.0145390425651742,1.0,False,2.8,1468,False,0.0059415342786943,False,Q5SKE6,0,False
3PGU,Long-chain fatty acid transport protein,1,P10384,-0.0080625678275703,5.564418455000001,0.0144686008609422,1.0,False,1.7,1469,False,0.0080625678275703,False,P10384,0,False
4QL0,Filamentous hemagglutinin transporter protein FhaC,1,P35077,-0.0063470816508108,8.785868865000003,0.0141577056469391,1.0,False,2.5,1470,False,0.0063470816508108,False,P35077,0,False
6BPN,Catecholate siderophore receptor Fiu,1,P75780,0.0050111010853716,13.915858155000002,0.0139777192030873,1.0,False,2.1,1471,False,0.0050111010853716,False,P75780,0,False
6T0B,"Cytochrome c oxidase subunit 4, mitochondrial",14,"P00401,P00410,P00420,P00425,P00427,P04037,P04039,P07255,P10174,P32799,P37299,P53721,Q01519,Q2V2P9",0.0021261705577405,77.222148705,0.0139636216495127,2.0,True,2.8,1472,False,0.0021261705577405,False,P00401,0,False
5LWY,Adiponectin receptor protein 2,1,Q86V24,0.0087189386770229,4.473973135,0.013604438119368,1.0,False,2.4,1473,False,0.0087189386770229,False,Q86V24,0,False
1P4T,outer membrane protein NspA,1,Q9RP17,-0.0115261520133091,2.553362935,0.0135687933137281,1.0,False,2.55,1474,False,0.0115261520133091,False,Q9RP17,0,False
6K6K,Cyanobacterial chloride importer,1,A0A6P3CW42,0.0039932246447751,19.844491400000003,0.0126574858216855,3.0,False,2.197,1475,False,0.0039932246447751,False,A0A6P3CW42,0,False
7UV0,Sodium/iodide cotransporter,1,Q63008,-0.0050360025263803,12.446361739999997,0.0126262472367084,1.0,False,3.1,1476,False,0.0050360025263803,False,Q63008,0,False
7N98,Sodium-dependent lysophosphatidylcholine symporter 1,1,Q9DA75,-0.0055383934317477,9.88211084,0.0121248763727793,1.0,False,3.5,1477,False,0.0055383934317477,False,Q9DA75,0,False
8F7S,deltorphin,1,P21850,-0.0039289341006045,19.49505818,0.0120374366894197,2.0,False,3.0,1478,False,0.0039289341006045,False,P21850,0,False
7RTM,Electroneutral sodium bicarbonate exchanger 1,1,Q6RVG2,-0.0029475097157419,33.58604921499999,0.01167157330404,2.0,False,3.4,1479,False,0.0029475097157419,False,Q6RVG2,0,False
7D14,Solute carrier family 12 member 5,1,Q91V14,0.0032040338811865,28.3175267,0.0116281201296354,2.0,False,3.8,1480,False,0.0032040338811865,False,Q91V14,0,False
4C00,TRANSLOCATION AND ASSEMBLY MODULE TAMA,1,P0ADE4,0.005839199257592,8.438847799999998,0.0115093218867492,1.0,False,2.25,1481,False,0.005839199257592,False,P0ADE4,0,False
2GR7,Adhesin,1,Q48152,0.0083399030003153,4.133539639999998,0.0115001656777127,3.0,False,2.3,1482,False,0.0083399030003153,False,Q48152,0,False
5DL7,Porin,1,A0A0D5YKR4,-0.0051904380052012,10.583239269999996,0.0114047723985898,1.0,False,1.75,1483,False,0.0051904380052012,False,A0A0D5YKR4,0,False
4JR8,Cruxrhodopsin-3,1,P94854,0.0038077746172729,19.604696405,0.0113700554229424,3.0,False,2.3,1484,False,0.0038077746172729,False,P94854,0,False
7BP3,Monocarboxylate transporter 2,1,O60669,-0.0035623638503096,21.66783702,0.0109989721334993,2.0,False,3.8,1485,False,0.0035623638503096,False,O60669,0,False
7KY7,Phospholipid-transporting ATPase DNF2,1,Q12675,-0.0058623720905626,7.97277781,0.0109601478462136,1.0,True,3.08,1486,False,0.0058623720905626,False,Q12675,1,True
5FQ6,PUTATIVE LIPOPROTEIN,3,"Q8A5H5,Q8A5H6,Q8A5H8",0.0027267769809379,35.40525608000001,0.0105299660124781,2.0,False,2.8,1487,False,0.0027267769809379,False,Q8A5H5,0,False
6R3Q,Adenylate cyclase 9,1,E1BM79,0.0051925331645527,9.681638125,0.0104416082487837,1.0,False,3.4,1488,False,0.0051925331645527,False,E1BM79,0,False
7ZK5,ATP-dependent translocase ABCB1,1,P21447,-0.0051855818156121,9.63489703,0.0103633949729754,1.0,False,2.6,1489,False,0.0051855818156121,False,P21447,0,False
7PI5,Photosystem II CP47 reaction center protein,4,"A0A1C8XRP4,A0A7S3QU88,A0A7S3VKF3,D0FY05",0.0015486090331989,107.63863429,0.0103255155865044,4.0,True,2.78,1490,False,0.0015486090331989,False,A0A1C8XRP4,0,False
7PGE,Copper resistance protein B,1,Q47453,0.0075078508867745,4.554873505000001,0.0102699324937903,1.0,False,2.0,1491,False,0.0075078508867745,False,Q47453,0,False
3NE2,Probable aquaporin AqpM,1,O28846,0.0031044598625583,26.490065225,0.010212101376798,4.0,False,3.0,1492,False,0.0031044598625583,False,O28846,0,False
7SL9,Sodium-coupled monocarboxylate transporter 1,1,Q8N695,0.004612461342665,11.823660680000003,0.0100618404779888,1.0,False,3.5,1493,False,0.004612461342665,False,Q8N695,0,False
7Y9B,Membrane protein,1,A3EXD6,-0.0074694162305475,4.4076818300000005,0.0098365669145518,2.0,False,3.214,1494,False,0.0074694162305475,False,A3EXD6,0,False
6WUT,Bac_surface_Ag domain-containing protein,2,"G2Q6R7,G2QFF9",0.0050662958269152,9.522291355,0.0097764806976781,1.0,True,3.0,1495,False,0.0050662958269152,False,G2Q6R7,0,False
6BW6,UDP-N-acetylglucosamine--dolichyl-phosphate N-acetylglucosaminephosphotransferase,1,Q9H3H5,-0.003767415845071,17.095564764999995,0.0097057827038818,2.0,False,2.95,1496,False,0.003767415845071,False,Q9H3H5,0,False
7XLM,Sulfate transporter,1,P50443,-0.0026492976595097,33.786905684999994,0.0094857117322518,2.0,False,3.73,1497,False,0.0026492976595097,False,P50443,0,False
8FHD,Sodium channel protein type 8 subunit alpha,1,Q9UQD0,0.0022279104311073,47.19764935999998,0.0093707815664539,1.0,True,3.1,1498,False,0.0022279104311073,False,Q9UQD0,0,False
3BRY,TbuX,1,Q9RBW8,-0.0064418631296082,5.60705575,0.0093071743978675,1.0,False,3.2,1499,False,0.0064418631296082,False,Q9RBW8,0,False
7A24,GLDH,1,Q9SU56,0.0042901169920659,12.586733990000004,0.0092664058263832,1.0,True,3.8,1500,False,0.0042901169920659,False,Q9SU56,0,False
6UZB,Calmodulin-sensitive adenylate cyclase,1,P40136,0.0060413564764322,6.335709294999999,0.0092496256919065,7.0,False,3.2,1501,False,0.0060413564764322,False,P40136,0,False
4E1S,Intimin,1,P43261,0.0069944109337341,4.720341629999999,0.0092371014036834,1.0,False,1.855,1502,False,0.0069944109337341,False,P43261,0,False
8EAS,V-type proton ATPase subunit d,10,"P0C5R9,P23968,P25515,P32341,P32366,P32563,P32842,P39111,P53262,Q3E7B6",-0.0049761919372317,9.27688375,0.0091887482321138,1.0,True,2.6,1503,False,0.0049761919372317,False,P0C5R9,1,True
6I96,Metal-pseudopaline receptor CntO,1,Q9I116,0.0040265478896912,14.066883570000003,0.0091227047964673,1.0,False,1.85,1504,False,0.0040265478896912,False,Q9I116,0,False
5I32,Aquaporin TIP2-1,1,Q41951,-0.0029769297088975,25.49413672,0.0090372742601427,4.0,False,1.18,1505,False,0.0029769297088975,False,Q41951,0,False
6VJA,B-lymphocyte antigen CD20,1,P11836,-0.0063058531616778,5.6238189850000015,0.0089449729567254,2.0,False,3.3,1506,False,0.0063058531616778,False,P11836,0,False
5B57,"Putative hemin ABC transport system, membrane protein",2,"B4EKB4,B4EKB5",0.0035520745862562,17.39792865,0.0087805493826689,2.0,False,2.8,1507,False,0.0035520745862562,False,B4EKB4,0,False
7A69,Multidrug resistance protein 1,1,P08183,0.0046626720282598,10.066262685,0.0087538275610558,1.0,False,3.2,1508,False,0.0046626720282598,False,P08183,0,False
7S3D,PsaM,2,"A0A8X6EH18,A0A8X6EH19",0.0010578292855112,191.561433255,0.0085743111865717,6.0,True,2.91,1509,False,0.0010578292855112,False,A0A8X6EH18,0,False
6LAR,ESX-3 secretion system ATPase EccB3,4,"A0QQ39,A0QQ40,A0QQ46,A0QQ48",0.0017089213875215,72.10478342,0.0084230278807185,4.0,True,3.7,1510,False,0.0017089213875215,False,A0QQ39,0,False
3BS0,TodX,1,A5W4F4,-0.0060791769640452,5.6585194800000025,0.0083647386884917,1.0,False,2.6,1511,False,0.0060791769640452,False,A5W4F4,0,False
5AZD,Bacteriorhodopsin,1,H9ZSC3,-0.0026658815498589,29.154884984999995,0.0082880625833368,4.0,False,2.8,1512,False,0.0026658815498589,False,H9ZSC3,0,False
7DRJ,CDP-diacylglycerol--glycerol-3-phosphate 3-phosphatidyltransferase,1,P63756,-0.0047062012732333,9.30419054,0.008242891456379,2.0,False,2.5,1513,False,0.0047062012732333,False,P63756,0,False
5GUP,"Cytochrome c oxidase subunit 5A, mitochondrial",13,"A0A4X1UIV8,A0A4X1UYT9,A0A4X1VBN1,F1RNZ1,F1RRC9,F1S3W0,F1SDI2,F1SJ34,F1SKM0,F1SL07,G8IFA6,Q1HBG9,Q2EN79",-0.0016333718682521,76.51890468500001,0.008165802634724,3.0,True,4.0,1514,False,0.0016333718682521,False,A0A4X1UIV8,0,False
7PIW,Photosystem II reaction center protein H,3,"D0FXW2,D0FXW8,D0FY02",0.0028668995481047,24.7394117,0.0081334408313585,3.0,True,4.0,1515,False,0.0028668995481047,False,D0FXW2,0,False
3HB3,Cytochrome c oxidase subunit 1-beta,3,"P08306,P18525,P98002",0.0043576686914408,10.582538670000002,0.0080381900830457,1.0,True,2.25,1516,False,0.0043576686914408,False,P08306,0,False
6COY,Chloride channel protein 1,1,P35523,-0.0027781336134798,24.949002405,0.0077022823430168,2.0,False,3.36,1517,False,0.0027781336134798,False,P35523,0,False
8BPX,NADH-ubiquinone oxidoreductase chain 1,49,"F4JWS8,O05000,O22769,O48528,O64725,O80800,P29388,P42792,P53665,P60497,P92533,P92558,P93313,Q04614,Q0WWE3,Q42290,Q42577,Q42599,Q8LDK3,Q8RWA7,Q8VZ65,Q8VZT9,Q945M1,Q94C12,Q94JS0,Q94K78,Q95748,Q9C6B3,Q9C9Z5,Q9FGI6,Q9FGK0,Q9FIJ2,Q9FJW4,Q9FKS5,Q9FLX7,Q9FNN5,Q9FWR5,Q9LHI0,Q9LXJ2,Q9LZI6,Q9M9M6,Q9M9M9,Q9SG91,Q9SIQ8,Q9SK66,Q9SKC9,Q9SMN1,Q9ZU25,Q9ZUX4",0.0023582260887214,34.136401245,0.0075936155377027,1.0,True,2.09,1518,False,0.0023582260887214,False,F4JWS8,0,False
7VNP,"Potassium voltage-gated channel subfamily KQT member 4,Maltodextrin-binding protein",1,P56696,0.001974216439157,48.2911221,0.0075286449445098,4.0,False,2.79,1519,False,0.001974216439157,False,P56696,0,False
1UAZ,archaerhodopsin-1,1,P69051,-0.0068121241308097,4.050141139999999,0.0075178776823832,1.0,False,3.4,1520,False,0.0068121241308097,False,P69051,0,False
7V5C,ABC-type oligopeptide transporter ABCB9,1,Q9JJ59,-0.0041596080129441,10.77244551,0.0074555400859414,2.0,False,3.2,1521,False,0.0041596080129441,False,Q9JJ59,0,False
7A0W,Na(+)/H(+) antiporter NhaA,1,Q8ZRZ3,0.0026694565373615,26.085606555,0.0074354394193467,2.0,False,2.04,1522,False,0.0026694565373615,False,Q8ZRZ3,0,False
7JRP,Cytochrome c oxidase subunit 2,6,"A0A1S3TNX9,A0A1S3TUX2,A0A1S3TZB2,A0A1S3UMA0,A0A1S3V319,A0A1S3V7C2",-0.0041199470597608,10.548444474999998,0.0071619565761477,1.0,True,3.8,1523,False,0.0041199470597608,False,A0A1S3TNX9,0,False
7DGE,Metabotropic glutamate receptor 1,1,Q13255,0.0031219101819106,18.361517075,0.0071582911823984,2.0,False,3.65,1524,False,0.0031219101819106,False,Q13255,0,False
7TD4,Guanine nucleotide-binding protein G(i) subunit alpha-1,2,"P10824,P21453",0.006152902957786,4.67421725,0.0070783008283775,1.0,False,2.6,1525,False,0.006152902957786,False,P10824,0,False
6ROJ,"Probable phospholipid-transporting ATPase DRS2,Oxaloacetate decarboxylase alpha chain",1,P13187,-0.0043884166438632,8.875390175,0.0068369617899855,1.0,True,2.9,1526,False,0.0043884166438632,False,P13187,0,False
5CKR,Phospho-N-acetylmuramoyl-pentapeptide-transferase,1,O66465,-0.003227805914961,16.22780898,0.0067629270752854,2.0,False,2.95,1527,False,0.003227805914961,False,O66465,0,False
7ZGY,S-layer protein SlpA,1,Q9RRB6,0.0011684266644188,121.69299605500004,0.0066455127184922,3.0,False,2.54,1528,False,0.0011684266644188,False,Q9RRB6,0,False
2X2V,ATP SYNTHASE SUBUNIT C,1,P22483,0.0028327244065749,20.341277115000004,0.0065290028253129,13.0,False,2.5,1529,False,0.0028327244065749,False,P22483,0,False
7W6K,GmALMT12/QUAC1,1,I1J9K0,-0.0039065893686892,10.684985535000004,0.0065227308375309,2.0,False,3.5,1530,False,0.0039065893686892,False,I1J9K0,0,False
2F1V,Outer membrane protein W,1,P0A915,-0.0086176724879684,2.121260655,0.0063013557339097,1.0,False,2.7,1531,False,0.0086176724879684,False,P0A915,0,False
5D0Y,Conserved hypothetical membrane protein,1,Q1G930,0.0062689865039425,3.970717075,0.0062419977031151,1.0,False,3.014,1532,False,0.0062689865039425,False,Q1G930,0,False
2B6O,Lens fiber major intrinsic protein,1,Q6J8I9,0.0023947775895295,26.678485915,0.0061200016667168,4.0,False,1.9,1533,False,0.0023947775895295,False,Q6J8I9,0,False
8B43,Metal-pseudopaline receptor CntO,1,A0A0C7CQY7,-0.003299912693919,14.03672629,0.0061140744464312,1.0,False,2.49,1534,False,0.003299912693919,False,A0A0C7CQY7,0,False
5LXG,Adiponectin receptor protein 1,1,Q96A54,-0.0054305883968625,5.114105894999999,0.0060328632703679,1.0,False,2.73,1535,False,0.0054305883968625,False,Q96A54,0,False
5OGL,Undecaprenyl-diphosphooligosaccharide--protein glycotransferase,1,B9KDD4,-0.0036298450879079,11.039684820000002,0.0058182562903163,1.0,False,2.7,1536,False,0.0036298450879079,False,B9KDD4,0,False
4YZI,"Sensory opsin A,Archaeal-type opsin 2",1,Q8L435,0.0033894587011645,12.395116255000003,0.0056960171597434,2.0,False,2.5,1537,False,0.0033894587011645,False,Q8L435,0,False
8FD7,Voltage-dependent L-type calcium channel subunit alpha-1C,1,Q13936,-0.0016683652155758,49.90667698999998,0.0055564946158239,1.0,False,3.1,1538,False,0.0016683652155758,False,Q13936,0,False
6KKT,Solute carrier family 12 member 4,1,Q9UP95,0.0024855149469992,22.435745735,0.0055441281363527,2.0,False,2.9,1539,False,0.0024855149469992,False,Q9UP95,0,False
4D5B,CYMA,1,Q48391,-0.0047092382862544,6.16878772,0.0054721897627065,1.0,False,1.702,1540,False,0.0047092382862544,False,Q48391,0,False
3QQ2,BrkA autotransporter,1,Q45340,0.0054860364297423,4.528110935,0.00545122896535,1.0,False,3.0,1541,False,0.0054860364297423,False,Q45340,0,False
6TBU,Protein dispatched,1,Q9VNJ5,-0.0037523609904957,9.673608745,0.0054482588654889,1.0,False,3.16,1542,False,0.0037523609904957,False,Q9VNJ5,0,False
4C7R,GLYCINE BETAINE TRANSPORTER BETP,1,P54582,0.0015794710848198,54.146492750000014,0.0054032328287369,3.0,False,2.7,1543,False,0.0015794710848198,False,P54582,0,False
7ZJD,"Transient receptor potential cation channel subfamily V member 2,Enhanced green fluorescent protein",1,Q9WUD2,0.0016774150455783,46.70182005500001,0.0052562361123235,4.0,False,2.94,1544,False,0.0016774150455783,False,Q9WUD2,0,False
7VGH,Cell cycle control protein 50B,1,Q3MIR4,-0.003698382646382,9.49267165,0.0051936434987657,1.0,True,3.39,1545,False,0.003698382646382,False,Q3MIR4,0,False
8DPF,5-hydroxytryptamine receptor 2C,1,P28335,0.0051882751780708,4.81257917,0.0051818386143053,1.0,False,2.84,1546,False,0.0051882751780708,False,P28335,0,False
5O65,FapF,1,P0DXF8,-0.0023871589216455,22.707455275,0.0051759625308591,3.0,False,2.5,1547,False,0.0023871589216455,False,P0DXF8,0,False
7COH,Cytochrome c oxidase subunit 5B,13,"P00396,P00415,P00423,P00426,P00428,P00429,P00430,P04038,P07470,P07471,P10175,P13183,P68530",0.0035260664745592,10.27791389,0.0051114716584673,1.0,True,1.3,1548,False,0.0035260664745592,False,P00396,1,True
2ZXE,"Na, K-ATPase alpha subunit",3,"C4IX13,Q4H132,Q70Q12",-0.0039900528407308,7.9701078349999985,0.0050755309805556,1.0,True,2.4,1549,False,0.0039900528407308,False,C4IX13,0,False
7D7F,Polycystic kidney disease 2-like 1 protein,2,"A2A259,Q2EG98",0.0015343347483418,51.47987226999999,0.0048477218526479,4.0,False,3.1,1550,False,0.0015343347483418,False,A2A259,0,False
7M3G,Extracellular calcium-sensing receptor,1,P41180,-0.0027773963790577,15.705419399999998,0.0048460206409707,2.0,False,2.5,1551,False,0.0027773963790577,False,P41180,0,False
6LCR,Phospholipid-transporting ATPase,2,"G0S196,G0SDN0",-0.0040729599653707,7.261146914999999,0.0048182074832599,1.0,True,3.4,1552,False,0.0040729599653707,False,G0S196,1,True
4U4W,Nitrate/nitrite transporter NarK,1,P10903,0.0038113594309254,8.27964613,0.0048109581685702,1.0,False,2.4,1553,False,0.0038113594309254,False,P10903,0,False
8ESW,NADH-ubiquinone oxidoreductase chain 5,4,"A8DYC4,C7DZL4,C7DZL9,Q9MDK5",0.0020676929228845,27.682051995,0.0047340228948525,1.0,True,3.3,1554,False,0.0020676929228845,False,A8DYC4,0,False
6P25,Dolichyl-phosphate-mannose--protein mannosyltransferase 2,2,"P31382,P33775",-0.0020151138940888,28.903213324999992,0.0046946726430064,2.0,False,3.2,1555,False,0.0020151138940888,False,P31382,0,False
7BSV,ATP11C,1,Q8NB49,-0.0037057939197263,8.53032452,0.0046858466700935,1.0,True,3.0,1556,False,0.0037057939197263,False,Q8NB49,0,False
3C02,Aquaglyceroporin,1,Q8II36,0.0020433755794177,27.699773305000008,0.0046262873429403,4.0,False,2.05,1557,False,0.0020433755794177,False,Q8II36,0,False
8G94,Early activation antigen CD69,1,Q07108,-0.0050201032970955,4.54221603,0.0045788148654407,1.0,True,3.15,1558,False,0.0050201032970955,False,Q07108,0,False
7FD8,Metabotropic glutamate receptor 5,1,P41594,0.0028576410689358,13.93970024,0.004553326403262,2.0,False,3.8,1559,False,0.0028576410689358,False,P41594,0,False
1UYN,NALP,1,E6MVD9,-0.0048399339677199,4.800943885000001,0.0044984768946481,1.0,False,2.6,1560,False,0.0048399339677199,False,E6MVD9,0,False
7ACG,Alginate biosynthesis protein AlgE,1,P18895,0.0032026506735869,10.794992810000002,0.0044289572734231,1.0,False,1.85,1561,False,0.0032026506735869,False,P18895,0,False
6TMK,ATP synthase subunit beta,11,"A0A125YJV2,A0A125YKF8,A0A125YRE2,A0A125YRP0,A0A125YSI9,A0A125YUH0,A0A125YYY4,S7UQ82,S7UU80,S7W180,S7W9J5",0.0029277727293564,12.405365525,0.0042534788644583,3.0,True,2.9,1562,False,0.0029277727293564,False,A0A125YJV2,0,False
2X27,OUTER MEMBRANE PROTEIN OPRG,1,Q9HWW1,-0.0068897883827374,2.22185367,0.0042187832236397,1.0,False,2.4,1563,False,0.0068897883827374,False,Q9HWW1,0,False
6Z38,TodX,1,Q51971,-0.0043459421612324,5.559767805,0.0042003408103166,1.0,False,2.9,1564,False,0.0043459421612324,False,Q51971,0,False
7T6B,Sphingosine 1-phosphate receptor 2,1,O95136,0.0046726031642754,4.624567735,0.0040387682517178,1.0,False,3.19,1565,False,0.0046726031642754,False,O95136,0,False
5FOK,IRON TRANSPORT OUTER MEMBRANE RECEPTOR,1,G3XCY8,-0.0026575280594641,13.87932592,0.0039208848043759,1.0,False,1.9,1566,False,0.0026575280594641,False,G3XCY8,0,False
7SRQ,5-hydroxytryptamine receptor 2B,1,P41595,0.0041701035263136,5.605500234999998,0.0038991329175349,1.0,False,2.7,1567,False,0.0041701035263136,False,P41595,0,False
6FOK,Putative copper transport outer membrane porin OprC,1,G3XD89,-0.0025873907681254,14.419832089999998,0.0038613951177394,1.0,False,1.97,1568,False,0.0025873907681254,False,G3XD89,0,False
3WI5,Major outer membrane protein P.IB,1,P30690,-0.0016396019220903,34.612137270000005,0.0037219046789137,3.0,False,2.4,1569,False,0.0016396019220903,False,P30690,0,False
7RTW,Protein tweety homolog 3,1,Q6P5F7,-0.0034589724781768,7.682911899999998,0.0036768850897974,2.0,False,3.23,1570,False,0.0034589724781768,False,Q6P5F7,0,False
4AV3,K(+)-STIMULATED PYROPHOSPHATE-ENERGIZED SODIUM PUMP,1,Q9S5X0,-0.0017243595652058,30.09292897,0.0035791517512564,2.0,False,2.6,1571,False,0.0017243595652058,False,Q9S5X0,0,False
4WAV,Bacteriorhodopsin-I,1,G0LFX8,0.0045221332724694,4.368894419999999,0.0035737013448774,1.0,False,2.8,1572,False,0.0045221332724694,False,G0LFX8,0,False
1XKW,Fe(III)-pyochelin receptor,1,P42512,0.0024777049753501,14.128120459999998,0.0034693136617508,1.0,False,2.0,1573,False,0.0024777049753501,False,P42512,0,False
7YTJ,Vacuolar transporter chaperone 1,3,"P40046,P47075,Q02725",-0.0047625723906787,3.794647095,0.0034428219538654,2.0,True,3.0,1574,False,0.0047625723906787,False,P40046,0,False
7OT9,AI-2E member YdiK,1,P0AFS7,-0.0011237442979881,64.401878855,0.0032530709177612,5.0,False,2.8,1575,False,0.0011237442979881,False,P0AFS7,0,False
6E4V,FhuE receptor,1,P16869,-0.0023444992675774,13.903939200000002,0.0030570184098855,1.0,False,2.0,1576,False,0.0023444992675774,False,P16869,0,False
7WAG,Lipid II flippase MurJ,1,P0AF16,-0.0024016637256964,13.202815675000002,0.0030461476391579,1.0,False,2.55,1577,False,0.0024016637256964,False,P0AF16,0,False
3KVN,Esterase estA,1,O33407,-0.0040582252697066,4.568463015000001,0.0030095558436309,1.0,False,2.499,1578,False,0.0040582252697066,False,O33407,0,False
4F4S,"ATP synthase subunit 9, mitochondrial",1,P61829,-0.0024543825410465,12.351733004999998,0.0029762704513953,10.0,False,1.9,1579,False,0.0024543825410465,False,P61829,0,False
6A2J,Heme A synthase,1,P12946,0.003670027444435,5.476969035,0.0029507940612828,1.0,False,2.2,1580,False,0.003670027444435,False,P12946,0,False
7E2G,"Protein dispatched homolog 1,Protein dispatched homolog 1",1,Q96F81,-0.0026047709896972,10.311927185,0.0027985877042272,1.0,False,3.61,1581,False,0.0026047709896972,False,Q96F81,0,False
2ZZ9,Aquaporin-4,1,P47863,0.0015680219365354,27.519970955000005,0.0027065261705273,4.0,False,2.8,1582,False,0.0015680219365354,False,P47863,0,False
7SQ9,Mucolipin-1,1,Q99J21,0.0012358359959157,43.95766162000001,0.002685444951083,4.0,False,2.11,1583,False,0.0012358359959157,False,Q99J21,0,False
7XUK,Copper-transporting ATPase 2,1,P35670,-0.0032789172500724,6.223533930000001,0.0026764427986348,1.0,False,3.3,1584,False,0.0032789172500724,False,P35670,0,False
8HDO,Adenosine A2b receptor,1,P29275,-0.0034776301547799,5.344399634999999,0.0025853878468493,1.0,False,2.87,1585,False,0.0034776301547799,False,P29275,0,False
4D2E,DIACYLGLYCEROL KINASE,1,P0ABN1,0.0030150298066649,6.94751303,0.002526228213797,3.0,False,2.28,1586,False,0.0030150298066649,False,P0ABN1,0,False
3B4R,Putative zinc metalloprotease MJ0392,1,Q57837,-0.0034862203833154,5.186465045,0.0025213963637652,1.0,False,3.3,1587,False,0.0034862203833154,False,Q57837,0,False
6CSM,GtACR1,1,L1J207,-0.0022452196083254,12.196249414999995,0.002459257142106,2.0,False,2.9,1588,False,0.0022452196083254,False,L1J207,0,False
3N5K,Sarcoplasmic/endoplasmic reticulum calcium ATPase 1,1,P04191,0.0025616071304499,8.98550023,0.002358453391014,1.0,False,2.2,1589,False,0.0025616071304499,False,P04191,0,False
3J9C,Protective antigen PA-63,1,P13423,-0.0031654233923332,5.722211635000001,0.0022934407367508,7.0,False,2.9,1590,False,0.0031654233923332,False,P13423,0,False
7YZK,Adenylate cyclase,1,P9WQ35,0.0022906445467061,9.85794915,0.0020690070453815,2.0,False,3.57,1591,False,0.0022906445467061,False,P9WQ35,0,False
1KMO,Iron(III) dicitrate transport protein fecA,1,P13036,-0.0018524272817272,14.268588650000003,0.0019584989637392,1.0,False,2.0,1592,False,0.0018524272817272,False,P13036,0,False
2QTS,Acid-sensing ion channel,1,Q1XA76,-0.0036226958776191,3.628828125000001,0.0019049787872293,3.0,False,1.9,1593,False,0.0036226958776191,False,Q1XA76,0,False
6TJV,NADH dehydrogenase subunit 5,2,"Q8DKF4,Q8DKF5",-0.0012589892673787,29.769305345,0.0018874382312494,1.0,True,3.2,1594,False,0.0012589892673787,False,Q8DKF4,0,False
6EHE,OmpT protein,1,A0A0H3AME7,-0.0022512424063984,8.93261416,0.0018108525475835,1.0,False,2.312,1595,False,0.0022512424063984,False,A0A0H3AME7,0,False
7CQ5,H(+)/Cl(-) exchange transporter 7,2,"P51798,Q86WC4",0.0012768840673849,27.029869904999995,0.0017628155903237,2.0,True,2.6,1596,False,0.0012768840673849,False,P51798,0,False
6UKJ,Chloroquine resistance transporter,1,W7FI62,-0.0022567181756157,8.6406787,0.0017602019636956,1.0,False,3.3,1597,False,0.0022567181756157,False,W7FI62,0,False
7AU6,Cytochrome c oxidase subunit 3,2,"P06030,P77921",0.0020541599830542,10.324230764999996,0.0017425539127235,1.0,True,2.4,1598,False,0.0020541599830542,False,P06030,0,False
7P5J,Protein tweety homolog 1,1,Q9H313,0.0022139235796523,8.772817540000002,0.0017199837339981,2.0,False,4.0,1599,False,0.0022139235796523,False,Q9H313,0,False
7D3U,Monovalent Na+/H+ antiporter subunit G,6,"A0A221C8X0,A0A221C8X1,A0A221C8X2,A0A221C8X5,A0A221C8X7,A0A221C8Y4",0.0009636523773082,45.19123713000001,0.0016786301378363,1.0,True,3.0,1600,False,0.0009636523773082,False,A0A221C8X0,0,False
7ZOU,Synechocystis halorhodopsin,1,A0A9X9ZA75,-0.0014045573397352,19.817622530000005,0.0015638334218386,3.0,False,1.58,1601,False,0.0014045573397352,False,A0A9X9ZA75,0,False
2NQ2,Hypothetical ABC transporter ATP-binding protein HI1470,2,"Q57130,Q57399",-0.0014292018787753,18.6935706,0.0015273529593711,2.0,False,2.4,1602,False,0.0014292018787753,False,Q57130,0,False
7DTD,Sodium channel subunit beta-4,2,"P35498,Q8IWT1",-0.0008764093616849,47.228127055,0.0014510244493196,1.0,False,3.3,1603,False,0.0008764093616849,False,P35498,0,False
5U1X,P2X purinoceptor,1,G1M6C4,-0.0026111525151463,5.276192075000001,0.0014389478917965,3.0,False,3.201,1604,False,0.0026111525151463,False,G1M6C4,0,False
4QI1,Bacteriorhodopsin-I,1,Q18DH8,-0.0013233735411584,19.550539650000008,0.0013695681119608,3.0,False,1.85,1605,False,0.0013233735411584,False,Q18DH8,0,False
4YL3,Prostaglandin E synthase,1,O14684,0.0018453504062534,9.549231375,0.0013007268260447,3.0,False,1.41,1606,False,0.0018453504062534,False,O14684,0,False
6VKT,Efflux pump membrane transporter,1,Q5F725,-0.0007587528780414,49.86893901000002,0.0011483937563071,3.0,False,2.72,1607,False,0.0007587528780414,False,Q5F725,0,False
7SX3,Protein unc-80 homolog,2,"Q8N2C7,Q9P2D8",-0.0007747415325006,47.048669025,0.0011295904448362,1.0,False,3.1,1608,False,0.0007747415325006,False,Q8N2C7,0,False
7S8X,Prestin,1,D7PC76,0.0009534749326738,30.494813505,0.0011089310209281,2.0,False,3.3,1609,False,0.0009534749326738,False,D7PC76,0,False
6SLN,RagA protein,2,"F5H948,Q7MXJ7",0.0008774542519359,35.41271354999999,0.001090606705054,2.0,False,2.61,1610,False,0.0008774542519359,False,F5H948,0,False
7CFN,G-protein coupled bile acid receptor 1,1,Q8TDU6,0.0022565047063034,5.140703734999999,0.0010470201849501,1.0,False,3.0,1611,False,0.0022565047063034,False,Q8TDU6,0,False
6XBO,CMP-sialic acid transporter,1,Q61420,-0.0018063666235037,7.999996384999998,0.0010441468492985,1.0,False,1.8,1612,False,0.0018063666235037,False,Q61420,0,False
3NSG,Outer membrane protein F,1,P37432,0.0008764272598005,33.823329335000004,0.0010392214443842,3.0,False,2.79,1613,False,0.0008764272598005,False,P37432,0,False
4I7Z,Apocytochrome f,8,"P83791,P83792,P83793,P83794,P83795,P83796,P83797,P83798",-0.0028662546625951,3.084617395000001,0.0010136565782243,2.0,True,2.803,1614,False,0.0028662546625951,False,P83791,0,False
7NXF,Plasma membrane ATPase,1,P07038,0.0017411718937184,7.867312435000001,0.0009540468131464,1.0,False,3.1,1615,False,0.0017411718937184,False,P07038,0,False
5LDV,MOMP porin,1,Q659I5,-0.0007207417296716,45.471895540000006,0.0009448489509942,3.0,False,2.1,1616,False,0.0007207417296716,False,Q659I5,0,False
6J8E,Sodium channel protein type 2 subunit alpha,1,Q99250,0.0006970928940066,46.85482683000001,0.0009107425760885,1.0,False,3.0,1617,False,0.0006970928940066,False,Q99250,0,False
4PXK,Bacteriorhodopsin,1,Q5UXY6,-0.0022319218282215,4.254192539999999,0.0008476861593753,1.0,False,2.5,1618,False,0.0022319218282215,False,Q5UXY6,0,False
3EMN,Voltage-dependent anion-selective channel protein 1,1,Q60932,-0.0013242229191497,10.90588828,0.0007649679436504,1.0,False,2.3,1619,False,0.0013242229191497,False,Q60932,0,False
5EGI,Uncharacterized protein Y57A10A.10,1,Q9NA75,-0.0008427404366336,26.539197269999995,0.000753937664138,3.0,False,3.3,1620,False,0.0008427404366336,False,Q9NA75,0,False
8A60,Lytic conversion lipoprotein,1,Q38162,0.0011571556986428,13.99673037,0.0007496700915043,1.0,False,3.37,1621,False,0.0011571556986428,False,Q38162,0,False
7X21,Potassium-transporting ATPase alpha chain 2,2,"P07340,P54708",-0.0014934915221404,7.882101485,0.000703246431212,1.0,True,2.8,1622,False,0.0014934915221404,False,P07340,2,True
6XMU,P5A-type ATPase,1,P39986,-0.001101245307355,14.43838525,0.0007004010017428,1.0,False,3.3,1623,False,0.001101245307355,False,P39986,0,False
1K24,outer membrane protein,1,Q51227,0.0023135426731694,3.2674758750000006,0.0006995639317223,1.0,False,2.03,1624,False,0.0023135426731694,False,Q51227,0,False
2GFP,Multidrug resistance protein D,1,P31442,-0.0013208057562346,9.496148975,0.000662651852553,1.0,False,3.5,1625,False,0.0013208057562346,False,P31442,0,False
7E27,Formate-nitrite transporter,1,O77389,-0.0006773458965051,35.726419865000004,0.0006556476325774,5.0,False,2.29,1626,False,0.0006773458965051,False,O77389,0,False
7P1J,mitochondrial sodium/hydrogen exchanger 9B2,1,A0A6P3HVI0,-0.0006823378493135,32.51601895000001,0.0006055587500628,2.0,False,3.04,1627,False,0.0006823378493135,False,A0A6P3HVI0,0,False
6PBY,Potassium voltage-gated channel subfamily H member 1,1,Q63472,-0.0005845730240321,43.59670497499999,0.0005959244422445,4.0,False,3.67,1628,False,0.0005845730240321,False,Q63472,0,False
5B2N,Chloride pumping rhodopsin,1,W8VZW3,-0.001625745070234,4.447131095,0.0004701590659094,1.0,False,1.581,1629,False,0.001625745070234,False,W8VZW3,0,False
1Q90,Apocytochrome f,8,"P0C1D4,P23230,P23577,P49728,P50369,Q00471,Q08362,Q42496",0.0018718446972429,3.16009741,0.0004428942971397,2.0,True,3.1,1630,False,0.0018718446972429,False,P0C1D4,0,False
5OC0,Cytochrome b561,1,P0ABE5,0.0019752287227389,2.772754125,0.0004327191704782,1.0,False,1.97,1631,False,0.0019752287227389,False,P0ABE5,0,False
3VVK,Halorhodopsin,1,P15647,-0.0007103639155268,19.842064265,0.0004005056323937,3.0,False,2.3,1632,False,0.0007103639155268,False,P15647,0,False
7SLA,Sodium/glucose cotransporter 1,1,P13866,-0.0007342656160045,15.407161475,0.0003322683760479,1.0,False,3.15,1633,False,0.0007342656160045,False,P13866,0,False
5OCH,"ATP-binding cassette sub-family B member 8, mitochondrial",1,Q9NUT2,-0.0008182877769173,10.856812134999998,0.0002907866352901,2.0,False,3.4,1634,False,0.0008182877769173,False,Q9NUT2,0,False
6I97,Protein TonB,1,Q51368,0.0007143320148011,14.219937770000003,0.0002902404351632,1.0,False,3.35,1635,False,0.0007143320148011,False,Q51368,0,False
6BHU,Multidrug resistance-associated protein 1,1,Q8HXQ5,-0.0005703850890548,21.38873681,0.0002783437379761,1.0,False,3.14,1636,False,0.0005703850890548,False,Q8HXQ5,0,False
8GY7,Melanocortin-2 receptor accessory protein,1,Q8TCY5,0.0011347314453056,4.66051794,0.0002400381967346,1.0,True,3.3,1637,False,0.0011347314453056,False,Q8TCY5,1,True
7BMH,Opsin,1,Q9HGT7,-0.0011582843435353,4.362441629999999,0.000234110014853,1.0,False,2.2,1638,False,0.0011582843435353,False,Q9HGT7,0,False
7W7G,Transmembrane protein FAM155A,3,"Q6Q760,Q8BLN6,Q8CCS2",-0.0003581687804551,45.102208675,0.0002314372486118,1.0,False,3.2,1639,False,0.0003581687804551,False,Q6Q760,0,False
2WSW,BCCT FAMILY BETAINE/CARNITINE/CHOLINE TRANSPORTER,1,B4EY22,0.0003131893276555,57.665092575,0.0002262491174827,3.0,False,2.294,1640,False,0.0003131893276555,False,B4EY22,0,False
3K3F,Urea transporter,1,Q72CX3,-0.0004274937300172,29.858761715000004,0.0002182686101578,3.0,False,2.3,1641,False,0.0004274937300172,False,Q72CX3,0,False
8ACQ,"DR_0644, only-Cu Superoxide Dismutase",1,Q9RWM2,0.0002048632689182,121.621138335,0.0002041725024983,3.0,False,2.54,1642,False,0.0002048632689182,False,Q9RWM2,0,False
5MPM,Sarcoplasmic/endoplasmic reticulum calcium ATPase 2,1,P11607,0.000657776707118,8.88167547,0.0001537134508082,1.0,False,3.3,1643,False,0.000657776707118,False,P11607,0,False
6WTI,Cytochrome o ubiquinol oxidase,4,"P0ABI8,P0ABJ1,P0ABJ3,P0ABJ6",0.0004709547476614,15.876779445000002,0.0001408577548292,1.0,True,2.38,1644,False,0.0004709547476614,False,P0ABI8,0,False
3ND0,Sll0855 protein,1,P73745,0.0003469608292088,24.958970575,0.0001201842491359,2.0,False,3.2,1645,False,0.0003469608292088,False,P73745,0,False
7SP5,Phosphate transporter,1,G4TS85,-0.0005605029064076,8.900424405,0.000111847542183,1.0,False,2.9,1646,False,0.0005605029064076,False,G4TS85,0,False
3D9S,Aquaporin-5,1,P55064,-0.0003023475552578,26.010211045000005,9.51079432539294e-05,4.0,False,2.0,1647,False,0.0003023475552578,False,P55064,0,False
3TLM,Sarcoplasmic/endoplasmic reticulum calcium ATPase 1,1,Q0VCY0,0.0005322152913668,8.06860712,9.141832445847942e-05,1.0,False,2.95,1648,False,0.0005322152913668,False,Q0VCY0,0,False
5FP1,TONB-DEPENDENT SIDEROPHORE RECEPTOR,1,D0CAH3,-0.0003835950315411,13.90966955,8.186961550671774e-05,1.0,False,1.94,1649,False,0.0003835950315411,False,D0CAH3,0,False
6KSW,Solute carrier family 28 member 3,1,Q9HAS3,-0.0001717996861166,68.17666473999999,8.048973077324554e-05,3.0,False,3.6,1650,False,0.0001717996861166,False,Q9HAS3,0,False
7W9K,Sodium channel subunit beta-2,3,"O60939,Q07699,Q15858",-0.0002070388287088,46.027303145000005,7.89185549873921e-05,1.0,True,2.2,1651,False,0.0002070388287088,False,O60939,0,False
4RLC,Outer membrane porin F,1,P13794,-0.0008904747355674,2.442492435,7.747051143737622e-05,1.0,False,1.6,1652,False,0.0008904747355674,False,P13794,0,False
6Y86,Membrane protein insertase YidC,1,Q9X1H2,0.0006353752733839,4.05188709,6.543015442099443e-05,1.0,False,3.4,1653,False,0.0006353752733839,False,Q9X1H2,0,False
7FBS,"Sodium channel protein type 5 subunit alpha,Sodium channel protein type 5 subunit alpha,Sodium channel protein type 5 subunit alpha,G protein/GFP fusion protein",1,B7UCZ6,0.0001882615409329,45.98783821999999,6.51967886311005e-05,1.0,False,3.4,1654,False,0.0001882615409329,False,B7UCZ6,1,True
7P04,Pleiotropic ABC efflux transporter of multiple drugs,1,P33302,-0.0002959052006986,11.444333495,4.008258227093843e-05,1.0,False,2.85,1655,False,0.0002959052006986,False,P33302,0,False
2IAH,Ferripyoverdine receptor,1,P48632,-0.0002582594332061,14.519618485,3.873714270453043e-05,1.0,False,2.73,1656,False,0.0002582594332061,False,P48632,0,False
4FBZ,deltarhodopsin,1,I4DST7,-0.0002150420559438,19.704366135,3.644762777195576e-05,3.0,False,2.7,1657,False,0.0002150420559438,False,I4DST7,0,False
3V8X,Serotransferrin,2,"P02787,Q9K0U9",0.0001791135692317,14.717295219999995,1.8886216743653504e-05,1.0,False,2.6,1658,False,0.0001791135692317,False,P02787,0,False
8BO2,Outer membrane protein assembly factor BamA,1,B1XD46,0.0002375525762558,8.08689934,1.8254145928925805e-05,1.0,True,3.1,1659,False,0.0002375525762558,False,B1XD46,0,False
3TUI,D-methionine transport system permease protein metI,2,"P30750,P31547",0.000240490694215,7.839185164999999,1.8135413663141937e-05,2.0,False,2.9,1660,False,0.000240490694215,False,P30750,0,False
6A6M,"ATP-binding cassette, sub-family B, member 1",1,M1VAN7,-0.0002093562864778,9.75939014,1.7110184142221156e-05,2.0,False,1.9,1661,False,0.0002093562864778,False,M1VAN7,0,False
3WGU,Na+/K+ ATPase gamma subunit transcript variant a,3,"P05024,P05027,Q58K79",-0.0002378854836877,7.518200165,1.7018048536728326e-05,1.0,True,2.8,1662,False,0.0002378854836877,False,P05024,2,True
7XLQ,Voltage-dependent R-type calcium channel subunit alpha-1E,1,Q15878,-8.777210321725385e-05,45.355818605,1.397674402301065e-05,1.0,False,3.1,1663,False,8.777210321725385e-05,False,Q15878,0,False
7R0I,Putative copper-exporting P-type ATPase A,1,O29777,-0.0002093254058515,5.509270315000001,9.656015559921068e-06,1.0,False,2.7,1664,False,0.0002093254058515,False,O29777,0,False
5WUD,Uncharacterized protein,1,A0A0U3H1E6,-9.687354947949435e-05,19.882459555000004,7.463465411218512e-06,3.0,False,1.9,1665,False,9.687354947949435e-05,False,A0A0U3H1E6,0,False
3UG9,"Archaeal-type opsin 1, Archaeal-type opsin 2",1,Q8RUT8,7.91202449008466e-05,11.756132030000002,2.943741645528099e-06,2.0,False,2.3,1666,False,7.91202449008466e-05,False,Q8RUT8,0,False
7W77,Sodium channel protein type 3 subunit alpha,1,Q9NY46,-2.3574237062063144e-05,46.023527140000006,1.0230931649176371e-06,1.0,True,3.3,1667,False,2.3574237062063144e-05,False,Q9NY46,0,False
7RD7,Probable phospholipid-transporting ATPase NEO1,1,P40527,3.0081657832570032e-05,8.92652782,3.2310679259805613e-07,1.0,False,3.08,1668,False,3.0081657832570032e-05,False,P40527,1,True
7V9L,"GHRH receptor splice variant 1,GHRH receptor splice variant 1,GHRH receptor splice variant 1,SV1",1,Q9HB45,2.705943096671216e-05,4.583659614999999,1.3424857041564608e-07,1.0,False,2.6,1669,False,2.705943096671216e-05,False,Q9HB45,0,False
